{"class":"TSStatic","persistentId":"004e73df-2824-4bba-8059-9ce4c4ec55ac","__parent":"house_e","position":[662.210144,-257.210236,53.3421288],"annotation":"OBSTACLES","isRenderEnabled":false,"rotationMatrix":[-0.687618792,-0.726071894,0,0.726071894,-0.687618792,0,0,0,1],"shapeName":"/levels/east_coast_usa/art/shapes/buildings/eca_bld_wood_fence_a.DAE"}
{"class":"TSStatic","persistentId":"02dd20b5-227c-4d33-aa5d-278311b236f3","__parent":"house_e","position":[433.567627,28.542717,53.2132988],"annotation":"OBSTACLES","isRenderEnabled":false,"rotationMatrix":[0.757865489,-0.652410924,0,0.652410924,0.757865489,0,0,0,1],"shapeName":"/levels/east_coast_usa/art/shapes/buildings/eca_bld_wood_fence_a.DAE"}
{"class":"TSStatic","persistentId":"03952a42-b575-4355-b963-c90dbf6714b9","__parent":"house_e","position":[-177.890656,-800.046631,16.1749516],"annotation":"OBSTACLES","isRenderEnabled":false,"rotationMatrix":[-0.670193195,0.742187202,0,-0.742187202,-0.670193195,0,0,0,1],"shapeName":"/levels/east_coast_usa/art/shapes/buildings/eca_bld_wood_fence_a.DAE"}
{"class":"TSStatic","persistentId":"07c3b941-d332-4962-8f96-b616d078474d","__parent":"house_e","position":[585.597656,29.1289234,52.507431],"annotation":"OBSTACLES","isRenderEnabled":false,"rotationMatrix":[0.742102981,-0.67028594,0,0.67028594,0.742102981,0,0,0,1],"shapeName":"/levels/east_coast_usa/art/shapes/buildings/eca_bld_wood_fence_a.DAE"}
{"class":"TSStatic","persistentId":"0f5a7a9a-c692-45b1-9263-cb0e2261ed67","__parent":"house_e","position":[458.65152,6.78021288,53.2213669],"annotation":"OBSTACLES","isRenderEnabled":false,"rotationMatrix":[0.657834232,0.753162742,0,-0.753162801,0.657834291,0,0,0,1],"shapeName":"/levels/east_coast_usa/art/shapes/buildings/eca_bld_wood_fence_end.DAE"}
{"class":"TSStatic","persistentId":"0f925f1e-fac5-48a3-8df0-75dd2f1a6d14","__parent":"house_e","position":[577.844543,36.2828407,52.4291992],"annotation":"OBSTACLES","isRenderEnabled":false,"rotationMatrix":[0.742102981,-0.67028594,0,0.67028594,0.742102981,0,0,0,1],"shapeName":"/levels/east_coast_usa/art/shapes/buildings/eca_bld_wood_fence_a.DAE"}
{"class":"TSStatic","persistentId":"0fde4258-a424-48ed-ada7-d41b5d5a6b5f","__parent":"house_e","position":[437.178192,38.8478928,53.1821709],"annotation":"OBSTACLES","isRenderEnabled":false,"rotationMatrix":[-0.652822673,-0.757510841,0,0.757510841,-0.652822614,0,0,0,1],"shapeName":"/levels/east_coast_usa/art/shapes/buildings/eca_bld_wood_fence_a.DAE"}
{"class":"TSStatic","persistentId":"1040e7c9-3735-423a-8ac8-1a8e98ac9828","__parent":"house_e","position":[-197.213806,-815.831421,16.1749516],"annotation":"OBSTACLES","isRenderEnabled":false,"rotationMatrix":[0.673223555,-0.73943913,0,0.73943913,0.673223555,0,0,0,1],"shapeName":"/levels/east_coast_usa/art/shapes/buildings/eca_bld_wood_fence_a.DAE"}
{"class":"TSStatic","persistentId":"11527bed-e605-445c-8d9b-e9291d721541","__parent":"house_e","position":[676.421143,-298.085297,53.7209282],"annotation":"OBSTACLES","isRenderEnabled":false,"rotationMatrix":[0.694793046,-0.71920979,0,0.719209731,0.694792986,0,0,0,1],"shapeName":"/levels/east_coast_usa/art/shapes/buildings/eca_bld_wood_fence_a.DAE"}
{"class":"TSStatic","persistentId":"125e063f-2449-47b9-9040-99e66e6af597","__parent":"house_e","position":[673.146423,-245.649353,53.3249626],"annotation":"OBSTACLES","isRenderEnabled":false,"rotationMatrix":[-0.687618792,-0.726071894,0,0.726071894,-0.687618792,0,0,0,1],"shapeName":"/levels/east_coast_usa/art/shapes/buildings/eca_bld_wood_fence_a.DAE"}
{"class":"TSStatic","persistentId":"12e6f73e-d776-46c7-a40a-b414e31590b3","__parent":"house_e","position":[657.426086,-205.299698,53.218811],"annotation":"OBSTACLES","isRenderEnabled":false,"rotationMatrix":[0.748038054,-0.663655818,0,0.663655818,0.748038054,0,0,0,1],"shapeName":"/levels/east_coast_usa/art/shapes/buildings/eca_bld_wood_fence_a.DAE"}
{"class":"TSStatic","persistentId":"13586805-ad40-4ab5-8bd0-a4af4a45f181","__parent":"house_e","position":[-192.243683,-804.718445,16.1749516],"annotation":"OBSTACLES","isRenderEnabled":false,"rotationMatrix":[-0.837063193,-0.547106802,0,0.547106802,-0.837063193,0,0,0,1],"shapeName":"/levels/east_coast_usa/art/shapes/buildings/eca_bld_wood_fence_a.DAE"}
{"class":"TSStatic","persistentId":"18e5881b-0cb0-4c1a-9233-3d16ac3c3f4a","__parent":"house_e","position":[670.332764,-216.705032,53.1491318],"annotation":"OBSTACLES","isRenderEnabled":false,"rotationMatrix":[0.748038054,-0.663655818,0,0.663655818,0.748038054,0,0,0,1],"shapeName":"/levels/east_coast_usa/art/shapes/buildings/eca_bld_wood_fence_a.DAE"}
{"class":"TSStatic","persistentId":"1a946d23-695e-4db0-9854-aa67e751b9be","__parent":"house_e","position":[669.035156,-249.990387,53.3249626],"annotation":"OBSTACLES","isRenderEnabled":false,"rotationMatrix":[-0.687618792,-0.726071894,0,0.726071894,-0.687618792,0,0,0,1],"shapeName":"/levels/east_coast_usa/art/shapes/buildings/eca_bld_wood_fence_a.DAE"}
{"class":"TSStatic","persistentId":"1b205216-ecf5-4195-a1d8-16456b669e9d","__parent":"house_e","position":[-171.396866,-814.595337,16.1749516],"annotation":"OBSTACLES","isRenderEnabled":false,"rotationMatrix":[0.39111796,0.920340836,0,-0.920340836,0.39111796,0,0,0,1],"shapeName":"/levels/east_coast_usa/art/shapes/buildings/eca_bld_wood_fence_a.DAE"}
{"class":"TSStatic","persistentId":"1f176952-1c00-4013-b2d2-68cc136029a9","__parent":"house_e","position":[-193.912796,-805.809387,16.1749516],"annotation":"OBSTACLES","isRenderEnabled":false,"rotationMatrix":[-0.837063193,-0.547106802,0,0.547106802,-0.837063193,0,0,0,1],"shapeName":"/levels/east_coast_usa/art/shapes/buildings/eca_bld_wood_fence_a.DAE"}
{"class":"TSStatic","persistentId":"21811f74-a8cb-4ef5-b16d-73e18ea3ac03","__parent":"house_e","position":[-188.905548,-802.536621,16.1749516],"annotation":"OBSTACLES","isRenderEnabled":false,"rotationMatrix":[-0.837063193,-0.547106802,0,0.547106802,-0.837063193,0,0,0,1],"shapeName":"/levels/east_coast_usa/art/shapes/buildings/eca_bld_wood_fence_a.DAE"}
{"class":"TSStatic","persistentId":"21f88f69-2f4c-48ec-95b1-20bdc2acbfad","__parent":"house_e","position":[673.31543,-219.351257,53.1515579],"annotation":"OBSTACLES","isRenderEnabled":false,"rotationMatrix":[0.748038054,-0.663655818,0,0.663655818,0.748038054,0,0,0,1],"shapeName":"/levels/east_coast_usa/art/shapes/buildings/eca_bld_wood_fence_a.DAE"}
{"class":"TSStatic","persistentId":"242ca1d2-6a9d-4dd6-82b0-cc8f8685f0bf","__parent":"house_e","position":[457.14798,8.0718174,53.1826782],"annotation":"OBSTACLES","isRenderEnabled":false,"rotationMatrix":[0.750421882,-0.660959244,0,0.660959244,0.750421882,0,0,0,1],"shapeName":"/levels/east_coast_usa/art/shapes/buildings/eca_bld_wood_fence_a.DAE"}
{"class":"TSStatic","persistentId":"27095f06-ff9d-4588-ac54-0a9ec49a2582","__parent":"house_e","position":[-186.796722,-824.663208,16.1749516],"annotation":"OBSTACLES","isRenderEnabled":false,"rotationMatrix":[0.999987423,0.00488790404,0,-0.00488790404,0.999987423,0,0,0,1],"shapeName":"/levels/east_coast_usa/art/shapes/buildings/eca_bld_wood_fence_a.DAE"}
{"class":"TSStatic","persistentId":"276ed5ad-fddb-4e7f-8a9b-cb55255f0aa0","__parent":"house_e","position":[431.97052,32.8045387,52.9611282],"annotation":"OBSTACLES","isRenderEnabled":false,"rotationMatrix":[-0.652822673,-0.757510841,0,0.757510841,-0.652822614,0,0,0,1],"shapeName":"/levels/east_coast_usa/art/shapes/buildings/eca_bld_wood_fence_a.DAE"}
{"class":"TSStatic","persistentId":"27da616c-14af-4b2e-b567-c0a72b68265f","__parent":"house_e","position":[442.380432,44.8838959,53.2111626],"annotation":"OBSTACLES","isRenderEnabled":false,"rotationMatrix":[-0.652822673,-0.757510841,0,0.757510841,-0.652822614,0,0,0,1],"shapeName":"/levels/east_coast_usa/art/shapes/buildings/eca_bld_wood_fence_a.DAE"}
{"class":"TSStatic","persistentId":"288a32af-1651-4aee-857f-52a077c3f91e","__parent":"house_e","position":[-172.544647,-805.966919,16.1749516],"annotation":"OBSTACLES","isRenderEnabled":false,"rotationMatrix":[-0.670193195,0.742187202,0,-0.742187202,-0.670193195,0,0,0,1],"shapeName":"/levels/east_coast_usa/art/shapes/buildings/eca_bld_wood_fence_a.DAE"}
{"class":"TSStatic","persistentId":"28eb17e4-de73-437a-a567-a15e55037f80","__parent":"house_e","position":[445.181641,18.6115456,53.1664772],"annotation":"OBSTACLES","isRenderEnabled":false,"rotationMatrix":[0.750421882,-0.660959244,0,0.660959244,0.750421882,0,0,0,1],"shapeName":"/levels/east_coast_usa/art/shapes/buildings/eca_bld_wood_fence_a.DAE"}
{"class":"TSStatic","persistentId":"2b496c67-8493-4815-8ea3-98e00fa0f660","__parent":"house_e","position":[655.93512,-203.976547,53.2040634],"annotation":"OBSTACLES","isRenderEnabled":false,"rotationMatrix":[0.748038054,-0.663655818,0,0.663655818,0.748038054,0,0,0,1],"shapeName":"/levels/east_coast_usa/art/shapes/buildings/eca_bld_wood_fence_a.DAE"}
{"class":"TSStatic","persistentId":"2cf60286-8679-4199-aa2d-18c18a4b86a5","__parent":"house_e","position":[456.257751,32.3303909,53.5679283],"annotation":"OBSTACLES","isRenderEnabled":false,"rotationMatrix":[0.663059831,0.748566508,0,-0.748566449,0.663059831,0,0,0,1],"shapeName":"/levels/east_coast_usa/art/shapes/buildings/eca_bld_wood_fence_end.DAE"}
{"class":"TSStatic","persistentId":"2dc6bc83-eb11-4665-a21a-053173c52a58","__parent":"house_e","position":[672.266907,-293.785492,53.6678352],"annotation":"OBSTACLES","isRenderEnabled":false,"rotationMatrix":[0.694793046,-0.71920979,0,0.719209731,0.694792986,0,0,0,1],"shapeName":"/levels/east_coast_usa/art/shapes/buildings/eca_bld_wood_fence_a.DAE"}
{"class":"TSStatic","persistentId":"2f4f8724-8b3a-48f6-a3bc-2f7197c8f14b","__parent":"house_e","position":[591.516968,23.7826061,52.5806999],"annotation":"OBSTACLES","isRenderEnabled":false,"rotationMatrix":[0.742102981,-0.67028594,0,0.67028594,0.742102981,0,0,0,1],"shapeName":"/levels/east_coast_usa/art/shapes/buildings/eca_bld_wood_fence_a.DAE"}
{"class":"TSStatic","persistentId":"2fc9db0c-edfd-49ee-8368-909fcf0b3845","__parent":"house_e","position":[677.806885,-299.519775,53.7209282],"annotation":"OBSTACLES","isRenderEnabled":false,"rotationMatrix":[0.694793046,-0.71920979,0,0.719209731,0.694792986,0,0,0,1],"shapeName":"/levels/east_coast_usa/art/shapes/buildings/eca_bld_wood_fence_a.DAE"}
{"class":"TSStatic","persistentId":"30ce5c91-fc90-4fa8-acd3-32010be0dbf7","__parent":"house_e","position":[581.163025,33.1347542,52.4858627],"annotation":"OBSTACLES","isRenderEnabled":false,"rotationMatrix":[0.742102981,-0.67028594,0,0.67028594,0.742102981,0,0,0,1],"shapeName":"/levels/east_coast_usa/art/shapes/buildings/eca_bld_wood_fence_a.DAE"}
{"class":"TSStatic","persistentId":"3289c2e5-14ab-4dc5-bfb5-838af010f1ea","__parent":"house_e","position":[667.347595,-214.057007,53.1566277],"annotation":"OBSTACLES","isRenderEnabled":false,"rotationMatrix":[0.748038054,-0.663655818,0,0.663655818,0.748038054,0,0,0,1],"shapeName":"/levels/east_coast_usa/art/shapes/buildings/eca_bld_wood_fence_a.DAE"}
{"class":"TSStatic","persistentId":"343011c3-671c-434f-9e5f-81c4bece8395","__parent":"house_e","position":[-187.235138,-801.444824,16.1749516],"annotation":"OBSTACLES","isRenderEnabled":false,"rotationMatrix":[-0.837063193,-0.547106802,0,0.547106802,-0.837063193,0,0,0,1],"shapeName":"/levels/east_coast_usa/art/shapes/buildings/eca_bld_wood_fence_a.DAE"}
{"class":"TSStatic","persistentId":"3458a3dd-ffb2-4dcb-8510-3b55ed378f1d","__parent":"house_e","position":[-179.22673,-798.567017,16.1749516],"annotation":"OBSTACLES","isRenderEnabled":false,"rotationMatrix":[-0.670193195,0.742187202,0,-0.742187202,-0.670193195,0,0,0,1],"shapeName":"/levels/east_coast_usa/art/shapes/buildings/eca_bld_wood_fence_a.DAE"}
{"class":"TSStatic","persistentId":"3664c6f2-0d5c-4c1c-8930-37f19dc8781f","__parent":"house_e","position":[584.120483,30.4631405,52.5114517],"annotation":"OBSTACLES","isRenderEnabled":false,"rotationMatrix":[0.742102981,-0.67028594,0,0.67028594,0.742102981,0,0,0,1],"shapeName":"/levels/east_coast_usa/art/shapes/buildings/eca_bld_wood_fence_a.DAE"}
{"class":"TSStatic","persistentId":"36a910ef-622d-43d3-a7a2-426ab0b1e2af","__parent":"house_e","position":[664.368164,-211.413696,53.1813965],"annotation":"OBSTACLES","isRenderEnabled":false,"rotationMatrix":[0.748038054,-0.663655818,0,0.663655818,0.748038054,0,0,0,1],"shapeName":"/levels/east_coast_usa/art/shapes/buildings/eca_bld_wood_fence_a.DAE"}
{"class":"TSStatic","persistentId":"407d4531-062e-49cc-a0a9-8b9982311ab4","__parent":"house_e","position":[664.921997,-254.333588,53.3249626],"annotation":"OBSTACLES","isRenderEnabled":false,"rotationMatrix":[-0.687618792,-0.726071894,0,0.726071894,-0.687618792,0,0,0,1],"shapeName":"/levels/east_coast_usa/art/shapes/buildings/eca_bld_wood_fence_a.DAE"}
{"class":"TSStatic","persistentId":"40db27ec-3de0-4319-9602-2f83745197c2","__parent":"house_e","position":[-188.648788,-823.929138,16.1749516],"annotation":"OBSTACLES","isRenderEnabled":false,"rotationMatrix":[0.926867783,-0.375386208,0,0.375386208,0.926867783,0,0,0,1],"shapeName":"/levels/east_coast_usa/art/shapes/buildings/eca_bld_wood_fence_a.DAE"}
{"class":"TSStatic","persistentId":"40f2a14a-ca91-4f04-9523-63cc13d16f05","__parent":"house_e","position":[452.659119,12.025589,53.1870499],"annotation":"OBSTACLES","isRenderEnabled":false,"rotationMatrix":[0.750421882,-0.660959244,0,0.660959244,0.750421882,0,0,0,1],"shapeName":"/levels/east_coast_usa/art/shapes/buildings/eca_bld_wood_fence_a.DAE"}
{"class":"TSStatic","persistentId":"43537377-c81e-4bab-b23b-9907a46537bd","__parent":"house_e","position":[667.663879,-251.438522,53.3249626],"annotation":"OBSTACLES","isRenderEnabled":false,"rotationMatrix":[-0.687618792,-0.726071894,0,0.726071894,-0.687618792,0,0,0,1],"shapeName":"/levels/east_coast_usa/art/shapes/buildings/eca_bld_wood_fence_a.DAE"}
{"class":"TSStatic","persistentId":"4414c2fe-8ba6-4842-aab6-fff7b526983f","__parent":"house_e","position":[592.996643,22.4462872,52.5863228],"annotation":"OBSTACLES","isRenderEnabled":false,"rotationMatrix":[0.742102981,-0.67028594,0,0.67028594,0.742102981,0,0,0,1],"shapeName":"/levels/east_coast_usa/art/shapes/buildings/eca_bld_wood_fence_a.DAE"}
{"class":"TSStatic","persistentId":"4473e46c-bf73-475e-9adb-b5e793a884b7","__parent":"house_e","position":[594.483948,21.1359997,52.651268],"annotation":"OBSTACLES","isRenderEnabled":false,"rotationMatrix":[0.66719538,0.744882822,0,-0.744882762,0.66719532,0,0,0,1],"shapeName":"/levels/east_coast_usa/art/shapes/buildings/eca_bld_wood_fence_end.DAE"}
{"class":"TSStatic","persistentId":"44ce7b83-7f9c-42c3-80b9-ea941010e9d4","__parent":"house_e","position":[-170.615997,-812.757874,16.1749516],"annotation":"OBSTACLES","isRenderEnabled":false,"rotationMatrix":[0.39111796,0.920340836,0,-0.920340836,0.39111796,0,0,0,1],"shapeName":"/levels/east_coast_usa/art/shapes/buildings/eca_bld_wood_fence_a.DAE"}
{"class":"TSStatic","persistentId":"4911b21b-093b-4272-bdce-423d4f80398c","__parent":"house_e","position":[-174.817825,-819.412781,16.1749516],"annotation":"OBSTACLES","isRenderEnabled":false,"rotationMatrix":[0.718015134,0.696027517,0,-0.696027517,0.718015134,0,0,0,1],"shapeName":"/levels/east_coast_usa/art/shapes/buildings/eca_bld_wood_fence_a.DAE"}
{"class":"TSStatic","persistentId":"49d312d1-b62b-4f94-bece-11ed961a41b7","__parent":"house_e","position":[576.364868,37.6191597,52.4256897],"annotation":"OBSTACLES","isRenderEnabled":false,"rotationMatrix":[0.742102981,-0.67028594,0,0.67028594,0.742102981,0,0,0,1],"shapeName":"/levels/east_coast_usa/art/shapes/buildings/eca_bld_wood_fence_a.DAE"}
{"class":"TSStatic","persistentId":"4e497af5-0efc-4314-b761-085604aef5fe","__parent":"house_e","position":[655.407288,-264.455994,53.3421288],"annotation":"OBSTACLES","isRenderEnabled":false,"rotationMatrix":[-0.585026443,-0.811014116,0,0.811014116,-0.585026443,0,0,0,1],"shapeName":"/levels/east_coast_usa/art/shapes/buildings/eca_bld_wood_fence_a.DAE"}
{"class":"TSStatic","persistentId":"4f2e4d50-0ede-4c24-aae6-43b96906564e","__parent":"house_e","position":[-195.573563,-806.915649,16.1722488],"annotation":"OBSTACLES","isRenderEnabled":false,"rotationMatrix":[0.808964431,0.587857604,0,-0.587857604,0.808964431,0,0,0,1],"shapeName":"/levels/east_coast_usa/art/shapes/buildings/eca_bld_wood_fence_end.DAE"}
{"class":"TSStatic","persistentId":"4f72dc63-06af-43c1-94a2-31008779edf5","__parent":"house_e","position":[454.763245,33.6324272,53.5292397],"annotation":"OBSTACLES","isRenderEnabled":false,"rotationMatrix":[0.745803773,-0.666165709,0,0.666165709,0.745803773,0,0,0,1],"shapeName":"/levels/east_coast_usa/art/shapes/buildings/eca_bld_wood_fence_a.DAE"}
{"class":"TSStatic","persistentId":"4fa79f5d-0bb9-4b4b-802e-5380675a2f18","__parent":"house_e","position":[434.573364,35.8249779,53.1506767],"annotation":"OBSTACLES","isRenderEnabled":false,"rotationMatrix":[-0.652822673,-0.757510841,0,0.757510841,-0.652822614,0,0,0,1],"shapeName":"/levels/east_coast_usa/art/shapes/buildings/eca_bld_wood_fence_a.DAE"}
{"class":"TSStatic","persistentId":"512f9913-e24b-449b-94af-ca58bc7198a1","__parent":"house_e","position":[-169.848221,-810.915039,16.1749516],"annotation":"OBSTACLES","isRenderEnabled":false,"rotationMatrix":[-0.0139692072,0.999902844,0,-0.999902844,-0.0139692072,0,0,0,1],"shapeName":"/levels/east_coast_usa/art/shapes/buildings/eca_bld_wood_fence_a.DAE"}
{"class":"TSStatic","persistentId":"51b5e379-a252-4771-98fd-9b8c6856367b","__parent":"house_e","position":[658.074463,-278.897095,53.3558807],"annotation":"OBSTACLES","isRenderEnabled":false,"rotationMatrix":[0.694793046,-0.71920979,0,0.719209731,0.694792986,0,0,0,1],"shapeName":"/levels/east_coast_usa/art/shapes/buildings/eca_bld_wood_fence_a.DAE"}
{"class":"TSStatic","persistentId":"52424dc5-2b69-4f98-8f95-34a3ab8586d3","__parent":"house_e","position":[-184.021057,-811.676514,17.429039],"annotation":"BUILDINGS","isRenderEnabled":false,"rotationMatrix":[0.707659185,0.70655328,0,-0.70655328,0.707659185,0,0,0,1],"shapeName":"/levels/east_coast_usa/art/shapes/buildings/eca_bld_fv_house_e.DAE"}
{"class":"TSStatic","persistentId":"530f78a7-e693-458e-b7d8-ef8e7c29826b","__parent":"house_e","position":[652.821106,-269.686829,53.3583946],"annotation":"OBSTACLES","isRenderEnabled":false,"rotationMatrix":[-0.023820024,-0.999716341,0,0.999716341,-0.0238200258,0,0,0,1],"shapeName":"/levels/east_coast_usa/art/shapes/buildings/eca_bld_wood_fence_a.DAE"}
{"class":"TSStatic","persistentId":"5564440b-0700-4d7e-950c-e664bc44ceac","__parent":"house_e","position":[634.383789,-184.892807,53.2242088],"annotation":"OBSTACLES","isRenderEnabled":false,"rotationMatrix":[0.748038054,-0.663655818,0,0.663655818,0.748038054,0,0,0,1],"shapeName":"/levels/east_coast_usa/art/shapes/buildings/eca_bld_wood_fence_a.DAE"}
{"class":"TSStatic","persistentId":"5735e5fc-5471-412a-a766-528559667e42","__parent":"house_e","position":[454.155884,10.7072926,53.2010994],"annotation":"OBSTACLES","isRenderEnabled":false,"rotationMatrix":[0.750421882,-0.660959244,0,0.660959244,0.750421882,0,0,0,1],"shapeName":"/levels/east_coast_usa/art/shapes/buildings/eca_bld_wood_fence_a.DAE"}
{"class":"TSStatic","persistentId":"594af364-3c1a-43be-b195-17dbffc39568","__parent":"house_e","position":[675.03418,-296.650055,53.7209282],"annotation":"OBSTACLES","isRenderEnabled":false,"rotationMatrix":[0.694793046,-0.71920979,0,0.719209731,0.694792986,0,0,0,1],"shapeName":"/levels/east_coast_usa/art/shapes/buildings/eca_bld_wood_fence_a.DAE"}
{"class":"TSStatic","persistentId":"5a54a805-0d5b-4709-8fa4-9f42e3a2067e","__parent":"house_e","position":[659.458923,-280.330078,53.3862457],"annotation":"OBSTACLES","isRenderEnabled":false,"rotationMatrix":[0.694793046,-0.71920979,0,0.719209731,0.694792986,0,0,0,1],"shapeName":"/levels/east_coast_usa/art/shapes/buildings/eca_bld_wood_fence_a.DAE"}
{"class":"TSStatic","persistentId":"5a757f3d-9ae0-4583-8d4e-65da7ef185ee","__parent":"house_e","position":[-195.867844,-817.309692,16.1749516],"annotation":"OBSTACLES","isRenderEnabled":false,"rotationMatrix":[0.673223555,-0.73943913,0,0.73943913,0.673223555,0,0,0,1],"shapeName":"/levels/east_coast_usa/art/shapes/buildings/eca_bld_wood_fence_a.DAE"}
{"class":"TSStatic","persistentId":"5bf3855d-2c53-4820-b0f7-367b019fb402","__parent":"house_e","position":[649.97052,-198.685211,53.1479034],"annotation":"OBSTACLES","isRenderEnabled":false,"rotationMatrix":[0.748038054,-0.663655818,0,0.663655818,0.748038054,0,0,0,1],"shapeName":"/levels/east_coast_usa/art/shapes/buildings/eca_bld_wood_fence_a.DAE"}
{"class":"TSStatic","persistentId":"5bfae47c-7cb4-4870-8394-0ff6f2871767","__parent":"house_e","position":[653.376953,-267.817139,53.3421288],"annotation":"OBSTACLES","isRenderEnabled":false,"rotationMatrix":[-0.30255726,-0.953131199,0,0.953131199,-0.30255726,0,0,0,1],"shapeName":"/levels/east_coast_usa/art/shapes/buildings/eca_bld_wood_fence_a.DAE"}
{"class":"TSStatic","persistentId":"62826688-cf33-4b11-952d-f3443b2fb511","__parent":"house_e","position":[654.222473,-266.051605,53.3421288],"annotation":"OBSTACLES","isRenderEnabled":false,"rotationMatrix":[-0.428946972,-0.903329492,0,0.903329492,-0.428946972,0,0,0,1],"shapeName":"/levels/east_coast_usa/art/shapes/buildings/eca_bld_wood_fence_a.DAE"}
{"class":"TSStatic","persistentId":"67efdc08-a937-402c-943b-175726ac1054","__parent":"house_e","position":[-173.880569,-804.487488,16.1749516],"annotation":"OBSTACLES","isRenderEnabled":false,"rotationMatrix":[-0.670193195,0.742187202,0,-0.742187202,-0.670193195,0,0,0,1],"shapeName":"/levels/east_coast_usa/art/shapes/buildings/eca_bld_wood_fence_a.DAE"}
{"class":"TSStatic","persistentId":"69832890-bd7b-4a46-8003-8f07b6edb83a","__parent":"house_e","position":[674.516541,-244.202469,53.3249626],"annotation":"OBSTACLES","isRenderEnabled":false,"rotationMatrix":[-0.687618792,-0.726071894,0,0.726071894,-0.687618792,0,0,0,1],"shapeName":"/levels/east_coast_usa/art/shapes/buildings/eca_bld_wood_fence_a.DAE"}
{"class":"TSStatic","persistentId":"6a0f7fdb-e85e-46a8-9755-b6774bbfaf11","__parent":"house_e","position":[430.54718,31.1430759,53.2292519],"annotation":"OBSTACLES","isRenderEnabled":false,"rotationMatrix":[0.757865489,-0.652410924,0,0.652410924,0.757865489,0,0,0,1],"shapeName":"/levels/east_coast_usa/art/shapes/buildings/eca_bld_wood_fence_a.DAE"}
{"class":"TSStatic","persistentId":"6a79ece5-7c1a-4067-9548-f7e28683ab4c","__parent":"house_e","position":[430.695068,31.2871838,52.9998169],"annotation":"OBSTACLES","isRenderEnabled":false,"rotationMatrix":[0.760217845,-0.649668157,0,0.649668276,0.760217965,0,0,0,1],"shapeName":"/levels/east_coast_usa/art/shapes/buildings/eca_bld_wood_fence_end.DAE"}
{"class":"TSStatic","persistentId":"6c3421d5-c088-4b1c-addc-56fba226ec3f","__parent":"house_e","position":[663.580505,-255.763336,53.3421288],"annotation":"OBSTACLES","isRenderEnabled":false,"rotationMatrix":[-0.687618792,-0.726071894,0,0.726071894,-0.687618792,0,0,0,1],"shapeName":"/levels/east_coast_usa/art/shapes/buildings/eca_bld_wood_fence_a.DAE"}
{"class":"TSStatic","persistentId":"72ce99de-a1f5-47a6-809d-96d1dbe53f9e","__parent":"house_e","position":[450.302002,37.6173439,53.3898811],"annotation":"OBSTACLES","isRenderEnabled":false,"rotationMatrix":[0.745803773,-0.666165709,0,0.666165709,0.745803773,0,0,0,1],"shapeName":"/levels/east_coast_usa/art/shapes/buildings/eca_bld_wood_fence_a.DAE"}
{"class":"TSStatic","persistentId":"7478c589-49e3-4c72-8a35-5fbdf909d273","__parent":"house_e","position":[582.641846,31.7989407,52.4863548],"annotation":"OBSTACLES","isRenderEnabled":false,"rotationMatrix":[0.742102981,-0.67028594,0,0.67028594,0.742102981,0,0,0,1],"shapeName":"/levels/east_coast_usa/art/shapes/buildings/eca_bld_wood_fence_a.DAE"}
{"class":"TSStatic","persistentId":"74f4cbfb-0127-46ab-b8d6-2c99616d00b5","__parent":"house_e","position":[445.842926,41.6000099,53.3477669],"annotation":"OBSTACLES","isRenderEnabled":false,"rotationMatrix":[0.745803773,-0.666165709,0,0.666165709,0.745803773,0,0,0,1],"shapeName":"/levels/east_coast_usa/art/shapes/buildings/eca_bld_wood_fence_a.DAE"}
{"class":"TSStatic","persistentId":"74fbf25e-7548-47d0-9d96-c62320427e54","__parent":"house_e","position":[-199.896973,-812.884338,16.1749516],"annotation":"OBSTACLES","isRenderEnabled":false,"rotationMatrix":[0.673223555,-0.73943913,0,0.73943913,0.673223555,0,0,0,1],"shapeName":"/levels/east_coast_usa/art/shapes/buildings/eca_bld_wood_fence_a.DAE"}
{"class":"TSStatic","persistentId":"75db1fe6-cab4-42d5-bb92-4b96198b1ca8","__parent":"house_e","position":[670.882446,-292.352234,53.6795616],"annotation":"OBSTACLES","isRenderEnabled":false,"rotationMatrix":[0.694793046,-0.71920979,0,0.719209731,0.694792986,0,0,0,1],"shapeName":"/levels/east_coast_usa/art/shapes/buildings/eca_bld_wood_fence_a.DAE"}
{"class":"TSStatic","persistentId":"78520ef6-023b-41f7-b64e-39f8d1586d11","__parent":"house_e","position":[571.924194,41.6299934,52.4368858],"annotation":"OBSTACLES","isRenderEnabled":false,"rotationMatrix":[0.742102981,-0.67028594,0,0.67028594,0.742102981,0,0,0,1],"shapeName":"/levels/east_coast_usa/art/shapes/buildings/eca_bld_wood_fence_a.DAE"}
{"class":"TSStatic","persistentId":"79de5bfb-e2dc-4631-9f62-efeeb782a52c","__parent":"house_e","position":[-180.822662,-824.601624,16.1749516],"annotation":"OBSTACLES","isRenderEnabled":false,"rotationMatrix":[0.86356622,0.504234552,0,-0.504234552,0.86356622,0,0,0,1],"shapeName":"/levels/east_coast_usa/art/shapes/buildings/eca_bld_wood_fence_a.DAE"}
{"class":"TSStatic","persistentId":"7a5cae47-5a80-4005-beaa-e83d044cf6c8","__parent":"house_e","position":[-184.801788,-824.653442,16.1749516],"annotation":"OBSTACLES","isRenderEnabled":false,"rotationMatrix":[0.999987423,0.00488790404,0,-0.00488790404,0.999987423,0,0,0,1],"shapeName":"/levels/east_coast_usa/art/shapes/buildings/eca_bld_wood_fence_a.DAE"}
{"class":"TSStatic","persistentId":"7ad008f6-2027-40f1-9fa4-e8641b301884","__parent":"house_e","position":[-175.216934,-803.007568,16.1749516],"annotation":"OBSTACLES","isRenderEnabled":false,"rotationMatrix":[-0.670193195,0.742187202,0,-0.742187202,-0.670193195,0,0,0,1],"shapeName":"/levels/east_coast_usa/art/shapes/buildings/eca_bld_wood_fence_a.DAE"}
{"class":"TSStatic","persistentId":"7b30fca6-bf57-45a0-9d4a-a77404bc9e98","__parent":"house_e","position":[447.327209,40.273983,53.3437462],"annotation":"OBSTACLES","isRenderEnabled":false,"rotationMatrix":[0.745803773,-0.666165709,0,0.666165709,0.745803773,0,0,0,1],"shapeName":"/levels/east_coast_usa/art/shapes/buildings/eca_bld_wood_fence_a.DAE"}
{"class":"TSStatic","persistentId":"7bd36ef0-e453-4960-a4e9-b9500fa07071","__parent":"house_e","position":[646.320251,-195.449951,53.2424088],"annotation":"OBSTACLES","isRenderEnabled":false,"rotationMatrix":[0.660540819,0.750790119,0,-0.750790179,0.660540819,0,0,0,1],"shapeName":"/levels/east_coast_usa/art/shapes/buildings/eca_bld_wood_fence_end.DAE"}
{"class":"TSStatic","persistentId":"7e75b97b-8cd2-46a4-ae7d-788067f68d57","__parent":"house_e","position":[446.677063,17.2943039,53.1652451],"annotation":"OBSTACLES","isRenderEnabled":false,"rotationMatrix":[0.750421882,-0.660959244,0,0.660959244,0.750421882,0,0,0,1],"shapeName":"/levels/east_coast_usa/art/shapes/buildings/eca_bld_wood_fence_a.DAE"}
{"class":"TSStatic","persistentId":"7ed51c14-a1be-4c14-99db-9a14798569db","__parent":"house_e","position":[668.840881,-215.381378,53.167099],"annotation":"OBSTACLES","isRenderEnabled":false,"rotationMatrix":[0.748038054,-0.663655818,0,0.663655818,0.748038054,0,0,0,1],"shapeName":"/levels/east_coast_usa/art/shapes/buildings/eca_bld_wood_fence_a.DAE"}
{"class":"TSStatic","persistentId":"852678ac-11f4-43cf-8e64-92d92148c9b3","__parent":"house_e","position":[652.949951,-201.328522,53.1742477],"annotation":"OBSTACLES","isRenderEnabled":false,"rotationMatrix":[0.748038054,-0.663655818,0,0.663655818,0.748038054,0,0,0,1],"shapeName":"/levels/east_coast_usa/art/shapes/buildings/eca_bld_wood_fence_a.DAE"}
{"class":"TSStatic","persistentId":"8650896b-5fc5-4e74-9967-49635af8b04d","__parent":"house_e","position":[-183.900925,-799.265564,16.1749516],"annotation":"OBSTACLES","isRenderEnabled":false,"rotationMatrix":[-0.837063193,-0.547106802,0,0.547106802,-0.837063193,0,0,0,1],"shapeName":"/levels/east_coast_usa/art/shapes/buildings/eca_bld_wood_fence_a.DAE"}
{"class":"TSStatic","persistentId":"890fab42-11b9-4cda-82aa-44767499739c","__parent":"house_e","position":[666.29303,-252.88591,53.3249626],"annotation":"OBSTACLES","isRenderEnabled":false,"rotationMatrix":[-0.687618792,-0.726071894,0,0.726071894,-0.687618792,0,0,0,1],"shapeName":"/levels/east_coast_usa/art/shapes/buildings/eca_bld_wood_fence_a.DAE"}
{"class":"TSStatic","persistentId":"89278d49-2612-45d5-98f7-42d5437c31ce","__parent":"house_e","position":[435.875427,37.3358803,53.1662598],"annotation":"OBSTACLES","isRenderEnabled":false,"rotationMatrix":[-0.652822673,-0.757510841,0,0.757510841,-0.652822614,0,0,0,1],"shapeName":"/levels/east_coast_usa/art/shapes/buildings/eca_bld_wood_fence_a.DAE"}
{"class":"TSStatic","persistentId":"8a329595-ccca-4cfa-a63c-7823d058f5ef","__parent":"house_e","position":[671.777588,-247.094604,53.3249626],"annotation":"OBSTACLES","isRenderEnabled":false,"rotationMatrix":[-0.687618792,-0.726071894,0,0.726071894,-0.687618792,0,0,0,1],"shapeName":"/levels/east_coast_usa/art/shapes/buildings/eca_bld_wood_fence_a.DAE"}
{"class":"TSStatic","persistentId":"8c61ad97-810d-4fe2-a639-64d951a6a4a3","__parent":"house_e","position":[590.037842,25.1189556,52.5676155],"annotation":"OBSTACLES","isRenderEnabled":false,"rotationMatrix":[0.742102981,-0.67028594,0,0.67028594,0.742102981,0,0,0,1],"shapeName":"/levels/east_coast_usa/art/shapes/buildings/eca_bld_wood_fence_a.DAE"}
{"class":"TSStatic","persistentId":"8cf3332c-b851-47fd-bfaf-1b42b4818ea3","__parent":"house_e","position":[455.651703,9.38953209,53.1680069],"annotation":"OBSTACLES","isRenderEnabled":false,"rotationMatrix":[0.750421882,-0.660959244,0,0.660959244,0.750421882,0,0,0,1],"shapeName":"/levels/east_coast_usa/art/shapes/buildings/eca_bld_wood_fence_a.DAE"}
{"class":"TSStatic","persistentId":"8f1ce5fa-f78d-4b80-b66c-5245e012f688","__parent":"house_e","position":[436.586182,25.9441757,53.1798286],"annotation":"OBSTACLES","isRenderEnabled":false,"rotationMatrix":[0.757865489,-0.652410924,0,0.652410924,0.757865489,0,0,0,1],"shapeName":"/levels/east_coast_usa/art/shapes/buildings/eca_bld_wood_fence_a.DAE"}
{"class":"TSStatic","persistentId":"91640a45-bf01-46d2-958b-d6e6b418b0c9","__parent":"house_e","position":[449.665924,14.6614618,53.1963234],"annotation":"OBSTACLES","isRenderEnabled":false,"rotationMatrix":[0.750421882,-0.660959244,0,0.660959244,0.750421882,0,0,0,1],"shapeName":"/levels/east_coast_usa/art/shapes/buildings/eca_bld_wood_fence_a.DAE"}
{"class":"TSStatic","persistentId":"92a8bc94-13db-4368-821f-fdb55b11c5b8","__parent":"house_e","position":[-180.56485,-797.085083,16.1749516],"annotation":"OBSTACLES","isRenderEnabled":false,"rotationMatrix":[-0.837063193,-0.547106802,0,0.547106802,-0.837063193,0,0,0,1],"shapeName":"/levels/east_coast_usa/art/shapes/buildings/eca_bld_wood_fence_a.DAE"}
{"class":"TSStatic","persistentId":"93bae824-21d7-4ec0-bbb0-50de84300874","__parent":"house_e","position":[-169.876053,-808.922058,16.1749516],"annotation":"OBSTACLES","isRenderEnabled":false,"rotationMatrix":[-0.670193195,0.742187202,0,-0.742187202,-0.670193195,0,0,0,1],"shapeName":"/levels/east_coast_usa/art/shapes/buildings/eca_bld_wood_fence_a.DAE"}
{"class":"TSStatic","persistentId":"970f2508-44f6-4069-9beb-0bd17467e8fe","__parent":"house_e","position":[644.821472,-194.152954,53.2811012],"annotation":"OBSTACLES","isRenderEnabled":false,"rotationMatrix":[0.748038054,-0.663655818,0,0.663655818,0.748038054,0,0,0,1],"shapeName":"/levels/east_coast_usa/art/shapes/buildings/eca_bld_wood_fence_a.DAE"}
{"class":"TSStatic","persistentId":"975c34a0-e2e8-443b-94b6-566714a8490c","__parent":"house_e","position":[656.69165,-277.465515,53.3599014],"annotation":"OBSTACLES","isRenderEnabled":false,"rotationMatrix":[0.694793046,-0.71920979,0,0.719209731,0.694792986,0,0,0,1],"shapeName":"/levels/east_coast_usa/art/shapes/buildings/eca_bld_wood_fence_a.DAE"}
{"class":"TSStatic","persistentId":"98e909fc-b82e-4eab-a6aa-c9f4c32c3559","__parent":"house_e","position":[579.331848,34.9725533,52.3930893],"annotation":"OBSTACLES","isRenderEnabled":false,"rotationMatrix":[0.66719538,0.744882822,0,-0.744882762,0.66719532,0,0,0,1],"shapeName":"/levels/east_coast_usa/art/shapes/buildings/eca_bld_wood_fence_end.DAE"}
{"class":"TSStatic","persistentId":"9959d24e-7c2a-4e86-8edf-504af382fae4","__parent":"house_e","position":[671.82373,-218.028183,53.1625443],"annotation":"OBSTACLES","isRenderEnabled":false,"rotationMatrix":[0.748038054,-0.663655818,0,0.663655818,0.748038054,0,0,0,1],"shapeName":"/levels/east_coast_usa/art/shapes/buildings/eca_bld_wood_fence_a.DAE"}
{"class":"TSStatic","persistentId":"9ec2faf5-0698-4660-aca2-01308d06c667","__parent":"house_e","position":[632.893127,-183.570221,53.2237206],"annotation":"OBSTACLES","isRenderEnabled":false,"rotationMatrix":[0.748038054,-0.663655818,0,0.663655818,0.748038054,0,0,0,1],"shapeName":"/levels/east_coast_usa/art/shapes/buildings/eca_bld_wood_fence_a.DAE"}
{"class":"TSStatic","persistentId":"9ecf5d3d-93e5-44de-856c-5d5e524930cc","__parent":"house_e","position":[-179.113052,-823.576477,16.1749516],"annotation":"OBSTACLES","isRenderEnabled":false,"rotationMatrix":[0.718015134,0.696027517,0,-0.696027517,0.718015134,0,0,0,1],"shapeName":"/levels/east_coast_usa/art/shapes/buildings/eca_bld_wood_fence_a.DAE"}
{"class":"TSStatic","persistentId":"9f62960d-3be3-44ed-a6c3-d6a92a4a42fa","__parent":"house_e","position":[-176.249542,-820.800659,16.1749516],"annotation":"OBSTACLES","isRenderEnabled":false,"rotationMatrix":[0.718015134,0.696027517,0,-0.696027517,0.718015134,0,0,0,1],"shapeName":"/levels/east_coast_usa/art/shapes/buildings/eca_bld_wood_fence_a.DAE"}
{"class":"TSStatic","persistentId":"9fae4e67-4f9c-481d-85c0-ba858df86ba4","__parent":"house_e","position":[646.989441,-196.040039,53.209877],"annotation":"OBSTACLES","isRenderEnabled":false,"rotationMatrix":[0.748038054,-0.663655818,0,0.663655818,0.748038054,0,0,0,1],"shapeName":"/levels/east_coast_usa/art/shapes/buildings/eca_bld_wood_fence_a.DAE"}
{"class":"TSStatic","persistentId":"a06e37c8-459a-4835-a60c-cb6babdac863","__parent":"house_e","position":[444.150299,19.4651527,53.2339897],"annotation":"OBSTACLES","isRenderEnabled":false,"rotationMatrix":[0.649255097,0.760570824,0,-0.760570824,0.649255037,0,0,0,1],"shapeName":"/levels/east_coast_usa/art/shapes/buildings/eca_bld_wood_fence_end.DAE"}
{"class":"TSStatic","persistentId":"a2c582cd-caf6-4b33-be4d-383c4420e16b","__parent":"house_e","position":[-190.49501,-823.181458,16.1749516],"annotation":"OBSTACLES","isRenderEnabled":false,"rotationMatrix":[0.926867783,-0.375386208,0,0.375386208,0.926867783,0,0,0,1],"shapeName":"/levels/east_coast_usa/art/shapes/buildings/eca_bld_wood_fence_a.DAE"}
{"class":"TSStatic","persistentId":"a685be5c-b5bf-4a79-906a-c76f12a32c8b","__parent":"house_e","position":[-190.575058,-803.627808,16.1749516],"annotation":"OBSTACLES","isRenderEnabled":false,"rotationMatrix":[-0.837063193,-0.547106802,0,0.547106802,-0.837063193,0,0,0,1],"shapeName":"/levels/east_coast_usa/art/shapes/buildings/eca_bld_wood_fence_a.DAE"}
{"class":"TSStatic","persistentId":"a79823c2-6ccf-4f92-8feb-4bc79363acf7","__parent":"house_e","position":[670.407471,-248.541443,53.3249626],"annotation":"OBSTACLES","isRenderEnabled":false,"rotationMatrix":[-0.687618792,-0.726071894,0,0.726071894,-0.687618792,0,0,0,1],"shapeName":"/levels/east_coast_usa/art/shapes/buildings/eca_bld_wood_fence_a.DAE"}
{"class":"TSStatic","persistentId":"a81e7022-6fd3-4ae0-850f-e3087ada8013","__parent":"house_e","position":[448.813416,38.9466972,53.3741112],"annotation":"OBSTACLES","isRenderEnabled":false,"rotationMatrix":[0.745803773,-0.666165709,0,0.666165709,0.745803773,0,0,0,1],"shapeName":"/levels/east_coast_usa/art/shapes/buildings/eca_bld_wood_fence_a.DAE"}
{"class":"TSStatic","persistentId":"a9415015-1c1e-4cc2-be73-e82360eb3407","__parent":"house_e","position":[451.161285,13.3445482,53.2011032],"annotation":"OBSTACLES","isRenderEnabled":false,"rotationMatrix":[0.750421882,-0.660959244,0,0.660959244,0.750421882,0,0,0,1],"shapeName":"/levels/east_coast_usa/art/shapes/buildings/eca_bld_wood_fence_a.DAE"}
{"class":"TSStatic","persistentId":"ab347fdb-ae4a-4007-8e54-55073809b5bd","__parent":"house_e","position":[665.856995,-212.734711,53.1844101],"annotation":"OBSTACLES","isRenderEnabled":false,"rotationMatrix":[0.748038054,-0.663655818,0,0.663655818,0.748038054,0,0,0,1],"shapeName":"/levels/east_coast_usa/art/shapes/buildings/eca_bld_wood_fence_a.DAE"}
{"class":"TSStatic","persistentId":"ab5cce3f-0830-41b7-bf44-fe00614aaa8c","__parent":"house_e","position":[588.557678,26.4558582,52.553566],"annotation":"OBSTACLES","isRenderEnabled":false,"rotationMatrix":[0.742102981,-0.67028594,0,0.67028594,0.742102981,0,0,0,1],"shapeName":"/levels/east_coast_usa/art/shapes/buildings/eca_bld_wood_fence_a.DAE"}
{"class":"TSStatic","persistentId":"abc7775f-afbb-41e2-9771-aa563b3602a5","__parent":"house_e","position":[442.632233,20.7396431,53.1953011],"annotation":"OBSTACLES","isRenderEnabled":false,"rotationMatrix":[0.757865489,-0.652410924,0,0.652410924,0.757865489,0,0,0,1],"shapeName":"/levels/east_coast_usa/art/shapes/buildings/eca_bld_wood_fence_a.DAE"}
{"class":"TSStatic","persistentId":"ae2925ed-b4c4-4596-a3e6-7b1910ab4473","__parent":"house_e","position":[453.276154,34.9605217,53.4547501],"annotation":"OBSTACLES","isRenderEnabled":false,"rotationMatrix":[0.745803773,-0.666165709,0,0.666165709,0.745803773,0,0,0,1],"shapeName":"/levels/east_coast_usa/art/shapes/buildings/eca_bld_wood_fence_a.DAE"}
{"class":"TSStatic","persistentId":"b2ac7aad-6000-4718-9bce-b6161db60317","__parent":"house_e","position":[451.789551,36.288662,53.4039307],"annotation":"OBSTACLES","isRenderEnabled":false,"rotationMatrix":[0.745803773,-0.666165709,0,0.666165709,0.745803773,0,0,0,1],"shapeName":"/levels/east_coast_usa/art/shapes/buildings/eca_bld_wood_fence_a.DAE"}
{"class":"TSStatic","persistentId":"b548e49e-a6fe-45e8-a27c-1039f16ec487","__parent":"house_e","position":[643.329773,-192.82988,53.3078194],"annotation":"OBSTACLES","isRenderEnabled":false,"rotationMatrix":[0.748038054,-0.663655818,0,0.663655818,0.748038054,0,0,0,1],"shapeName":"/levels/east_coast_usa/art/shapes/buildings/eca_bld_wood_fence_a.DAE"}
{"class":"TSStatic","persistentId":"b6b7bc44-cbfb-42c3-b6b2-21652f15960b","__parent":"house_e","position":[635.874207,-186.215393,53.2493095],"annotation":"OBSTACLES","isRenderEnabled":false,"rotationMatrix":[0.748038054,-0.663655818,0,0.663655818,0.748038054,0,0,0,1],"shapeName":"/levels/east_coast_usa/art/shapes/buildings/eca_bld_wood_fence_a.DAE"}
{"class":"TSStatic","persistentId":"b728c1b0-98a6-4284-8215-0ef6234ba419","__parent":"house_e","position":[435.076111,27.2440643,53.1895866],"annotation":"OBSTACLES","isRenderEnabled":false,"rotationMatrix":[0.757865489,-0.652410924,0,0.652410924,0.757865489,0,0,0,1],"shapeName":"/levels/east_coast_usa/art/shapes/buildings/eca_bld_wood_fence_a.DAE"}
{"class":"TSStatic","persistentId":"b82f94fb-e7d5-4fe1-94d9-bab21b831b16","__parent":"house_e","position":[659.471191,-260.102356,53.3421288],"annotation":"OBSTACLES","isRenderEnabled":false,"rotationMatrix":[-0.687618792,-0.726071894,0,0.726071894,-0.687618792,0,0,0,1],"shapeName":"/levels/east_coast_usa/art/shapes/buildings/eca_bld_wood_fence_a.DAE"}
{"class":"TSStatic","persistentId":"b85bc723-02f3-4c01-830d-f7b5b9938c0d","__parent":"house_e","position":[656.72876,-262.998138,53.3421288],"annotation":"OBSTACLES","isRenderEnabled":false,"rotationMatrix":[-0.687618792,-0.726071894,0,0.726071894,-0.687618792,0,0,0,1],"shapeName":"/levels/east_coast_usa/art/shapes/buildings/eca_bld_wood_fence_a.DAE"}
{"class":"TSStatic","persistentId":"b96d5e1a-e4d9-4b48-9e46-236685becb05","__parent":"house_e","position":[-177.680771,-822.188049,16.1749516],"annotation":"OBSTACLES","isRenderEnabled":false,"rotationMatrix":[0.718015134,0.696027517,0,-0.696027517,0.718015134,0,0,0,1],"shapeName":"/levels/east_coast_usa/art/shapes/buildings/eca_bld_wood_fence_a.DAE"}
{"class":"TSStatic","persistentId":"ba3240f9-3b61-4d32-8cdc-93671f586527","__parent":"house_e","position":[448.172394,15.9771271,53.1848412],"annotation":"OBSTACLES","isRenderEnabled":false,"rotationMatrix":[0.750421882,-0.660959244,0,0.660959244,0.750421882,0,0,0,1],"shapeName":"/levels/east_coast_usa/art/shapes/buildings/eca_bld_wood_fence_a.DAE"}
{"class":"TSStatic","persistentId":"bbad2317-8145-4ef9-bab6-d549da256c49","__parent":"house_e","position":[660.845886,-281.76532,53.4020157],"annotation":"OBSTACLES","isRenderEnabled":false,"rotationMatrix":[0.694793046,-0.71920979,0,0.719209731,0.694792986,0,0,0,1],"shapeName":"/levels/east_coast_usa/art/shapes/buildings/eca_bld_wood_fence_a.DAE"}
{"class":"TSStatic","persistentId":"bbfc501a-be99-4caa-b19b-cf3032c77d2d","__parent":"house_e","position":[-182.807861,-824.643677,16.1749516],"annotation":"OBSTACLES","isRenderEnabled":false,"rotationMatrix":[0.999987423,0.00488790404,0,-0.00488790404,0.999987423,0,0,0,1],"shapeName":"/levels/east_coast_usa/art/shapes/buildings/eca_bld_wood_fence_a.DAE"}
{"class":"TSStatic","persistentId":"c31aca7d-b27f-4c26-8ec3-2ce2aa5daa9f","__parent":"house_e","position":[574.885742,38.9555092,52.4667053],"annotation":"OBSTACLES","isRenderEnabled":false,"rotationMatrix":[0.742102981,-0.67028594,0,0.67028594,0.742102981,0,0,0,1],"shapeName":"/levels/east_coast_usa/art/shapes/buildings/eca_bld_wood_fence_a.DAE"}
{"class":"TSStatic","persistentId":"c3c8b022-3be6-4deb-b83e-74056ec1260e","__parent":"house_e","position":[-185.567139,-800.354614,16.1749516],"annotation":"OBSTACLES","isRenderEnabled":false,"rotationMatrix":[-0.837063193,-0.547106802,0,0.547106802,-0.837063193,0,0,0,1],"shapeName":"/levels/east_coast_usa/art/shapes/buildings/eca_bld_wood_fence_a.DAE"}
{"class":"TSStatic","persistentId":"c3e0190f-be3e-4996-85c0-9ec62934be85","__parent":"house_e","position":[658.101074,-261.549194,53.3421288],"annotation":"OBSTACLES","isRenderEnabled":false,"rotationMatrix":[-0.687618792,-0.726071894,0,0.726071894,-0.687618792,0,0,0,1],"shapeName":"/levels/east_coast_usa/art/shapes/buildings/eca_bld_wood_fence_a.DAE"}
{"class":"TSStatic","persistentId":"c499137d-e06b-4c73-ab9c-5eda27963e4e","__parent":"house_e","position":[662.231628,-283.199799,53.4160652],"annotation":"OBSTACLES","isRenderEnabled":false,"rotationMatrix":[0.694793046,-0.71920979,0,0.719209731,0.694792986,0,0,0,1],"shapeName":"/levels/east_coast_usa/art/shapes/buildings/eca_bld_wood_fence_a.DAE"}
{"class":"TSStatic","persistentId":"c7116483-b61e-45c6-9dfb-5fa83f00ecb2","__parent":"house_e","position":[-172.176514,-816.429932,16.1749516],"annotation":"OBSTACLES","isRenderEnabled":false,"rotationMatrix":[0.39111796,0.920340836,0,-0.920340836,0.39111796,0,0,0,1],"shapeName":"/levels/east_coast_usa/art/shapes/buildings/eca_bld_wood_fence_a.DAE"}
{"class":"TSStatic","persistentId":"c7516f14-0aa7-4333-b46e-b1b3e0156f69","__parent":"house_e","position":[587.076294,27.7934399,52.537796],"annotation":"OBSTACLES","isRenderEnabled":false,"rotationMatrix":[0.742102981,-0.67028594,0,0.67028594,0.742102981,0,0,0,1],"shapeName":"/levels/east_coast_usa/art/shapes/buildings/eca_bld_wood_fence_a.DAE"}
{"class":"TSStatic","persistentId":"c86a5c97-11cb-40e1-a81e-9aa5125fd698","__parent":"house_e","position":[432.057495,29.8428726,53.2130852],"annotation":"OBSTACLES","isRenderEnabled":false,"rotationMatrix":[0.757865489,-0.652410924,0,0.652410924,0.757865489,0,0,0,1],"shapeName":"/levels/east_coast_usa/art/shapes/buildings/eca_bld_wood_fence_a.DAE"}
{"class":"TSStatic","persistentId":"cc9d16ba-eacd-4c33-a15b-79112e7d4a53","__parent":"house_e","position":[441.121094,22.040308,53.1601639],"annotation":"OBSTACLES","isRenderEnabled":false,"rotationMatrix":[0.757865489,-0.652410924,0,0.652410924,0.757865489,0,0,0,1],"shapeName":"/levels/east_coast_usa/art/shapes/buildings/eca_bld_wood_fence_a.DAE"}
{"class":"TSStatic","persistentId":"cd1e561d-3dc0-49e0-ade0-0a915ed113f3","__parent":"house_e","position":[-173.391983,-818.018616,16.1749516],"annotation":"OBSTACLES","isRenderEnabled":false,"rotationMatrix":[0.609361708,0.792892516,0,-0.792892516,0.609361708,0,0,0,1],"shapeName":"/levels/east_coast_usa/art/shapes/buildings/eca_bld_wood_fence_a.DAE"}
{"class":"TSStatic","persistentId":"cda6b084-d542-481c-8242-4edd5af5909d","__parent":"house_e","position":[666.396606,-287.475952,53.5800629],"annotation":"OBSTACLES","isRenderEnabled":false,"rotationMatrix":[0.716315269,0.697776437,0,-0.697776437,0.716315269,0,0,0,1],"shapeName":"/levels/east_coast_usa/art/shapes/buildings/eca_bld_wood_fence_end.DAE"}
{"class":"TSStatic","persistentId":"ce247ca8-2ab7-493b-bb94-f4d9ebd0c375","__parent":"house_e","position":[669.497925,-290.918915,53.6455803],"annotation":"OBSTACLES","isRenderEnabled":false,"rotationMatrix":[0.694793046,-0.71920979,0,0.719209731,0.694792986,0,0,0,1],"shapeName":"/levels/east_coast_usa/art/shapes/buildings/eca_bld_wood_fence_a.DAE"}
{"class":"TSStatic","persistentId":"d18a08ef-202e-4bd7-a6ba-cd939abd9444","__parent":"house_e","position":[663.616577,-284.633667,53.4668846],"annotation":"OBSTACLES","isRenderEnabled":false,"rotationMatrix":[0.694793046,-0.71920979,0,0.719209731,0.694792986,0,0,0,1],"shapeName":"/levels/east_coast_usa/art/shapes/buildings/eca_bld_wood_fence_a.DAE"}
{"class":"TSStatic","persistentId":"d209a57b-6d5e-4d53-915b-3ff22bdfb3f4","__parent":"house_e","position":[-176.554123,-801.526733,16.1749516],"annotation":"OBSTACLES","isRenderEnabled":false,"rotationMatrix":[-0.670193195,0.742187202,0,-0.742187202,-0.670193195,0,0,0,1],"shapeName":"/levels/east_coast_usa/art/shapes/buildings/eca_bld_wood_fence_a.DAE"}
{"class":"TSStatic","persistentId":"d4afe69e-a735-4dd9-8251-70374c8a2ab2","__parent":"house_e","position":[-194.527512,-818.781982,16.1749516],"annotation":"OBSTACLES","isRenderEnabled":false,"rotationMatrix":[0.673223555,-0.73943913,0,0.73943913,0.673223555,0,0,0,1],"shapeName":"/levels/east_coast_usa/art/shapes/buildings/eca_bld_wood_fence_a.DAE"}
{"class":"TSStatic","persistentId":"d5a41c5b-ccbf-4f00-ac67-e3b49b96ae3e","__parent":"house_e","position":[648.480103,-197.362625,53.1655083],"annotation":"OBSTACLES","isRenderEnabled":false,"rotationMatrix":[0.748038054,-0.663655818,0,0.663655818,0.748038054,0,0,0,1],"shapeName":"/levels/east_coast_usa/art/shapes/buildings/eca_bld_wood_fence_a.DAE"}
{"class":"TSStatic","persistentId":"d61e464f-426c-42e0-99cd-758d9a8cebd3","__parent":"house_e","position":[651.459351,-200.006226,53.1438828],"annotation":"OBSTACLES","isRenderEnabled":false,"rotationMatrix":[0.748038054,-0.663655818,0,0.663655818,0.748038054,0,0,0,1],"shapeName":"/levels/east_coast_usa/art/shapes/buildings/eca_bld_wood_fence_a.DAE"}
{"class":"TSStatic","persistentId":"d6a4272e-6570-4dbd-91b9-7cdb81bba697","__parent":"house_e","position":[439.778351,41.8649597,53.2092323],"annotation":"OBSTACLES","isRenderEnabled":false,"rotationMatrix":[-0.652822673,-0.757510841,0,0.757510841,-0.652822614,0,0,0,1],"shapeName":"/levels/east_coast_usa/art/shapes/buildings/eca_bld_wood_fence_a.DAE"}
{"class":"TSStatic","persistentId":"d863f41c-0d16-4d1f-923b-e14e20eb6c60","__parent":"house_e","position":[444.356781,42.9275627,53.32267],"annotation":"OBSTACLES","isRenderEnabled":false,"rotationMatrix":[0.745803773,-0.666165709,0,0.666165709,0.745803773,0,0,0,1],"shapeName":"/levels/east_coast_usa/art/shapes/buildings/eca_bld_wood_fence_a.DAE"}
{"class":"TSStatic","persistentId":"d90d3c76-3e7b-437b-9f45-d56fd3328bf5","__parent":"house_e","position":[660.840027,-258.657104,53.3421288],"annotation":"OBSTACLES","isRenderEnabled":false,"rotationMatrix":[-0.687618792,-0.726071894,0,0.726071894,-0.687618792,0,0,0,1],"shapeName":"/levels/east_coast_usa/art/shapes/buildings/eca_bld_wood_fence_a.DAE"}
{"class":"TSStatic","persistentId":"d9267b44-427a-461f-b8ff-d58595bafef8","__parent":"house_e","position":[441.079315,43.3744087,53.2134247],"annotation":"OBSTACLES","isRenderEnabled":false,"rotationMatrix":[-0.652822673,-0.757510841,0,0.757510841,-0.652822614,0,0,0,1],"shapeName":"/levels/east_coast_usa/art/shapes/buildings/eca_bld_wood_fence_a.DAE"}
{"class":"TSStatic","persistentId":"d9967249-b70d-4726-86b0-a5504db2d237","__parent":"house_e","position":[573.405579,40.2924118,52.4526558],"annotation":"OBSTACLES","isRenderEnabled":false,"rotationMatrix":[0.742102981,-0.67028594,0,0.67028594,0.742102981,0,0,0,1],"shapeName":"/levels/east_coast_usa/art/shapes/buildings/eca_bld_wood_fence_a.DAE"}
{"class":"TSStatic","persistentId":"d9aec4f8-c3ea-4f1b-8c0f-9afbee4dc81f","__parent":"house_e","position":[660.416565,-207.919769,53.2390518],"annotation":"OBSTACLES","isRenderEnabled":false,"rotationMatrix":[0.660540819,0.750790119,0,-0.750790179,0.660540819,0,0,0,1],"shapeName":"/levels/east_coast_usa/art/shapes/buildings/eca_bld_wood_fence_end.DAE"}
{"class":"TSStatic","persistentId":"dc017002-77c0-4534-a740-ef178c48b385","__parent":"house_e","position":[640.346924,-190.183075,53.2914238],"annotation":"OBSTACLES","isRenderEnabled":false,"rotationMatrix":[0.748038054,-0.663655818,0,0.663655818,0.748038054,0,0,0,1],"shapeName":"/levels/east_coast_usa/art/shapes/buildings/eca_bld_wood_fence_a.DAE"}
{"class":"TSStatic","persistentId":"dc3513af-2e4d-4be0-b3e5-0cb9bad24e28","__parent":"house_e","position":[-193.185699,-820.255737,16.1749516],"annotation":"OBSTACLES","isRenderEnabled":false,"rotationMatrix":[0.673223555,-0.73943913,0,0.73943913,0.673223555,0,0,0,1],"shapeName":"/levels/east_coast_usa/art/shapes/buildings/eca_bld_wood_fence_a.DAE"}
{"class":"TSStatic","persistentId":"de222f1f-cc04-4b87-bb3b-c4898b186074","__parent":"house_e","position":[-198.55455,-814.358826,16.1749516],"annotation":"OBSTACLES","isRenderEnabled":false,"rotationMatrix":[0.673223555,-0.73943913,0,0.73943913,0.673223555,0,0,0,1],"shapeName":"/levels/east_coast_usa/art/shapes/buildings/eca_bld_wood_fence_a.DAE"}
{"class":"TSStatic","persistentId":"defcf7ed-47fe-4ae1-8fc1-31df856d435a","__parent":"house_e","position":[637.363037,-187.536407,53.2452888],"annotation":"OBSTACLES","isRenderEnabled":false,"rotationMatrix":[0.748038054,-0.663655818,0,0.663655818,0.748038054,0,0,0,1],"shapeName":"/levels/east_coast_usa/art/shapes/buildings/eca_bld_wood_fence_a.DAE"}
{"class":"TSStatic","persistentId":"df444982-1c67-4c07-a9b8-bbb6dcd7cb91","__parent":"house_e","position":[439.610382,23.3410244,53.1629944],"annotation":"OBSTACLES","isRenderEnabled":false,"rotationMatrix":[0.757865489,-0.652410924,0,0.652410924,0.757865489,0,0,0,1],"shapeName":"/levels/east_coast_usa/art/shapes/buildings/eca_bld_wood_fence_a.DAE"}
{"class":"TSStatic","persistentId":"e000ed15-0f45-4635-adfd-1c02d0da4a95","__parent":"house_e","position":[661.387085,-208.768524,53.1774178],"annotation":"OBSTACLES","isRenderEnabled":false,"rotationMatrix":[0.748038054,-0.663655818,0,0.663655818,0.748038054,0,0,0,1],"shapeName":"/levels/east_coast_usa/art/shapes/buildings/eca_bld_wood_fence_a.DAE"}
{"class":"TSStatic","persistentId":"e1d14bb3-8067-42a2-a951-6d5211b2afcb","__parent":"house_e","position":[673.649719,-295.217072,53.7209282],"annotation":"OBSTACLES","isRenderEnabled":false,"rotationMatrix":[0.694793046,-0.71920979,0,0.719209731,0.694792986,0,0,0,1],"shapeName":"/levels/east_coast_usa/art/shapes/buildings/eca_bld_wood_fence_a.DAE"}
{"class":"TSStatic","persistentId":"e2cd517c-78ca-46f9-8329-04cce5f4a89a","__parent":"house_e","position":[-182.232986,-798.175354,16.1749516],"annotation":"OBSTACLES","isRenderEnabled":false,"rotationMatrix":[-0.837063193,-0.547106802,0,0.547106802,-0.837063193,0,0,0,1],"shapeName":"/levels/east_coast_usa/art/shapes/buildings/eca_bld_wood_fence_a.DAE"}
{"class":"TSStatic","persistentId":"e2ebe6ab-bb00-4a00-9d09-490b554a33f1","__parent":"house_e","position":[665.001953,-286.067535,53.5413742],"annotation":"OBSTACLES","isRenderEnabled":false,"rotationMatrix":[0.694793046,-0.71920979,0,0.719209731,0.694792986,0,0,0,1],"shapeName":"/levels/east_coast_usa/art/shapes/buildings/eca_bld_wood_fence_a.DAE"}
{"class":"TSStatic","persistentId":"e9ca946a-9917-46a2-aa5a-385edb915c9f","__parent":"house_e","position":[442.870544,44.2551804,53.3221779],"annotation":"OBSTACLES","isRenderEnabled":false,"rotationMatrix":[0.745803773,-0.666165709,0,0.666165709,0.745803773,0,0,0,1],"shapeName":"/levels/east_coast_usa/art/shapes/buildings/eca_bld_wood_fence_a.DAE"}
{"class":"TSStatic","persistentId":"eae4976b-bf79-466e-a0f2-7b975419a916","__parent":"house_e","position":[433.271942,34.3150101,53.0903664],"annotation":"OBSTACLES","isRenderEnabled":false,"rotationMatrix":[-0.652822673,-0.757510841,0,0.757510841,-0.652822614,0,0,0,1],"shapeName":"/levels/east_coast_usa/art/shapes/buildings/eca_bld_wood_fence_a.DAE"}
{"class":"TSStatic","persistentId":"ec15bad2-bfb1-4507-803b-82dc3dfb62f0","__parent":"house_e","position":[675.886902,-242.755585,53.3249626],"annotation":"OBSTACLES","isRenderEnabled":false,"rotationMatrix":[-0.687618792,-0.726071894,0,0.726071894,-0.687618792,0,0,0,1],"shapeName":"/levels/east_coast_usa/art/shapes/buildings/eca_bld_wood_fence_a.DAE"}
{"class":"TSStatic","persistentId":"ee52e936-ec4b-4ead-929f-ef8b93c73e58","__parent":"house_e","position":[653.922668,-274.598938,53.3343124],"annotation":"OBSTACLES","isRenderEnabled":false,"rotationMatrix":[0.694793046,-0.71920979,0,0.719209731,0.694792986,0,0,0,1],"shapeName":"/levels/east_coast_usa/art/shapes/buildings/eca_bld_wood_fence_a.DAE"}
{"class":"TSStatic","persistentId":"eec61534-1893-43cc-a77a-346a59afcddb","__parent":"house_e","position":[658.917786,-206.622772,53.2495193],"annotation":"OBSTACLES","isRenderEnabled":false,"rotationMatrix":[0.748038054,-0.663655818,0,0.663655818,0.748038054,0,0,0,1],"shapeName":"/levels/east_coast_usa/art/shapes/buildings/eca_bld_wood_fence_a.DAE"}
{"class":"TSStatic","persistentId":"eecdde8b-3349-4845-8f16-639ba63b26cc","__parent":"house_e","position":[638.853638,-188.858704,53.2756538],"annotation":"OBSTACLES","isRenderEnabled":false,"rotationMatrix":[0.748038054,-0.663655818,0,0.663655818,0.748038054,0,0,0,1],"shapeName":"/levels/east_coast_usa/art/shapes/buildings/eca_bld_wood_fence_a.DAE"}
{"class":"TSStatic","persistentId":"f03f4e7c-852f-4daf-b82b-01f8a9520576","__parent":"house_e","position":[654.443237,-202.652893,53.1900177],"annotation":"OBSTACLES","isRenderEnabled":false,"rotationMatrix":[0.748038054,-0.663655818,0,0.663655818,0.748038054,0,0,0,1],"shapeName":"/levels/east_coast_usa/art/shapes/buildings/eca_bld_wood_fence_a.DAE"}
{"class":"TSStatic","persistentId":"f0ee7e28-2887-448e-8df2-6280dd655ea9","__parent":"house_e","position":[674.814209,-220.648254,53.1336594],"annotation":"OBSTACLES","isRenderEnabled":false,"rotationMatrix":[0.660540819,0.750790119,0,-0.750790179,0.660540819,0,0,0,1],"shapeName":"/levels/east_coast_usa/art/shapes/buildings/eca_bld_wood_fence_end.DAE"}
{"class":"TSStatic","persistentId":"f350b55d-6f4e-4386-a814-829bf9eeb1c2","__parent":"house_e","position":[-171.208511,-807.446533,16.1749516],"annotation":"OBSTACLES","isRenderEnabled":false,"rotationMatrix":[-0.670193195,0.742187202,0,-0.742187202,-0.670193195,0,0,0,1],"shapeName":"/levels/east_coast_usa/art/shapes/buildings/eca_bld_wood_fence_a.DAE"}
{"class":"TSStatic","persistentId":"f4ab149d-d18b-4319-947f-21b2f66cb1d7","__parent":"house_e","position":[-191.846344,-821.726807,16.1749516],"annotation":"OBSTACLES","isRenderEnabled":false,"rotationMatrix":[0.673223555,-0.73943913,0,0.73943913,0.673223555,0,0,0,1],"shapeName":"/levels/east_coast_usa/art/shapes/buildings/eca_bld_wood_fence_a.DAE"}
{"class":"TSStatic","persistentId":"f67ecc2d-da6e-4585-b8b1-94075ddd2eb1","__parent":"house_e","position":[438.098846,24.6422787,53.1664543],"annotation":"OBSTACLES","isRenderEnabled":false,"rotationMatrix":[0.757865489,-0.652410924,0,0.652410924,0.757865489,0,0,0,1],"shapeName":"/levels/east_coast_usa/art/shapes/buildings/eca_bld_wood_fence_a.DAE"}
{"class":"TSStatic","persistentId":"f7ba673c-5870-4d63-bf12-ec2717aeec86","__parent":"house_e","position":[655.30719,-276.032257,53.3348045],"annotation":"OBSTACLES","isRenderEnabled":false,"rotationMatrix":[0.694793046,-0.71920979,0,0.719209731,0.694792986,0,0,0,1],"shapeName":"/levels/east_coast_usa/art/shapes/buildings/eca_bld_wood_fence_a.DAE"}
{"class":"TSStatic","persistentId":"fb6609e5-4ef3-4c4c-831f-0fe56b608f96","__parent":"house_e","position":[438.478912,40.3573303,53.1959648],"annotation":"OBSTACLES","isRenderEnabled":false,"rotationMatrix":[-0.652822673,-0.757510841,0,0.757510841,-0.652822614,0,0,0,1],"shapeName":"/levels/east_coast_usa/art/shapes/buildings/eca_bld_wood_fence_a.DAE"}
{"class":"TSStatic","persistentId":"fb7da8ee-4984-4515-8b8e-17a1f5d3194c","__parent":"house_e","position":[641.838806,-191.506729,53.3054695],"annotation":"OBSTACLES","isRenderEnabled":false,"rotationMatrix":[0.748038054,-0.663655818,0,0.663655818,0.748038054,0,0,0,1],"shapeName":"/levels/east_coast_usa/art/shapes/buildings/eca_bld_wood_fence_a.DAE"}
{"class":"TSStatic","persistentId":"fdf24b26-c311-4757-8f7b-ba277b66a9a8","__parent":"house_e","position":[-201.239365,-811.409851,16.1749516],"annotation":"OBSTACLES","isRenderEnabled":false,"rotationMatrix":[0.673223555,-0.73943913,0,0.73943913,0.673223555,0,0,0,1],"shapeName":"/levels/east_coast_usa/art/shapes/buildings/eca_bld_wood_fence_a.DAE"}
{"class":"TSStatic","persistentId":"feb3950a-5f8b-4c7f-9320-179cc75bd6b3","__parent":"house_e","position":[662.877747,-210.09111,53.1878319],"annotation":"OBSTACLES","isRenderEnabled":false,"rotationMatrix":[0.748038054,-0.663655818,0,0.663655818,0.748038054,0,0,0,1],"shapeName":"/levels/east_coast_usa/art/shapes/buildings/eca_bld_wood_fence_a.DAE"}
