{"name":"blrwp_trackwp1","class":"BeamNGWaypoint","persistentId":"8e10f18b-ede7-43f7-af65-48b8d5eb507e","__parent":"waypoints","position":[-278.104706,-1225.6001,405.344971],"scale":[4.07985878,4.07985878,4.07985878]}
{"name":"blrwp_trackwp2","class":"BeamNGWaypoint","persistentId":"0b3a2368-f620-437c-a55d-6ac4fe352dd0","__parent":"waypoints","position":[-611.343262,-1632.23999,417.981354],"scale":[4.07985878,4.07985878,4.07985878]}
{"name":"blrwp_trackwp3","class":"BeamNGWaypoint","persistentId":"bbba0bf1-e515-469b-83d5-1fee9f811138","__parent":"waypoints","position":[-730.13385,-1767.79041,427.690125],"scale":[2.72745681,2.72745681,2.72745681]}
{"name":"blrwp_trackwp4","class":"BeamNGWaypoint","persistentId":"41711f85-0ba5-4058-bad1-cddf11be7734","__parent":"waypoints","position":[-884.860046,-1830.52026,437.585175],"scale":[2.35922551,2.35922551,2.35922551]}
{"name":"blrwp_trackwp5","class":"BeamNGWaypoint","persistentId":"d0889dcd-3dcc-4ee6-b3bf-42dbea401b65","__parent":"waypoints","position":[-1069.19897,-1663.77588,445.353119],"scale":[3.60036397,3.60036397,3.60036397]}
{"name":"blrwp_trackwp6","class":"BeamNGWaypoint","persistentId":"be336d83-049d-45e4-8fb7-14b70e170b59","__parent":"waypoints","position":[-1325.25818,-1858.90186,414.30658],"scale":[3.60036397,3.60036397,3.60036397]}
{"name":"blrwp_trackwp7","class":"BeamNGWaypoint","persistentId":"419e2ce4-f904-4c1a-992c-40b60b161cee","__parent":"waypoints","position":[-1708.37415,-1768.81262,398.644562],"scale":[3.60036397,3.60036397,3.60036397]}
{"name":"blrwp_trackwp8","class":"BeamNGWaypoint","persistentId":"b00a38be-1b94-4646-a2a1-1194ff0dae9c","__parent":"waypoints","position":[-2117.90186,-1517.75623,398.203796],"scale":[3.60036397,3.60036397,3.60036397]}
{"name":"blrwp_trackwp9","class":"BeamNGWaypoint","persistentId":"a0337b8f-9750-48ba-a095-e5a58d4aff46","__parent":"waypoints","position":[-2619.56665,-971.502869,395.757019],"scale":[3.60036397,3.60036397,3.60036397]}
{"name":"blrwp_trackwp10","class":"BeamNGWaypoint","persistentId":"ea2185a4-45ff-4f3e-8985-4775cc3e280c","__parent":"waypoints","position":[-2773.68848,235.103683,371.498779],"scale":[3.60036397,3.60036397,3.60036397]}
{"name":"blrwp_trackwp11","class":"BeamNGWaypoint","persistentId":"2808811a-1f92-4f53-9bd6-91989e7cf606","__parent":"waypoints","position":[-3004.92676,408.234497,356.437439],"scale":[3.60036397,3.60036397,3.60036397]}
{"name":"blrwp_trackwp12","class":"BeamNGWaypoint","persistentId":"51f1e5c6-ce78-4ed8-98bf-cbf13d8462f5","__parent":"waypoints","position":[-2306.28882,1103.63281,278.819885],"scale":[3.60036397,3.60036397,3.60036397]}
{"name":"blrwp_trackwp13","class":"BeamNGWaypoint","persistentId":"c853a94e-c5ae-43a4-8db0-7c54e9ab1523","__parent":"waypoints","position":[-2194.45288,1380.44812,296.875916],"scale":[3.60036397,3.60036397,3.60036397]}
{"name":"blrwp_trackwp14","class":"BeamNGWaypoint","persistentId":"21157847-f250-4d8b-af94-72aee448c4f4","__parent":"waypoints","position":[-1764.7771,1901.60828,279.883392],"scale":[3.60036397,3.60036397,3.60036397]}
{"name":"blrwp_trackwp15","class":"BeamNGWaypoint","persistentId":"e447cd4d-53e7-4562-b54a-0fe2d335cd66","__parent":"waypoints","position":[-2014.22498,2243.26807,267.015289],"scale":[3.60036397,3.60036397,3.60036397]}
{"name":"blrwp_trackwp16","class":"BeamNGWaypoint","persistentId":"f2f15e41-a1be-462c-827f-c07bb6419c70","__parent":"waypoints","position":[-1388.52844,2478.81616,197.052658],"scale":[3.60036397,3.60036397,3.60036397]}
{"name":"blrwp_trackwp17","class":"BeamNGWaypoint","persistentId":"473a9fa1-12e3-42ec-9078-cd33c15e95b1","__parent":"waypoints","position":[-912.635803,2487.87671,160.044022],"scale":[3.60036397,3.60036397,3.60036397]}
{"name":"blrwp_trackwp18","class":"BeamNGWaypoint","persistentId":"d819fbb5-8646-413c-97e5-643089b68136","__parent":"waypoints","position":[-119.971748,2948.8457,177.763138],"scale":[3.60036397,3.60036397,3.60036397]}
{"name":"blrwp_trackwp19","class":"BeamNGWaypoint","persistentId":"8edca130-ae8b-4995-8b9d-7885112deae0","__parent":"waypoints","position":[1179.01721,1968.1825,295.663879],"scale":[3.44492197,3.44492197,3.44492197]}
{"name":"blrwp_trackwp20","class":"BeamNGWaypoint","persistentId":"ef4ab817-8a8f-472f-8ed5-7b4c2e9c39b9","__parent":"waypoints","position":[1856.42603,2194.90674,352.592804],"scale":[3.44492197,3.44492197,3.44492197]}
{"name":"blrwp_trackwp21","class":"BeamNGWaypoint","persistentId":"026908fe-a988-48cc-89ce-4d81a22e8e93","__parent":"waypoints","position":[1683.22607,1940.01819,375.432587],"scale":[3.44492197,3.44492197,3.44492197]}
{"name":"blrwp_trackwp22","class":"BeamNGWaypoint","persistentId":"07c936fb-48ce-4306-a829-cd5d2b9eaff2","__parent":"waypoints","position":[2239.53735,2185.72168,407.906311],"scale":[3.44492197,3.44492197,3.44492197]}
{"name":"blrwp_trackwp23","class":"BeamNGWaypoint","persistentId":"53168437-4006-4abd-8f55-9c614e46f6e2","__parent":"waypoints","position":[2887.07153,1884.26733,390.582336],"scale":[3.44492197,3.44492197,3.44492197]}
{"name":"blrwp_trackwp24","class":"BeamNGWaypoint","persistentId":"8603d564-08da-49db-beb7-bc6fc9d29875","__parent":"waypoints","position":[2633.82593,1004.10284,354.999817],"scale":[2.96601582,2.96601582,2.96601582]}
{"name":"blrwp_trackwp25","class":"BeamNGWaypoint","persistentId":"278b29ee-13be-49f3-a6c5-31bb41464630","__parent":"waypoints","position":[1572.48596,415.226105,358.194641],"scale":[3.24982548,3.24982548,3.24982548]}
{"name":"blrwp_trackwp26","class":"BeamNGWaypoint","persistentId":"a23a4d44-db7e-4f9c-9afb-2da3e4753768","__parent":"waypoints","position":[1566.15161,160.514587,373.844421],"scale":[3.24982548,3.24982548,3.24982548]}
{"name":"blrwp_trackwp27","class":"BeamNGWaypoint","persistentId":"7717e272-776c-46c2-8693-84f5418332b6","__parent":"waypoints","position":[1312.27783,-298.978607,371.709564],"scale":[5.47656727,5.47656727,5.47656727]}
{"name":"blrwp_trackwp28","class":"BeamNGWaypoint","persistentId":"19064cd3-6dd2-4c4e-93db-aecf44e26aeb","__parent":"waypoints","position":[206.302368,-935.452576,389.029572],"scale":[5.662714,5.662714,5.662714]}
{"name":"blrwp_aiwp1","class":"BeamNGWaypoint","persistentId":"cdc674fd-ff08-469e-8e14-a0cc0694de08","__parent":"waypoints","position":[-711.404602,-1729.81592,425.107635],"scale":[2.72745681,2.72745681,2.72745681]}
{"name":"blrwp_aiwp2","class":"BeamNGWaypoint","persistentId":"44a502b8-27f7-4fc5-a9ab-6000fd2c379a","__parent":"waypoints","position":[-864.335266,-1817.25085,437.012848],"scale":[2.65393615,2.65393615,2.65393615]}
{"name":"blrwp_aiwp3","class":"BeamNGWaypoint","persistentId":"fa70f207-e637-4956-9328-f3e3a87ad5c2","__parent":"waypoints","position":[-1035.32544,-1713.44812,446.078949],"scale":[3.60036397,3.60036397,3.60036397]}
{"name":"blrwp_aiwp4","class":"BeamNGWaypoint","persistentId":"0a1bcd4e-9e9e-420b-b461-2cd9a7640469","__parent":"waypoints","position":[-1419.71252,2530.81885,201.168945],"scale":[3.60036397,3.60036397,3.60036397]}
{"name":"blrwp_aiwp5","class":"BeamNGWaypoint","persistentId":"f25d69be-7d09-4a21-a300-de3284d3052a","__parent":"waypoints","position":[-1052.9259,-1687.47351,446.241821],"scale":[3.60036397,3.60036397,3.60036397]}
{"name":"blrwp_aiwp6","class":"BeamNGWaypoint","persistentId":"215d8843-b691-46c1-9824-fc9812d7f99b","__parent":"waypoints","position":[-953.025452,2497.87671,162.351685],"scale":[3.60036397,3.60036397,3.60036397]}
