{"name":"blrwp_trackwp1","class":"BeamNGWaypoint","persistentId":"8e10f18b-ede7-43f7-af65-48b8d5eb507e","__parent":"waypoints","position":[-278.104706,-1225.6001,405.235413],"scale":[3,3,3]}
{"name":"blrwp_trackwp2","class":"BeamNGWaypoint","persistentId":"0b3a2368-f620-437c-a55d-6ac4fe352dd0","__parent":"waypoints","position":[-611.343262,-1632.23999,417.664459],"scale":[3,3,3]}
{"name":"blrwp_trackwp3","class":"BeamNGWaypoint","persistentId":"bbba0bf1-e515-469b-83d5-1fee9f811138","__parent":"waypoints","position":[-730.13385,-1767.79041,427.921082],"scale":[3,3,3]}
{"name":"blrwp_trackwp4","class":"BeamNGWaypoint","persistentId":"41711f85-0ba5-4058-bad1-cddf11be7734","__parent":"waypoints","position":[-884.860046,-1830.52026,437.82547],"scale":[3,3,3]}
{"name":"blrwp_trackwp5","class":"BeamNGWaypoint","persistentId":"d0889dcd-3dcc-4ee6-b3bf-42dbea401b65","__parent":"waypoints","position":[-1069.19897,-1663.77588,445.7117],"scale":[3,3,3]}
{"name":"blrwp_trackwp6","class":"BeamNGWaypoint","persistentId":"be336d83-049d-45e4-8fb7-14b70e170b59","__parent":"waypoints","position":[-1325.25818,-1858.90186,414.786896],"scale":[3,3,3]}
{"name":"blrwp_trackwp7","class":"BeamNGWaypoint","persistentId":"419e2ce4-f904-4c1a-992c-40b60b161cee","__parent":"waypoints","position":[-1708.37415,-1768.81262,398.861633],"scale":[3,3,3]}
{"name":"blrwp_trackwp8","class":"BeamNGWaypoint","persistentId":"b00a38be-1b94-4646-a2a1-1194ff0dae9c","__parent":"waypoints","position":[-2117.90186,-1517.75623,398.083221],"scale":[3,3,3]}
{"name":"blrwp_trackwp9","class":"BeamNGWaypoint","persistentId":"a0337b8f-9750-48ba-a095-e5a58d4aff46","__parent":"waypoints","position":[-2619.56665,-971.502869,395.676208],"scale":[3,3,3]}
{"name":"blrwp_trackwp10","class":"BeamNGWaypoint","persistentId":"ea2185a4-45ff-4f3e-8985-4775cc3e280c","__parent":"waypoints","position":[-2773.68848,235.103683,371.644897],"scale":[3,3,3]}
{"name":"blrwp_trackwp11","class":"BeamNGWaypoint","persistentId":"2808811a-1f92-4f53-9bd6-91989e7cf606","__parent":"waypoints","position":[-3004.92676,408.234497,356.183472],"scale":[3,3,3]}
{"name":"blrwp_trackwp12","class":"BeamNGWaypoint","persistentId":"51f1e5c6-ce78-4ed8-98bf-cbf13d8462f5","__parent":"waypoints","position":[-2306.28882,1103.63281,278.932739],"scale":[3,3,3]}
{"name":"blrwp_trackwp13","class":"BeamNGWaypoint","persistentId":"c853a94e-c5ae-43a4-8db0-7c54e9ab1523","__parent":"waypoints","position":[-2194.45288,1380.44812,296.611023],"scale":[3,3,3]}
{"name":"blrwp_trackwp14","class":"BeamNGWaypoint","persistentId":"21157847-f250-4d8b-af94-72aee448c4f4","__parent":"waypoints","position":[-1764.7771,1901.60828,280.159454],"scale":[3,3,3]}
{"name":"blrwp_trackwp15","class":"BeamNGWaypoint","persistentId":"e447cd4d-53e7-4562-b54a-0fe2d335cd66","__parent":"waypoints","position":[-2014.22498,2243.26807,267.237549],"scale":[3,3,3]}
{"name":"blrwp_trackwp16","class":"BeamNGWaypoint","persistentId":"f2f15e41-a1be-462c-827f-c07bb6419c70","__parent":"waypoints","position":[-1388.52844,2478.81616,197.43515],"scale":[3,3,3]}
{"name":"blrwp_trackwp17","class":"BeamNGWaypoint","persistentId":"473a9fa1-12e3-42ec-9078-cd33c15e95b1","__parent":"waypoints","position":[-911.234497,2487.53003,160.143097],"scale":[2.22667503,2.22667503,2.22667503]}
{"name":"blrwp_trackwp18","class":"BeamNGWaypoint","persistentId":"d819fbb5-8646-413c-97e5-643089b68136","__parent":"waypoints","position":[-119.971748,2948.8457,178.037567],"scale":[3,3,3]}
{"name":"blrwp_trackwp19","class":"BeamNGWaypoint","persistentId":"8edca130-ae8b-4995-8b9d-7885112deae0","__parent":"waypoints","position":[1179.01721,1968.1825,296.116852],"scale":[3,3,3]}
{"name":"blrwp_trackwp20","class":"BeamNGWaypoint","persistentId":"ef4ab817-8a8f-472f-8ed5-7b4c2e9c39b9","__parent":"waypoints","position":[1856.25049,2194.7417,352.61731],"scale":[2.38419533,2.38419533,2.38419533]}
{"name":"blrwp_trackwp21","class":"BeamNGWaypoint","persistentId":"026908fe-a988-48cc-89ce-4d81a22e8e93","__parent":"waypoints","position":[1683.22607,1940.01819,375.659607],"scale":[3,3,3]}
{"name":"blrwp_trackwp22","class":"BeamNGWaypoint","persistentId":"07c936fb-48ce-4306-a829-cd5d2b9eaff2","__parent":"waypoints","position":[2239.53735,2185.72168,408.357361],"scale":[3,3,3]}
{"name":"blrwp_trackwp23","class":"BeamNGWaypoint","persistentId":"53168437-4006-4abd-8f55-9c614e46f6e2","__parent":"waypoints","position":[2887.07153,1884.26733,390.552948],"scale":[3,3,3]}
{"name":"blrwp_trackwp24","class":"BeamNGWaypoint","persistentId":"8603d564-08da-49db-beb7-bc6fc9d29875","__parent":"waypoints","position":[2633.82593,1004.10284,355.100311],"scale":[3,3,3]}
{"name":"blrwp_trackwp25","class":"BeamNGWaypoint","persistentId":"278b29ee-13be-49f3-a6c5-31bb41464630","__parent":"waypoints","position":[1572.48596,415.226105,358.63858],"scale":[3,3,3]}
{"name":"blrwp_trackwp26","class":"BeamNGWaypoint","persistentId":"a23a4d44-db7e-4f9c-9afb-2da3e4753768","__parent":"waypoints","position":[1566.15161,160.514587,374.219696],"scale":[3,3,3]}
{"name":"blrwp_trackwp27","class":"BeamNGWaypoint","persistentId":"7717e272-776c-46c2-8693-84f5418332b6","__parent":"waypoints","position":[1312.27783,-298.978607,372.297791],"scale":[3,3,3]}
{"name":"blrwp_trackwp28","class":"BeamNGWaypoint","persistentId":"19064cd3-6dd2-4c4e-93db-aecf44e26aeb","__parent":"waypoints","position":[206.302368,-935.452576,389.605347],"scale":[3,3,3]}
{"name":"blrwp_aiwp1","class":"BeamNGWaypoint","persistentId":"cdc674fd-ff08-469e-8e14-a0cc0694de08","__parent":"waypoints","position":[-711.404602,-1729.81592,425.447601],"scale":[3,3,3]}
{"name":"blrwp_aiwp2","class":"BeamNGWaypoint","persistentId":"44a502b8-27f7-4fc5-a9ab-6000fd2c379a","__parent":"waypoints","position":[-864.335266,-1817.25085,437.16626],"scale":[3,3,3]}
{"name":"blrwp_aiwp3","class":"BeamNGWaypoint","persistentId":"fa70f207-e637-4956-9328-f3e3a87ad5c2","__parent":"waypoints","position":[-1035.32544,-1713.44812,446.262634],"scale":[3,3,3]}
{"name":"blrwp_aiwp4","class":"BeamNGWaypoint","persistentId":"0a1bcd4e-9e9e-420b-b461-2cd9a7640469","__parent":"waypoints","position":[-1419.71252,2530.81885,201.545593],"scale":[3,3,3]}
{"name":"blrwp_aiwp5","class":"BeamNGWaypoint","persistentId":"f25d69be-7d09-4a21-a300-de3284d3052a","__parent":"waypoints","position":[-1052.9259,-1687.47351,446.541504],"scale":[3,3,3]}
{"name":"blrwp_aiwp6","class":"BeamNGWaypoint","persistentId":"215d8843-b691-46c1-9824-fc9812d7f99b","__parent":"waypoints","position":[-954.426758,2498.22339,162.68689],"scale":[2.42512178,2.42512178,2.42512178]}
{"name":"blrwp_trackBwp1","class":"BeamNGWaypoint","persistentId":"33a1b0b1-3583-47d6-9ebf-7b2ea0173482","__parent":"waypoints","position":[-1364.73804,-2290.73877,435.174011],"rotationMatrix":[0.707658291,-0.70655477,0,0.70655477,0.707658291,0,0,0,1],"scale":[3,3,3]}
{"name":"blrwp_trackBwp2","class":"BeamNGWaypoint","persistentId":"1829a3b8-d8b0-48a9-ba8a-bb355e7d7d7d","__parent":"waypoints","position":[-1491.57019,-2415.60693,431.932648],"rotationMatrix":[0.789827585,0.613328934,0,-0.613328934,0.789827585,0,0,0,1],"scale":[3,3,3]}
{"name":"blrwp_trackBwp3","class":"BeamNGWaypoint","persistentId":"7de5ab75-cf19-426f-abae-c84159965f02","__parent":"waypoints","position":[-1532.72119,-2446.36743,430.218567],"scale":[3,3,3]}
{"name":"blrwp_trackBwp4","class":"BeamNGWaypoint","persistentId":"2ed308da-7017-49cf-8c75-2d8f1e343f68","__parent":"waypoints","position":[-1604.58679,-2418.66113,425.552216],"scale":[3,3,3]}
{"name":"blrwp_trackBwp5","class":"BeamNGWaypoint","persistentId":"e0b82bfa-2345-4053-add2-50605551da78","__parent":"waypoints","position":[-1741.94116,-2301.04443,423.687469],"scale":[3,3,3]}
{"name":"blrwp_trackBwp6","class":"BeamNGWaypoint","persistentId":"5842d61f-3687-4699-a28b-7c233364a084","__parent":"waypoints","position":[-1727.10327,-2381.28809,423.319885],"scale":[3,3,3]}
{"name":"blrwp_trackBwp7","class":"BeamNGWaypoint","persistentId":"f65e24f1-443b-4615-ae9b-6ca339167c9a","__parent":"waypoints","position":[-1702.03125,-2520.7478,425.102112],"scale":[3,3,3]}
{"name":"blrwp_trackBwp8","class":"BeamNGWaypoint","persistentId":"44a4f839-51dd-4699-8d20-ba3535f8647f","__parent":"waypoints","position":[-1778.2522,-2806.20947,420.672699],"scale":[3,3,3]}
{"name":"blrwp_trackBwp9","class":"BeamNGWaypoint","persistentId":"2a0a1c27-cf87-4930-9cec-f1a564ab5128","__parent":"waypoints","position":[-1695.75146,-2924.70728,414.246185],"scale":[3,3,3]}
{"name":"blrwp_trackBwp10","class":"BeamNGWaypoint","persistentId":"8702863b-0d0b-4663-aaff-f799e61f4e8e","__parent":"waypoints","position":[-1784.98621,-3065.1875,401.224152],"scale":[3,3,3]}
{"name":"blrwp_trackBwp11","class":"BeamNGWaypoint","persistentId":"de1fb8b8-8df9-4fe4-91b4-9455ccad8e9d","__parent":"waypoints","position":[-1989.55603,-3261.26392,386.08844],"scale":[3,3,3]}
{"name":"blrwp_trackBwp12","class":"BeamNGWaypoint","persistentId":"bd2c824e-3b1a-4e0a-bcad-41f185e62fa7","__parent":"waypoints","position":[-2027.03931,-3323.43481,384.031158],"scale":[3,3,3]}
{"name":"blrwp_trackBwp13","class":"BeamNGWaypoint","persistentId":"99e19649-713e-40d9-a07c-7839684c9321","__parent":"waypoints","position":[-1944.27417,-3135.73706,392.777008],"scale":[3,3,3]}
{"name":"blrwp_trackBwp14","class":"BeamNGWaypoint","persistentId":"dcf55386-4748-49e4-9dcd-e0c81fe009c4","__parent":"waypoints","position":[-1906.54163,-3098.13867,396.675262],"scale":[3,3,3]}
{"name":"blrwp_trackBwp15","class":"BeamNGWaypoint","persistentId":"4a7d8d33-abd0-438b-b7db-69138e648d82","__parent":"waypoints","position":[-1858.97839,-2795.39648,417.788605],"scale":[3,3,3]}
{"name":"blrwp_trackBwp16","class":"BeamNGWaypoint","persistentId":"de98e987-dec1-42a8-88be-3c4293e9d347","__parent":"waypoints","position":[-1797.9613,-2605.87476,423.261658],"scale":[3,3,3]}
{"name":"blrwp_trackBwp17","class":"BeamNGWaypoint","persistentId":"0d8237cc-4f8e-446d-98c2-8aa688e39470","__parent":"waypoints","position":[-1784.63367,-2563.48193,424.087921],"scale":[3,3,3]}
{"name":"blrwp_trackBwp18","class":"BeamNGWaypoint","persistentId":"894952bf-1424-4304-a06d-ce07d99a0162","__parent":"waypoints","position":[-1894.94446,-2452.20044,423.996948],"scale":[3,3,3]}
{"name":"blrwp_trackBwp19","class":"BeamNGWaypoint","persistentId":"ab5d70da-58f4-455d-803e-b4ba2c8942a9","__parent":"waypoints","position":[-1749.04272,-2120.28442,406.651154],"scale":[3,3,3]}
{"name":"blrwp_trackBwp20","class":"BeamNGWaypoint","persistentId":"394e3fe8-c48d-4901-b920-bb42ae047428","__parent":"waypoints","position":[-1371.89539,-1970.18542,417.75415],"scale":[3,3,3]}
{"name":"blrwp_trackBwp21","class":"BeamNGWaypoint","persistentId":"55d9885d-7fea-4606-9de4-0243f7c221f8","__parent":"waypoints","position":[-1315.8811,-1955.31787,421.657654],"scale":[3,3,3]}
{"name":"blrwp_trackBwp22","class":"BeamNGWaypoint","persistentId":"db9c7ff3-5619-4285-b9a8-1ceabd4bf831","__parent":"waypoints","position":[-1115.35254,-1843.56799,435.224731],"scale":[3,3,3]}
{"name":"blrwp_trackBwp23","class":"BeamNGWaypoint","persistentId":"39c49212-6e57-48df-bd5a-c5025ba8f3a1","__parent":"waypoints","position":[-1046.44873,-1827.79248,437.347198],"scale":[3,3,3]}
{"name":"blrwp_trackBwp24","class":"BeamNGWaypoint","persistentId":"c1cc132d-8144-4de7-b066-7005a0dab5f5","__parent":"waypoints","position":[-1286.06555,-2210.29712,436.538483],"scale":[3,3,3]}
{"name":"blrwp_trackBaiwp1","class":"BeamNGWaypoint","persistentId":"02893534-33da-4c40-979f-0ee266ed1415","__parent":"waypoints","position":[-1569.3335,-2471.19287,428.310516],"scale":[3,3,3]}
{"name":"blrwp_trackBaiwp2","class":"BeamNGWaypoint","persistentId":"6044e360-e13b-4841-910d-91ce582600e6","__parent":"waypoints","position":[-1572.33276,-2359.7561,428.924622],"scale":[3,3,3]}
{"name":"blrwp_trackBaiwp3","class":"BeamNGWaypoint","persistentId":"856f4bb2-6dcc-4506-860d-b73711d3635c","__parent":"waypoints","position":[-1592.27002,-2488.06543,426.973145],"scale":[3,3,3]}
