{"name":"Level_objects","class":"SimGroup","persistentId":"0bfc7c06-c454-4475-b00e-99c4ddadd4e0","__parent":"MissionGroup","locked":true}
{"name":"objects","class":"SimGroup","persistentId":"a3fc2590-70cf-4c99-8bec-8218dce15395","__parent":"MissionGroup","locked":true}
{"name":"tss2","class":"SimGroup","persistentId":"8ae4d484-bba5-4d50-b47b-676cc04c9bda","__parent":"MissionGroup","locked":true}
{"name":"tss3","class":"SimGroup","persistentId":"3731c65e-d93c-4e5e-a73d-6e6672ef6e5e","__parent":"MissionGroup","locked":true}
{"name":"tss4","class":"SimGroup","persistentId":"d9fc97a5-d842-4339-bf14-9a9b8a14129c","__parent":"MissionGroup","locked":true}
{"name":"tss5","class":"SimGroup","persistentId":"95b182a9-049c-494d-8e89-52711c62c9e7","__parent":"MissionGroup","locked":true}
{"name":"tss6","class":"SimGroup","persistentId":"6255c73d-fd2b-4a79-a595-8b1a3d42addd","__parent":"MissionGroup","locked":true}
{"name":"tss7","class":"SimGroup","persistentId":"d2032320-7d9a-410f-8291-4cff673e375f","__parent":"MissionGroup","locked":true}
{"name":"tss8","class":"SimGroup","persistentId":"385b81fe-d221-4460-9872-a4129bf0a3e4","__parent":"MissionGroup","locked":true}
{"name":"tss9","class":"SimGroup","persistentId":"37a7f998-2d3e-46db-8efd-e80993f25dec","__parent":"MissionGroup","locked":true}
{"name":"tssfinal","class":"SimGroup","persistentId":"688ee385-cff8-4d6c-9240-0cbe80f76763","__parent":"MissionGroup","locked":true}
{"name":"SoccarStuff","class":"SimGroup","persistentId":"7f28417f-a114-40aa-a788-049d6124a9a8","__parent":"MissionGroup"}
{"name":"Roads","class":"SimGroup","persistentId":"3ae60032-b2a2-4726-bf79-df4263094724","__parent":"MissionGroup","locked":true}
{"name":"Roadssec","class":"SimGroup","persistentId":"375facf1-9bce-4265-94d9-c0ce3f14de6b","__parent":"MissionGroup"}
{"name":"Edges","class":"SimGroup","persistentId":"b8ce3445-9c48-44af-acea-97f65f734a3a","__parent":"MissionGroup","locked":true}
{"name":"secedges","class":"SimGroup","persistentId":"812dfc91-306f-4bd2-bc0b-6c27ccc8ab71","__parent":"MissionGroup","locked":true}
{"name":"thiredge","class":"SimGroup","persistentId":"0165b18a-cb67-40cf-83d7-64ecb20d0241","__parent":"MissionGroup","locked":true}
{"name":"airrace","class":"SimGroup","persistentId":"817c4fe9-a0d1-49a0-9155-96fc01f7ed2c","__parent":"MissionGroup","locked":true}
{"name":"airstripfence","class":"SimGroup","persistentId":"77123d37-61a6-4c05-a779-baaf9cf9369e","__parent":"MissionGroup","locked":true}
{"name":"DynamicLights","class":"SimGroup","persistentId":"8ffcd36e-6a49-40eb-a1b3-75602f7cedab","__parent":"MissionGroup","locked":true}
{"name":"Barriers","class":"SimGroup","persistentId":"a39fafb8-e029-4eac-823a-bfd72fc8c4c0","__parent":"MissionGroup","locked":true}
{"name":"meshroads","class":"SimGroup","persistentId":"a63cc628-8d8a-4d44-a514-fe9d323e9b4b","__parent":"MissionGroup","locked":true}
{"name":"navigs","class":"SimGroup","persistentId":"c36d8b28-4822-47e4-82ea-345c0e9dad03","__parent":"MissionGroup"}
{"name":"tunnelmesh","class":"SimGroup","persistentId":"18385544-ed65-4390-85b0-0b3f97066eb8","__parent":"MissionGroup"}
{"name":"tunnels","class":"SimGroup","persistentId":"cab98482-5ae2-435a-a5cd-4a5639827a07","__parent":"MissionGroup","locked":true}
{"name":"Drag_Stuff","class":"SimGroup","persistentId":"d5715eb6-48cb-48fd-a3b3-ea216d472954","__parent":"MissionGroup","locked":true}
{"name":"PlayerDropPoints","class":"SimGroup","persistentId":"c39cddbe-e87d-4b02-b6e7-e39122591a10","__parent":"MissionGroup","enabled":"1","locked":true}
{"name":"secroads","class":"SimGroup","persistentId":"6699740f-311d-4f09-a1cd-957e8bf88c3a","__parent":"MissionGroup"}
{"name":"invroads","class":"SimGroup","persistentId":"9ae60885-4e9f-4f28-bde5-567458ca4539","__parent":"MissionGroup"}
{"name":"megarampmesh","class":"SimGroup","persistentId":"5bae9372-46a9-46ef-b515-9ed467de8910","__parent":"MissionGroup","locked":true}
{"name":"lights","mapTo":"lights","class":"SimGroup","persistentId":"7543df28-c706-49fa-9a80-5a173496ed01","__parent":"MissionGroup","translucentBlendOp":"None"}
{"name":"teleporterz","class":"SimGroup","persistentId":"71a66532-d81b-4253-b9c0-b08ce6a5c6df","__parent":"MissionGroup"}
{"name":"BeamLR","class":"SimGroup","__parent":"MissionGroup"}
