{"class":"TSStatic","persistentId":"0a967d17-6b5f-406c-995c-d8d3d49ef5dc","__parent":"signs","position":[672.024292,-199.360153,56.2945442],"isRenderEnabled":false,"rotationMatrix":[0.662137747,0.749382079,0,-0.749382079,0.662137747,0,0,0,1],"shapeName":"/levels/east_coast_usa/art/shapes/buildings/eca_comsign_cafe.dae"}
{"class":"TSStatic","persistentId":"0bca4a44-7cce-44f3-9ab6-86724a23ad3e","__parent":"signs","position":[732.430603,-257.551758,58.6646919],"isRenderEnabled":false,"rotationMatrix":[0.693182707,0.720761478,0,-0.720761478,0.693182707,0,0,0,1],"shapeName":"/levels/east_coast_usa/art/shapes/buildings/eca_comsign_mountingbracket_long.dae"}
{"class":"TSStatic","persistentId":"0fbbc32d-e754-40fe-a290-79ed4690025f","__parent":"signs","position":[698.095947,-145.429321,55.0214577],"isRenderEnabled":false,"rotationMatrix":[-0.659883559,-0.751367629,0,0.751367629,-0.659883559,0,0,0,1],"shapeName":"/levels/east_coast_usa/art/shapes/buildings/eca_comsign_seamless.dae"}
{"class":"TSStatic","persistentId":"1565cf03-ae5e-46ce-9b69-48d4e889c6d3","__parent":"signs","position":[697.749634,-145.837708,55.3814735],"isRenderEnabled":false,"rotationMatrix":[0.661689341,0.749778032,0,-0.749778032,0.661689341,0,0,0,1],"shapeName":"/levels/east_coast_usa/art/shapes/buildings/eca_comsign_mountingbracket_long.dae"}
{"class":"TSStatic","persistentId":"16505dc4-c009-466d-af65-f3030ddb8227","__parent":"signs","position":[706.919373,-231.920303,55.7286797],"isRenderEnabled":false,"rotationMatrix":[-0.659883559,-0.751367629,0,0.751367629,-0.659883559,0,0,0,1],"shapeName":"/levels/east_coast_usa/art/shapes/buildings/eca_comsign_seamless.dae"}
{"class":"TSStatic","persistentId":"19422016-74ce-4c57-8377-b6a278977877","__parent":"signs","position":[644.146667,-173.757034,56.1058502],"isRenderEnabled":false,"rotationMatrix":[-0.699269176,-0.714857697,0,0.714857697,-0.699269176,0,0,0,1],"shapeName":"/levels/east_coast_usa/art/shapes/buildings/eca_comsign_artisans.dae"}
{"class":"TSStatic","persistentId":"2397d56f-5640-40d4-bade-c324362d9f64","__parent":"signs","position":[707.334717,-154.790878,56.2577057],"isRenderEnabled":false,"rotationMatrix":[0.661689341,0.749778032,0,-0.749778032,0.661689341,0,0,0,1],"shapeName":"/levels/east_coast_usa/art/shapes/buildings/eca_comsign_mountingbracket_long.dae"}
{"class":"TSStatic","persistentId":"39265b1a-1646-4800-9e5f-c1623b6ff511","__parent":"signs","position":[707.691956,-154.40387,55.8800774],"isRenderEnabled":false,"rotationMatrix":[0.662137747,0.749382079,0,-0.749382079,0.662137747,0,0,0,1],"shapeName":"/levels/east_coast_usa/art/shapes/buildings/eca_comsign_cafe.dae"}
{"class":"TSStatic","persistentId":"3996b400-8fe4-4f95-b83b-49e1d8505465","__parent":"signs","position":[643.951538,-173.974915,56.892952],"isRenderEnabled":false,"rotationMatrix":[0.696966946,0.717104077,0,-0.717104077,0.696966946,0,0,0,1],"shapeName":"/levels/east_coast_usa/art/shapes/buildings/eca_comsign_mountingbracket.dae"}
{"class":"TSStatic","persistentId":"45a55c48-7512-4348-9ee6-b6988f9ba797","__parent":"signs","position":[706.573059,-232.328705,56.0886955],"isRenderEnabled":false,"rotationMatrix":[0.661689341,0.749778032,0,-0.749778032,0.661689341,0,0,0,1],"shapeName":"/levels/east_coast_usa/art/shapes/buildings/eca_comsign_mountingbracket_long.dae"}
{"class":"TSStatic","persistentId":"6f7d5a36-7d78-442f-9cbc-6deae2cc3588","__parent":"signs","position":[671.667053,-199.747162,56.6721725],"isRenderEnabled":false,"rotationMatrix":[0.661689341,0.749778032,0,-0.749778032,0.661689341,0,0,0,1],"shapeName":"/levels/east_coast_usa/art/shapes/buildings/eca_comsign_mountingbracket_long.dae"}
{"class":"TSStatic","persistentId":"77c8edbd-0595-45a5-931d-5474b1fd67aa","__parent":"signs","position":[648.085327,-177.096466,56.1689682],"isRenderEnabled":false,"rotationMatrix":[-0.668357134,-0.743840754,0,0.743840754,-0.668357134,0,0,0,1],"shapeName":"/levels/east_coast_usa/art/shapes/buildings/eca_comsign_fishing.dae"}
{"class":"TSStatic","persistentId":"78ff8240-ac67-4a66-9899-ce2fc5fdcd08","__parent":"signs","position":[750.00885,-250.818573,56.3215637],"isRenderEnabled":false,"rotationMatrix":[-0.814423144,-0.580271423,0,0.580271423,-0.814423144,0,0,0,1],"shapeName":"/levels/east_coast_usa/art/shapes/buildings/eca_comsign_artisans.dae"}
{"class":"TSStatic","persistentId":"8833d69a-62ad-49db-b172-307de779405f","__parent":"signs","position":[739.614929,-211.041656,55.6059914],"isRenderEnabled":false,"rotationMatrix":[0.996678114,0.0814426616,0,-0.0814426616,0.996678114,0,0,0,1],"shapeName":"/levels/east_coast_usa/art/shapes/buildings/eca_comsign_seamless.dae"}
{"class":"TSStatic","persistentId":"88b57f0a-3359-4235-9d08-1c75fb31647f","__parent":"signs","position":[739.876526,-223.921478,55.9808693],"isRenderEnabled":false,"shapeName":"/levels/east_coast_usa/art/shapes/buildings/eca_comsign_bakery.dae"}
{"class":"TSStatic","persistentId":"8fe03622-c40f-4e3b-bdab-7186402c56c0","__parent":"signs","position":[750.245117,-250.662231,56.9843559],"isRenderEnabled":false,"rotationMatrix":[-0.814264715,-0.580493748,0,0.580493748,-0.814264715,0,0,0,1],"shapeName":"/levels/east_coast_usa/art/shapes/buildings/eca_comsign_mountingbracket.dae"}
{"class":"TSStatic","persistentId":"a1ee57fa-cf06-4cb9-b01e-dee4c847616d","__parent":"signs","position":[723.773438,-247.765472,55.8427238],"isRenderEnabled":false,"rotationMatrix":[0.662137747,0.749382079,0,-0.749382079,0.662137747,0,0,0,1],"shapeName":"/levels/east_coast_usa/art/shapes/buildings/eca_comsign_cafe.dae"}
{"class":"TSStatic","persistentId":"b1ab4778-8221-4c88-baaa-232821071dba","__parent":"signs","position":[733.246277,-258.324982,55.5788422],"isRenderEnabled":false,"rotationMatrix":[0.693182707,0.720761478,0,-0.720761478,0.693182707,0,0,0,1],"shapeName":"/levels/east_coast_usa/art/shapes/buildings/eca_comsign_mountingbracket_long.dae"}
{"class":"TSStatic","persistentId":"c636ff45-0cbe-486a-968c-d9f3a79d6ced","__parent":"signs","position":[740.147644,-210.988754,55.9660072],"isRenderEnabled":false,"rotationMatrix":[-0.996871173,-0.0790445209,0,0.0790445209,-0.996871173,0,0,0,1],"shapeName":"/levels/east_coast_usa/art/shapes/buildings/eca_comsign_mountingbracket_long.dae"}
{"class":"TSStatic","persistentId":"c707cdff-0bdb-4f87-b4be-177c07d6a833","__parent":"signs","position":[732.818481,-257.165924,58.4019089],"isRenderEnabled":false,"rotationMatrix":[0.696712136,0.717350245,0,-0.717350245,0.696712136,0,0,0,1],"shapeName":"/levels/east_coast_usa/art/shapes/buildings/eca_comsign_print.dae"}
{"class":"TSStatic","persistentId":"e25da2ce-5937-42f8-8a37-0aa7f128f995","__parent":"signs","position":[723.416199,-248.152481,56.2203522],"isRenderEnabled":false,"rotationMatrix":[0.661689341,0.749778032,0,-0.749778032,0.661689341,0,0,0,1],"shapeName":"/levels/east_coast_usa/art/shapes/buildings/eca_comsign_mountingbracket_long.dae"}
{"class":"TSStatic","persistentId":"e8d9d1dc-f262-49dc-b194-c9e7ba5dbee7","__parent":"signs","position":[647.750427,-177.477829,56.6221275],"isRenderEnabled":false,"rotationMatrix":[0.673012495,0.739631116,0,-0.739631116,0.673012495,0,0,0,1],"shapeName":"/levels/east_coast_usa/art/shapes/buildings/eca_comsign_mountingbracket_long.dae"}
{"class":"TSStatic","persistentId":"fef624cb-5332-4e84-8f95-4330bd78a0e1","__parent":"signs","position":[733.634155,-257.939148,55.3160591],"isRenderEnabled":false,"rotationMatrix":[0.696712136,0.717350245,0,-0.717350245,0.696712136,0,0,0,1],"shapeName":"/levels/east_coast_usa/art/shapes/buildings/eca_comsign_print.dae"}
