{"class":"TSStatic","persistentId":"0a9054f8-e7f0-4b82-b23a-ee732cd59e1c","__parent":"House_g","position":[-101.231834,-814.187317,14.2908001],"isRenderEnabled":false,"rotationMatrix":[-0.812349916,-0.583170295,0,0.583170295,-0.812349916,0,0,0,1],"shapeName":"/levels/east_coast_usa/art/shapes/buildings/eca_bld_fence_b.DAE"}
{"class":"TSStatic","persistentId":"0f85c597-7061-4116-bbe3-78985e13f8e3","__parent":"House_g","position":[-95.1553802,-825.843628,14.483943],"annotation":"OBSTACLES","isRenderEnabled":false,"rotationMatrix":[0.995100975,0.0988640487,0,-0.0988640487,0.995100975,0,0,0,1],"shapeName":"/levels/east_coast_usa/art/shapes/buildings/eca_bld_wood_fence_a.DAE"}
{"class":"TSStatic","persistentId":"16ae8807-d38b-4eef-bacd-561d99c8fd92","__parent":"House_g","position":[-99.2413406,-813.989624,14.2908001],"isRenderEnabled":false,"rotationMatrix":[-0.995100915,-0.0988646299,0,0.0988646299,-0.995100915,0,0,0,1],"shapeName":"/levels/east_coast_usa/art/shapes/buildings/eca_bld_fence_a.DAE"}
{"class":"TSStatic","persistentId":"1e828c88-d91c-4850-a35c-dd3e007b046f","__parent":"House_g","position":[-93.1688919,-825.646118,14.4977961],"annotation":"OBSTACLES","isRenderEnabled":false,"rotationMatrix":[0.995100975,0.0988640487,0,-0.0988640487,0.995100975,0,0,0,1],"shapeName":"/levels/east_coast_usa/art/shapes/buildings/eca_bld_wood_fence_a.DAE"}
{"class":"TSStatic","persistentId":"321cba85-a8f0-468a-9328-eaac40cb7575","__parent":"House_g","position":[-97.1438141,-826.04126,14.4889126],"annotation":"OBSTACLES","isRenderEnabled":false,"rotationMatrix":[0.995100975,0.0988640487,0,-0.0988640487,0.995100975,0,0,0,1],"shapeName":"/levels/east_coast_usa/art/shapes/buildings/eca_bld_wood_fence_a.DAE"}
{"class":"TSStatic","persistentId":"32ceaaae-5a05-4fb1-89f4-38bb360d4bfe","__parent":"House_g","position":[-99.1246567,-826.237671,14.4868698],"annotation":"OBSTACLES","isRenderEnabled":false,"rotationMatrix":[0.995100975,0.0988640487,0,-0.0988640487,0.995100975,0,0,0,1],"shapeName":"/levels/east_coast_usa/art/shapes/buildings/eca_bld_wood_fence_a.DAE"}
{"class":"TSStatic","persistentId":"3885f931-c779-4586-aaef-cf730511c1c3","__parent":"House_g","position":[-288.396759,-898.189514,11.4477882],"annotation":"OBSTACLES","isRenderEnabled":false,"rotationMatrix":[0.926869869,0.375383228,0,-0.375383228,0.926869869,0,0,0,1],"shapeName":"/levels/east_coast_usa/art/shapes/buildings/eca_bld_wood_fence_a.DAE"}
{"class":"TSStatic","persistentId":"5979e2ca-99de-4a8e-81da-644dbdeda2e1","__parent":"House_g","position":[-97.2499542,-818.864075,14.7366333],"annotation":"BUILDINGS","isRenderEnabled":false,"rotationMatrix":[-0.995100915,-0.0988646299,0,0.0988646299,-0.995100915,0,0,0,1],"shapeName":"/levels/east_coast_usa/art/shapes/buildings/eca_bld_fv_house_g.DAE"}
{"class":"TSStatic","persistentId":"797b4216-7946-49b7-968d-45fa12a3ef4b","__parent":"House_g","position":[-105.15477,-822.033203,14.2908001],"isRenderEnabled":false,"rotationMatrix":[0.994539559,0.104360066,0,-0.104360066,0.994539559,0,0,0,1],"shapeName":"/levels/east_coast_usa/art/shapes/buildings/eca_bld_fence_a.DAE"}
{"class":"TSStatic","persistentId":"814ca29c-ef71-4bee-a168-693c111374d5","__parent":"House_g","position":[-91.1805344,-825.448608,14.5117092],"annotation":"OBSTACLES","isRenderEnabled":false,"rotationMatrix":[-0.0988642126,0.995100796,0,-0.995100796,-0.0988642126,0,0,0,1],"shapeName":"/levels/east_coast_usa/art/shapes/buildings/eca_bld_wood_fence_a.DAE"}
{"class":"TSStatic","persistentId":"9389dc4d-2e0a-413b-81f0-c8750d78b861","__parent":"House_g","position":[-282.861877,-895.936462,11.4460735],"annotation":"OBSTACLES","isRenderEnabled":false,"rotationMatrix":[-0.920827985,-0.389968872,0,0.389968872,-0.920827985,0,0,0,1],"shapeName":"/levels/east_coast_usa/art/shapes/buildings/eca_bld_wood_fence_end.DAE"}
{"class":"TSStatic","persistentId":"a733ee31-c605-4319-80a2-06c4c74f3659","__parent":"House_g","position":[-104.484215,-816.511169,14.2908001],"isRenderEnabled":false,"rotationMatrix":[-0.633734822,-0.773550391,0,0.773550391,-0.633734882,0,0,0,1],"shapeName":"/levels/east_coast_usa/art/shapes/buildings/eca_bld_fence_a.DAE"}
{"class":"TSStatic","persistentId":"bba442ec-77d6-4e0a-8594-fcf509fbfecc","__parent":"House_g","position":[-91.3830872,-823.465515,14.5407896],"annotation":"OBSTACLES","isRenderEnabled":false,"rotationMatrix":[-0.995100915,-0.0988646299,0,0.0988646299,-0.995100915,0,0,0,1],"shapeName":"/levels/east_coast_usa/art/shapes/buildings/eca_bld_wood_fence_end.DAE"}
{"class":"TSStatic","persistentId":"c90ab799-1fbc-4eea-853e-c302e88db926","__parent":"House_g","position":[-103.148232,-821.830078,14.2908001],"isRenderEnabled":false,"rotationMatrix":[-0.995100915,-0.0988646299,0,0.0988646299,-0.995100915,0,0,0,1],"shapeName":"/levels/east_coast_usa/art/shapes/buildings/eca_bld_fence_end.DAE"}
{"class":"TSStatic","persistentId":"d12bc1b4-dda4-4807-aae5-17217381d975","__parent":"House_g","position":[-286.550079,-897.44165,11.4477882],"annotation":"OBSTACLES","isRenderEnabled":false,"rotationMatrix":[0.926869869,0.375383228,0,-0.375383228,0.926869869,0,0,0,1],"shapeName":"/levels/east_coast_usa/art/shapes/buildings/eca_bld_wood_fence_a.DAE"}
{"class":"TSStatic","persistentId":"dbb02686-a761-484d-bfb0-b50b42a24372","__parent":"House_g","position":[-284.702759,-896.693481,11.4477882],"annotation":"OBSTACLES","isRenderEnabled":false,"rotationMatrix":[0.926869869,0.375383228,0,-0.375383228,0.926869869,0,0,0,1],"shapeName":"/levels/east_coast_usa/art/shapes/buildings/eca_bld_wood_fence_a.DAE"}
{"class":"TSStatic","persistentId":"e46939e6-953d-438b-8a4c-43f77f974251","__parent":"House_g","position":[-99.3214798,-824.258728,14.484477],"annotation":"OBSTACLES","isRenderEnabled":false,"rotationMatrix":[0.0988646299,-0.995100915,0,0.995100915,0.0988646299,0,0,0,1],"shapeName":"/levels/east_coast_usa/art/shapes/buildings/eca_bld_wood_fence_a.DAE"}
{"class":"TSStatic","persistentId":"f8e6fe71-baf3-4e2a-b0ea-2c8b4aad7e59","__parent":"House_g","position":[-105.760284,-818.074585,14.2908001],"isRenderEnabled":false,"rotationMatrix":[0.150636077,-0.988589287,0,0.988589287,0.150636062,0,0,0,1],"shapeName":"/levels/east_coast_usa/art/shapes/buildings/eca_bld_fence_b.DAE"}
