{"name":"sunsky","class":"ScatterSky","persistentId":"25209345-9b9c-4a93-acda-789aec4adc2e","__parent":"Sky","position":[70.3971024,4.53920984,73.9923019],"ambientScale":[1,0.894117653,0.78039217,1],"ambientScaleGradientFile":"art/sky_gradients/default/gradient_ambient.png","azimuth":180.157623,"colorize":[0.215686277,0.349019617,0.603921592,1],"colorizeGradientFile":"art/sky_gradients/default/gradient_colorize.png","elevation":69.9999161,"enableFogFallBack":false,"fadeStartDistance":1000,"flareScale":5,"flareType":"BNG_Sunflare_3","fogScale":[0.396078438,0.666666687,1,1],"fogScaleGradientFile":"art/sky_gradients/default/gradient_fog.png","lastSplitTerrainOnly":true,"logWeight":0.995999992,"mieScattering":0.000779999129,"moonLightColor":[0.0980392024,0.0980392024,0.0980392024,1],"moonMat":"Moon_Glow_Mat","moonScale":0.0299999993,"nightColor":[1,0.894117653,0.78039217,1],"nightCubemap":"nightCubemap","nightFogColor":[0.396078438,0.666666687,1,1],"nightFogGradientFile":"art/sky_gradients/default/gradient_fog.png","nightGradientFile":"art/sky_gradients/default/gradient_ambient.png","occlusionScale":0.0250000004,"overDarkFactor":[40000,8000,5000,650],"shadowDarkenColor":[0,0,0,0],"shadowDistance":1600,"shadowSoftness":0.200000003,"skyBrightness":40,"sunScale":[0.996078432,0.90196079,0.831372559,1],"sunScaleGradientFile":"art/sky_gradients/default/gradient_sunscale.png","texSize":1024,"useNightCubemap":true}
