{"name":"Grass_Detailed_High_01","class":"SFXEmitter","persistentId":"ced68d14-1410-4f6f-be6d-6f037b9e4211","__parent":"Wind","position":[-668.052063,-830.223511,100.501915],"fadeInTime":0,"fadeOutTime":0,"isLooping":false,"locked":true,"maxDistance":200,"rangeSphereColor":[0.0352941006,0,1,0.300000012],"referenceDistance":50,"rotationMatrix":[1,0,0,0,0.999999762,-0.000690533896,0,0.000690533896,0.999999762],"scale":[200,200,200]}
{"name":"Grass_Detailed_High_02","class":"SFXEmitter","persistentId":"6519bd66-f08a-4d41-ab18-6c2f8d4b179c","__parent":"Wind","position":[-420.56601,-846.755737,119.586716],"fadeInTime":0,"fadeOutTime":0,"isLooping":false,"locked":true,"maxDistance":200,"rangeSphereColor":[0.0352941006,0,1,0.300000012],"referenceDistance":50,"rotationMatrix":[1,0,0,0,0.999999762,-0.000690533896,0,0.000690533896,0.999999762],"scale":[200,200,200]}
{"name":"Grass_Detailed_High_03","class":"SFXEmitter","persistentId":"97d22e9d-b864-4962-ae05-fa3489e4a43d","__parent":"Wind","position":[-160.059662,-825.123047,124.242233],"fadeInTime":0,"fadeOutTime":0,"isLooping":false,"locked":true,"maxDistance":200,"rangeSphereColor":[0.0352941006,0,1,0.300000012],"referenceDistance":50,"rotationMatrix":[1,0,0,0,0.999999762,-0.000690533896,0,0.000690533896,0.999999762],"scale":[200,200,200]}
{"name":"Grass_Detailed_High_04","class":"SFXEmitter","persistentId":"dc06afb0-a772-4567-b1ec-7a670a964fa3","__parent":"Wind","position":[-442.864471,-636.162048,118.442116],"fadeInTime":0,"fadeOutTime":0,"isLooping":false,"locked":true,"maxDistance":200,"rangeSphereColor":[0.0352941006,0,1,0.300000012],"referenceDistance":50,"rotationMatrix":[1,0,0,0,0.999999762,-0.000690533896,0,0.000690533896,0.999999762],"scale":[200,200,200]}
{"name":"Grass_Detailed_High_05","class":"SFXEmitter","persistentId":"0ad54b7c-f04c-4d89-98c9-ca8608c6cdd4","__parent":"Wind","position":[114.888,-837.051636,116.376869],"fadeInTime":0,"fadeOutTime":0,"isLooping":false,"locked":true,"maxDistance":200,"rangeSphereColor":[0.0352941006,0,1,0.300000012],"referenceDistance":50,"rotationMatrix":[1,0,0,0,0.999999762,-0.000690533896,0,0.000690533896,0.999999762],"scale":[200,200,200]}
{"name":"Grass_Detailed_High_06","class":"SFXEmitter","persistentId":"438bd5d1-6277-4864-97af-ec1b57e20431","__parent":"Wind","position":[349.011841,-781.29541,134.227081],"fadeInTime":0,"fadeOutTime":0,"isLooping":false,"locked":true,"maxDistance":200,"rangeSphereColor":[0.0352941006,0,1,0.300000012],"referenceDistance":50,"rotationMatrix":[1,0,0,0,0.999999762,-0.000690533896,0,0.000690533896,0.999999762],"scale":[200,200,200]}
{"name":"Grass_Detailed_High_07","class":"SFXEmitter","persistentId":"4b5361e9-51d6-4be4-847e-19e9699bad73","__parent":"Wind","position":[590.263489,-734.612061,125.777603],"fadeInTime":0,"fadeOutTime":0,"isLooping":false,"locked":true,"maxDistance":200,"rangeSphereColor":[0.0352941006,0,1,0.300000012],"referenceDistance":50,"rotationMatrix":[1,0,0,0,0.999999762,-0.000690533896,0,0.000690533896,0.999999762],"scale":[200,200,200]}
{"name":"Grass_Detailed_High_08","class":"SFXEmitter","persistentId":"91296ec2-0d6b-4ef6-8048-0162bff85e47","__parent":"Wind","position":[699.108704,-545.152344,123.282455],"fadeInTime":0,"fadeOutTime":0,"isLooping":false,"locked":true,"maxDistance":200,"rangeSphereColor":[0.0352941006,0,1,0.300000012],"referenceDistance":50,"rotationMatrix":[1,0,0,0,0.999999762,-0.000690533896,0,0.000690533896,0.999999762],"scale":[200,200,200]}
{"name":"Grass_Detailed_High_09","class":"SFXEmitter","persistentId":"828b8c69-9970-476c-bf6e-3caf54cb3195","__parent":"Wind","position":[786.966064,-281.517273,154.480042],"fadeInTime":0,"fadeOutTime":0,"isLooping":false,"locked":true,"maxDistance":200,"rangeSphereColor":[0.0352941006,0,1,0.300000012],"referenceDistance":50,"rotationMatrix":[1,0,0,0,0.999999762,-0.000690533896,0,0.000690533896,0.999999762],"scale":[200,200,200]}
{"name":"Grass_Detailed_High_10","class":"SFXEmitter","persistentId":"40a4f505-2f76-45bf-b2c4-c84334fe7ad1","__parent":"Wind","position":[487.876221,-457.851013,132.510773],"fadeInTime":0,"fadeOutTime":0,"isLooping":false,"locked":true,"maxDistance":200,"rangeSphereColor":[0.0352941006,0,1,0.300000012],"referenceDistance":50,"rotationMatrix":[1,0,0,0,0.999999762,-0.000690533896,0,0.000690533896,0.999999762],"scale":[200,200,200]}
{"name":"Grass_Detailed_High_11","class":"SFXEmitter","persistentId":"4a5a6834-0493-4311-9d81-352f7b59090f","__parent":"Wind","position":[546.465881,-123.259041,126.895447],"fadeInTime":0,"fadeOutTime":0,"isLooping":false,"locked":true,"maxDistance":200,"rangeSphereColor":[0.0352941006,0,1,0.300000012],"referenceDistance":50,"rotationMatrix":[1,0,0,0,0.999999762,-0.000690533896,0,0.000690533896,0.999999762],"scale":[200,200,200]}
{"name":"Grass_Detailed_High_12","class":"SFXEmitter","persistentId":"985630ed-5ce6-45cd-94c2-fc8fdef802c1","__parent":"Wind","position":[866.718872,-18.9099789,143.836807],"fadeInTime":0,"fadeOutTime":0,"isLooping":false,"locked":true,"maxDistance":200,"rangeSphereColor":[0.0352941006,0,1,0.300000012],"referenceDistance":50,"rotationMatrix":[1,0,0,0,0.999999762,-0.000690533896,0,0.000690533896,0.999999762],"scale":[200,200,200]}
{"name":"Grass_Detailed_High_14","class":"SFXEmitter","persistentId":"a5ef8557-d335-48f5-8750-0528be371a4f","__parent":"Wind","position":[639.437256,191.187363,128.729172],"fadeInTime":0,"fadeOutTime":0,"isLooping":false,"locked":true,"maxDistance":200,"rangeSphereColor":[0.0352941006,0,1,0.300000012],"referenceDistance":50,"rotationMatrix":[1,0,0,0,0.999999762,-0.000690533896,0,0.000690533896,0.999999762],"scale":[200,200,200]}
{"name":"Grass_Roaring_01","class":"SFXEmitter","persistentId":"345509b2-d11d-4296-b31d-4185b6635aed","__parent":"Wind","position":[-886.626465,-192.322235,297.095215],"fadeInTime":0,"fadeOutTime":0,"isLooping":false,"locked":true,"maxDistance":200,"rangeSphereColor":[0,1,0.686275005,0.300000012],"referenceDistance":50,"rotationMatrix":[1,0,0,0,0.999999762,-0.000690533896,0,0.000690533896,0.999999762],"scale":[200,200,200]}
{"name":"Grass_Roaring_02","class":"SFXEmitter","persistentId":"ead61a3b-6756-4a23-9fae-735c1677cedf","__parent":"Wind","position":[-696.786255,32.2961426,287.751831],"fadeInTime":0,"fadeOutTime":0,"isLooping":false,"locked":true,"maxDistance":200,"rangeSphereColor":[0,1,0.686275005,0.300000012],"referenceDistance":50,"rotationMatrix":[1,0,0,0,0.999999762,-0.000690533896,0,0.000690533896,0.999999762],"scale":[200,200,200]}
{"name":"Grass_Roaring_03","class":"SFXEmitter","persistentId":"0f51e61d-6fbc-4eef-9cad-81e4f2bc34f0","__parent":"Wind","position":[-629.485962,372.543762,291.737152],"fadeInTime":0,"fadeOutTime":0,"isLooping":false,"locked":true,"maxDistance":200,"rangeSphereColor":[0,1,0.686275005,0.300000012],"referenceDistance":50,"rotationMatrix":[1,0,0,0,0.999999762,-0.000690533896,0,0.000690533896,0.999999762],"scale":[200,200,200]}
{"name":"Grass_Roaring_04","class":"SFXEmitter","persistentId":"1a95c51d-20d7-490f-870a-462e613d2115","__parent":"Wind","position":[-510.678375,301.664093,284.541443],"fadeInTime":0,"fadeOutTime":0,"isLooping":false,"locked":true,"maxDistance":200,"rangeSphereColor":[0,1,0.686275005,0.300000012],"referenceDistance":50,"rotationMatrix":[1,0,0,0,0.999999762,-0.000690533896,0,0.000690533896,0.999999762],"scale":[200,200,200]}
{"name":"Grass_Roaring_05","class":"SFXEmitter","persistentId":"6005f973-a18f-4921-8a3b-6cb57576d703","__parent":"Wind","position":[-235.414246,359.502045,300.796631],"fadeInTime":0,"fadeOutTime":0,"isLooping":false,"locked":true,"maxDistance":200,"rangeSphereColor":[0,1,0.686275005,0.300000012],"referenceDistance":50,"rotationMatrix":[1,0,0,0,0.999999762,-0.000690533896,0,0.000690533896,0.999999762],"scale":[200,200,200]}
{"name":"Grass_Roaring_06","class":"SFXEmitter","persistentId":"2ce182ec-3282-464f-9301-7f208b3368ed","__parent":"Wind","position":[914.026062,294.526428,224.698486],"fadeInTime":0,"fadeOutTime":0,"isLooping":false,"locked":true,"maxDistance":200,"rangeSphereColor":[0,1,0.686275005,0.300000012],"referenceDistance":50,"rotationMatrix":[1,0,0,0,0.999999762,-0.000690533896,0,0.000690533896,0.999999762],"scale":[200,200,200]}
{"name":"Grass_Roaring_07","class":"SFXEmitter","persistentId":"e9a5ad93-73b5-4376-b07d-c25e923e8137","__parent":"Wind","position":[960.166748,539.886108,202.917343],"fadeInTime":0,"fadeOutTime":0,"isLooping":false,"locked":true,"maxDistance":200,"rangeSphereColor":[0,1,0.686275005,0.300000012],"referenceDistance":50,"rotationMatrix":[1,0,0,0,0.999999762,-0.000690533896,0,0.000690533896,0.999999762],"scale":[200,200,200]}
{"name":"Grass_Roaring_08","class":"SFXEmitter","persistentId":"522dfa33-6df2-4cf2-8171-3e14d541f647","__parent":"Wind","position":[898.85614,842.594788,223.385132],"fadeInTime":0,"fadeOutTime":0,"isLooping":false,"locked":true,"maxDistance":200,"rangeSphereColor":[0,1,0.686275005,0.300000012],"referenceDistance":50,"rotationMatrix":[1,0,0,0,0.999999762,-0.000690533896,0,0.000690533896,0.999999762],"scale":[200,200,200]}
{"name":"Grass_Roaring_09","class":"SFXEmitter","persistentId":"18d719c6-6af3-4933-a16a-9082d9c31bea","__parent":"Wind","position":[678.14679,1014.24884,227.542892],"fadeInTime":0,"fadeOutTime":0,"isLooping":false,"locked":true,"maxDistance":200,"rangeSphereColor":[0,1,0.686275005,0.300000012],"referenceDistance":50,"rotationMatrix":[1,0,0,0,0.999999762,-0.000690533896,0,0.000690533896,0.999999762],"scale":[200,200,200]}
{"name":"Grass_Roaring_10","class":"SFXEmitter","persistentId":"4dca9b96-eefe-48f4-98b3-e6c15865c86c","__parent":"Wind","position":[349.829102,993.4729,281.089417],"fadeInTime":0,"fadeOutTime":0,"isLooping":false,"locked":true,"maxDistance":200,"rangeSphereColor":[0,1,0.686275005,0.300000012],"referenceDistance":50,"rotationMatrix":[1,0,0,0,0.999999762,-0.000690533896,0,0.000690533896,0.999999762],"scale":[200,200,200]}
{"name":"Grass_Roaring_11","class":"SFXEmitter","persistentId":"aaffdd48-d754-42f3-b8d2-e5e6818c90a8","__parent":"Wind","position":[100.563629,844.825012,254.64064],"fadeInTime":0,"fadeOutTime":0,"isLooping":false,"locked":true,"maxDistance":200,"rangeSphereColor":[0,1,0.686275005,0.300000012],"referenceDistance":50,"rotationMatrix":[1,0,0,0,0.999999762,-0.000690533896,0,0.000690533896,0.999999762],"scale":[200,200,200]}
{"name":"Grass_Roaring_12","class":"SFXEmitter","persistentId":"5f71a124-3036-469b-a898-e98b6da32deb","__parent":"Wind","position":[-173.157196,929.71405,270.036133],"fadeInTime":0,"fadeOutTime":0,"isLooping":false,"locked":true,"maxDistance":200,"rangeSphereColor":[0,1,0.686275005,0.300000012],"referenceDistance":50,"rotationMatrix":[1,0,0,0,0.999999762,-0.000690533896,0,0.000690533896,0.999999762],"scale":[200,200,200]}
