{"name":"BeamLRTrigger_JumpTarget","class":"BeamNGTrigger","persistentId":"c459bd78-98a1-4661-b261-333bd31cbdd9","__parent":"Triggers","position":[484.014648,226.952988,175.78537],"luaFunction":"onBeamNGTrigger","rotationMatrix":[0.932620823,0.360857844,-3.7252903e-09,-0.357329905,0.923502982,0.13949053,0.0503362678,-0.130091771,0.990223408],"scale":[12.5197649,18.0346088,9.62225151],"triggerMode":"Overlaps","triggerTestType":"Bounding box"}
{"name":"BeamNGTrigger_AirfieldRoadIntersect","class":"BeamNGTrigger","persistentId":"02164bba-8cea-4f0a-a5d5-72028b0b77f9","__parent":"Triggers","position":[-333.452698,-434.583038,134.592789],"luaFunction":"onBeamNGTrigger","rotationMatrix":[0.809082985,-0.587694407,0,0.587694407,0.809082985,0,0,0,1],"scale":[6.34841824,7.81304455,4.21784592],"triggerMode":"Overlaps","triggerTestType":"Bounding box"}
{"name":"MissionTrigger_CaravanArea","class":"BeamNGTrigger","persistentId":"ae0958b9-cdb6-4385-ad11-f4a032e73852","__parent":"Triggers","position":[636.274414,-518.212585,135.18895],"luaFunction":"onBeamNGTrigger","scale":[6.25844717,6.25844717,6.25844717],"triggerMode":"Overlaps","triggerTestType":"Bounding box","triggerType":"Sphere"}
{"name":"BeamNGTrigger_HighwayDragFinish","class":"BeamNGTrigger","persistentId":"b6748a25-1ac7-44b3-9aa0-e442d87da5ac","__parent":"Triggers","position":[-549.077332,-903.401855,134.480316],"luaFunction":"onBeamNGTrigger","scale":[9.54843807,11.1030273,6.63845205],"triggerMode":"Overlaps","triggerTestType":"Bounding box"}
{"name":"BeamNGTrigger_HighwayRaceClub","class":"BeamNGTrigger","persistentId":"67f148d9-08c1-4c73-8722-6598ebdba911","__parent":"Triggers","position":[801.746338,-642.438904,149.347427],"luaFunction":"onBeamNGTrigger","rotationMatrix":[0.719030976,0.694977999,0,-0.694977999,0.719030976,0,0,0,1],"scale":[12.4414768,6.18765163,5.219841],"triggerMode":"Overlaps","triggerTestType":"Bounding box"}
{"name":"BeamNGTrigger_GasStation","class":"BeamNGTrigger","persistentId":"6a6b8982-4e7c-4456-8f42-270d75830689","__parent":"Triggers","position":[810.377014,-154.025131,145.721695],"luaFunction":"onBeamNGTrigger","rotationMatrix":[0.984750569,0.173972279,0,-0.173972279,0.984750569,0,0,0,1],"scale":[9.1798172,12.4514875,3.24760723],"triggerMode":"Overlaps","triggerTestType":"Bounding box"}
{"name":"BeamNGTrigger_RepairShop","class":"BeamNGTrigger","persistentId":"de70053f-f4a9-4498-acd8-54c4ee1e4d02","__parent":"Triggers","position":[798.149536,-181.045395,145.721695],"luaFunction":"onBeamNGTrigger","rotationMatrix":[0.984750569,0.173972279,0,-0.173972279,0.984750569,0,0,0,1],"scale":[10.4170494,7.02154589,3.24760723],"triggerMode":"Overlaps","triggerTestType":"Bounding box"}
{"name":"BeamNGTrigger_CarStore","class":"BeamNGTrigger","persistentId":"519e4b6d-f32c-4701-a003-266bc90422c1","__parent":"Triggers","position":[790.022888,7.97632408,149.141953],"luaFunction":"onBeamNGTrigger","rotationMatrix":[0.920825839,0.389974058,0,-0.389974058,0.920825839,0,0,0,1],"scale":[6.72734785,16.607193,3.24760723],"triggerMode":"Overlaps","triggerTestType":"Bounding box"}
{"name":"BeamNGTrigger_MissionGiver","class":"BeamNGTrigger","persistentId":"ecf71780-70ed-4b01-9e25-68b00744178c","__parent":"Triggers","position":[764.990356,-126.187164,145.679916],"luaFunction":"onBeamNGTrigger","rotationMatrix":[0.984750569,0.173972279,0,-0.173972279,0.984750569,0,0,0,1],"scale":[15.1667175,24.6663437,3.24760723],"triggerMode":"Overlaps","triggerTestType":"Bounding box"}
{"name":"BeamNGTrigger_PlayerGarage","class":"BeamNGTrigger","persistentId":"1cc7e2d0-3df0-49fc-8f5c-d7fc7e60c386","__parent":"Triggers","position":[755.880066,-144.50499,145.679916],"luaFunction":"onBeamNGTrigger","rotationMatrix":[0.984750569,0.173972279,0,-0.173972279,0.984750569,0,0,0,1],"scale":[8.27142525,11.8655329,3.24760723],"triggerMode":"Overlaps","triggerTestType":"Bounding box"}
{"name":"BeamNGTrigger_AirfieldFinish","class":"BeamNGTrigger","persistentId":"3233cf99-88b9-48c7-b4a0-5cad861645b6","__parent":"Triggers","position":[-344.741333,-551.727356,129.679001],"luaFunction":"onBeamNGTrigger","rotationMatrix":[0.980135202,-0.198330507,0,0.198330507,0.980135202,0,0,0,1],"scale":[12.3726063,12.3726063,12.3726063],"triggerMode":"Overlaps","triggerTestType":"Bounding box"}
{"name":"BeamNGTrigger_TopShopFinish","class":"BeamNGTrigger","persistentId":"a5f093ad-4056-431b-8ae9-e6aa88b8f2cf","__parent":"Triggers","position":[-779.944885,-106.411919,296.468414],"luaFunction":"onBeamNGTrigger","rotationMatrix":[0.974119186,-0.226035088,0,0.226035088,0.974119186,0,0,0,1],"scale":[11.1938477,11.1938477,11.1938477],"triggerMode":"Overlaps","triggerTestType":"Bounding box"}
{"name":"BeamNGTrigger_RaceStart","class":"BeamNGTrigger","persistentId":"f55b4d25-a175-4508-9d3c-c80a35cbdc8d","__parent":"Triggers","position":[797.894043,-651.085388,149.347427],"luaFunction":"onBeamNGTrigger","rotationMatrix":[0.839773476,0.542936921,0,-0.542936921,0.839773476,0,0,0,1],"scale":[0.948968887,4.39048481,5.219841],"triggerMode":"Overlaps"}
{"name":"BeamNGTrigger_RaceEnd","class":"BeamNGTrigger","persistentId":"194583f6-a37e-4b8f-9ad2-ff5f6ca4bca6","__parent":"Triggers","position":[791.391663,-661.757996,149.347427],"luaFunction":"onBeamNGTrigger","rotationMatrix":[0.839773476,0.542936921,0,-0.542936921,0.839773476,0,0,0,1],"scale":[8.38051987,25.2105904,5.219841],"triggerMode":"Overlaps","triggerTestType":"Bounding box"}
{"name":"BeamNGTrigger_HighwayExit","class":"BeamNGTrigger","persistentId":"f299b75f-fd98-4f40-9f6e-6526904bb0d3","__parent":"Triggers","position":[-334.055908,-875.378479,134.956772],"luaFunction":"onBeamNGTrigger","scale":[17.4107437,8.78945541,6.98471642],"triggerMode":"Overlaps","triggerTestType":"Bounding box"}
{"name":"BeamNGTrigger_BusStopIntersect","class":"BeamNGTrigger","persistentId":"c0f92565-1ed1-403f-8ba0-425dc49f1b68","__parent":"Triggers","position":[-603.639771,-631.811401,164.789688],"luaFunction":"onBeamNGTrigger","rotationMatrix":[0.979599893,0.200957835,0,-0.200957835,0.979599893,0,0,0,1],"scale":[11.965004,13.9513702,5.69765615],"triggerMode":"Overlaps","triggerTestType":"Bounding box"}
{"name":"BeamNGTrigger_RoadToAirfield","class":"BeamNGTrigger","persistentId":"7e112519-1bd7-44f8-a1af-ef5de162fee3","__parent":"Triggers","position":[120.929787,-729.426392,129.899811],"luaFunction":"onBeamNGTrigger","rotationMatrix":[0.746419549,0.665475547,0,-0.665475547,0.746419549,0,0,0,1],"scale":[8.59436321,6.93161774,4.14116192],"triggerMode":"Overlaps","triggerTestType":"Bounding box"}
{"name":"BeamNGTrigger_CaravanAreaEntrance","class":"BeamNGTrigger","persistentId":"68579900-4a02-4103-825f-f0f6e622e096","__parent":"Triggers","position":[557.982117,-545.705383,136.284744],"luaFunction":"onBeamNGTrigger","rotationMatrix":[0.57664907,0.816991925,0,-0.816991925,0.57664907,0,0,0,1],"scale":[11.9367008,11.2098427,6.11532974],"triggerMode":"Overlaps","triggerTestType":"Bounding box"}
{"name":"BeamNGTrigger_BridgeCarZoneIntersect","class":"BeamNGTrigger","persistentId":"0280d9e6-7ed1-42c2-aa1d-7695dbef3a30","__parent":"Triggers","position":[839.440796,-248.84581,143.912231],"luaFunction":"onBeamNGTrigger","rotationMatrix":[0.97468549,0.223580375,0,-0.223580375,0.97468549,0,0,0,1],"scale":[9.0338459,8.43405533,8.12395],"triggerMode":"Overlaps","triggerTestType":"Bounding box","triggerType":"Sphere"}
{"name":"BeamLRTrigger_TopGasStation","class":"BeamNGTrigger","persistentId":"45b34afd-d403-48e6-88c1-42fb8d92ec2e","__parent":"Triggers","position":[-798.144165,-84.8126221,298.453827],"luaFunction":"onBeamNGTrigger","rotationMatrix":[0.964600801,-0.263714284,0,0.263714284,0.964600801,0,0,0,1],"scale":[12.0159302,9.44165802,4.30131817],"triggerMode":"Overlaps","triggerTestType":"Bounding box"}
{"name":"BeamLRTrigger_NewCarShop","class":"BeamNGTrigger","persistentId":"5ba1f502-a3d5-4493-8960-f76c0cbee63c","__parent":"Triggers","position":[-796.934082,-130.395859,300.304718],"luaFunction":"onBeamNGTrigger","rotationMatrix":[0.952216625,-0.305423439,0,0.305423439,0.952216625,0,0,0,1],"scale":[8.64814472,25.3444366,8.64814472],"triggerMode":"Overlaps","triggerTestType":"Bounding box"}
{"name":"BeamLRTrigger_OffroadStart","class":"BeamNGTrigger","persistentId":"9abb75ca-6388-4861-831b-2987601a7f35","__parent":"Triggers","position":[692.870667,290.948212,144.701324],"luaFunction":"onBeamNGTrigger","rotationMatrix":[0.860196888,-0.509962022,0,0.509962022,0.860196888,0,0,0,1],"scale":[3.83618784,1,3.62736797],"triggerMode":"Overlaps"}
{"name":"BeamLRTrigger_RangerCabin","class":"BeamNGTrigger","persistentId":"f5448083-ee9b-4075-97fe-bd516a0c0f4b","__parent":"Triggers","position":[111.425179,0.767052293,173.76976],"luaFunction":"onBeamNGTrigger","rotationMatrix":[0.896039784,-0.44397378,0,0.44397378,0.896039784,0,0,0,1],"scale":[7.56185198,9.9984684,6.2998538],"triggerMode":"Overlaps","triggerTestType":"Bounding box"}
{"name":"BeamLRTrigger_OffroadRaceClub","class":"BeamNGTrigger","persistentId":"23ce9d8a-0ba8-4b7a-a375-00d614c1e46f","__parent":"Triggers","position":[707.018127,311.358093,146.771759],"luaFunction":"onBeamNGTrigger","rotationMatrix":[0.996624649,-0.0820936486,0,0.0820936486,0.996624649,0,0,0,1],"scale":[7.28927422,12.1150227,7.47910261],"triggerMode":"Overlaps","triggerTestType":"Bounding box"}
{"name":"BeamLRTrigger_OffroadCP1","class":"BeamNGTrigger","persistentId":"89158561-ca21-4d51-a748-9c602b4f2290","__parent":"Triggers","position":[403.812592,171.376083,148.444168],"luaFunction":"onBeamNGTrigger","scale":[7.07071877,7.07071877,6.5154376],"triggerMode":"Overlaps","triggerTestType":"Bounding box","triggerType":"Sphere"}
{"name":"BeamLRTrigger_OffroadCP2","class":"BeamNGTrigger","persistentId":"c1cbb9cf-fbc9-473e-bd32-9668d8f74edf","__parent":"Triggers","position":[236.870255,-86.6336517,149.37085],"luaFunction":"onBeamNGTrigger","scale":[6.9312501,6.9312501,6.9312501],"triggerMode":"Overlaps","triggerTestType":"Bounding box","triggerType":"Sphere"}
{"name":"BeamLRTrigger_ConstructionZone","class":"BeamNGTrigger","persistentId":"b6e3b47f-3556-40ac-9770-29bc2fca728a","__parent":"Triggers","position":[-893.64093,615.930664,263.879608],"luaFunction":"onBeamNGTrigger","scale":[8.0847702,8.0847702,8.0847702],"triggerMode":"Overlaps","triggerTestType":"Bounding box","triggerType":"Sphere"}
{"name":"BeamLRTrigger_ChallengeArea","class":"BeamNGTrigger","persistentId":"a329e54b-a559-416d-8d8c-11cf6ce98d90","__parent":"Triggers","position":[790.3797,-163.631042,146.998947],"luaFunction":"onBeamNGTrigger","rotationMatrix":[0.948132038,-0.317876756,0,0.317876756,0.948132038,0,0,0,1],"scale":[12.0662718,12.7050133,5.83100605],"triggerMode":"Overlaps","triggerTestType":"Bounding box"}
{"name":"BeamLRTRigger_Offroad2CP1","class":"BeamNGTrigger","persistentId":"8f4c827f-8056-48df-870a-158632cea7fd","__parent":"Triggers","position":[570.015564,114.11673,135.640915],"luaFunction":"onBeamNGTrigger","scale":[15.2646503,7.87289858,6.79299355],"triggerMode":"Overlaps","triggerTestType":"Bounding box"}
{"name":"BeamLRTrigger_Offroad2CP2","class":"BeamNGTrigger","persistentId":"c3dc139d-7a8b-49cb-a23f-07dc83cd9517","__parent":"Triggers","position":[756.674744,-419.450775,128.667923],"luaFunction":"onBeamNGTrigger","rotationMatrix":[0.471328795,-0.881957531,0,0.881957531,0.471328795,0,0,0,1],"scale":[8.6060009,15.0037718,6.64765644],"triggerMode":"Overlaps","triggerTestType":"Bounding box"}
{"name":"BeamLRTrigger_Offroad2ACP3","class":"BeamNGTrigger","persistentId":"c50a8134-1f78-4688-9a52-e8fd3615e7df","__parent":"Triggers","position":[554.908936,-735.898621,126.526199],"luaFunction":"onBeamNGTrigger","rotationMatrix":[0.94133693,0.337468237,0,-0.337468237,0.94133693,0,0,0,1],"scale":[10.2167492,11.892108,4.86949444],"triggerMode":"Overlaps","triggerTestType":"Bounding box"}
{"name":"BeamLRTrigger_Offroad2ACP4","class":"BeamNGTrigger","persistentId":"446cd1e3-15a7-4543-a5a0-99cc2f0b9d58","__parent":"Triggers","position":[432.865875,-656.414612,121.927544],"luaFunction":"onBeamNGTrigger","rotationMatrix":[0.996644616,-0.081850633,0,0.081850633,0.996644616,0,0,0,1],"scale":[7.0312767,11.1822243,5.32457447],"triggerMode":"Overlaps","triggerTestType":"Bounding box"}
{"name":"BeamLRTrigger_OffroadHighwayFinish","class":"BeamNGTrigger","persistentId":"a3dd9f3b-dd30-440b-b4d4-f5b6350789a4","__parent":"Triggers","position":[-274.228577,-865.717224,131.945297],"luaFunction":"onBeamNGTrigger","rotationMatrix":[0.675378799,-0.737470984,0,0.737470984,0.675378799,0,0,0,1],"scale":[11.4285221,6.69041491,4.36591816],"triggerMode":"Overlaps","triggerTestType":"Bounding box"}
{"name":"BeamLRTrigger_Offroad2A2CP4","class":"BeamNGTrigger","persistentId":"91a3320f-1997-42e3-9df7-3c1bed3f411b","__parent":"Triggers","position":[491.76178,-732.101624,135.011673],"luaFunction":"onBeamNGTrigger","rotationMatrix":[-0.107902527,0.976928174,-0.184305355,-0.994161546,-0.106032014,0.0200037882,0,0.185387731,0.982665479],"scale":[7.58060312,13.6314173,5.54169941],"triggerMode":"Overlaps","triggerTestType":"Bounding box"}
{"name":"BeamLRTrigger_Offroad2BCP3","class":"BeamNGTrigger","persistentId":"765ead77-7a87-4c47-80e0-51dd6f2684ce","__parent":"Triggers","position":[432.205414,-604.723511,127.478683],"luaFunction":"onBeamNGTrigger","rotationMatrix":[0.920963585,-0.389648587,0,0.389648587,0.920963585,0,0,0,1],"scale":[6.30581141,9.33749676,5.43181181],"triggerMode":"Overlaps","triggerTestType":"Bounding box"}
{"name":"BeamLRTrigger_Offroad2CP6","class":"BeamNGTrigger","persistentId":"98091662-8c04-4b79-9498-a62e9d7dcb04","__parent":"Triggers","position":[-524.740356,-774.134155,105.200294],"luaFunction":"onBeamNGTrigger","rotationMatrix":[0.912652612,0.40873605,0,-0.40873605,0.912652612,0,0,0,1],"scale":[6.2973628,10.6847677,4.47893047],"triggerMode":"Overlaps","triggerTestType":"Bounding box"}
{"name":"BeamLRTrigger_OffroadHighwayFarEnd","class":"BeamNGTrigger","persistentId":"3bee2653-2853-4a10-9bfe-de84ff522205","__parent":"Triggers","position":[-820.864807,-891.435364,136.583328],"luaFunction":"onBeamNGTrigger","rotationMatrix":[0.811728597,0.58403486,0,-0.58403486,0.811728597,0,0,0,1],"scale":[11.7039061,8.12669849,6.30051327],"triggerMode":"Overlaps","triggerTestType":"Bounding box"}
{"name":"BeamLRTrigger_Offroad2CP5","class":"BeamNGTrigger","persistentId":"ebb2a220-a032-4add-ace1-af60f5a4f5e1","__parent":"Triggers","position":[-105.971786,-717.027954,114.510872],"luaFunction":"onBeamNGTrigger","rotationMatrix":[0.893244505,0.449571162,0,-0.449571162,0.893244505,0,0,0,1],"scale":[9.44141865,6.34141779,4.40516329],"triggerMode":"Overlaps","triggerTestType":"Bounding box"}
{"name":"BeamLRTrigger_CurvyRoadCP2","class":"BeamNGTrigger","persistentId":"0ee62f54-47c7-427d-a585-71b416080df7","__parent":"Triggers","position":[437.982269,223.040695,162.467789],"luaFunction":"onBeamNGTrigger","rotationMatrix":[0.933047473,-0.359753221,0,0.359753221,0.933047473,0,0,0,1],"scale":[7.61888695,12.5263777,5.24360371],"triggerMode":"Overlaps","triggerTestType":"Bounding box"}
{"name":"BeamLRTrigger_CurvyRoadCP1","class":"BeamNGTrigger","persistentId":"339694ea-026f-491d-9e99-e72caebfc02b","__parent":"Triggers","position":[-41.2613754,-188.919159,141.082748],"luaFunction":"onBeamNGTrigger","rotationMatrix":[0.789446771,0.613819063,0,-0.613819063,0.789446771,0,0,0,1],"scale":[10.7870016,13.3245277,5.75815487],"triggerMode":"Overlaps","triggerTestType":"Bounding box"}
{"name":"BeamLRTrigger_NearShopCP1","class":"BeamNGTrigger","persistentId":"f661c622-4a56-4124-aca7-cd8e4f6c9c77","__parent":"Triggers","position":[756.361267,156.257599,147.709442],"luaFunction":"onBeamNGTrigger","rotationMatrix":[0.988660455,-0.150168255,0,0.150168255,0.988660455,0,0,0,1],"scale":[11.6434574,7.73723221,4.70617676],"triggerMode":"Overlaps","triggerTestType":"Bounding box"}
{"name":"BeamLRTrigger_PureDragClub","class":"BeamNGTrigger","persistentId":"326e4aa0-ceeb-4490-b501-fc0d0fcfc07d","__parent":"Triggers","position":[-891.802673,-929.170044,139.130142],"luaFunction":"onBeamNGTrigger","rotationMatrix":[0.981659412,0.190643206,0,-0.190643206,0.981659412,0,0,0,1],"scale":[9.12920189,6.14501953,7.9342289],"triggerMode":"Overlaps","triggerTestType":"Bounding box"}
{"name":"BeamLRTrigger_PureDragStart","class":"BeamNGTrigger","persistentId":"03c3f4c1-bc6a-402e-b5e4-c0be38b4ca71","__parent":"Triggers","position":[-878.258667,-921.581177,137.82637],"luaFunction":"onBeamNGTrigger","rotationMatrix":[0.991979837,0.126396105,0,-0.126396105,0.991979837,0,0,0,1],"scale":[1,4.59277344,5.26945829],"triggerMode":"Overlaps"}
{"name":"BeamLRTrigger_PureDragFinish","class":"BeamNGTrigger","persistentId":"58171b1b-b025-4a77-b1b6-989843131fdb","__parent":"Triggers","position":[-16.4856777,-930.754883,143.365387],"luaFunction":"onBeamNGTrigger","rotationMatrix":[0.993810952,-0.111084841,0,0.111084841,0.993810952,0,0,0,1],"scale":[6.03820229,10.9749451,6.44160175],"triggerMode":"Overlaps","triggerTestType":"Bounding box"}
{"name":"BeamLRTrigger_TopShopIntersect","class":"BeamNGTrigger","persistentId":"e1c4fd75-3675-4c87-95b5-674fb1051cb9","__parent":"Triggers","position":[-757.670959,-65.6643372,299.087463],"luaFunction":"onBeamNGTrigger","rotationMatrix":[0.971306682,-0.23783052,0,0.23783052,0.971306682,0,0,0,1],"scale":[19.7646294,8.86376286,7.33980656],"triggerMode":"Overlaps","triggerTestType":"Bounding box"}
{"name":"BeamLRTrigger_ConstructionRoadCP1","class":"BeamNGTrigger","persistentId":"1181c94f-ccdd-40e9-b7e3-a3df94057914","__parent":"Triggers","position":[-915.403503,221.913788,259.577881],"luaFunction":"onBeamNGTrigger","scale":[10.5287609,6.32399893,5.57568359],"triggerMode":"Overlaps","triggerTestType":"Bounding box"}
{"name":"BeamLRTrigger_ConstructionRoadCP2","class":"BeamNGTrigger","persistentId":"7a36cc20-1d57-4a53-a1de-088a6079fab4","__parent":"Triggers","position":[-612.391663,869.152344,270.758148],"luaFunction":"onBeamNGTrigger","rotationMatrix":[0.756220102,-0.65431726,0,0.65431726,0.756220102,0,0,0,1],"scale":[5.38671875,10.6099596,5.38671875],"triggerMode":"Overlaps","triggerTestType":"Bounding box"}
{"name":"BeamLRTrigger_ConstructionRoadCP3","class":"BeamNGTrigger","persistentId":"9d613cf1-646a-41b9-8c32-4c584c3f0840","__parent":"Triggers","position":[77.5554886,689.491699,262.903748],"luaFunction":"onBeamNGTrigger","scale":[8.16436768,5.07363272,4.58979511],"triggerMode":"Overlaps","triggerTestType":"Bounding box"}
{"name":"BeamLRTrigger_ConstructionRoadCP4","class":"BeamNGTrigger","persistentId":"546e117a-3316-4585-aad3-57468497e9da","__parent":"Triggers","position":[750.546753,950.802979,260.603302],"luaFunction":"onBeamNGTrigger","rotationMatrix":[0.97033304,0.241772249,0,-0.241772249,0.97033304,0,0,0,1],"scale":[7.4162817,9.28923416,4.03298378],"triggerMode":"Overlaps","triggerTestType":"Bounding box"}
{"name":"BeamLRTrigger_ConstructionRoadCP5","class":"BeamNGTrigger","persistentId":"6b9143cf-2918-4391-9191-d62682e45a3b","__parent":"Triggers","position":[660.547974,799.171814,177.597153],"luaFunction":"onBeamNGTrigger","rotationMatrix":[0.790464997,0.612507224,0,-0.612507224,0.790464997,0,0,0,1],"scale":[6.42259979,8.67452812,4.62143564],"triggerMode":"Overlaps","triggerTestType":"Bounding box"}
{"name":"BeamLRTrigger_ConstructionRoadCP6","class":"BeamNGTrigger","persistentId":"05e2ba8c-0102-4b0d-8c6e-0a5693982a1c","__parent":"Triggers","position":[415.092194,441.642181,180.56813],"luaFunction":"onBeamNGTrigger","rotationMatrix":[0.953864634,-0.30023697,0,0.30023697,0.953864634,0,0,0,1],"scale":[8.86362267,6.21982431,5.4163332],"triggerMode":"Overlaps","triggerTestType":"Bounding box"}
{"name":"BeamLRTrigger_CaveJump","class":"BeamNGTrigger","persistentId":"04dff7e6-3c5b-47b5-b23d-b661150216fe","__parent":"Triggers","position":[239.116165,-322.742981,129.511597],"luaFunction":"onBeamNGTrigger","rotationMatrix":[0.731799304,-0.681520164,0,0.681520164,0.731799304,0,0,0,1],"scale":[8.57697868,4.9963665,4.95688486],"triggerMode":"Overlaps","triggerTestType":"Bounding box"}
{"name":"BeamLRTrigger_FarJump","class":"BeamNGTrigger","persistentId":"ac9f486e-f000-4c48-9bec-85ec0bc232c1","__parent":"Triggers","position":[-711.243286,543.031067,255.609924],"luaFunction":"onBeamNGTrigger","rotationMatrix":[0.949133694,0.314873308,0,-0.314873308,0.949133694,0,0,0,1],"scale":[2.19484973,8.56060791,13.0759382],"triggerMode":"Overlaps","triggerTestType":"Bounding box"}
{"name":"BeamLRTrigger_CrazyJump","class":"BeamNGTrigger","persistentId":"5da456c8-78c6-42f1-be10-12964e848cbd","__parent":"Triggers","position":[239.38707,654.485474,197.930191],"luaFunction":"onBeamNGTrigger","rotationMatrix":[0.906605661,-0.421978831,0,0.421978831,0.906605661,0,0,0,1],"scale":[7.84282637,2.28688788,5.1988039],"triggerMode":"Overlaps","triggerTestType":"Bounding box"}
{"name":"BeamLRTrigger_ConstructionJump","class":"BeamNGTrigger","persistentId":"ed6e7cf9-071b-4828-b34d-c2d0fc8d67de","__parent":"Triggers","position":[-928.390747,602.086975,277.472015],"rotationMatrix":[0.858171582,-0.513363004,0,0.513363004,0.858171582,0,0,0,1],"scale":[8.07029152,6.42331982,5.95375919],"triggerMode":"Overlaps","triggerTestType":"Bounding box"}
{"name":"BeamLRTrigger_ImpossibleJump","class":"BeamNGTrigger","persistentId":"07dca455-3dd9-46b4-848e-a07778d6692d","__parent":"Triggers","position":[-349.282837,348.836792,289.964783],"luaFunction":"onBeamNGTrigger","rotationMatrix":[0.761019886,0.648728549,0,-0.648728549,0.761019886,0,0,0,1],"scale":[3.99805236,15.5549593,10.0100136],"triggerMode":"Overlaps","triggerTestType":"Bounding box"}
{"name":"BeamLRTrigger_ExitBridgeST","class":"BeamNGTrigger","persistentId":"dfbde1dd-fdb4-421d-8034-426555a89e07","__parent":"Triggers","position":[-601.240234,-674.501343,160.471573],"luaFunction":"onBeamNGTrigger","rotationMatrix":[0.896032572,0.443988264,0,-0.443988264,0.896032572,0,0,0,1],"scale":[12.4168949,5.26347685,6.12407255],"triggerMode":"Overlaps","triggerTestType":"Bounding box"}
{"name":"BeamLRTrigger_NearCaravanST","class":"BeamNGTrigger","persistentId":"ad68f345-a4fa-47b7-a93b-f9516c52123f","__parent":"Triggers","position":[285.231903,-607.225647,128.016418],"luaFunction":"onBeamNGTrigger","rotationMatrix":[0.924898744,0.380213499,0,-0.380213499,0.924898744,0,0,0,1],"scale":[3.62518787,9.86203957,4.4989748],"triggerMode":"Overlaps","triggerTestType":"Bounding box"}
{"name":"BeamLRTrigger_RepairZoneST","class":"BeamNGTrigger","persistentId":"cb8e0a60-15f0-4177-8b36-6ff86118a4e1","__parent":"Triggers","position":[828.207336,-126.704559,146.657257],"luaFunction":"onBeamNGTrigger","rotationMatrix":[0.984860241,0.173350155,0,-0.173350155,0.984860241,0,0,0,1],"scale":[11.6806641,8.37585449,5.39953613],"triggerMode":"Overlaps","triggerTestType":"Bounding box"}
{"name":"BeamLRTrigger_CliffsideST","class":"BeamNGTrigger","persistentId":"b46bc5e2-de0b-4c56-b58a-7add108213ad","__parent":"Triggers","position":[660.00647,939.359741,260.509766],"luaFunction":"onBeamNGTrigger","scale":[6.18271542,10.1964846,7.1744628],"triggerMode":"Overlaps","triggerTestType":"Bounding box"}
{"name":"BeamLRTrigger_TunnelSTA","class":"BeamNGTrigger","persistentId":"55757585-327d-491a-b070-7994abb5a623","__parent":"Triggers","position":[111.155998,-1160.02344,153.150131],"luaFunction":"onBeamNGTrigger","scale":[13.4470825,11.1164064,7.75029373],"triggerMode":"Overlaps","triggerTestType":"Bounding box"}
{"name":"BeamLRTrigger_BusStopST","class":"BeamNGTrigger","persistentId":"762626d4-783e-4cc1-bdb8-0d9f98094695","__parent":"Triggers","position":[-258.33017,-359.908905,136.941498],"luaFunction":"onBeamNGTrigger","rotationMatrix":[0.793897212,0.608051956,0,-0.608051956,0.793897212,0,0,0,1],"scale":[5.34345722,12.0431137,5.34345722],"triggerMode":"Overlaps","triggerTestType":"Bounding box"}
{"name":"BeamLRTrigger_CanyonJump","class":"BeamNGTrigger","persistentId":"d0d128ce-ab65-4c73-999c-d0e2fff61245","__parent":"Triggers","position":[278.104218,400.878113,181.264252],"luaFunction":"onBeamNGTrigger","rotationMatrix":[0.946051598,-0.324015975,0,0.324015975,0.946051598,0,0,0,1],"scale":[9.75219154,5.14443159,7.19585562],"triggerMode":"Overlaps","triggerTestType":"Bounding box"}
{"name":"BeamLRTrigger_CurvyRoadLot","class":"BeamNGTrigger","persistentId":"94fca738-0378-4ac5-940b-75403f40bb0b","__parent":"Triggers","position":[916.471863,761.661621,238.697144],"luaFunction":"onBeamNGTrigger","scale":[12.7578526,8.30150318,6.6772213],"triggerMode":"Overlaps","triggerTestType":"Bounding box"}
{"name":"BeamLRTrigger_TouristAreaDelivery","class":"BeamNGTrigger","persistentId":"1b6eca49-871d-4ec3-84e8-168f98b30e64","__parent":"Triggers","position":[-557.271179,246.930954,301.406281],"luaFunction":"onBeamNGTrigger","rotationMatrix":[0.981878817,-0.189509854,0,0.189509854,0.981878817,0,0,0,1],"scale":[11.9457579,11.9457579,6.3150878],"triggerMode":"Overlaps","triggerTestType":"Bounding box"}
{"name":"BeamLRTrigger_RangerCP","class":"BeamNGTrigger","persistentId":"ab39c536-45c4-4714-8301-99ec794ea786","__parent":"Triggers","position":[122.492371,70.542305,175.176559],"luaFunction":"onBeamNGTrigger","rotationMatrix":[0.958725095,-0.2843346,0,0.2843346,0.958725095,0,0,0,1],"scale":[10.3253403,6.779881,6.05820322],"triggerMode":"Overlaps","triggerTestType":"Bounding box"}
{"name":"BeamLRTrigger_CanyonJumpCP","class":"BeamNGTrigger","persistentId":"26dd934f-7cea-40a1-bc9a-cfd5b5f83f97","__parent":"Triggers","position":[237.947174,298.04184,180.083679],"luaFunction":"onBeamNGTrigger","rotationMatrix":[0.99022156,-0.139503568,0,0.139503568,0.99022156,0,0,0,1],"scale":[11.7243423,8.84736252,5.7791748],"triggerMode":"Overlaps","triggerTestType":"Bounding box"}
{"name":"BeamLRTrigger_WoddenJumpCP","class":"BeamNGTrigger","persistentId":"514e8979-9de8-4c46-b8ff-c403e475490b","__parent":"Triggers","position":[332.609039,740.941284,184.684509],"luaFunction":"onBeamNGTrigger","rotationMatrix":[0.841365218,0.540466964,0,-0.540466964,0.841365218,0,0,0,1],"scale":[10.3839035,11.53755,5.6748538],"triggerMode":"Overlaps","triggerTestType":"Bounding box"}
{"name":"BeamLRTrigger_MediumOffroadCP1","class":"BeamNGTrigger","persistentId":"b529f29a-e68f-4362-8f9e-82f8054cd310","__parent":"Triggers","position":[-48.8599091,538.861572,197.287048],"luaFunction":"onBeamNGTrigger","scale":[10.2586432,6.99785185,4.83854961],"triggerMode":"Overlaps","triggerTestType":"Bounding box"}
{"name":"BeamLRTrigger_MediumOffroadCP2","class":"BeamNGTrigger","persistentId":"87d74ca2-22b6-4f57-89c5-ed03a74ebbeb","__parent":"Triggers","position":[-484.664154,605.475464,233.07663],"luaFunction":"onBeamNGTrigger","rotationMatrix":[0.925136328,0.336083591,-0.176551908,-0.330125868,0.941832125,0.063000828,0.187455803,0,0.982273042],"scale":[9.05317402,11.6274414,5.35322285],"triggerMode":"Overlaps","triggerTestType":"Bounding box"}
{"name":"BeamLRTrigger_ConstructionDirtIntersectCP","class":"BeamNGTrigger","persistentId":"5512bc4b-5ca2-4c83-aeb9-8968717878de","__parent":"Triggers","position":[-811.237427,319.376892,250.80011],"luaFunction":"onBeamNGTrigger","rotationMatrix":[0.978142917,0.207933724,0,-0.207933724,0.978142917,0,0,0,1],"scale":[7.96600294,6.73938656,3.42758799],"triggerMode":"Overlaps","triggerTestType":"Bounding box"}
{"name":"BeamLRTrigger_DirtAsphaltFourWayCP1","class":"BeamNGTrigger","persistentId":"34e4fdb6-d2f6-4882-8e15-2d4d2219098b","__parent":"Triggers","position":[445.820892,499.568665,185.281403],"luaFunction":"onBeamNGTrigger","rotationMatrix":[0.920304537,-0.391202688,0,0.391202688,0.920304537,0,0,0,1],"scale":[8.30990505,10.3362093,4.55104256],"triggerMode":"Overlaps","triggerTestType":"Bounding box"}
{"name":"BeamLRTrigger_CurvyDirtRoadCP1","class":"BeamNGTrigger","persistentId":"f7bc7697-cfa3-4119-b61f-e371bd352116","__parent":"Triggers","position":[642.994141,655.770691,186.774887],"luaFunction":"onBeamNGTrigger","rotationMatrix":[0.283441782,-0.958989322,0,0.958989322,0.283441782,0,0,0,1],"scale":[10.769042,7.16787148,4.7654295],"triggerMode":"Overlaps","triggerTestType":"Bounding box"}
{"name":"BeamLRTrigger_OffroadClubEnd","class":"BeamNGTrigger","persistentId":"8bb678f7-3eec-4677-9a40-09a58a3be537","__parent":"Triggers","position":[697.844604,314.899689,144.844009],"luaFunction":"onBeamNGTrigger","rotationMatrix":[0.996606708,-0.0823105425,0,0.0823105425,0.996606708,0,0,0,1],"scale":[9.66845703,8.11393166,4.44938946],"triggerMode":"Overlaps","triggerTestType":"Bounding box"}
{"name":"BeamLRTrigger_LongOffroadCP1","class":"BeamNGTrigger","persistentId":"8ee4ed05-a3ce-4e5e-b570-704b4286d56b","__parent":"Triggers","position":[196.293961,229.289047,184.445496],"luaFunction":"onBeamNGTrigger","rotationMatrix":[0.967038989,-0.253724545,0.0214348845,0.238779753,0.932864785,0.269717574,-0.0884298235,-0.255709171,0.962700844],"scale":[10.5301447,7.71716309,6.26379395],"triggerMode":"Overlaps","triggerTestType":"Bounding box"}
{"name":"BeamLRTrigger_LongOffroadCP2","class":"BeamNGTrigger","persistentId":"fea3c993-dfb2-4c43-b604-2c680b57e9f1","__parent":"Triggers","position":[-103.304588,563.84613,230.454407],"luaFunction":"onBeamNGTrigger","rotationMatrix":[0.835659266,0.549208045,0.0066434592,-0.53369832,0.809083581,0.246068656,0.129767776,-0.20917514,0.969229639],"scale":[9.51591301,6.55466032,4.29674053],"triggerMode":"Overlaps","triggerTestType":"Bounding box"}
{"name":"BeamLRTrigger_LongOffroadCP3","class":"BeamNGTrigger","persistentId":"af960521-ffe0-41de-a489-a97548faba1e","__parent":"Triggers","position":[-290.360626,345.421631,266.811249],"luaFunction":"onBeamNGTrigger","rotationMatrix":[0.85804975,0.513566613,0,-0.513566613,0.85804975,0,0,0,1],"scale":[8.09925842,10.0061436,6.31625938],"triggerMode":"Overlaps","triggerTestType":"Bounding box"}
{"name":"BeamLRTrigger_LongOffroadCP4","class":"BeamNGTrigger","persistentId":"6e9996c7-f134-4d31-919c-12f053d9a3e6","__parent":"Triggers","position":[-476.595154,512.461487,268.79538],"luaFunction":"onBeamNGTrigger","rotationMatrix":[0.818943977,0.573873401,0,-0.573873401,0.818943977,0,0,0,1],"scale":[10.7408009,8.67812347,7.23613262],"triggerMode":"Overlaps","triggerTestType":"Bounding box"}
{"name":"BeamLRTrigger_LongOffroadCP5","class":"BeamNGTrigger","persistentId":"1fa587dd-e9e9-4b53-b206-20c7f41c6817","__parent":"Triggers","position":[-750.460693,526.124512,257.069672],"luaFunction":"onBeamNGTrigger","rotationMatrix":[0.977304459,0.211839437,0,-0.211839437,0.977304459,0,0,0,1],"scale":[7.36904573,8.79620743,6.34882784],"triggerMode":"Overlaps","triggerTestType":"Bounding box"}
{"name":"BeamLRTrigger_LongOffroadBCP6","class":"BeamNGTrigger","persistentId":"4dad8b1f-be58-40ae-97ce-0253b2519597","__parent":"Triggers","position":[-825.9245,382.039032,251.374985],"luaFunction":"onBeamNGTrigger","rotationMatrix":[0.984753609,0.173954859,0,-0.173954859,0.984753609,0,0,0,1],"scale":[10.466095,7.82471228,4.96845722],"triggerMode":"Overlaps","triggerTestType":"Bounding box"}
{"name":"BeamLRTrigger_Scrapyard","class":"BeamNGTrigger","persistentId":"a2bdad05-bd78-4692-9589-f8e4c1ca05e2","__parent":"Triggers","position":[-332.823151,-542.06311,132.842087],"scale":[7.98288822,7.98288822,6.73952579],"triggerMode":"Overlaps","triggerTestType":"Bounding box"}
{"name":"BeamLRTrigger_OffroadChallenge1CP1","class":"BeamNGTrigger","persistentId":"49d4318c-3b3b-43a8-b7c2-81a8d03039ee","__parent":"Triggers","position":[432.819977,-207.317734,130.542267],"scale":[6.25833225,6.25833225,5.72084999],"triggerMode":"Overlaps","triggerTestType":"Bounding box","triggerType":"Sphere"}
{"name":"BeamLRTrigger_OffroadChallenge1CP2","class":"BeamNGTrigger","persistentId":"c07c13bb-83e0-4b39-bff5-bdc11d9d18b6","__parent":"Triggers","position":[306.647247,-306.22287,136.268646],"scale":[6.25833225,6.25833225,5.72084999],"triggerMode":"Overlaps","triggerTestType":"Bounding box","triggerType":"Sphere"}
{"name":"BeamLRTrigger_OffroadChallenge1CP3","class":"BeamNGTrigger","persistentId":"32e7dfdc-1ac3-4b9c-9573-763a096b4859","__parent":"Triggers","position":[5.68502045,-481.467682,138.206192],"scale":[6.25833225,6.25833225,5.72084999],"triggerMode":"Overlaps","triggerTestType":"Bounding box","triggerType":"Sphere"}
{"name":"BeamLRTrigger_HighwayJunction","class":"BeamNGTrigger","persistentId":"ee9b9d65-a45a-4c33-85c3-442ff76da264","__parent":"Triggers","position":[814.122192,-605.424561,148.792847],"luaFunction":"onBeamNGTrigger","rotationMatrix":[0.967342138,-0.253474146,0,0.253474146,0.967342138,0,0,0,1],"scale":[13.0265913,7.04004002,5.66254807],"triggerMode":"Overlaps","triggerTestType":"Bounding box"}
{"name":"BeamLRTrigger_RockCrawlCP1","class":"BeamNGTrigger","persistentId":"e8b95dcb-4663-43d1-9888-27209b5cbc45","__parent":"Triggers","position":[841.082092,-115.728096,144.919632],"rotationMatrix":[0.981042087,-0.193794906,0,0.193794906,0.981042087,0,0,0,1],"scale":[8.80307961,13.6827412,9.4584446],"triggerMode":"Overlaps","triggerTestType":"Bounding box"}
{"name":"BeamLRTrigger_RockCrawlCP2","class":"BeamNGTrigger","persistentId":"05f563ca-237e-44ff-b26e-aff71cdf214c","__parent":"Triggers","position":[920.941284,-212.733994,189.034592],"scale":[7.72340536,5.58788347,6.27622128],"triggerMode":"Overlaps","triggerTestType":"Bounding box"}
{"name":"BeamLRTrigger_RockCrawlCP3","class":"BeamNGTrigger","persistentId":"9479ae1a-3834-4424-b73e-b867eaa3c034","__parent":"Triggers","position":[898.570862,14.6545315,197.901733],"rotationMatrix":[0.887961924,0.459917039,0,-0.459917039,0.887961924,0,0,0,1],"scale":[9.46975708,5.82768917,4.59077168],"triggerMode":"Overlaps","triggerTestType":"Bounding box"}
{"name":"BeamLRTrigger_RockCrawlCP4","class":"BeamNGTrigger","persistentId":"c523c023-22ff-42d0-94ca-d7f1d93c3fc3","__parent":"Triggers","position":[877.612061,265.169128,225.240509],"rotationMatrix":[0.991347075,-0.131266907,0,0.131266907,0.991347075,0,0,0,1],"scale":[8.63779545,6.18173838,5.74912119],"triggerMode":"Overlaps","triggerTestType":"Bounding box"}
{"name":"BeamLRTrigger_RockCrawlCP5","class":"BeamNGTrigger","persistentId":"b8d154e4-2a25-4161-bcd3-eaa341ec5ff3","__parent":"Triggers","position":[865.953613,428.79187,223.327301],"rotationMatrix":[0.779849946,-0.625966489,0,0.625966489,0.779849946,0,0,0,1],"scale":[10.43715,6.29701376,5.51557636],"triggerMode":"Overlaps","triggerTestType":"Bounding box"}
{"name":"BeamLRTrigger_RockCrawlCP6","class":"BeamNGTrigger","persistentId":"a1c61f46-f64c-4f97-a8ec-a98bc1f5574f","__parent":"Triggers","position":[922.7771,610.78833,224.479401],"rotationMatrix":[0.904441953,0.415538311,0.0965024829,-0.414276242,0.909526289,-0.0337215103,-0.101784125,-0.00947953481,0.994761348],"scale":[9.98154354,12.0671873,7.75334549],"triggerMode":"Overlaps","triggerTestType":"Bounding box"}
{"name":"BeamLRTrigger_RockCrawl2CP1","class":"BeamNGTrigger","persistentId":"8b35b41d-2dc0-46d2-bc3a-c3eb8a879991","__parent":"Triggers","position":[-457.867584,-436.822388,133.276321],"scale":[4.94333744,4.94333744,4.70932961],"triggerMode":"Overlaps","triggerTestType":"Bounding box","triggerType":"Sphere"}
{"name":"BeamLRTrigger_RockCrawl2CP2","class":"BeamNGTrigger","persistentId":"5243d427-a0b1-4782-a4db-3f12b0ebb098","__parent":"Triggers","position":[-527.583435,-400.587891,153.313232],"scale":[4.94333744,4.94333744,4.70932961],"triggerMode":"Overlaps","triggerTestType":"Bounding box","triggerType":"Sphere"}
{"name":"BeamLRTrigger_RockCrawl2CP3","class":"BeamNGTrigger","persistentId":"1118a37e-f70c-4e1c-846e-296f04b7a552","__parent":"Triggers","position":[-575.93158,-364.691071,169.489059],"scale":[4.94333744,4.94333744,4.70932961],"triggerMode":"Overlaps","triggerTestType":"Bounding box","triggerType":"Sphere"}
{"name":"BeamLRTrigger_RockCrawl2CP4","class":"BeamNGTrigger","persistentId":"1a0e1d24-be26-4673-b2c1-c2ab8389d859","__parent":"Triggers","position":[-536.356445,-214.40712,176.841949],"scale":[4.94333744,4.94333744,4.70932961],"triggerMode":"Overlaps","triggerTestType":"Bounding box","triggerType":"Sphere"}
{"name":"BeamLRTrigger_RockCrawl2CP5","class":"BeamNGTrigger","persistentId":"c08b6000-6eda-4820-b660-06d2d059c0f1","__parent":"Triggers","position":[-422.202942,-196.512405,173.191879],"scale":[4.94333744,4.94333744,4.70932961],"triggerMode":"Overlaps","triggerTestType":"Bounding box","triggerType":"Sphere"}
{"name":"BeamLRTrigger_RockCrawl2CP6","class":"BeamNGTrigger","persistentId":"040aee1b-94cc-4a7f-b598-6fc3c062ecfa","__parent":"Triggers","position":[-183.883713,35.4299431,175.477554],"scale":[4.94333744,4.94333744,4.70932961],"triggerMode":"Overlaps","triggerTestType":"Bounding box","triggerType":"Sphere"}
{"name":"BeamLRTrigger_RockCrawl2CP7","class":"BeamNGTrigger","persistentId":"ba4d2164-be8c-47f4-b63b-f4438b86388f","__parent":"Triggers","position":[-116.668388,-84.0548172,154.463867],"luaFunction":"onBeamNGTrigger","scale":[7.50021029,7.50021029,7.14516449],"triggerMode":"Overlaps","triggerTestType":"Bounding box","triggerType":"Sphere"}
{"name":"BeamLRTrigger_AirfieldJuncDirtA","class":"BeamNGTrigger","persistentId":"2df4afa6-fe0b-4479-bb35-51df760abccc","__parent":"Triggers","position":[-374.547424,-628.300659,126.692039],"luaFunction":"onBeamNGTrigger","rotationMatrix":[0.938731551,-0.344649166,0,0.344649166,0.938731551,0,0,0,1],"scale":[15.6083641,8.25554276,8.25554276],"triggerMode":"Overlaps","triggerTestType":"Bounding box"}
{"name":"BeamLRTrigger_AirfieldDirtRoadCP1","class":"BeamNGTrigger","persistentId":"a8c3af7d-a137-42c3-a2d0-507729fc4f2a","__parent":"Triggers","position":[-263.840485,-392.935547,135.525879],"luaFunction":"onBeamNGTrigger","rotationMatrix":[0.749777794,0.661689699,0,-0.661689699,0.749777794,0,0,0,1],"scale":[6.85429716,10.4983892,4.54189491],"triggerMode":"Overlaps","triggerTestType":"Bounding box"}
{"name":"BeamLRTrigger_AirfieldDirtRoadCP2","class":"BeamNGTrigger","persistentId":"f97959a7-09b3-4ba5-be3b-f59d1c102275","__parent":"Triggers","position":[119.969139,-189.68779,140.614548],"luaFunction":"onBeamNGTrigger","rotationMatrix":[0.993187249,0.11652942,0,-0.11652942,0.993187249,0,0,0,1],"scale":[6.85429716,10.4983892,4.54189491],"triggerMode":"Overlaps","triggerTestType":"Bounding box"}
{"name":"BeamLRTrigger_DirtRoadBridge","class":"BeamNGTrigger","persistentId":"7a916732-088e-47ff-ae57-2dfae6960750","__parent":"Triggers","position":[169.099533,443.29718,176.555023],"luaFunction":"onBeamNGTrigger","scale":[9.24702168,7.39199257,5.83134794],"triggerMode":"Overlaps","triggerTestType":"Bounding box"}
{"name":"BeamLRTrigger_CliffsideDirtRoad","class":"BeamNGTrigger","persistentId":"40163bc3-b3ce-4e74-9823-400851f57361","__parent":"Triggers","position":[697.516541,835.502686,185.682022],"luaFunction":"onBeamNGTrigger","rotationMatrix":[0.991305411,-0.131580979,0,0.131580979,0.991305411,0,0,0,1],"scale":[6.03212881,9.60146523,5.58608389],"triggerMode":"Overlaps","triggerTestType":"Bounding box"}
{"name":"BeamLRTrigger_Offroad2CP3","class":"BeamNGTrigger","persistentId":"34ebf383-0308-466e-9462-3b2c85a2bc4b","__parent":"Triggers","position":[-361.243164,-708.684509,108.53727],"luaFunction":"onBeamNGTrigger","rotationMatrix":[0.154428899,0.98800385,0,-0.98800385,0.154428899,0,0,0,1],"scale":[11.9880142,8.49339008,4.40516329],"triggerMode":"Overlaps","triggerTestType":"Bounding box"}
{"name":"BeamLRTrigger_Offroad2CP4","class":"BeamNGTrigger","persistentId":"37a4bc3f-51db-44b8-90e6-2f0563ee9397","__parent":"Triggers","position":[244.03894,-835.875977,133.329071],"luaFunction":"onBeamNGTrigger","rotationMatrix":[-0.339139819,0.940735877,0,-0.940735877,-0.339139819,0,0,0,1],"scale":[9.44141865,6.34141779,4.40516329],"triggerMode":"Overlaps","triggerTestType":"Bounding box"}
{"name":"BeamNGTrigger_BridgeCarZoneDirtRoad","class":"BeamNGTrigger","persistentId":"3243a010-c066-436e-91f4-05bc15ec6ca3","__parent":"Triggers","position":[828.156189,-375.792633,133.48616],"luaFunction":"onBeamNGTrigger","rotationMatrix":[0.529096127,0.800852001,0.280523002,-0.824365675,0.563490868,-0.0538426638,-0.201192141,-0.202765644,0.958335936],"scale":[9.0338459,16.5120754,8.12395],"triggerMode":"Overlaps","triggerTestType":"Bounding box"}
{"name":"BeamLRTrigger_Offroad2CP7","class":"BeamNGTrigger","persistentId":"004114ec-56bb-435d-b900-4dbc39af58aa","__parent":"Triggers","position":[542.28186,-360.635956,134.388229],"luaFunction":"onBeamNGTrigger","rotationMatrix":[-0.429521203,-0.903056502,0,0.903056502,-0.429521203,0,0,0,1],"scale":[8.6060009,11.2544632,6.64765644],"triggerMode":"Overlaps","triggerTestType":"Bounding box"}
{"name":"BeamLRTrigger_OffroadHighwayFinishCP","class":"BeamNGTrigger","persistentId":"6691d034-aa20-4b9a-b069-13f006670958","__parent":"Triggers","position":[-199.599792,-786.616699,125.857353],"luaFunction":"onBeamNGTrigger","rotationMatrix":[0.66861701,-0.740348458,0.0695369095,0.730087519,0.635833979,-0.250374556,0.141150489,0.218172729,0.965648592],"scale":[11.4285221,6.69041491,4.36591816],"triggerMode":"Overlaps","triggerTestType":"Bounding box"}
{"name":"BeamLRTrigger_DirtJunctionCP","class":"BeamNGTrigger","persistentId":"dd3a8655-36dc-4472-b696-9a5bbcf5e20f","__parent":"Triggers","position":[54.4235306,-95.5090942,149.099564],"scale":[10.8825016,16.5298958,7.63998985],"triggerMode":"Overlaps","triggerTestType":"Bounding box"}
