{"name":"speedDispL16","class":"TSStatic","persistentId":"09a99a45-59e1-4411-98a3-8139bd188af8","__parent":"ScoreboardL3","position":[-290.726593,-743.974182,17.5097466],"allowPlayerStep0":"1","instanceColor":[1,1,1,0],"isRenderEnabled":false,"locked":true,"rotationMatrix":[5.96046448e-08,-1,0,1,5.96046448e-08,0,0,0,1],"scale":[7.01394749,7.01394749,7.01394749],"shapeName":"/art/shapes/quarter_mile_display/display_6.dae","useInstanceRenderData":true}
{"name":"timeDispL16","class":"TSStatic","persistentId":"25db6a25-9703-4926-8aa5-3de130420c7e","__parent":"ScoreboardL3","position":[-290.760956,-742.9646,19.2967453],"allowPlayerStep0":"1","instanceColor":[1,1,1,0],"isRenderEnabled":false,"locked":true,"rotationMatrix":[5.96046448e-08,-1,0,1,5.96046448e-08,0,0,0,1],"scale":[7.01394749,7.01394749,7.01394749],"shapeName":"/art/shapes/quarter_mile_display/display_4.dae","useInstanceRenderData":true}
{"name":"timeDispLDot3","class":"TSStatic","persistentId":"5b4bf2c8-0c4f-44ed-b73e-04269e1f49da","__parent":"ScoreboardL3","position":[-290.75766,-743.099121,19.3417435],"allowPlayerStep0":"1","instanceColor":[1,1,1,0],"isRenderEnabled":false,"locked":true,"rotationMatrix":[5.96046448e-08,-1,0,1,5.96046448e-08,0,0,0,1],"scale":[7.01394749,7.01394749,6.71758175],"shapeName":"/art/shapes/quarter_mile_display/display_period.dae","useInstanceRenderData":true}
{"name":"speedDispL17","class":"TSStatic","persistentId":"71ff74ff-bbb9-434b-97f6-3920c1f14325","__parent":"ScoreboardL3","position":[-290.75766,-743.302063,17.5097466],"allowPlayerStep0":"1","instanceColor":[1,1,1,0],"isRenderEnabled":false,"locked":true,"rotationMatrix":[5.96046448e-08,-1,0,1,5.96046448e-08,0,0,0,1],"scale":[7.01394749,7.01394749,6.71758175],"shapeName":"/art/shapes/quarter_mile_display/display_2.dae","useInstanceRenderData":true}
{"name":"timeDispL17","class":"TSStatic","persistentId":"9b7fc1a2-0891-42d5-af69-e8c248133d10","__parent":"ScoreboardL3","position":[-290.760956,-741.25592,19.2967453],"allowPlayerStep0":"1","instanceColor":[1,1,1,0],"isRenderEnabled":false,"locked":true,"rotationMatrix":[5.96046448e-08,-1,0,1,5.96046448e-08,0,0,0,1],"scale":[7.01394749,7.01394749,7.01394749],"shapeName":"/art/shapes/quarter_mile_display/display_3.dae","useInstanceRenderData":true}
{"name":"speedDispL18","class":"TSStatic","persistentId":"5c533332-1986-4f84-90be-559e7fd5a1e3","__parent":"ScoreboardL3","position":[-290.760956,-741.145447,17.5097466],"allowPlayerStep0":"1","instanceColor":[1,1,1,0],"isRenderEnabled":false,"locked":true,"rotationMatrix":[5.96046448e-08,-1,0,1,5.96046448e-08,0,0,0,1],"scale":[7.01394749,7.01394749,7.01394749],"shapeName":"/art/shapes/quarter_mile_display/display_3.dae","useInstanceRenderData":true}
{"name":"timeDispL18","class":"TSStatic","persistentId":"b4415d96-bdf9-45ed-8416-65e61f7f88d2","__parent":"ScoreboardL3","position":[-290.726593,-744.095276,19.2967453],"allowPlayerStep0":"1","instanceColor":[1,1,1,0],"isRenderEnabled":false,"locked":true,"rotationMatrix":[5.96046448e-08,-1,0,1,5.96046448e-08,0,0,0,1],"scale":[7.01394749,7.01394749,7.01394749],"shapeName":"/art/shapes/quarter_mile_display/display_8.dae","useInstanceRenderData":true}
{"name":"speedDispL19","class":"TSStatic","persistentId":"01e693e9-d37a-4bc5-9ff5-ca733205299b","__parent":"ScoreboardL3","position":[-290.760956,-741.977783,17.5097466],"allowPlayerStep0":"1","instanceColor":[1,1,1,0],"isRenderEnabled":false,"locked":true,"rotationMatrix":[5.96046448e-08,-1,0,1,5.96046448e-08,0,0,0,1],"scale":[7.01394749,7.01394749,7.01394749],"shapeName":"/art/shapes/quarter_mile_display/display_3.dae","useInstanceRenderData":true}
{"name":"timeDispL19","class":"TSStatic","persistentId":"77ec09b3-4f96-47ae-b536-8d9f96b3b842","__parent":"ScoreboardL3","position":[-290.75766,-744.829468,19.2967453],"allowPlayerStep0":"1","instanceColor":[1,1,1,0],"isRenderEnabled":false,"locked":true,"rotationMatrix":[5.96046448e-08,-1,0,1,5.96046448e-08,0,0,0,1],"scale":[7.01394749,7.01394749,7.01394749],"shapeName":"/art/shapes/quarter_mile_display/display_1.dae","useInstanceRenderData":true}
{"name":"speedDispLDot3","class":"TSStatic","persistentId":"6931af0c-a05e-4e06-9aec-6854a759727f","__parent":"ScoreboardL3","position":[-290.760956,-742.312805,17.5097466],"allowPlayerStep0":"1","instanceColor":[1,1,1,0],"isRenderEnabled":false,"locked":true,"rotationMatrix":[5.96046448e-08,-1,0,1,5.96046448e-08,0,0,0,1],"scale":[7.01394749,7.01394749,7.01394749],"shapeName":"/art/shapes/quarter_mile_display/display_period.dae","useInstanceRenderData":true}
{"name":"speedDispL20","class":"TSStatic","persistentId":"a2c3912a-73c2-442f-8b98-581e2218193e","__parent":"ScoreboardL3","position":[-290.75766,-744.72522,17.5097466],"allowPlayerStep0":"1","instanceColor":[1,1,1,0],"isRenderEnabled":false,"locked":true,"rotationMatrix":[5.96046448e-08,-1,0,1,5.96046448e-08,0,0,0,1],"scale":[7.01394749,7.01394749,7.01394749],"shapeName":"/art/shapes/quarter_mile_display/display_1.dae","useInstanceRenderData":true}
{"name":"timeDispL20","class":"TSStatic","persistentId":"d284ab03-2de7-4cd9-9a4b-01786375353a","__parent":"ScoreboardL3","position":[-290.760956,-742.120789,19.2967453],"allowPlayerStep0":"1","instanceColor":[1,1,1,0],"isRenderEnabled":false,"locked":true,"rotationMatrix":[5.96046448e-08,-1,0,1,5.96046448e-08,0,0,0,1],"scale":[7.01394749,7.01394749,7.01394749],"shapeName":"/art/shapes/quarter_mile_display/display_7.dae","useInstanceRenderData":true}
