{"class":"TSStatic","persistentId":"01d334f1-de6c-49e0-a970-fe75d3ab0804","__parent":"boats","position":[1387.30176,1439.96606,136.957642],"annotation":"OBSTACLES","rotationMatrix":[-1,8.9406953e-08,0,-8.9406953e-08,-1,0,0,0,1],"shapeName":"/levels/italy/art/shapes/buildings/italy_boat_small_a.DAE","useInstanceRenderData":true}
{"class":"TSStatic","persistentId":"036d6989-10a7-4deb-a648-398da2d511ea","__parent":"boats","position":[1406.52649,1542.17419,136.589157],"annotation":"OBSTACLES","rotationMatrix":[-2.98023153e-08,-1,0,1,-2.98023153e-08,0,0,0,1],"shapeName":"/levels/italy/art/shapes/buildings/italy_boat_small_b.DAE","useInstanceRenderData":true}
{"class":"TSStatic","persistentId":"05d97d2e-d6f8-4179-a149-815db9891a9f","__parent":"boats","position":[1422.19128,1569.48535,136.111664],"annotation":"OBSTACLES","rotationMatrix":[0.0116537064,0.99993211,0,-0.99993211,0.0116537064,0,0,0,1],"shapeName":"/levels/italy/art/shapes/buildings/italy_boat_big_a.DAE","useInstanceRenderData":true}
{"class":"TSStatic","persistentId":"1146697f-c875-4ca0-9139-4510c98f9643","__parent":"boats","position":[1386.99609,1453.56982,136.587967],"annotation":"OBSTACLES","rotationMatrix":[-1,8.9406953e-08,0,-8.9406953e-08,-1,0,0,0,1],"shapeName":"/levels/italy/art/shapes/buildings/italy_boat_small_e.DAE","useInstanceRenderData":true}
{"class":"TSStatic","persistentId":"1414dbe8-ce2b-42eb-8ca5-71503b4c21f8","__parent":"boats","position":[1403.46753,1447.63281,137.294373],"annotation":"OBSTACLES","rotationMatrix":[1.49011612e-07,1,0,-1,1.49011612e-07,0,0,0,1],"shapeName":"/levels/italy/art/shapes/buildings/italy_boat_small_e.DAE","useInstanceRenderData":true}
{"class":"TSStatic","persistentId":"189dc3f4-63b1-419d-9fb5-1fc4783423fb","__parent":"boats","position":[1455.03064,1540.59924,136.151337],"annotation":"OBSTACLES","rotationMatrix":[0.0158268698,-0.999874592,0,0.999874592,0.0158268698,0,0,0,1],"shapeName":"/levels/italy/art/shapes/buildings/italy_boat_big_c.DAE","useInstanceRenderData":true}
{"class":"TSStatic","persistentId":"1a05bf49-6989-4531-81e2-c11035c467a7","__parent":"boats","position":[1386.32385,1430.64038,137.294373],"annotation":"OBSTACLES","rotationMatrix":[-1,8.9406953e-08,0,-8.9406953e-08,-1,0,0,0,1],"shapeName":"/levels/italy/art/shapes/buildings/italy_boat_small_e.DAE","useInstanceRenderData":true}
{"class":"TSStatic","persistentId":"1dc2540d-64c9-49b1-b654-ce3424f73f28","__parent":"boats","position":[-694.073608,-1408.75024,137.077927],"annotation":"OBSTACLES","rotationMatrix":[-0.581038833,-0.813876033,0,0.813876033,-0.581038833,0,0,0,1],"shapeName":"/levels/italy/art/shapes/buildings/italy_boat_small_e.DAE","useInstanceRenderData":true}
{"class":"TSStatic","persistentId":"1e3e5cc1-1471-4aa2-987c-07f3f8d33642","__parent":"boats","position":[1385.55444,1435.62195,136.435379],"annotation":"OBSTACLES","rotationMatrix":[-1,8.9406953e-08,0,-8.9406953e-08,-1,0,0,0,1],"shapeName":"/levels/italy/art/shapes/buildings/italy_boat_small_d.DAE","useInstanceRenderData":true}
{"class":"TSStatic","persistentId":"1ee00cbe-7155-435e-8bac-8b38347d9576","__parent":"boats","position":[1171.36328,-407.444092,136.950943],"annotation":"OBSTACLES","rotationMatrix":[-0.626489341,-0.779429674,0,0.779429674,-0.626489341,0,0,0,1],"shapeName":"/levels/italy/art/shapes/buildings/italy_boat_small_a.DAE","useInstanceRenderData":true}
{"class":"TSStatic","persistentId":"1f04624b-9626-4818-acf9-6ef1914b6a77","__parent":"boats","position":[1425.7002,1539.02295,136.041809],"annotation":"OBSTACLES","rotationMatrix":[-0.171978548,-0.985100746,0,0.985100746,-0.171978548,0,0,0,1],"shapeName":"/levels/italy/art/shapes/buildings/italy_boat_big_a.DAE","useInstanceRenderData":true}
{"class":"TSStatic","persistentId":"286c77e0-a172-44ba-8eae-f8729b5470e4","__parent":"boats","position":[1421.48938,1476.11584,136.435379],"annotation":"OBSTACLES","rotationMatrix":[-2.98023153e-08,-1,0,1,-2.98023153e-08,0,0,0,1],"shapeName":"/levels/italy/art/shapes/buildings/italy_boat_small_d.DAE","useInstanceRenderData":true}
{"class":"TSStatic","persistentId":"28eeba9d-ad60-4fa5-85e3-cd026095be5b","__parent":"boats","position":[1420.02197,1540.70911,137.294373],"annotation":"OBSTACLES","rotationMatrix":[-2.98023153e-08,-1,0,1,-2.98023153e-08,0,0,0,1],"shapeName":"/levels/italy/art/shapes/buildings/italy_boat_small_e.DAE","useInstanceRenderData":true}
{"class":"TSStatic","persistentId":"29203a77-9fc0-4594-87d5-2ec7939eb725","__parent":"boats","position":[-778.961365,-1431.5387,136.957642],"annotation":"OBSTACLES","rotationMatrix":[0.705748141,-0.708462894,0,0.708462894,0.705748141,0,0,0,1],"shapeName":"/levels/italy/art/shapes/buildings/italy_boat_small_a.DAE","useInstanceRenderData":true}
{"class":"TSStatic","persistentId":"29a551af-da0e-406a-bb1e-2618b12c8e52","__parent":"boats","position":[1441.0979,1476.2677,136.308304],"annotation":"OBSTACLES","rotationMatrix":[-0.142802402,-0.98975122,0,0.98975122,-0.142802402,0,0,0,1],"shapeName":"/levels/italy/art/shapes/buildings/italy_boat_big_b.DAE","useInstanceRenderData":true}
{"class":"TSStatic","persistentId":"2b87cb8b-e3c5-4977-bd75-3539d90fc564","__parent":"boats","position":[-758.418518,-1451.65356,136.589157],"annotation":"OBSTACLES","rotationMatrix":[0.703126252,-0.711065114,0,0.711065114,0.703126252,0,0,0,1],"shapeName":"/levels/italy/art/shapes/buildings/italy_boat_small_b.DAE","useInstanceRenderData":true}
{"class":"TSStatic","persistentId":"3484f861-dc8b-4eab-a967-332e441f396d","__parent":"boats","position":[1403.84839,1432.00781,136.435379],"annotation":"OBSTACLES","rotationMatrix":[1.49011612e-07,1,0,-1,1.49011612e-07,0,0,0,1],"shapeName":"/levels/italy/art/shapes/buildings/italy_boat_small_d.DAE","useInstanceRenderData":true}
{"class":"TSStatic","persistentId":"37628b1d-2ea2-4e51-9593-3a6878545fa6","__parent":"boats","position":[1426.47083,1476.8855,137.294373],"annotation":"OBSTACLES","rotationMatrix":[-2.98023153e-08,-1,0,1,-2.98023153e-08,0,0,0,1],"shapeName":"/levels/italy/art/shapes/buildings/italy_boat_small_e.DAE","useInstanceRenderData":true}
{"class":"TSStatic","persistentId":"3a367d79-5126-4648-969c-5c7f6115ba5f","__parent":"boats","position":[1401.64954,1541.59387,136.459656],"annotation":"OBSTACLES","rotationMatrix":[-2.98023153e-08,-1,0,1,-2.98023153e-08,0,0,0,1],"shapeName":"/levels/italy/art/shapes/buildings/italy_boat_small_c.DAE","useInstanceRenderData":true}
{"class":"TSStatic","persistentId":"3c3dd6db-0faa-4d4b-ab14-648cf0169955","__parent":"boats","position":[-1774.50757,1340.56165,136.388947],"annotation":"OBSTACLES","rotationMatrix":[-1,8.9406953e-08,0,-8.9406953e-08,-1,0,0,0,1],"shapeName":"/levels/italy/art/shapes/buildings/italy_boat_small_b.DAE","useInstanceRenderData":true}
{"class":"TSStatic","persistentId":"4173c0b8-b231-4da4-970d-a0e8ddb05108","__parent":"boats","position":[1403.59033,1570.26746,136.079742],"annotation":"OBSTACLES","rotationMatrix":[0.122476958,0.992471397,0,-0.992471397,0.122476958,0,0,0,1],"shapeName":"/levels/italy/art/shapes/buildings/italy_boat_big_d.DAE","useInstanceRenderData":true}
{"class":"TSStatic","persistentId":"44bacc04-3b04-4e4f-829a-1906579af123","__parent":"boats","position":[1421.07581,1431.1156,136.459656],"annotation":"OBSTACLES","rotationMatrix":[1.49011612e-07,1,0,-1,1.49011612e-07,0,0,0,1],"shapeName":"/levels/italy/art/shapes/buildings/italy_boat_small_c.DAE","useInstanceRenderData":true}
{"class":"TSStatic","persistentId":"45169796-062b-4c15-a24e-af5a4562e97f","__parent":"boats","position":[1166.77319,-419.432465,135.810486],"annotation":"OBSTACLES","rotationMatrix":[-2.98023153e-08,-1,0,1,-2.98023153e-08,0,0,0,1],"shapeName":"/levels/italy/art/shapes/buildings/italy_boat_small_d.DAE","useInstanceRenderData":true}
{"class":"TSStatic","persistentId":"4572b0b3-ce6a-4ae1-8eb4-75437f4a4f76","__parent":"boats","position":[1409.95703,1566.16663,136.459656],"annotation":"OBSTACLES","rotationMatrix":[-8.94069885e-08,1,0,-1,-8.94069885e-08,0,0,0,1],"shapeName":"/levels/italy/art/shapes/buildings/italy_boat_small_c.DAE","useInstanceRenderData":true}
{"class":"TSStatic","persistentId":"46e63901-5e75-491a-9345-c4fa156d6736","__parent":"boats","position":[1415.04053,1539.93945,136.435379],"annotation":"OBSTACLES","rotationMatrix":[-2.98023153e-08,-1,0,1,-2.98023153e-08,0,0,0,1],"shapeName":"/levels/italy/art/shapes/buildings/italy_boat_small_d.DAE","useInstanceRenderData":true}
{"class":"TSStatic","persistentId":"472c9db4-0033-418a-b5dd-3d13bb734b59","__parent":"boats","position":[1408.09839,1477.77026,136.459656],"annotation":"OBSTACLES","rotationMatrix":[-2.98023153e-08,-1,0,1,-2.98023153e-08,0,0,0,1],"shapeName":"/levels/italy/art/shapes/buildings/italy_boat_small_c.DAE","useInstanceRenderData":true}
{"class":"TSStatic","persistentId":"4cffccd3-b4c6-4f2b-b5f1-9042a9171109","__parent":"boats","position":[1434.13574,1475.18518,136.096939],"annotation":"OBSTACLES","rotationMatrix":[-0.171978548,-0.985100746,0,0.985100746,-0.171978548,0,0,0,1],"shapeName":"/levels/italy/art/shapes/buildings/italy_boat_big_a.DAE","useInstanceRenderData":true}
{"class":"TSStatic","persistentId":"4e8200ca-f423-44ab-92fa-3cffce5ec94e","__parent":"boats","position":[1166.56018,-433.687531,136.459656],"annotation":"OBSTACLES","rotationMatrix":[-2.98023153e-08,-1,0,1,-2.98023153e-08,0,0,0,1],"shapeName":"/levels/italy/art/shapes/buildings/italy_boat_small_c.DAE","useInstanceRenderData":true}
{"class":"TSStatic","persistentId":"50238608-d424-4579-a895-2466fe32ee75","__parent":"boats","position":[1461.28845,1542.94385,136.459656],"annotation":"OBSTACLES","rotationMatrix":[-2.98023153e-08,-1,0,1,-2.98023153e-08,0,0,0,1],"shapeName":"/levels/italy/art/shapes/buildings/italy_boat_small_c.DAE","useInstanceRenderData":true}
{"class":"TSStatic","persistentId":"57a4dcbd-2d02-42e3-bd44-b9e2ff46885b","__parent":"boats","position":[1189.448,-390.055969,136.490189],"annotation":"OBSTACLES","rotationMatrix":[-0.666609466,-0.745407403,0,0.745407403,-0.666609466,0,0,0,1],"shapeName":"/levels/italy/art/shapes/buildings/italy_boat_small_e.DAE","useInstanceRenderData":true}
{"class":"TSStatic","persistentId":"5a429f03-cf57-45cc-9eeb-038d2d2761e9","__parent":"boats","position":[1403.36511,1479.01257,136.922287],"annotation":"OBSTACLES","rotationMatrix":[-0.0988813639,-0.995099127,0,0.995099127,-0.0988813639,0,0,0,1],"shapeName":"/levels/italy/art/shapes/buildings/italy_boat_small_a.DAE","useInstanceRenderData":true}
{"class":"TSStatic","persistentId":"7018df60-9bd7-41f9-ac73-7e77f448a24a","__parent":"boats","position":[1446.52039,1569.65344,136.041809],"annotation":"OBSTACLES","rotationMatrix":[0.171978459,0.985100746,0,-0.985100746,0.171978459,0,0,0,1],"shapeName":"/levels/italy/art/shapes/buildings/italy_boat_big_a.DAE","useInstanceRenderData":true}
{"class":"TSStatic","persistentId":"77952c1c-6f88-4b0b-b85c-a1ad7777df2d","__parent":"boats","position":[1442.32812,1540.52441,136.323029],"annotation":"OBSTACLES","rotationMatrix":[0.0178898517,-0.999840021,0,0.999840081,0.0178898517,0,0,0,1],"shapeName":"/levels/italy/art/shapes/buildings/italy_boat_big_b.DAE","useInstanceRenderData":true}
{"class":"TSStatic","persistentId":"7f08406c-ceeb-46af-907d-c8210f4701a1","__parent":"boats","position":[1420.92969,1446.49915,136.589157],"annotation":"OBSTACLES","rotationMatrix":[1.49011612e-07,1,0,-1,1.49011612e-07,0,0,0,1],"shapeName":"/levels/italy/art/shapes/buildings/italy_boat_small_b.DAE","useInstanceRenderData":true}
{"class":"TSStatic","persistentId":"8258b1f9-257a-480d-87d3-d923effb18be","__parent":"boats","position":[1440.43176,1436.36975,135.982498],"annotation":"OBSTACLES","rotationMatrix":[0.877420604,0.479722142,0,-0.479722142,0.877420604,0,0,0,1],"shapeName":"/levels/italy/art/shapes/buildings/italy_boat_big_b.DAE","useInstanceRenderData":true}
{"class":"TSStatic","persistentId":"91529e9a-f733-45ea-8f8a-dd1d4ed718f0","__parent":"boats","position":[1180.05884,-400.195984,136.367188],"annotation":"OBSTACLES","rotationMatrix":[-0.713782251,-0.700367391,0,0.700367391,-0.713782251,0,0,0,1],"shapeName":"/levels/italy/art/shapes/buildings/italy_boat_small_b.DAE","useInstanceRenderData":true}
{"class":"TSStatic","persistentId":"9951157d-f71b-40ee-8738-a1fbabc95e73","__parent":"boats","position":[1440.1178,1449.47461,136.151337],"annotation":"OBSTACLES","rotationMatrix":[0.918035746,0.396497786,0,-0.396497786,0.918035746,0,0,0,1],"shapeName":"/levels/italy/art/shapes/buildings/italy_boat_big_c.DAE","useInstanceRenderData":true}
{"class":"TSStatic","persistentId":"9e7deb13-313b-44a2-bf31-f264156c57b2","__parent":"boats","position":[1468.93494,1566.53052,136.459656],"annotation":"OBSTACLES","rotationMatrix":[5.96046377e-08,1,0,-1,5.96046377e-08,0,0,0,1],"shapeName":"/levels/italy/art/shapes/buildings/italy_boat_small_c.DAE","useInstanceRenderData":true}
{"class":"TSStatic","persistentId":"9f422618-49a4-4a2e-bb80-c1fbdeaed412","__parent":"boats","position":[1428.91711,1568.58594,136.323029],"annotation":"OBSTACLES","rotationMatrix":[-0.0178903174,0.999839962,0,-0.999839962,-0.0178903174,0,0,0,1],"shapeName":"/levels/italy/art/shapes/buildings/italy_boat_big_b.DAE","useInstanceRenderData":true}
{"class":"TSStatic","persistentId":"a3de8655-42f6-4951-8275-ba427d832141","__parent":"boats","position":[-712.758057,-1444.23096,136.507675],"annotation":"OBSTACLES","rotationMatrix":[0.926167607,-0.377111733,0,0.377111733,0.926167607,0,0,0,1],"shapeName":"/levels/italy/art/shapes/buildings/italy_boat_big_c.DAE","useInstanceRenderData":true}
{"class":"TSStatic","persistentId":"b3b42124-a7e8-4900-8f15-f8c7cc4f0df0","__parent":"boats","position":[1467.65503,1538.8429,136.079742],"annotation":"OBSTACLES","rotationMatrix":[-0.122476816,-0.992471337,0,0.992471337,-0.122476816,0,0,0,1],"shapeName":"/levels/italy/art/shapes/buildings/italy_boat_big_d.DAE","useInstanceRenderData":true}
{"class":"TSStatic","persistentId":"bdf48761-110a-4a69-ac44-4a1e006f4be8","__parent":"boats","position":[1464.05811,1565.9502,136.589157],"annotation":"OBSTACLES","rotationMatrix":[5.96046377e-08,1,0,-1,5.96046377e-08,0,0,0,1],"shapeName":"/levels/italy/art/shapes/buildings/italy_boat_small_b.DAE","useInstanceRenderData":true}
{"class":"TSStatic","persistentId":"bf51578a-426b-48a2-9071-67ff1d05b59f","__parent":"boats","position":[1387.78918,1444.13586,136.589157],"annotation":"OBSTACLES","rotationMatrix":[-1,8.9406953e-08,0,-8.9406953e-08,-1,0,0,0,1],"shapeName":"/levels/italy/art/shapes/buildings/italy_boat_small_b.DAE","useInstanceRenderData":true}
{"class":"TSStatic","persistentId":"c1751e54-968d-41d8-9461-bbcbffd521fe","__parent":"boats","position":[1447.20874,1473.54468,136.079742],"annotation":"OBSTACLES","rotationMatrix":[-0.122476816,-0.992471337,0,0.992471337,-0.122476816,0,0,0,1],"shapeName":"/levels/italy/art/shapes/buildings/italy_boat_big_d.DAE","useInstanceRenderData":true}
{"class":"TSStatic","persistentId":"c1ba7d71-a529-4a9d-a252-a224345cd41b","__parent":"boats","position":[1454.1311,1474.65369,136.151337],"annotation":"OBSTACLES","rotationMatrix":[0.0158268698,-0.999874592,0,0.999874592,0.0158268698,0,0,0,1],"shapeName":"/levels/italy/art/shapes/buildings/italy_boat_big_c.DAE","useInstanceRenderData":true}
{"class":"TSStatic","persistentId":"c2ea93b6-1502-4726-87f2-32b88f656202","__parent":"boats","position":[1433.18176,1537.979,136.079742],"annotation":"OBSTACLES","rotationMatrix":[-0.122476816,-0.992471337,0,0.992471337,-0.122476816,0,0,0,1],"shapeName":"/levels/italy/art/shapes/buildings/italy_boat_big_d.DAE","useInstanceRenderData":true}
{"class":"TSStatic","persistentId":"cf6e315b-ba53-4011-9fb1-7f01a453c9d9","__parent":"boats","position":[1441.19348,1443.7489,136.079742],"annotation":"OBSTACLES","rotationMatrix":[0.90563041,0.424068332,0,-0.424068332,0.90563041,0,0,0,1],"shapeName":"/levels/italy/art/shapes/buildings/italy_boat_big_d.DAE","useInstanceRenderData":true}
{"class":"TSStatic","persistentId":"d03fc82b-f6ed-4d11-aaa8-2e2e67f1844f","__parent":"boats","position":[1467.05444,1475.43823,136.096939],"annotation":"OBSTACLES","rotationMatrix":[-0.258818954,-0.965925694,0,0.965925694,-0.258818954,0,0,0,1],"shapeName":"/levels/italy/art/shapes/buildings/italy_boat_big_a.DAE","useInstanceRenderData":true}
{"class":"TSStatic","persistentId":"d07de82f-50ce-46d2-8b57-93246623c67a","__parent":"boats","position":[-1777.50366,1332.05249,135.997147],"annotation":"OBSTACLES","rotationMatrix":[-1,8.9406953e-08,0,-8.9406953e-08,-1,0,0,0,1],"shapeName":"/levels/italy/art/shapes/buildings/italy_boat_small_d.DAE","useInstanceRenderData":true}
{"class":"TSStatic","persistentId":"d09c5ea0-097f-49fc-9722-3453fe70c712","__parent":"boats","position":[1416.21472,1568.51086,136.151337],"annotation":"OBSTACLES","rotationMatrix":[-0.0158269443,0.99987483,0,-0.99987483,-0.0158269443,0,0,0,1],"shapeName":"/levels/italy/art/shapes/buildings/italy_boat_big_c.DAE","useInstanceRenderData":true}
{"class":"TSStatic","persistentId":"da5da804-a42a-4e86-91e8-e39c43965367","__parent":"boats","position":[1417.14502,1477.86316,136.957642],"annotation":"OBSTACLES","rotationMatrix":[-2.98023153e-08,-1,0,1,-2.98023153e-08,0,0,0,1],"shapeName":"/levels/italy/art/shapes/buildings/italy_boat_small_a.DAE","useInstanceRenderData":true}
{"class":"TSStatic","persistentId":"de5680c6-da2c-4e72-8947-8b7bbbf61a63","__parent":"boats","position":[1449.05444,1539.62512,136.111664],"annotation":"OBSTACLES","rotationMatrix":[-0.0116537819,-0.99993211,0,0.99993211,-0.0116537819,0,0,0,1],"shapeName":"/levels/italy/art/shapes/buildings/italy_boat_big_a.DAE","useInstanceRenderData":true}
{"class":"TSStatic","persistentId":"def002a5-92a1-4494-ae91-851f4d15df6c","__parent":"boats","position":[1412.97534,1478.35059,136.589157],"annotation":"OBSTACLES","rotationMatrix":[-2.98023153e-08,-1,0,1,-2.98023153e-08,0,0,0,1],"shapeName":"/levels/italy/art/shapes/buildings/italy_boat_small_b.DAE","useInstanceRenderData":true}
{"class":"TSStatic","persistentId":"df9981c7-82ec-4358-af0e-69c755dc2946","__parent":"boats","position":[1455.54382,1568.18494,136.435379],"annotation":"OBSTACLES","rotationMatrix":[5.96046377e-08,1,0,-1,5.96046377e-08,0,0,0,1],"shapeName":"/levels/italy/art/shapes/buildings/italy_boat_small_d.DAE","useInstanceRenderData":true}
{"class":"TSStatic","persistentId":"dfffda7a-9fe5-4fb5-b3e8-51b6c9756d74","__parent":"boats","position":[1438.0636,1571.13147,136.079742],"annotation":"OBSTACLES","rotationMatrix":[0.122476958,0.992471397,0,-0.992471397,0.122476958,0,0,0,1],"shapeName":"/levels/italy/art/shapes/buildings/italy_boat_big_d.DAE","useInstanceRenderData":true}
{"class":"TSStatic","persistentId":"ec5eb866-c32d-4096-84f5-8f3ad3314b4b","__parent":"boats","position":[-1774.24255,1336.47229,136.743744],"annotation":"OBSTACLES","rotationMatrix":[-1,8.9406953e-08,0,-8.9406953e-08,-1,0,0,0,1],"shapeName":"/levels/italy/art/shapes/buildings/italy_boat_small_a.DAE","useInstanceRenderData":true}
{"class":"TSStatic","persistentId":"ed6ec098-56cf-4235-a4ff-94db019f1053","__parent":"boats","position":[-1773.56104,1348.63904,136.50676],"annotation":"OBSTACLES","rotationMatrix":[-0.974045157,-0.226353794,0,0.226353794,-0.974045157,0,0,0,1],"shapeName":"/levels/italy/art/shapes/buildings/italy_boat_small_c.DAE","useInstanceRenderData":true}
{"class":"TSStatic","persistentId":"f1643ecc-befe-4d11-b606-d056159ff592","__parent":"boats","position":[1410.69617,1541.68677,136.957642],"annotation":"OBSTACLES","rotationMatrix":[-2.98023153e-08,-1,0,1,-2.98023153e-08,0,0,0,1],"shapeName":"/levels/italy/art/shapes/buildings/italy_boat_small_a.DAE","useInstanceRenderData":true}
{"class":"TSStatic","persistentId":"f1bb0dc3-09b5-40be-88ad-6fe51b2bcc6e","__parent":"boats","position":[1387.20886,1449.01282,136.459656],"annotation":"OBSTACLES","rotationMatrix":[-1,8.9406953e-08,0,-8.9406953e-08,-1,0,0,0,1],"shapeName":"/levels/italy/art/shapes/buildings/italy_boat_small_c.DAE","useInstanceRenderData":true}
{"class":"TSStatic","persistentId":"fd274a0e-5159-4b34-b4e6-b303791d735e","__parent":"boats","position":[1460.63965,1475.42529,136.308304],"annotation":"OBSTACLES","rotationMatrix":[-0.230172023,-0.973150015,0,0.973150015,-0.230172023,0,0,0,1],"shapeName":"/levels/italy/art/shapes/buildings/italy_boat_big_b.DAE","useInstanceRenderData":true}
