{"name":"startTrigR3","class":"BeamNGTrigger","persistentId":"fea76bb9-71c9-4462-8dc7-3a5f14d89fa6","__parent":"DragTriggers3","position":[-0.694595337,-727.874756,12.0175266],"locked":true,"luaFunction":"onBeamNGTrigger","scale":[0.963378906,9.29960918,4.19927454]}
{"name":"finishTrig3","class":"BeamNGTrigger","persistentId":"2ba21fc4-06f5-4244-be82-cfed74d00786","__parent":"DragTriggers3","position":[-201.72728,-732.507568,12.0621548],"locked":true,"luaFunction":"onBeamNGTrigger","scale":[0.739941359,19.6288071,4.1019268]}
{"name":"falseStartTrigL3","class":"BeamNGTrigger","persistentId":"feee0ff7-c9da-46eb-ace3-66096a86440d","__parent":"DragTriggers3","position":[-3.85462952,-737.772827,12.0417767],"locked":true,"luaFunction":"onBeamNGTrigger","scale":[4.65859413,9.45712662,4.86588669]}
{"name":"falseStartTrigR3","class":"BeamNGTrigger","persistentId":"d5b5c735-ccee-4219-88b2-51a6e3f1a76d","__parent":"DragTriggers3","position":[-3.85462952,-727.941467,12.0417767],"locked":true,"luaFunction":"onBeamNGTrigger","scale":[4.65859413,9.45712662,4.86588669]}
{"name":"prestageTrigL3","class":"BeamNGTrigger","persistentId":"3b5aae7a-f21b-4faa-a100-f279c2c99785","__parent":"DragTriggers3","position":[-0.235198736,-737.868713,12.0175266],"locked":true,"luaFunction":"onBeamNGTrigger","scale":[0.963378906,9.29960918,4.19927454]}
{"name":"laneTrigR3","class":"BeamNGTrigger","persistentId":"b334760c-3f0c-463c-a4bb-0a4c0d440094","__parent":"DragTriggers3","position":[-117.148491,-726.562622,12.0175285],"locked":true,"luaFunction":"onBeamNGTrigger","scale":[235,13,7.45670176]}
{"name":"startTrigL3","class":"BeamNGTrigger","persistentId":"98c39498-41fd-4a6f-b410-d22784be4c47","__parent":"DragTriggers3","position":[-0.694595337,-737.868713,12.0175266],"locked":true,"luaFunction":"onBeamNGTrigger","scale":[0.963378906,9.29960918,4.19927454]}
{"name":"laneTrigL3","class":"BeamNGTrigger","persistentId":"f59463fa-f2ee-4004-880f-5e5e9fe1aa04","__parent":"DragTriggers3","position":[-117.148491,-739.178406,12.0175285],"locked":true,"luaFunction":"onBeamNGTrigger","scale":[235,13,7.45670176]}
{"name":"prestageTrigR3","class":"BeamNGTrigger","persistentId":"75112378-6807-4ab5-b082-9c8c3883ca6c","__parent":"DragTriggers3","position":[-0.240371704,-727.874756,12.0175266],"locked":true,"luaFunction":"onBeamNGTrigger","scale":[1.20878911,9.29960918,4.19927454]}
