{"class":"TSStatic","persistentId":"6c3d7dc1-0eff-4d3e-88c8-fe99d9e637dc","__parent":"house_d","position":[-246.238312,-890.409058,11.0887146],"annotation":"OBSTACLES","isRenderEnabled":false,"rotationMatrix":[0.458616316,-0.888634622,0,0.888634622,0.458616316,0,0,0,1],"shapeName":"/levels/east_coast_usa/art/shapes/buildings/eca_fv_lobstertrap_stack_a.DAE"}
{"class":"TSStatic","persistentId":"6e3ded27-d70a-4a68-8ee5-656597e7c187","__parent":"house_d","position":[-248.496445,-890.986816,11.0887146],"annotation":"OBSTACLES","isRenderEnabled":false,"rotationMatrix":[0.544786513,-0.838575244,0,0.838575244,0.544786513,0,0,0,1],"shapeName":"/levels/east_coast_usa/art/shapes/buildings/eca_fv_metal_box.DAE"}
{"class":"TSStatic","persistentId":"da3d9056-a7a7-4a6c-97c9-7775ff8c44a5","__parent":"house_d","position":[-249.111542,-893.830627,11.0887146],"annotation":"BUILDINGS","isRenderEnabled":false,"rotationMatrix":[0.499999821,-0.866025448,0,0.866025448,0.499999821,0,0,0,1],"shapeName":"/levels/east_coast_usa/art/shapes/buildings/eca_bld_fv_house_d.DAE"}
{"class":"TSStatic","persistentId":"e5efa286-516c-4d14-aff8-05d1e25fe577","__parent":"house_d","position":[-249.827927,-890.07251,11.0802584],"annotation":"OBSTACLES","isRenderEnabled":false,"rotationMatrix":[0.927757204,0.373184085,0,-0.373184085,0.927757204,0,0,0,1],"shapeName":"/levels/east_coast_usa/art/shapes/buildings/eca_fv_junk_a.DAE"}
