{"name":"theLevelInfo","class":"LevelInfo","persistentId":"0d081540-4122-4f04-be8e-0d1c7752979b","__parent":"Sky","canvasClearColor":[1,1,1,255],"enabled":"1","fogAtmosphereHeight":6000,"fogColor":[1,0.999989986,0.999989986,1],"fogDensity":0.00039999999,"globalEnviromentMap":"cubemap_ks_nord_reflection","gravity":-9.81000042,"soundAmbience":"Reverb_ATT_Mountains","visibleDistance":6500}
{"name":"tod","class":"TimeOfDay","persistentId":"690612e2-28cc-424c-b5ab-ff0c764ff24e","__parent":"Sky","position":[36.6227989,-62.5098,15.3204002],"animate":"0","axisTilt":-23,"azimuthOverride":0,"dayScale":2,"nightScale":10,"play":false,"startTime":0.860000014,"time":0.860000014}
{"name":"sunsky","class":"ScatterSky","persistentId":"e3aec7cc-f50c-4c5c-ab07-b7937d73c192","__parent":"Sky","position":[270,-910,261],"ambientScale":[0.999989986,0.999996841,1,1],"azimuth":118.850327,"brightness":7,"colorize":[9.99999997e-07,9.99989993e-07,9.99989993e-07,1],"elevation":35.9268723,"enableFogFallBack":false,"flareScale":25,"flareType":"BNG_Sunflare_3","fogScale":[0.740996361,0.808841944,1,1],"groundAlbedo":[0.275664896,0.275667161,0.275667667,1],"lastSplitTerrainOnly":true,"logWeight":0.995999992,"mieScattering":0.000429146865,"moonLightColor":[0.0138842026,0.0142526329,0.0166640282,1],"moonMat":"Moon_Glow_Mat","moonScale":0.0350000001,"nightColor":[0.155863941,0.153538048,0.165920377,1],"nightCubemap":"nightCubemap","nightFogColor":[0.00663821539,0.00743526127,0.00788420439,1],"occlusionScale":0.200000003,"overDarkFactor":[40000,20000,10000,4000],"rayleighScattering":0.00400000019,"rotationMatrix":[1,0,0,0,0.999999762,-0.000690533896,0,0.000690533896,0.999999762],"shadowDarkenColor":[0,0,0,0],"shadowDistance":1200,"shadowSoftness":0.24999997,"skyBrightness":40,"sunScale":[1,0.920196295,0.745386243,1],"sunSize":1.00000012,"texSize":2048,"useNightCubemap":true}
{"name":"CloudLayer_1","class":"CloudLayer","persistentId":"000cedf4-8aae-407f-ab67-c7a1ef75cbee","__parent":"Sky","Textures":[{},{},{}],"coverage":0.25,"exposure":2.00000048,"height":2.49999952,"texture":"/levels/ks_nord/art/ecusa_clouds/SkyNormals_05.dds"}
