{"name":"theLevelInfo","class":"LevelInfo","persistentId":"0d081540-4122-4f04-be8e-0d1c7752979b","__parent":"Sky","ambientLightBlendPhase":0.099999927,"canvasClearColor":[1,1,1,255],"enabled":"1","fogAtmosphereHeight":6000,"fogColor":[0.866128445,1.12899196,1.72549033,1],"fogDensity":0.000300000014,"globalEnviromentMap":"cubemap_ks_nord_reflection2","gravity":-9.81000042,"soundAmbience":"Reverb_ATT_Mountains","temperatureCurveC":[0,21,0.5,13,1,21],"visibleDistance":6500}
{"name":"tod","class":"TimeOfDay","persistentId":"690612e2-28cc-424c-b5ab-ff0c764ff24e","__parent":"Sky","position":[36.6227989,-62.5098,15.3204002],"animate":"0","axisTilt":27,"azimuthOverride":0,"dayScale":2,"nightScale":10,"play":false,"startTime":0.860000014,"time":0.860000014}
{"name":"sunsky","class":"scattersky","persistentId":"e3aec7cc-f50c-4c5c-ab07-b7937d73c192","__parent":"Sky","position":[270,-910,261],"azimuth":56.5241013,"brightness":5,"colorize":[9.99989993e-07,9.9999113e-07,9.99999997e-07,1],"elevation":34.6073418,"enableFogFallBack":false,"fadeStartDistance":1000,"flareType":"BNG_Sunflare_3","fogScale":[0.761245668,1.12816322,1.96078444,1],"groundAlbedo":[0.824396074,0.824403644,0.824404299,1],"lastSplitTerrainOnly":true,"logWeight":0.980000019,"mieScattering":0.000413752306,"moonLightColor":[0.0122741461,0.0122740231,0.0122740231,1],"moonMat":"Moon_Glow_Mat","moonScale":0.0350000113,"nightColor":[0.0386134982,0.0386131108,0.0386131108,1],"nightCubemap":"DarkNightCubemap","nightFogColor":[9.99989993e-07,9.99994427e-07,9.99999997e-07,1],"occlusionScale":0.200000003,"overDarkFactor":[160000,10000,1500,400],"rayleighScattering":0.00200000009,"rotationMatrix":[1,0,0,0,0.999999762,-0.000690533896,0,0.000690533896,0.999999762],"shadowDarkenColor":[0,0,0,0],"shadowDistance":1600,"shadowSoftness":0.349999964,"skyBrightness":60,"sunScale":[0.909803927,0.811764717,0.552941203,1],"sunScaleGradientFile":"/levels/ks_nord/art/gradient_sunscalesupersat.png","texSize":2048,"useNightCubemap":true}
{"name":"CloudLayer_1","class":"CloudLayer","persistentId":"000cedf4-8aae-407f-ab67-c7a1ef75cbee","__parent":"Sky","Textures":[{},{},{}],"baseColor":[0.894642591,0.894633651,0.894633651,1],"coverage":0.25,"exposure":1.60000002,"height":3.9000001,"texture":"/levels/ks_nord/art/ecusa_clouds/SkyNormals_01.dds"}
