{
  "data":[
    {
      "config":"simple_traffic_pessima",
      "model":"pessima"
    },
    {
      "config":"simple_traffic_vivace",
      "model":"vivace"
    },
    {
      "config":"simple_traffic_covet",
      "model":"covet"
    },
    {
      "config":"simple_traffic_coupe",
      "model":"coupe"
    },
    {
      "config":"simple_traffic_midsize",
      "model":"midsize"
    },
    {
      "config":"simple_traffic_sunburst",
      "model":"sunburst"
    },
    {
      "config":"simple_traffic_legran",
      "model":"legran"
    },
    {
      "config":"simple_traffic_etki",
      "model":"etki"
    }
  ],
  "name":"Rural",
  "type":"custom"
}