{"name":"Amb_2D","class":"SimGroup","persistentId":"4e586620-2168-484e-acab-86cf85f4c766","__parent":"Audio","locked":true}
{"name":"Amb_3D","class":"SimGroup","persistentId":"a6bfccea-668e-4279-b915-0654c73d8508","__parent":"Audio","locked":true}
{"name":"Snapshots","class":"SimGroup","persistentId":"9dacbc92-8317-4a22-a4cc-00d365b60c5a","__parent":"Audio","locked":true}
{"name":"Whooshes","class":"SimGroup","persistentId":"00e9c65c-43af-4785-9384-80128e699b2f","__parent":"Audio","locked":true}
{"name":"Wind","class":"SimGroup","persistentId":"c1ae5e91-5b7c-4bd0-ad0a-67306ea4ce03","__parent":"Audio","locked":true}
{"name":"Airplanes","class":"SFXEmitter","persistentId":"102f9a6a-4ca5-4bd0-9e8a-9c4a4b3bb078","__parent":"Audio","position":[-31.6779099,-12.6821671,33.6224098],"fadeInTime":0,"fadeOutTime":0,"isLooping":false,"locked":true,"maxDistance":5000,"referenceDistance":2000,"scale":[5000,5000,5000],"track":"event:>Ambient>3D Shared>Airplanes","useTrackDescriptionOnly":true}
{"name":"Generic_Air","class":"SFXEmitter","persistentId":"968a79bc-a8fe-463a-bd3d-975230b36e5c","__parent":"Audio","position":[-223.246338,-324.711945,47.9774551],"cloneOrigin":"Animal_QP875_1","fadeInTime":0,"fadeOutTime":0,"is3D":false,"isLooping":false,"locked":true,"maxDistance":20,"scale":[20,20,20],"track":"event:>Ambient>2D>Generic_Air","useTrackDescriptionOnly":true}
{"name":"Reverb_Generic","class":"SFXEmitter","persistentId":"638ff54d-c685-4180-b203-3185a43ed4f9","__parent":"Audio","position":[697.299988,-334.570129,119.397369],"cloneOrigin":"Animal_QP875_1","fadeInTime":0,"fadeOutTime":0,"is3D":false,"isLooping":false,"locked":true,"maxDistance":0.00999999978,"referenceDistance":0,"scale":[0.00999999978,0.00999999978,0.00999999978],"track":"snapshot:>Reverb_EC","useTrackDescriptionOnly":true}
