{"name":"SimGroup_","class":"SimGroup","groupPosition":"-952.27603149414 -1819.8984247843 439.96819432576"}
{"class":"TSStatic","__parent":"SimGroup_","position":[-1004.73773,-1777.29822,442.092926],"isRenderEnabled":false,"rotationMatrix":[0.695207357,-0.718630433,-0.0160302743,0.71804297,0.69532299,-0.0306606814,0.0331799164,0.00980510283,0.999401271],"shapeName":"/art/shapes/garage_and_dealership/Clutter/hr_plasticbarrier_red.DAE","useInstanceRenderData":true}
{"class":"TSStatic","__parent":"SimGroup_","position":[-1003.7702,-1778.29626,442.071533],"isRenderEnabled":false,"rotationMatrix":[0.695207357,-0.718630433,-0.0160302743,0.71804297,0.69532299,-0.0306606814,0.0331799164,0.00980510283,0.999401271],"shapeName":"/art/shapes/garage_and_dealership/Clutter/hr_plasticbarrier.DAE","useInstanceRenderData":true}
{"class":"TSStatic","__parent":"SimGroup_","position":[-1002.79456,-1779.30676,442.048126],"isRenderEnabled":false,"rotationMatrix":[0.695207357,-0.718630433,-0.0160302743,0.71804297,0.69532299,-0.0306606814,0.0331799164,0.00980510283,0.999401271],"shapeName":"/art/shapes/garage_and_dealership/Clutter/hr_plasticbarrier_red.DAE","useInstanceRenderData":true}
{"class":"TSStatic","__parent":"SimGroup_","position":[-1001.81903,-1780.31311,442.02655],"isRenderEnabled":false,"rotationMatrix":[0.695207357,-0.718630433,-0.0160302743,0.71804297,0.69532299,-0.0306606814,0.0331799164,0.00980510283,0.999401271],"shapeName":"/art/shapes/garage_and_dealership/Clutter/hr_plasticbarrier.DAE","useInstanceRenderData":true}
{"class":"TSStatic","__parent":"SimGroup_","position":[-999.877686,-1782.32861,441.784149],"isRenderEnabled":false,"rotationMatrix":[0.695207357,-0.718630433,-0.0160302743,0.71804297,0.69532299,-0.0306606814,0.0331799164,0.00980510283,0.999401271],"shapeName":"/art/shapes/garage_and_dealership/Clutter/hr_plasticbarrier.DAE","useInstanceRenderData":true}
{"class":"TSStatic","__parent":"SimGroup_","position":[-1000.84338,-1781.32361,442.003143],"isRenderEnabled":false,"rotationMatrix":[0.695207357,-0.718630433,-0.0160302743,0.71804297,0.69532299,-0.0306606814,0.0331799164,0.00980510283,0.999401271],"shapeName":"/art/shapes/garage_and_dealership/Clutter/hr_plasticbarrier_red.DAE","useInstanceRenderData":true}
{"class":"TSStatic","__parent":"SimGroup_","position":[-997.932739,-1784.33911,441.739319],"isRenderEnabled":false,"rotationMatrix":[0.695207357,-0.718630433,-0.0160302743,0.71804297,0.69532299,-0.0306606814,0.0331799164,0.00980510283,0.999401271],"shapeName":"/art/shapes/garage_and_dealership/Clutter/hr_plasticbarrier.DAE","useInstanceRenderData":true}
{"class":"TSStatic","__parent":"SimGroup_","position":[-998.904907,-1783.33606,441.762177],"isRenderEnabled":false,"rotationMatrix":[0.695207357,-0.718630433,-0.0160302743,0.71804297,0.69532299,-0.0306606814,0.0331799164,0.00980510283,0.999401271],"shapeName":"/art/shapes/garage_and_dealership/Clutter/hr_plasticbarrier_red.DAE","useInstanceRenderData":true}
{"class":"TSStatic","__parent":"SimGroup_","position":[-996.145447,-1786.18665,441.69809],"isRenderEnabled":false,"rotationMatrix":[0.695207357,-0.718630433,-0.0160302743,0.71804297,0.69532299,-0.0306606814,0.0331799164,0.00980510283,0.999401271],"shapeName":"/art/shapes/garage_and_dealership/Clutter/hr_plasticbarrier.DAE","useInstanceRenderData":true}
{"class":"TSStatic","__parent":"SimGroup_","position":[-997.117615,-1785.18359,441.720947],"isRenderEnabled":false,"rotationMatrix":[0.695207357,-0.718630433,-0.0160302743,0.71804297,0.69532299,-0.0306606814,0.0331799164,0.00980510283,0.999401271],"shapeName":"/art/shapes/garage_and_dealership/Clutter/hr_plasticbarrier_red.DAE","useInstanceRenderData":true}
{"class":"TSStatic","__parent":"SimGroup_","position":[-994.203491,-1788.19495,441.635956],"isRenderEnabled":false,"rotationMatrix":[0.694804072,-0.718694687,-0.026928626,0.718043089,0.695322931,-0.0306606852,0.0407597646,0.00196725409,0.999167025],"shapeName":"/art/shapes/garage_and_dealership/Clutter/hr_plasticbarrier.DAE","useInstanceRenderData":true}
{"class":"TSStatic","__parent":"SimGroup_","position":[-995.17511,-1787.19177,441.674042],"isRenderEnabled":false,"rotationMatrix":[0.694804072,-0.718694687,-0.026928626,0.718043089,0.695322931,-0.0306606852,0.0407597646,0.00196725409,0.999167025],"shapeName":"/art/shapes/garage_and_dealership/Clutter/hr_plasticbarrier_red.DAE","useInstanceRenderData":true}
{"class":"TSStatic","__parent":"SimGroup_","position":[-993.235046,-1789.19861,441.598846],"isRenderEnabled":false,"rotationMatrix":[0.694804072,-0.718694687,-0.026928626,0.718043089,0.695322931,-0.0306606852,0.0407597646,0.00196725409,0.999167025],"shapeName":"/art/shapes/garage_and_dealership/Clutter/hr_plasticbarrier_red.DAE","useInstanceRenderData":true}
{"class":"TSStatic","__parent":"SimGroup_","position":[-992.263428,-1790.20178,441.56076],"isRenderEnabled":false,"rotationMatrix":[0.694804072,-0.718694687,-0.026928626,0.718043089,0.695322931,-0.0306606852,0.0407597646,0.00196725409,0.999167025],"shapeName":"/art/shapes/garage_and_dealership/Clutter/hr_plasticbarrier.DAE","useInstanceRenderData":true}
{"class":"TSStatic","__parent":"SimGroup_","position":[-991.308289,-1791.19226,441.51004],"isRenderEnabled":false,"rotationMatrix":[0.693411767,-0.718474448,-0.0545387119,0.718043149,0.695322871,-0.0306606926,0.0599509403,-0.0179006681,0.998040795],"shapeName":"/art/shapes/garage_and_dealership/Clutter/hr_plasticbarrier_red.DAE","useInstanceRenderData":true}
{"class":"TSStatic","__parent":"SimGroup_","position":[-990.350342,-1792.18408,441.410248],"isRenderEnabled":false,"rotationMatrix":[0.691328406,-0.717627406,-0.0841182768,0.718043208,0.695322871,-0.0306607001,0.0804923177,-0.039203953,0.995983958],"shapeName":"/art/shapes/garage_and_dealership/Clutter/hr_plasticbarrier.DAE","useInstanceRenderData":true}
{"class":"TSStatic","__parent":"SimGroup_","position":[-989.388855,-1793.18433,441.284882],"isRenderEnabled":false,"rotationMatrix":[0.690518498,-0.717215359,-0.0937348753,0.718043268,0.695322752,-0.0306607038,0.0871663243,-0.0461339206,0.995124936],"shapeName":"/art/shapes/garage_and_dealership/Clutter/hr_plasticbarrier_red.DAE","useInstanceRenderData":true}
{"class":"TSStatic","__parent":"SimGroup_","position":[-988.423218,-1794.18542,441.153442],"isRenderEnabled":false,"rotationMatrix":[0.690518498,-0.717215359,-0.0937348753,0.718043268,0.695322752,-0.0306607038,0.0871663243,-0.0461339206,0.995124936],"shapeName":"/art/shapes/garage_and_dealership/Clutter/hr_plasticbarrier.DAE","useInstanceRenderData":true}
{"class":"TSStatic","__parent":"SimGroup_","position":[-987.442383,-1795.20459,441.053955],"isRenderEnabled":false,"rotationMatrix":[0.693926454,-0.718607605,-0.0454872958,0.718043506,0.695322514,-0.0306607243,0.0536613725,-0.0113855731,0.998494267],"shapeName":"/art/shapes/garage_and_dealership/Clutter/hr_plasticbarrier_red.DAE","useInstanceRenderData":true}
{"class":"TSStatic","__parent":"SimGroup_","position":[-986.471985,-1796.20752,440.989899],"isRenderEnabled":false,"rotationMatrix":[0.693926454,-0.718607605,-0.0454872958,0.718043506,0.695322514,-0.0306607243,0.0536613725,-0.0113855731,0.998494267],"shapeName":"/art/shapes/garage_and_dealership/Clutter/hr_plasticbarrier.DAE","useInstanceRenderData":true}
{"class":"TSStatic","__parent":"SimGroup_","position":[-985.494812,-1797.2207,440.942078],"isRenderEnabled":false,"rotationMatrix":[0.695028126,-0.718671679,-0.0211385749,0.718043566,0.695322514,-0.0306607261,0.0367331244,0.00613164902,0.999306321],"shapeName":"/art/shapes/garage_and_dealership/Clutter/hr_plasticbarrier_red.DAE","useInstanceRenderData":true}
{"class":"TSStatic","__parent":"SimGroup_","position":[-984.522827,-1798.22375,440.912048],"isRenderEnabled":false,"rotationMatrix":[0.695028126,-0.718671679,-0.0211385749,0.718043566,0.695322514,-0.0306607261,0.0367331244,0.00613164902,0.999306321],"shapeName":"/art/shapes/garage_and_dealership/Clutter/hr_plasticbarrier.DAE","useInstanceRenderData":true}
{"class":"TSStatic","__parent":"SimGroup_","position":[-933.728638,-1845.52051,439.099396],"isRenderEnabled":false,"rotationMatrix":[0.968612373,-0.242919654,-0.0527268685,0.243108779,0.969994724,-0.00289427233,0.0518478565,-0.0100149382,0.998604774],"shapeName":"/art/shapes/garage_and_dealership/Clutter/hr_plasticbarrier_red.DAE","useInstanceRenderData":true}
{"class":"TSStatic","__parent":"SimGroup_","position":[-932.375122,-1845.85852,439.025238],"isRenderEnabled":false,"rotationMatrix":[0.968612373,-0.242919654,-0.0527268685,0.243108779,0.969994724,-0.00289427233,0.0518478565,-0.0100149382,0.998604774],"shapeName":"/art/shapes/garage_and_dealership/Clutter/hr_plasticbarrier.DAE","useInstanceRenderData":true}
{"class":"TSStatic","__parent":"SimGroup_","position":[-929.66095,-1846.53906,438.900482],"isRenderEnabled":false,"rotationMatrix":[0.969148517,-0.243019566,-0.041142147,0.243108884,0.969994664,-0.00289427629,0.0406110324,-0.00719703874,0.999149084],"shapeName":"/art/shapes/garage_and_dealership/Clutter/hr_plasticbarrier.DAE","useInstanceRenderData":true}
{"class":"TSStatic","__parent":"SimGroup_","position":[-931.015198,-1846.20093,438.958435],"isRenderEnabled":false,"rotationMatrix":[0.969148517,-0.243019566,-0.041142147,0.243108884,0.969994664,-0.00289427629,0.0406110324,-0.00719703874,0.999149084],"shapeName":"/art/shapes/garage_and_dealership/Clutter/hr_plasticbarrier_red.DAE","useInstanceRenderData":true}
{"class":"TSStatic","__parent":"SimGroup_","position":[-926.904236,-1847.02307,438.813416],"isRenderEnabled":false,"rotationMatrix":[0.988941967,-0.145994246,-0.0260656495,0.145973295,0.989284813,-0.00271472475,0.0261826869,-0.00112018385,0.999656558],"shapeName":"/art/shapes/garage_and_dealership/Clutter/hr_plasticbarrier.DAE","useInstanceRenderData":true}
{"class":"TSStatic","__parent":"SimGroup_","position":[-928.285889,-1846.82043,438.850311],"isRenderEnabled":false,"rotationMatrix":[0.988941967,-0.145994246,-0.0260656495,0.145973295,0.989284813,-0.00271472475,0.0261826869,-0.00112018385,0.999656558],"shapeName":"/art/shapes/garage_and_dealership/Clutter/hr_plasticbarrier_red.DAE","useInstanceRenderData":true}
{"class":"TSStatic","__parent":"SimGroup_","position":[-924.125,-1847.29358,438.740356],"isRenderEnabled":false,"rotationMatrix":[0.996594131,-0.0781932771,-0.0261900984,0.0781957656,0.996937573,-0.000930941489,0.026182685,-0.00112018385,0.999656558],"shapeName":"/art/shapes/garage_and_dealership/Clutter/hr_plasticbarrier.DAE","useInstanceRenderData":true}
{"class":"TSStatic","__parent":"SimGroup_","position":[-925.517334,-1847.18567,438.777435],"isRenderEnabled":false,"rotationMatrix":[0.996594131,-0.0781932771,-0.0261900984,0.0781957656,0.996937573,-0.000930941489,0.026182685,-0.00112018385,0.999656558],"shapeName":"/art/shapes/garage_and_dealership/Clutter/hr_plasticbarrier_red.DAE","useInstanceRenderData":true}
{"class":"TSStatic","__parent":"SimGroup_","position":[-921.3302,-1847.35388,438.671722],"isRenderEnabled":false,"rotationMatrix":[0.99992913,0,-0.011904425,0,1,0,0.011904425,0,0.99992913],"shapeName":"/art/shapes/garage_and_dealership/Clutter/hr_plasticbarrier.DAE","useInstanceRenderData":true}
{"class":"TSStatic","__parent":"SimGroup_","position":[-922.727051,-1847.3551,438.688843],"isRenderEnabled":false,"rotationMatrix":[0.99992913,0,-0.011904425,0,1,0,0.011904425,0,0.99992913],"shapeName":"/art/shapes/garage_and_dealership/Clutter/hr_plasticbarrier_red.DAE","useInstanceRenderData":true}
{"class":"TSStatic","__parent":"SimGroup_","position":[-918.538269,-1847.35388,438.638489],"isRenderEnabled":false,"rotationMatrix":[0.99992913,0,-0.011904425,0,1,0,0.011904425,0,0.99992913],"shapeName":"/art/shapes/garage_and_dealership/Clutter/hr_plasticbarrier.DAE","useInstanceRenderData":true}
{"class":"TSStatic","__parent":"SimGroup_","position":[-919.93512,-1847.3551,438.655609],"isRenderEnabled":false,"rotationMatrix":[0.99992913,0,-0.011904425,0,1,0,0.011904425,0,0.99992913],"shapeName":"/art/shapes/garage_and_dealership/Clutter/hr_plasticbarrier_red.DAE","useInstanceRenderData":true}
{"class":"TSStatic","__parent":"SimGroup_","position":[-915.745544,-1847.35388,438.605255],"isRenderEnabled":false,"rotationMatrix":[0.99992913,0,-0.011904425,0,1,0,0.011904425,0,0.99992913],"shapeName":"/art/shapes/garage_and_dealership/Clutter/hr_plasticbarrier.DAE","useInstanceRenderData":true}
{"class":"TSStatic","__parent":"SimGroup_","position":[-917.142395,-1847.3551,438.622375],"isRenderEnabled":false,"rotationMatrix":[0.99992913,0,-0.011904425,0,1,0,0.011904425,0,0.99992913],"shapeName":"/art/shapes/garage_and_dealership/Clutter/hr_plasticbarrier_red.DAE","useInstanceRenderData":true}
{"class":"TSStatic","__parent":"SimGroup_","position":[-912.950928,-1847.35388,438.571991],"isRenderEnabled":false,"rotationMatrix":[0.99992913,0,-0.011904425,0,1,0,0.011904425,0,0.99992913],"shapeName":"/art/shapes/garage_and_dealership/Clutter/hr_plasticbarrier.DAE","useInstanceRenderData":true}
{"class":"TSStatic","__parent":"SimGroup_","position":[-914.347778,-1847.3551,438.589111],"isRenderEnabled":false,"rotationMatrix":[0.99992913,0,-0.011904425,0,1,0,0.011904425,0,0.99992913],"shapeName":"/art/shapes/garage_and_dealership/Clutter/hr_plasticbarrier_red.DAE","useInstanceRenderData":true}
{"class":"TSStatic","__parent":"SimGroup_","position":[-910.176941,-1847.35388,438.493225],"isRenderEnabled":false,"rotationMatrix":[0.999272525,0,-0.0381365158,0,1,0,0.0381365158,0,0.999272525],"shapeName":"/art/shapes/garage_and_dealership/Clutter/hr_plasticbarrier.DAE","useInstanceRenderData":true}
{"class":"TSStatic","__parent":"SimGroup_","position":[-911.572815,-1847.3551,438.546997],"isRenderEnabled":false,"rotationMatrix":[0.999272525,0,-0.0381365158,0,1,0,0.0381365158,0,0.999272525],"shapeName":"/art/shapes/garage_and_dealership/Clutter/hr_plasticbarrier_red.DAE","useInstanceRenderData":true}
{"class":"TSStatic","__parent":"SimGroup_","position":[-907.382812,-1847.35388,438.386597],"isRenderEnabled":false,"rotationMatrix":[0.999272525,0,-0.0381365158,0,1,0,0.0381365158,0,0.999272525],"shapeName":"/art/shapes/garage_and_dealership/Clutter/hr_plasticbarrier.DAE","useInstanceRenderData":true}
{"class":"TSStatic","__parent":"SimGroup_","position":[-908.778687,-1847.3551,438.440369],"isRenderEnabled":false,"rotationMatrix":[0.999272525,0,-0.0381365158,0,1,0,0.0381365158,0,0.999272525],"shapeName":"/art/shapes/garage_and_dealership/Clutter/hr_plasticbarrier_red.DAE","useInstanceRenderData":true}
{"class":"TSStatic","__parent":"SimGroup_","position":[-904.580139,-1847.35388,438.305054],"isRenderEnabled":false,"rotationMatrix":[0.999706388,0,-0.0242320895,0,1,0,0.0242320895,0,0.999706388],"shapeName":"/art/shapes/garage_and_dealership/Clutter/hr_plasticbarrier.DAE","useInstanceRenderData":true}
{"class":"TSStatic","__parent":"SimGroup_","position":[-905.976624,-1847.3551,438.339386],"isRenderEnabled":false,"rotationMatrix":[0.999706388,0,-0.0242320895,0,1,0,0.0242320895,0,0.999706388],"shapeName":"/art/shapes/garage_and_dealership/Clutter/hr_plasticbarrier_red.DAE","useInstanceRenderData":true}
{"class":"TSStatic","__parent":"SimGroup_","position":[-901.755371,-1847.35388,438.255981],"isRenderEnabled":false,"shapeName":"/art/shapes/garage_and_dealership/Clutter/hr_plasticbarrier.DAE","useInstanceRenderData":true}
{"class":"TSStatic","__parent":"SimGroup_","position":[-903.152283,-1847.3551,438.275757],"isRenderEnabled":false,"rotationMatrix":[0.999905348,0,-0.0137597602,0,1,0,0.0137597602,0,0.999905348],"shapeName":"/art/shapes/garage_and_dealership/Clutter/hr_plasticbarrier_red.DAE","useInstanceRenderData":true}
{"class":"TSStatic","__parent":"SimGroup_","position":[-900.359009,-1847.3551,438.274414],"isRenderEnabled":false,"shapeName":"/art/shapes/garage_and_dealership/Clutter/hr_plasticbarrier_red.DAE","useInstanceRenderData":true}
{"class":"TSStatic","__parent":"SimGroup_","position":[-898.962097,-1847.35388,438.273926],"isRenderEnabled":false,"shapeName":"/art/shapes/garage_and_dealership/Clutter/hr_plasticbarrier.DAE","useInstanceRenderData":true}
