{"name":"SimGroup_","class":"SimGroup","groupPosition":"-1460.2808305664 -2272.5725966797 427.25678063965"}
{"class":"TSStatic","__parent":"SimGroup_","position":[-1649.78564,-2448.96558,425.561005],"isRenderEnabled":false,"rotationMatrix":[0.310095549,0.95070523,0,-0.95070523,0.310095549,0,0,0,1],"shapeName":"/art/shapes/garage_and_dealership/Clutter/hr_plasticbarrier_red.DAE","useInstanceRenderData":true}
{"class":"TSStatic","__parent":"SimGroup_","position":[-1224.01843,-1946.84888,428.736816],"isRenderEnabled":false,"rotationMatrix":[-0.312718868,0.945783734,-0.0877480432,-0.948894858,-0.315202236,-0.0156794041,-0.0424877182,0.0783604234,0.996019304],"shapeName":"/art/shapes/garage_and_dealership/Clutter/hr_plasticbarrier.DAE","useInstanceRenderData":true}
{"class":"TSStatic","__parent":"SimGroup_","position":[-1224.4574,-1945.51917,428.613983],"isRenderEnabled":false,"rotationMatrix":[-0.312718868,0.945783734,-0.0877480432,-0.948894858,-0.315202236,-0.0156794041,-0.0424877182,0.0783604234,0.996019304],"shapeName":"/art/shapes/garage_and_dealership/Clutter/hr_plasticbarrier_red.DAE","useInstanceRenderData":true}
{"class":"TSStatic","__parent":"SimGroup_","position":[-1224.89478,-1944.19836,428.490906],"isRenderEnabled":false,"rotationMatrix":[-0.312718868,0.945783734,-0.0877480432,-0.948894858,-0.315202236,-0.0156794041,-0.0424877182,0.0783604234,0.996019304],"shapeName":"/art/shapes/garage_and_dealership/Clutter/hr_plasticbarrier.DAE","useInstanceRenderData":true}
{"class":"TSStatic","__parent":"SimGroup_","position":[-1225.33313,-1942.87061,428.368195],"isRenderEnabled":false,"rotationMatrix":[-0.312718868,0.945783734,-0.0877480432,-0.948894858,-0.315202236,-0.0156794041,-0.0424877182,0.0783604234,0.996019304],"shapeName":"/art/shapes/garage_and_dealership/Clutter/hr_plasticbarrier_red.DAE","useInstanceRenderData":true}
{"class":"TSStatic","__parent":"SimGroup_","position":[-1225.77063,-1941.55005,428.245178],"isRenderEnabled":false,"rotationMatrix":[-0.312718868,0.945783734,-0.0877480432,-0.948894858,-0.315202236,-0.0156794041,-0.0424877182,0.0783604234,0.996019304],"shapeName":"/art/shapes/garage_and_dealership/Clutter/hr_plasticbarrier.DAE","useInstanceRenderData":true}
{"class":"TSStatic","__parent":"SimGroup_","position":[-1226.20764,-1940.22559,428.122833],"isRenderEnabled":false,"rotationMatrix":[-0.312718868,0.945783734,-0.0877480432,-0.948894858,-0.315202236,-0.0156794041,-0.0424877182,0.0783604234,0.996019304],"shapeName":"/art/shapes/garage_and_dealership/Clutter/hr_plasticbarrier_red.DAE","useInstanceRenderData":true}
{"class":"TSStatic","__parent":"SimGroup_","position":[-1226.64502,-1938.90479,427.999756],"isRenderEnabled":false,"rotationMatrix":[-0.312718868,0.945783734,-0.0877480432,-0.948894858,-0.315202236,-0.0156794041,-0.0424877182,0.0783604234,0.996019304],"shapeName":"/art/shapes/garage_and_dealership/Clutter/hr_plasticbarrier.DAE","useInstanceRenderData":true}
{"class":"TSStatic","__parent":"SimGroup_","position":[-1227.08337,-1937.57703,427.877045],"isRenderEnabled":false,"rotationMatrix":[-0.312718868,0.945783734,-0.0877480432,-0.948894858,-0.315202236,-0.0156794041,-0.0424877182,0.0783604234,0.996019304],"shapeName":"/art/shapes/garage_and_dealership/Clutter/hr_plasticbarrier_red.DAE","useInstanceRenderData":true}
{"class":"TSStatic","__parent":"SimGroup_","position":[-1227.52087,-1936.25647,427.754028],"isRenderEnabled":false,"rotationMatrix":[-0.312718868,0.945783734,-0.0877480432,-0.948894858,-0.315202236,-0.0156794041,-0.0424877182,0.0783604234,0.996019304],"shapeName":"/art/shapes/garage_and_dealership/Clutter/hr_plasticbarrier.DAE","useInstanceRenderData":true}
{"class":"TSStatic","__parent":"SimGroup_","position":[-1227.95581,-1934.93823,427.632385],"isRenderEnabled":false,"rotationMatrix":[-0.312718868,0.945783734,-0.0877480432,-0.948894858,-0.315202236,-0.0156794041,-0.0424877182,0.0783604234,0.996019304],"shapeName":"/art/shapes/garage_and_dealership/Clutter/hr_plasticbarrier_red.DAE","useInstanceRenderData":true}
{"class":"TSStatic","__parent":"SimGroup_","position":[-1228.39978,-1933.59973,427.542145],"isRenderEnabled":false,"rotationMatrix":[-0.314351201,0.948398292,-0.0415232815,-0.948895037,-0.315202236,-0.0156794116,-0.0279585589,0.0344723947,0.999014497],"shapeName":"/art/shapes/garage_and_dealership/Clutter/hr_plasticbarrier.DAE","useInstanceRenderData":true}
{"class":"TSStatic","__parent":"SimGroup_","position":[-1228.8446,-1932.25598,427.500977],"isRenderEnabled":false,"rotationMatrix":[-0.315069795,0.949011564,-0.0103787789,-0.948894739,-0.315202475,-0.0156794135,-0.0181513652,0.00490825856,0.999823213],"shapeName":"/art/shapes/garage_and_dealership/Clutter/hr_plasticbarrier_red.DAE","useInstanceRenderData":true}
{"class":"TSStatic","__parent":"SimGroup_","position":[-1229.28528,-1930.93066,427.485962],"isRenderEnabled":false,"rotationMatrix":[-0.315069795,0.949011564,-0.0103787789,-0.948894739,-0.315202475,-0.0156794135,-0.0181513652,0.00490825856,0.999823213],"shapeName":"/art/shapes/garage_and_dealership/Clutter/hr_plasticbarrier.DAE","useInstanceRenderData":true}
{"class":"TSStatic","__parent":"SimGroup_","position":[-1229.72388,-1929.60791,427.472168],"isRenderEnabled":false,"rotationMatrix":[-0.315069795,0.949011564,-0.0103787789,-0.948894739,-0.315202475,-0.0156794135,-0.0181513652,0.00490825856,0.999823213],"shapeName":"/art/shapes/garage_and_dealership/Clutter/hr_plasticbarrier_red.DAE","useInstanceRenderData":true}
{"class":"TSStatic","__parent":"SimGroup_","position":[-1230.16479,-1928.28271,427.457031],"isRenderEnabled":false,"rotationMatrix":[-0.315069795,0.949011564,-0.0103787789,-0.948894739,-0.315202475,-0.0156794135,-0.0181513652,0.00490825856,0.999823213],"shapeName":"/art/shapes/garage_and_dealership/Clutter/hr_plasticbarrier.DAE","useInstanceRenderData":true}
{"class":"TSStatic","__parent":"SimGroup_","position":[-1230.6134,-1926.92883,427.452515],"isRenderEnabled":false,"rotationMatrix":[-0.315466881,0.948745966,0.0190145299,-0.948894858,-0.315202236,-0.015679419,-0.00888236333,-0.0229891315,0.999696255],"shapeName":"/art/shapes/garage_and_dealership/Clutter/hr_plasticbarrier_red.DAE","useInstanceRenderData":true}
{"class":"TSStatic","__parent":"SimGroup_","position":[-1231.05469,-1925.60376,427.478577],"isRenderEnabled":false,"rotationMatrix":[-0.315466881,0.948745966,0.0190145299,-0.948894858,-0.315202236,-0.015679419,-0.00888236333,-0.0229891315,0.999696255],"shapeName":"/art/shapes/garage_and_dealership/Clutter/hr_plasticbarrier.DAE","useInstanceRenderData":true}
{"class":"TSStatic","__parent":"SimGroup_","position":[-1231.4967,-1924.27197,427.505707],"isRenderEnabled":false,"rotationMatrix":[-0.315466881,0.948745966,0.0190145299,-0.948894858,-0.315202236,-0.015679419,-0.00888236333,-0.0229891315,0.999696255],"shapeName":"/art/shapes/garage_and_dealership/Clutter/hr_plasticbarrier_red.DAE","useInstanceRenderData":true}
{"class":"TSStatic","__parent":"SimGroup_","position":[-1231.93811,-1922.94702,427.531799],"isRenderEnabled":false,"rotationMatrix":[-0.315466881,0.948745966,0.0190145299,-0.948894858,-0.315202236,-0.015679419,-0.00888236333,-0.0229891315,0.999696255],"shapeName":"/art/shapes/garage_and_dealership/Clutter/hr_plasticbarrier.DAE","useInstanceRenderData":true}
{"class":"TSStatic","__parent":"SimGroup_","position":[-1232.37683,-1921.62476,427.558929],"isRenderEnabled":false,"rotationMatrix":[-0.315466881,0.948745966,0.0190145299,-0.948894858,-0.315202236,-0.015679419,-0.00888236333,-0.0229891315,0.999696255],"shapeName":"/art/shapes/garage_and_dealership/Clutter/hr_plasticbarrier_red.DAE","useInstanceRenderData":true}
{"class":"TSStatic","__parent":"SimGroup_","position":[-1232.81836,-1920.30005,427.584869],"isRenderEnabled":false,"rotationMatrix":[-0.315466881,0.948745966,0.0190145299,-0.948894858,-0.315202236,-0.015679419,-0.00888236333,-0.0229891315,0.999696255],"shapeName":"/art/shapes/garage_and_dealership/Clutter/hr_plasticbarrier.DAE","useInstanceRenderData":true}
{"class":"TSStatic","__parent":"SimGroup_","position":[-1233.26111,-1918.96594,427.612061],"isRenderEnabled":false,"rotationMatrix":[-0.315466881,0.948745966,0.0190145299,-0.948894858,-0.315202236,-0.015679419,-0.00888236333,-0.0229891315,0.999696255],"shapeName":"/art/shapes/garage_and_dealership/Clutter/hr_plasticbarrier_red.DAE","useInstanceRenderData":true}
{"class":"TSStatic","__parent":"SimGroup_","position":[-1233.70227,-1917.64099,427.638123],"isRenderEnabled":false,"rotationMatrix":[-0.315466881,0.948745966,0.0190145299,-0.948894858,-0.315202236,-0.015679419,-0.00888236333,-0.0229891315,0.999696255],"shapeName":"/art/shapes/garage_and_dealership/Clutter/hr_plasticbarrier.DAE","useInstanceRenderData":true}
{"class":"TSStatic","__parent":"SimGroup_","position":[-1234.14136,-1916.31873,427.665253],"isRenderEnabled":false,"rotationMatrix":[-0.315466881,0.948745966,0.0190145299,-0.948894858,-0.315202236,-0.015679419,-0.00888236333,-0.0229891315,0.999696255],"shapeName":"/art/shapes/garage_and_dealership/Clutter/hr_plasticbarrier_red.DAE","useInstanceRenderData":true}
{"class":"TSStatic","__parent":"SimGroup_","position":[-1234.58276,-1914.9939,427.691193],"isRenderEnabled":false,"rotationMatrix":[-0.315466881,0.948745966,0.0190145299,-0.948894858,-0.315202236,-0.015679419,-0.00888236333,-0.0229891315,0.999696255],"shapeName":"/art/shapes/garage_and_dealership/Clutter/hr_plasticbarrier.DAE","useInstanceRenderData":true}
{"class":"TSStatic","__parent":"SimGroup_","position":[-1198.35706,-1880.23108,430.455597],"isRenderEnabled":false,"rotationMatrix":[0.908804059,0.411957651,0.0660763606,-0.412132472,0.911050081,-0.0115986113,-0.0649770126,-0.0166913476,0.997747183],"shapeName":"/art/shapes/garage_and_dealership/Clutter/hr_plasticbarrier.DAE","useInstanceRenderData":true}
{"class":"TSStatic","__parent":"SimGroup_","position":[-1197.08118,-1879.65369,430.548798],"isRenderEnabled":false,"rotationMatrix":[0.908804059,0.411957651,0.0660763606,-0.412132472,0.911050081,-0.0115986113,-0.0649770126,-0.0166913476,0.997747183],"shapeName":"/art/shapes/garage_and_dealership/Clutter/hr_plasticbarrier_red.DAE","useInstanceRenderData":true}
{"class":"TSStatic","__parent":"SimGroup_","position":[-1195.81226,-1879.07764,430.640594],"isRenderEnabled":false,"rotationMatrix":[0.908804059,0.411957651,0.0660763606,-0.412132472,0.911050081,-0.0115986113,-0.0649770126,-0.0166913476,0.997747183],"shapeName":"/art/shapes/garage_and_dealership/Clutter/hr_plasticbarrier.DAE","useInstanceRenderData":true}
{"class":"TSStatic","__parent":"SimGroup_","position":[-1194.54541,-1878.50427,430.733307],"isRenderEnabled":false,"rotationMatrix":[0.908804059,0.411957651,0.0660763606,-0.412132472,0.911050081,-0.0115986113,-0.0649770126,-0.0166913476,0.997747183],"shapeName":"/art/shapes/garage_and_dealership/Clutter/hr_plasticbarrier_red.DAE","useInstanceRenderData":true}
{"class":"TSStatic","__parent":"SimGroup_","position":[-1193.27661,-1877.92786,430.824982],"isRenderEnabled":false,"rotationMatrix":[0.908804059,0.411957651,0.0660763606,-0.412132472,0.911050081,-0.0115986113,-0.0649770126,-0.0166913476,0.997747183],"shapeName":"/art/shapes/garage_and_dealership/Clutter/hr_plasticbarrier.DAE","useInstanceRenderData":true}
{"class":"TSStatic","__parent":"SimGroup_","position":[-1191.99866,-1877.34961,430.918304],"isRenderEnabled":false,"rotationMatrix":[0.908804059,0.411957651,0.0660763606,-0.412132472,0.911050081,-0.0115986113,-0.0649770126,-0.0166913476,0.997747183],"shapeName":"/art/shapes/garage_and_dealership/Clutter/hr_plasticbarrier_red.DAE","useInstanceRenderData":true}
{"class":"TSStatic","__parent":"SimGroup_","position":[-1190.72949,-1876.77356,431.010132],"isRenderEnabled":false,"rotationMatrix":[0.908804059,0.411957651,0.0660763606,-0.412132472,0.911050081,-0.0115986113,-0.0649770126,-0.0166913476,0.997747183],"shapeName":"/art/shapes/garage_and_dealership/Clutter/hr_plasticbarrier.DAE","useInstanceRenderData":true}
{"class":"TSStatic","__parent":"SimGroup_","position":[-1189.46289,-1876.2002,431.102814],"isRenderEnabled":false,"rotationMatrix":[0.908804059,0.411957651,0.0660763606,-0.412132472,0.911050081,-0.0115986113,-0.0649770126,-0.0166913476,0.997747183],"shapeName":"/art/shapes/garage_and_dealership/Clutter/hr_plasticbarrier_red.DAE","useInstanceRenderData":true}
{"class":"TSStatic","__parent":"SimGroup_","position":[-1188.19397,-1875.62402,431.194519],"isRenderEnabled":false,"rotationMatrix":[0.908804059,0.411957651,0.0660763606,-0.412132472,0.911050081,-0.0115986113,-0.0649770126,-0.0166913476,0.997747183],"shapeName":"/art/shapes/garage_and_dealership/Clutter/hr_plasticbarrier.DAE","useInstanceRenderData":true}
{"class":"TSStatic","__parent":"SimGroup_","position":[-1211.08179,-1885.99561,429.813263],"isRenderEnabled":false,"rotationMatrix":[0.909973502,0.412218183,0.0449931249,-0.412132412,0.911050141,-0.0115986113,-0.0457721502,-0.00798869692,0.998919964],"shapeName":"/art/shapes/garage_and_dealership/Clutter/hr_plasticbarrier.DAE","useInstanceRenderData":true}
{"class":"TSStatic","__parent":"SimGroup_","position":[-1209.80432,-1885.41785,429.876892],"isRenderEnabled":false,"rotationMatrix":[0.909973502,0.412218183,0.0449931249,-0.412132412,0.911050141,-0.0115986113,-0.0457721502,-0.00798869692,0.998919964],"shapeName":"/art/shapes/garage_and_dealership/Clutter/hr_plasticbarrier_red.DAE","useInstanceRenderData":true}
{"class":"TSStatic","__parent":"SimGroup_","position":[-1208.53369,-1884.84143,429.93924],"isRenderEnabled":false,"rotationMatrix":[0.909973502,0.412218183,0.0449931249,-0.412132412,0.911050141,-0.0115986113,-0.0457721502,-0.00798869692,0.998919964],"shapeName":"/art/shapes/garage_and_dealership/Clutter/hr_plasticbarrier.DAE","useInstanceRenderData":true}
{"class":"TSStatic","__parent":"SimGroup_","position":[-1207.26526,-1884.2677,430.002563],"isRenderEnabled":false,"rotationMatrix":[0.909973502,0.412218183,0.0449931249,-0.412132412,0.911050141,-0.0115986113,-0.0457721502,-0.00798869692,0.998919964],"shapeName":"/art/shapes/garage_and_dealership/Clutter/hr_plasticbarrier_red.DAE","useInstanceRenderData":true}
{"class":"TSStatic","__parent":"SimGroup_","position":[-1205.99487,-1883.69092,430.064789],"isRenderEnabled":false,"rotationMatrix":[0.909973502,0.412218183,0.0449931249,-0.412132412,0.911050141,-0.0115986113,-0.0457721502,-0.00798869692,0.998919964],"shapeName":"/art/shapes/garage_and_dealership/Clutter/hr_plasticbarrier.DAE","useInstanceRenderData":true}
{"class":"TSStatic","__parent":"SimGroup_","position":[-1204.71521,-1883.1123,430.128479],"isRenderEnabled":false,"rotationMatrix":[0.909973502,0.412218183,0.0449931249,-0.412132412,0.911050141,-0.0115986113,-0.0457721502,-0.00798869692,0.998919964],"shapeName":"/art/shapes/garage_and_dealership/Clutter/hr_plasticbarrier_red.DAE","useInstanceRenderData":true}
{"class":"TSStatic","__parent":"SimGroup_","position":[-1203.44446,-1882.53589,430.190857],"isRenderEnabled":false,"rotationMatrix":[0.909973502,0.412218183,0.0449931249,-0.412132412,0.911050141,-0.0115986113,-0.0457721502,-0.00798869692,0.998919964],"shapeName":"/art/shapes/garage_and_dealership/Clutter/hr_plasticbarrier.DAE","useInstanceRenderData":true}
{"class":"TSStatic","__parent":"SimGroup_","position":[-1202.17615,-1881.96216,430.25415],"isRenderEnabled":false,"rotationMatrix":[0.909973502,0.412218183,0.0449931249,-0.412132412,0.911050141,-0.0115986113,-0.0457721502,-0.00798869692,0.998919964],"shapeName":"/art/shapes/garage_and_dealership/Clutter/hr_plasticbarrier_red.DAE","useInstanceRenderData":true}
{"class":"TSStatic","__parent":"SimGroup_","position":[-1200.90564,-1881.38562,430.316406],"isRenderEnabled":false,"rotationMatrix":[0.909973502,0.412218183,0.0449931249,-0.412132412,0.911050141,-0.0115986113,-0.0457721502,-0.00798869692,0.998919964],"shapeName":"/art/shapes/garage_and_dealership/Clutter/hr_plasticbarrier.DAE","useInstanceRenderData":true}
{"class":"TSStatic","__parent":"SimGroup_","position":[-1199.62842,-1880.80811,430.380096],"isRenderEnabled":false,"rotationMatrix":[0.909973502,0.412218183,0.0449931249,-0.412132412,0.911050141,-0.0115986113,-0.0457721502,-0.00798869692,0.998919964],"shapeName":"/art/shapes/garage_and_dealership/Clutter/hr_plasticbarrier_red.DAE","useInstanceRenderData":true}
{"class":"TSStatic","__parent":"SimGroup_","position":[-1223.8053,-1891.7594,429.184143],"isRenderEnabled":false,"rotationMatrix":[0.909973502,0.412218183,0.0449931249,-0.412132412,0.911050141,-0.0115986113,-0.0457721502,-0.00798869692,0.998919964],"shapeName":"/art/shapes/garage_and_dealership/Clutter/hr_plasticbarrier.DAE","useInstanceRenderData":true}
{"class":"TSStatic","__parent":"SimGroup_","position":[-1222.52783,-1891.18164,429.247772],"isRenderEnabled":false,"rotationMatrix":[0.909973502,0.412218183,0.0449931249,-0.412132412,0.911050141,-0.0115986113,-0.0457721502,-0.00798869692,0.998919964],"shapeName":"/art/shapes/garage_and_dealership/Clutter/hr_plasticbarrier_red.DAE","useInstanceRenderData":true}
{"class":"TSStatic","__parent":"SimGroup_","position":[-1221.2572,-1890.60522,429.31012],"isRenderEnabled":false,"rotationMatrix":[0.909973502,0.412218183,0.0449931249,-0.412132412,0.911050141,-0.0115986113,-0.0457721502,-0.00798869692,0.998919964],"shapeName":"/art/shapes/garage_and_dealership/Clutter/hr_plasticbarrier.DAE","useInstanceRenderData":true}
{"class":"TSStatic","__parent":"SimGroup_","position":[-1219.98877,-1890.03149,429.373444],"isRenderEnabled":false,"rotationMatrix":[0.909973502,0.412218183,0.0449931249,-0.412132412,0.911050141,-0.0115986113,-0.0457721502,-0.00798869692,0.998919964],"shapeName":"/art/shapes/garage_and_dealership/Clutter/hr_plasticbarrier_red.DAE","useInstanceRenderData":true}
{"class":"TSStatic","__parent":"SimGroup_","position":[-1218.71838,-1889.45471,429.435669],"isRenderEnabled":false,"rotationMatrix":[0.909973502,0.412218183,0.0449931249,-0.412132412,0.911050141,-0.0115986113,-0.0457721502,-0.00798869692,0.998919964],"shapeName":"/art/shapes/garage_and_dealership/Clutter/hr_plasticbarrier.DAE","useInstanceRenderData":true}
{"class":"TSStatic","__parent":"SimGroup_","position":[-1217.43872,-1888.8761,429.499359],"isRenderEnabled":false,"rotationMatrix":[0.909973502,0.412218183,0.0449931249,-0.412132412,0.911050141,-0.0115986113,-0.0457721502,-0.00798869692,0.998919964],"shapeName":"/art/shapes/garage_and_dealership/Clutter/hr_plasticbarrier_red.DAE","useInstanceRenderData":true}
{"class":"TSStatic","__parent":"SimGroup_","position":[-1216.16797,-1888.29968,429.561737],"isRenderEnabled":false,"rotationMatrix":[0.909973502,0.412218183,0.0449931249,-0.412132412,0.911050141,-0.0115986113,-0.0457721502,-0.00798869692,0.998919964],"shapeName":"/art/shapes/garage_and_dealership/Clutter/hr_plasticbarrier.DAE","useInstanceRenderData":true}
{"class":"TSStatic","__parent":"SimGroup_","position":[-1214.89966,-1887.72595,429.625031],"isRenderEnabled":false,"rotationMatrix":[0.909973502,0.412218183,0.0449931249,-0.412132412,0.911050141,-0.0115986113,-0.0457721502,-0.00798869692,0.998919964],"shapeName":"/art/shapes/garage_and_dealership/Clutter/hr_plasticbarrier_red.DAE","useInstanceRenderData":true}
{"class":"TSStatic","__parent":"SimGroup_","position":[-1213.62915,-1887.14941,429.687286],"isRenderEnabled":false,"rotationMatrix":[0.909973502,0.412218183,0.0449931249,-0.412132412,0.911050141,-0.0115986113,-0.0457721502,-0.00798869692,0.998919964],"shapeName":"/art/shapes/garage_and_dealership/Clutter/hr_plasticbarrier.DAE","useInstanceRenderData":true}
{"class":"TSStatic","__parent":"SimGroup_","position":[-1212.35193,-1886.5719,429.750977],"isRenderEnabled":false,"rotationMatrix":[0.909973502,0.412218183,0.0449931249,-0.412132412,0.911050141,-0.0115986113,-0.0457721502,-0.00798869692,0.998919964],"shapeName":"/art/shapes/garage_and_dealership/Clutter/hr_plasticbarrier_red.DAE","useInstanceRenderData":true}
{"class":"TSStatic","__parent":"SimGroup_","position":[-1237.80017,-1898.10022,428.492645],"isRenderEnabled":false,"rotationMatrix":[0.909973502,0.412218183,0.0449931249,-0.412132412,0.911050141,-0.0115986113,-0.0457721502,-0.00798869692,0.998919964],"shapeName":"/art/shapes/garage_and_dealership/Clutter/hr_plasticbarrier_red.DAE","useInstanceRenderData":true}
{"class":"TSStatic","__parent":"SimGroup_","position":[-1236.52966,-1897.52368,428.554993],"isRenderEnabled":false,"rotationMatrix":[0.909973502,0.412218183,0.0449931249,-0.412132412,0.911050141,-0.0115986113,-0.0457721502,-0.00798869692,0.998919964],"shapeName":"/art/shapes/garage_and_dealership/Clutter/hr_plasticbarrier.DAE","useInstanceRenderData":true}
{"class":"TSStatic","__parent":"SimGroup_","position":[-1235.2522,-1896.94592,428.618622],"isRenderEnabled":false,"rotationMatrix":[0.909973502,0.412218183,0.0449931249,-0.412132412,0.911050141,-0.0115986113,-0.0457721502,-0.00798869692,0.998919964],"shapeName":"/art/shapes/garage_and_dealership/Clutter/hr_plasticbarrier_red.DAE","useInstanceRenderData":true}
{"class":"TSStatic","__parent":"SimGroup_","position":[-1233.98157,-1896.36951,428.680969],"isRenderEnabled":false,"rotationMatrix":[0.909973502,0.412218183,0.0449931249,-0.412132412,0.911050141,-0.0115986113,-0.0457721502,-0.00798869692,0.998919964],"shapeName":"/art/shapes/garage_and_dealership/Clutter/hr_plasticbarrier.DAE","useInstanceRenderData":true}
{"class":"TSStatic","__parent":"SimGroup_","position":[-1232.71313,-1895.79578,428.744293],"isRenderEnabled":false,"rotationMatrix":[0.909973502,0.412218183,0.0449931249,-0.412132412,0.911050141,-0.0115986113,-0.0457721502,-0.00798869692,0.998919964],"shapeName":"/art/shapes/garage_and_dealership/Clutter/hr_plasticbarrier_red.DAE","useInstanceRenderData":true}
{"class":"TSStatic","__parent":"SimGroup_","position":[-1231.44275,-1895.21899,428.806519],"isRenderEnabled":false,"rotationMatrix":[0.909973502,0.412218183,0.0449931249,-0.412132412,0.911050141,-0.0115986113,-0.0457721502,-0.00798869692,0.998919964],"shapeName":"/art/shapes/garage_and_dealership/Clutter/hr_plasticbarrier.DAE","useInstanceRenderData":true}
{"class":"TSStatic","__parent":"SimGroup_","position":[-1230.16309,-1894.64038,428.870209],"isRenderEnabled":false,"rotationMatrix":[0.909973502,0.412218183,0.0449931249,-0.412132412,0.911050141,-0.0115986113,-0.0457721502,-0.00798869692,0.998919964],"shapeName":"/art/shapes/garage_and_dealership/Clutter/hr_plasticbarrier_red.DAE","useInstanceRenderData":true}
{"class":"TSStatic","__parent":"SimGroup_","position":[-1228.89233,-1894.06396,428.932587],"isRenderEnabled":false,"rotationMatrix":[0.909973502,0.412218183,0.0449931249,-0.412132412,0.911050141,-0.0115986113,-0.0457721502,-0.00798869692,0.998919964],"shapeName":"/art/shapes/garage_and_dealership/Clutter/hr_plasticbarrier.DAE","useInstanceRenderData":true}
{"class":"TSStatic","__parent":"SimGroup_","position":[-1227.62402,-1893.49023,428.99588],"isRenderEnabled":false,"rotationMatrix":[0.909973502,0.412218183,0.0449931249,-0.412132412,0.911050141,-0.0115986113,-0.0457721502,-0.00798869692,0.998919964],"shapeName":"/art/shapes/garage_and_dealership/Clutter/hr_plasticbarrier_red.DAE","useInstanceRenderData":true}
{"class":"TSStatic","__parent":"SimGroup_","position":[-1226.35352,-1892.9137,429.058136],"isRenderEnabled":false,"rotationMatrix":[0.909973502,0.412218183,0.0449931249,-0.412132412,0.911050141,-0.0115986113,-0.0457721502,-0.00798869692,0.998919964],"shapeName":"/art/shapes/garage_and_dealership/Clutter/hr_plasticbarrier.DAE","useInstanceRenderData":true}
{"class":"TSStatic","__parent":"SimGroup_","position":[-1225.07629,-1892.33618,429.121826],"isRenderEnabled":false,"rotationMatrix":[0.909973502,0.412218183,0.0449931249,-0.412132412,0.911050141,-0.0115986113,-0.0457721502,-0.00798869692,0.998919964],"shapeName":"/art/shapes/garage_and_dealership/Clutter/hr_plasticbarrier_red.DAE","useInstanceRenderData":true}
{"class":"TSStatic","__parent":"SimGroup_","position":[-1239.44238,-1900.39136,428.301941],"isRenderEnabled":false,"rotationMatrix":[-0.315585971,0.948013961,0.0409314707,-0.948895156,-0.315202355,-0.015679419,-0.0019626189,-0.0437878668,0.999038935],"shapeName":"/art/shapes/garage_and_dealership/Clutter/hr_plasticbarrier_red.DAE","useInstanceRenderData":true}
{"class":"TSStatic","__parent":"SimGroup_","position":[-1235.02954,-1913.64734,427.729553],"isRenderEnabled":false,"rotationMatrix":[-0.315585971,0.948013961,0.0409314707,-0.948895156,-0.315202355,-0.015679419,-0.0019626189,-0.0437878668,0.999038935],"shapeName":"/art/shapes/garage_and_dealership/Clutter/hr_plasticbarrier_red.DAE","useInstanceRenderData":true}
{"class":"TSStatic","__parent":"SimGroup_","position":[-1235.47107,-1912.32336,427.786224],"isRenderEnabled":false,"rotationMatrix":[-0.315585971,0.948013961,0.0409314707,-0.948895156,-0.315202355,-0.015679419,-0.0019626189,-0.0437878668,0.999038935],"shapeName":"/art/shapes/garage_and_dealership/Clutter/hr_plasticbarrier.DAE","useInstanceRenderData":true}
{"class":"TSStatic","__parent":"SimGroup_","position":[-1235.91321,-1910.99268,427.844116],"isRenderEnabled":false,"rotationMatrix":[-0.315585971,0.948013961,0.0409314707,-0.948895156,-0.315202355,-0.015679419,-0.0019626189,-0.0437878668,0.999038935],"shapeName":"/art/shapes/garage_and_dealership/Clutter/hr_plasticbarrier_red.DAE","useInstanceRenderData":true}
{"class":"TSStatic","__parent":"SimGroup_","position":[-1236.35474,-1909.6687,427.900818],"isRenderEnabled":false,"rotationMatrix":[-0.315585971,0.948013961,0.0409314707,-0.948895156,-0.315202355,-0.015679419,-0.0019626189,-0.0437878668,0.999038935],"shapeName":"/art/shapes/garage_and_dealership/Clutter/hr_plasticbarrier.DAE","useInstanceRenderData":true}
{"class":"TSStatic","__parent":"SimGroup_","position":[-1236.7937,-1908.34741,427.958466],"isRenderEnabled":false,"rotationMatrix":[-0.315585971,0.948013961,0.0409314707,-0.948895156,-0.315202355,-0.015679419,-0.0019626189,-0.0437878668,0.999038935],"shapeName":"/art/shapes/garage_and_dealership/Clutter/hr_plasticbarrier_red.DAE","useInstanceRenderData":true}
{"class":"TSStatic","__parent":"SimGroup_","position":[-1237.23535,-1907.0238,428.015045],"isRenderEnabled":false,"rotationMatrix":[-0.315585971,0.948013961,0.0409314707,-0.948895156,-0.315202355,-0.015679419,-0.0019626189,-0.0437878668,0.999038935],"shapeName":"/art/shapes/garage_and_dealership/Clutter/hr_plasticbarrier.DAE","useInstanceRenderData":true}
{"class":"TSStatic","__parent":"SimGroup_","position":[-1237.67822,-1905.6908,428.073029],"isRenderEnabled":false,"rotationMatrix":[-0.315585971,0.948013961,0.0409314707,-0.948895156,-0.315202355,-0.015679419,-0.0019626189,-0.0437878668,0.999038935],"shapeName":"/art/shapes/garage_and_dealership/Clutter/hr_plasticbarrier_red.DAE","useInstanceRenderData":true}
{"class":"TSStatic","__parent":"SimGroup_","position":[-1238.11975,-1904.36682,428.12973],"isRenderEnabled":false,"rotationMatrix":[-0.315585971,0.948013961,0.0409314707,-0.948895156,-0.315202355,-0.015679419,-0.0019626189,-0.0437878668,0.999038935],"shapeName":"/art/shapes/garage_and_dealership/Clutter/hr_plasticbarrier.DAE","useInstanceRenderData":true}
{"class":"TSStatic","__parent":"SimGroup_","position":[-1238.55884,-1903.04553,428.187378],"isRenderEnabled":false,"rotationMatrix":[-0.315585971,0.948013961,0.0409314707,-0.948895156,-0.315202355,-0.015679419,-0.0019626189,-0.0437878668,0.999038935],"shapeName":"/art/shapes/garage_and_dealership/Clutter/hr_plasticbarrier_red.DAE","useInstanceRenderData":true}
{"class":"TSStatic","__parent":"SimGroup_","position":[-1239.00049,-1901.7218,428.243927],"isRenderEnabled":false,"rotationMatrix":[-0.315585971,0.948013961,0.0409314707,-0.948895156,-0.315202355,-0.015679419,-0.0019626189,-0.0437878668,0.999038935],"shapeName":"/art/shapes/garage_and_dealership/Clutter/hr_plasticbarrier.DAE","useInstanceRenderData":true}
{"class":"TSStatic","__parent":"SimGroup_","position":[-1818.92737,-2729.12061,419.75589],"isRenderEnabled":false,"rotationMatrix":[0.398554385,0.916839123,0.0236689784,-0.917097569,0.398662508,0.000162153505,-0.0092872642,-0.0217713937,0.999719858],"shapeName":"/art/shapes/garage_and_dealership/Clutter/hr_plasticbarrier_red.DAE","useInstanceRenderData":true}
{"class":"TSStatic","__parent":"SimGroup_","position":[-1818.37134,-2727.8396,419.788513],"isRenderEnabled":false,"rotationMatrix":[0.398554385,0.916839123,0.0236689784,-0.917097569,0.398662508,0.000162153505,-0.0092872642,-0.0217713937,0.999719858],"shapeName":"/art/shapes/garage_and_dealership/Clutter/hr_plasticbarrier.DAE","useInstanceRenderData":true}
{"class":"TSStatic","__parent":"SimGroup_","position":[-1821.15369,-2734.24219,419.623688],"isRenderEnabled":false,"rotationMatrix":[0.398554385,0.916839123,0.0236689784,-0.917097569,0.398662508,0.000162153505,-0.0092872642,-0.0217713937,0.999719858],"shapeName":"/art/shapes/garage_and_dealership/Clutter/hr_plasticbarrier_red.DAE","useInstanceRenderData":true}
{"class":"TSStatic","__parent":"SimGroup_","position":[-1820.59766,-2732.96118,419.656311],"isRenderEnabled":false,"rotationMatrix":[0.398554385,0.916839123,0.0236689784,-0.917097569,0.398662508,0.000162153505,-0.0092872642,-0.0217713937,0.999719858],"shapeName":"/art/shapes/garage_and_dealership/Clutter/hr_plasticbarrier.DAE","useInstanceRenderData":true}
{"class":"TSStatic","__parent":"SimGroup_","position":[-1820.0415,-2731.68384,419.68985],"isRenderEnabled":false,"rotationMatrix":[0.398554385,0.916839123,0.0236689784,-0.917097569,0.398662508,0.000162153505,-0.0092872642,-0.0217713937,0.999719858],"shapeName":"/art/shapes/garage_and_dealership/Clutter/hr_plasticbarrier_red.DAE","useInstanceRenderData":true}
{"class":"TSStatic","__parent":"SimGroup_","position":[-1819.48572,-2730.40308,419.722351],"isRenderEnabled":false,"rotationMatrix":[0.398554385,0.916839123,0.0236689784,-0.917097569,0.398662508,0.000162153505,-0.0092872642,-0.0217713937,0.999719858],"shapeName":"/art/shapes/garage_and_dealership/Clutter/hr_plasticbarrier.DAE","useInstanceRenderData":true}
{"class":"TSStatic","__parent":"SimGroup_","position":[-1823.37891,-2739.36108,419.491547],"isRenderEnabled":false,"rotationMatrix":[0.398554385,0.916839123,0.0236689784,-0.917097569,0.398662508,0.000162153505,-0.0092872642,-0.0217713937,0.999719858],"shapeName":"/art/shapes/garage_and_dealership/Clutter/hr_plasticbarrier_red.DAE","useInstanceRenderData":true}
{"class":"TSStatic","__parent":"SimGroup_","position":[-1822.82288,-2738.08008,419.52417],"isRenderEnabled":false,"rotationMatrix":[0.398554385,0.916839123,0.0236689784,-0.917097569,0.398662508,0.000162153505,-0.0092872642,-0.0217713937,0.999719858],"shapeName":"/art/shapes/garage_and_dealership/Clutter/hr_plasticbarrier.DAE","useInstanceRenderData":true}
{"class":"TSStatic","__parent":"SimGroup_","position":[-1822.26672,-2736.80273,419.557709],"isRenderEnabled":false,"rotationMatrix":[0.398554385,0.916839123,0.0236689784,-0.917097569,0.398662508,0.000162153505,-0.0092872642,-0.0217713937,0.999719858],"shapeName":"/art/shapes/garage_and_dealership/Clutter/hr_plasticbarrier_red.DAE","useInstanceRenderData":true}
{"class":"TSStatic","__parent":"SimGroup_","position":[-1821.71094,-2735.52197,419.59021],"isRenderEnabled":false,"rotationMatrix":[0.398554385,0.916839123,0.0236689784,-0.917097569,0.398662508,0.000162153505,-0.0092872642,-0.0217713937,0.999719858],"shapeName":"/art/shapes/garage_and_dealership/Clutter/hr_plasticbarrier.DAE","useInstanceRenderData":true}
{"class":"TSStatic","__parent":"SimGroup_","position":[-1825.604,-2744.47949,419.359375],"isRenderEnabled":false,"rotationMatrix":[0.398554385,0.916839123,0.0236689784,-0.917097569,0.398662508,0.000162153505,-0.0092872642,-0.0217713937,0.999719858],"shapeName":"/art/shapes/garage_and_dealership/Clutter/hr_plasticbarrier_red.DAE","useInstanceRenderData":true}
{"class":"TSStatic","__parent":"SimGroup_","position":[-1825.04797,-2743.19849,419.391998],"isRenderEnabled":false,"rotationMatrix":[0.398554385,0.916839123,0.0236689784,-0.917097569,0.398662508,0.000162153505,-0.0092872642,-0.0217713937,0.999719858],"shapeName":"/art/shapes/garage_and_dealership/Clutter/hr_plasticbarrier.DAE","useInstanceRenderData":true}
{"class":"TSStatic","__parent":"SimGroup_","position":[-1824.49182,-2741.92114,419.425537],"isRenderEnabled":false,"rotationMatrix":[0.398554385,0.916839123,0.0236689784,-0.917097569,0.398662508,0.000162153505,-0.0092872642,-0.0217713937,0.999719858],"shapeName":"/art/shapes/garage_and_dealership/Clutter/hr_plasticbarrier_red.DAE","useInstanceRenderData":true}
{"class":"TSStatic","__parent":"SimGroup_","position":[-1823.93604,-2740.64038,419.458038],"isRenderEnabled":false,"rotationMatrix":[0.398554385,0.916839123,0.0236689784,-0.917097569,0.398662508,0.000162153505,-0.0092872642,-0.0217713937,0.999719858],"shapeName":"/art/shapes/garage_and_dealership/Clutter/hr_plasticbarrier.DAE","useInstanceRenderData":true}
{"class":"TSStatic","__parent":"SimGroup_","position":[-1827.83276,-2749.60693,419.332184],"isRenderEnabled":false,"rotationMatrix":[0.398661315,0.917093992,0.00278650038,-0.917097688,0.398662448,0.000162154087,-0.000962162507,-0.00262013776,0.999996126],"shapeName":"/art/shapes/garage_and_dealership/Clutter/hr_plasticbarrier_red.DAE","useInstanceRenderData":true}
{"class":"TSStatic","__parent":"SimGroup_","position":[-1827.27661,-2748.32544,419.335632],"isRenderEnabled":false,"rotationMatrix":[0.398661315,0.917093992,0.00278650038,-0.917097688,0.398662448,0.000162154087,-0.000962162507,-0.00262013776,0.999996126],"shapeName":"/art/shapes/garage_and_dealership/Clutter/hr_plasticbarrier.DAE","useInstanceRenderData":true}
{"class":"TSStatic","__parent":"SimGroup_","position":[-1826.72034,-2747.04785,419.340057],"isRenderEnabled":false,"rotationMatrix":[0.398661315,0.917093992,0.00278650038,-0.917097688,0.398662448,0.000162154087,-0.000962162507,-0.00262013776,0.999996126],"shapeName":"/art/shapes/garage_and_dealership/Clutter/hr_plasticbarrier_red.DAE","useInstanceRenderData":true}
{"class":"TSStatic","__parent":"SimGroup_","position":[-1826.16431,-2745.7666,419.343414],"isRenderEnabled":false,"rotationMatrix":[0.398661315,0.917093992,0.00278650038,-0.917097688,0.398662448,0.000162154087,-0.000962162507,-0.00262013776,0.999996126],"shapeName":"/art/shapes/garage_and_dealership/Clutter/hr_plasticbarrier.DAE","useInstanceRenderData":true}
{"class":"TSStatic","__parent":"SimGroup_","position":[-1830.05933,-2754.72852,419.31662],"isRenderEnabled":false,"rotationMatrix":[0.398661315,0.917093992,0.00278650038,-0.917097688,0.398662448,0.000162154087,-0.000962162507,-0.00262013776,0.999996126],"shapeName":"/art/shapes/garage_and_dealership/Clutter/hr_plasticbarrier_red.DAE","useInstanceRenderData":true}
{"class":"TSStatic","__parent":"SimGroup_","position":[-1829.50317,-2753.44702,419.320068],"isRenderEnabled":false,"rotationMatrix":[0.398661315,0.917093992,0.00278650038,-0.917097688,0.398662448,0.000162154087,-0.000962162507,-0.00262013776,0.999996126],"shapeName":"/art/shapes/garage_and_dealership/Clutter/hr_plasticbarrier.DAE","useInstanceRenderData":true}
{"class":"TSStatic","__parent":"SimGroup_","position":[-1828.9469,-2752.16943,419.324493],"isRenderEnabled":false,"rotationMatrix":[0.398661315,0.917093992,0.00278650038,-0.917097688,0.398662448,0.000162154087,-0.000962162507,-0.00262013776,0.999996126],"shapeName":"/art/shapes/garage_and_dealership/Clutter/hr_plasticbarrier_red.DAE","useInstanceRenderData":true}
{"class":"TSStatic","__parent":"SimGroup_","position":[-1828.39087,-2750.88818,419.32785],"isRenderEnabled":false,"rotationMatrix":[0.398661315,0.917093992,0.00278650038,-0.917097688,0.398662448,0.000162154087,-0.000962162507,-0.00262013776,0.999996126],"shapeName":"/art/shapes/garage_and_dealership/Clutter/hr_plasticbarrier.DAE","useInstanceRenderData":true}
{"class":"TSStatic","__parent":"SimGroup_","position":[-1832.27637,-2759.82886,419.164856],"isRenderEnabled":false,"rotationMatrix":[0.398484349,0.916676044,0.0302519985,-0.917097688,0.398662269,0.000162150711,-0.0119116893,-0.0278086569,0.999542296],"shapeName":"/art/shapes/garage_and_dealership/Clutter/hr_plasticbarrier_red.DAE","useInstanceRenderData":true}
{"class":"TSStatic","__parent":"SimGroup_","position":[-1831.72058,-2758.54761,419.206665],"isRenderEnabled":false,"rotationMatrix":[0.398484349,0.916676044,0.0302519985,-0.917097688,0.398662269,0.000162150711,-0.0119116893,-0.0278086569,0.999542296],"shapeName":"/art/shapes/garage_and_dealership/Clutter/hr_plasticbarrier.DAE","useInstanceRenderData":true}
{"class":"TSStatic","__parent":"SimGroup_","position":[-1831.16443,-2757.27075,419.249359],"isRenderEnabled":false,"rotationMatrix":[0.398484349,0.916676044,0.0302519985,-0.917097688,0.398662269,0.000162150711,-0.0119116893,-0.0278086569,0.999542296],"shapeName":"/art/shapes/garage_and_dealership/Clutter/hr_plasticbarrier_red.DAE","useInstanceRenderData":true}
{"class":"TSStatic","__parent":"SimGroup_","position":[-1830.60876,-2755.98999,419.291077],"isRenderEnabled":false,"rotationMatrix":[0.398484349,0.916676044,0.0302519985,-0.917097688,0.398662269,0.000162150711,-0.0119116893,-0.0278086569,0.999542296],"shapeName":"/art/shapes/garage_and_dealership/Clutter/hr_plasticbarrier.DAE","useInstanceRenderData":true}
{"class":"TSStatic","__parent":"SimGroup_","position":[-1834.50244,-2764.94971,418.99585],"isRenderEnabled":false,"rotationMatrix":[0.398484349,0.916676044,0.0302519985,-0.917097688,0.398662269,0.000162150711,-0.0119116893,-0.0278086569,0.999542296],"shapeName":"/art/shapes/garage_and_dealership/Clutter/hr_plasticbarrier_red.DAE","useInstanceRenderData":true}
{"class":"TSStatic","__parent":"SimGroup_","position":[-1833.94666,-2763.66846,419.037659],"isRenderEnabled":false,"rotationMatrix":[0.398484349,0.916676044,0.0302519985,-0.917097688,0.398662269,0.000162150711,-0.0119116893,-0.0278086569,0.999542296],"shapeName":"/art/shapes/garage_and_dealership/Clutter/hr_plasticbarrier.DAE","useInstanceRenderData":true}
{"class":"TSStatic","__parent":"SimGroup_","position":[-1833.3905,-2762.3916,419.080353],"isRenderEnabled":false,"rotationMatrix":[0.398484349,0.916676044,0.0302519985,-0.917097688,0.398662269,0.000162150711,-0.0119116893,-0.0278086569,0.999542296],"shapeName":"/art/shapes/garage_and_dealership/Clutter/hr_plasticbarrier_red.DAE","useInstanceRenderData":true}
{"class":"TSStatic","__parent":"SimGroup_","position":[-1832.83484,-2761.11084,419.12207],"isRenderEnabled":false,"rotationMatrix":[0.398484349,0.916676044,0.0302519985,-0.917097688,0.398662269,0.000162150711,-0.0119116893,-0.0278086569,0.999542296],"shapeName":"/art/shapes/garage_and_dealership/Clutter/hr_plasticbarrier.DAE","useInstanceRenderData":true}
{"class":"TSStatic","__parent":"SimGroup_","position":[-1836.72852,-2770.07031,418.826874],"isRenderEnabled":false,"rotationMatrix":[0.398484349,0.916676044,0.0302519985,-0.917097688,0.398662269,0.000162150711,-0.0119116893,-0.0278086569,0.999542296],"shapeName":"/art/shapes/garage_and_dealership/Clutter/hr_plasticbarrier_red.DAE","useInstanceRenderData":true}
{"class":"TSStatic","__parent":"SimGroup_","position":[-1836.17273,-2768.78906,418.868683],"isRenderEnabled":false,"rotationMatrix":[0.398484349,0.916676044,0.0302519985,-0.917097688,0.398662269,0.000162150711,-0.0119116893,-0.0278086569,0.999542296],"shapeName":"/art/shapes/garage_and_dealership/Clutter/hr_plasticbarrier.DAE","useInstanceRenderData":true}
{"class":"TSStatic","__parent":"SimGroup_","position":[-1835.61658,-2767.51221,418.911377],"isRenderEnabled":false,"rotationMatrix":[0.398484349,0.916676044,0.0302519985,-0.917097688,0.398662269,0.000162150711,-0.0119116893,-0.0278086569,0.999542296],"shapeName":"/art/shapes/garage_and_dealership/Clutter/hr_plasticbarrier_red.DAE","useInstanceRenderData":true}
{"class":"TSStatic","__parent":"SimGroup_","position":[-1835.06091,-2766.23145,418.953094],"isRenderEnabled":false,"rotationMatrix":[0.398484349,0.916676044,0.0302519985,-0.917097688,0.398662269,0.000162150711,-0.0119116893,-0.0278086569,0.999542296],"shapeName":"/art/shapes/garage_and_dealership/Clutter/hr_plasticbarrier.DAE","useInstanceRenderData":true}
{"class":"TSStatic","__parent":"SimGroup_","position":[-1795.29553,-2788.32593,421.027527],"isRenderEnabled":false,"rotationMatrix":[0.657537639,0.753380775,-0.00785048027,-0.753413916,0.657542348,-0.00232303119,0.00341189653,0.00744214188,0.999966502],"shapeName":"/art/shapes/garage_and_dealership/Clutter/hr_plasticbarrier_red.DAE","useInstanceRenderData":true}
{"class":"TSStatic","__parent":"SimGroup_","position":[-1794.6012,-2787.22119,421.016418],"isRenderEnabled":false,"rotationMatrix":[0.398647547,0.917067826,-0.0081853671,-0.917097986,0.39866209,0.000162147917,0.00341189676,0.00744214235,0.999966502],"shapeName":"/art/shapes/garage_and_dealership/Clutter/hr_plasticbarrier.DAE","useInstanceRenderData":true}
{"class":"TSStatic","__parent":"SimGroup_","position":[-1793.48889,-2784.66235,420.993591],"isRenderEnabled":false,"rotationMatrix":[0.398647547,0.917067826,-0.0081853671,-0.917097986,0.39866209,0.000162147917,0.00341189676,0.00744214235,0.999966502],"shapeName":"/art/shapes/garage_and_dealership/Clutter/hr_plasticbarrier.DAE","useInstanceRenderData":true}
{"class":"TSStatic","__parent":"SimGroup_","position":[-1794.0448,-2785.9436,421.005615],"isRenderEnabled":false,"rotationMatrix":[0.398647547,0.917067826,-0.0081853671,-0.917097986,0.39866209,0.000162147917,0.00341189676,0.00744214235,0.999966502],"shapeName":"/art/shapes/garage_and_dealership/Clutter/hr_plasticbarrier_red.DAE","useInstanceRenderData":true}
{"class":"TSStatic","__parent":"SimGroup_","position":[-1792.92712,-2783.3728,420.982574],"isRenderEnabled":false,"rotationMatrix":[0.398647547,0.917067826,-0.0081853671,-0.917097986,0.39866209,0.000162147917,0.00341189676,0.00744214235,0.999966502],"shapeName":"/art/shapes/garage_and_dealership/Clutter/hr_plasticbarrier_red.DAE","useInstanceRenderData":true}
{"class":"TSStatic","__parent":"SimGroup_","position":[-1792.37109,-2782.09082,420.970642],"isRenderEnabled":false,"rotationMatrix":[0.398647547,0.917067826,-0.0081853671,-0.917097986,0.39866209,0.000162147917,0.00341189676,0.00744214235,0.999966502],"shapeName":"/art/shapes/garage_and_dealership/Clutter/hr_plasticbarrier.DAE","useInstanceRenderData":true}
{"class":"TSStatic","__parent":"SimGroup_","position":[-1791.25879,-2779.53198,420.947815],"isRenderEnabled":false,"rotationMatrix":[0.398647547,0.917067826,-0.0081853671,-0.917097986,0.39866209,0.000162147917,0.00341189676,0.00744214235,0.999966502],"shapeName":"/art/shapes/garage_and_dealership/Clutter/hr_plasticbarrier.DAE","useInstanceRenderData":true}
{"class":"TSStatic","__parent":"SimGroup_","position":[-1791.8147,-2780.81323,420.959839],"isRenderEnabled":false,"rotationMatrix":[0.398647547,0.917067826,-0.0081853671,-0.917097986,0.39866209,0.000162147917,0.00341189676,0.00744214235,0.999966502],"shapeName":"/art/shapes/garage_and_dealership/Clutter/hr_plasticbarrier_red.DAE","useInstanceRenderData":true}
{"class":"TSStatic","__parent":"SimGroup_","position":[-1790.69702,-2778.24292,420.955688],"isRenderEnabled":false,"rotationMatrix":[0.398602009,0.916952133,0.0177613571,-0.917097926,0.398662269,0.000162150711,-0.00693210121,-0.0163535345,0.999842227],"shapeName":"/art/shapes/garage_and_dealership/Clutter/hr_plasticbarrier_red.DAE","useInstanceRenderData":true}
{"class":"TSStatic","__parent":"SimGroup_","position":[-1790.14111,-2776.96118,420.980042],"isRenderEnabled":false,"rotationMatrix":[0.398602009,0.916952133,0.0177613571,-0.917097926,0.398662269,0.000162150711,-0.00693210121,-0.0163535345,0.999842227],"shapeName":"/art/shapes/garage_and_dealership/Clutter/hr_plasticbarrier.DAE","useInstanceRenderData":true}
{"class":"TSStatic","__parent":"SimGroup_","position":[-1789.02893,-2774.40259,421.029602],"isRenderEnabled":false,"rotationMatrix":[0.398602009,0.916952133,0.0177613571,-0.917097926,0.398662269,0.000162150711,-0.00693210121,-0.0163535345,0.999842227],"shapeName":"/art/shapes/garage_and_dealership/Clutter/hr_plasticbarrier.DAE","useInstanceRenderData":true}
{"class":"TSStatic","__parent":"SimGroup_","position":[-1789.58472,-2775.68384,421.005371],"isRenderEnabled":false,"rotationMatrix":[0.398602009,0.916952133,0.0177613571,-0.917097926,0.398662269,0.000162150711,-0.00693210121,-0.0163535345,0.999842227],"shapeName":"/art/shapes/garage_and_dealership/Clutter/hr_plasticbarrier_red.DAE","useInstanceRenderData":true}
{"class":"TSStatic","__parent":"SimGroup_","position":[-1788.47083,-2773.12183,421.054871],"isRenderEnabled":false,"rotationMatrix":[0.398602009,0.916952133,0.0177613571,-0.917097926,0.398662269,0.000162150711,-0.00693210121,-0.0163535345,0.999842227],"shapeName":"/art/shapes/garage_and_dealership/Clutter/hr_plasticbarrier_red.DAE","useInstanceRenderData":true}
{"class":"TSStatic","__parent":"SimGroup_","position":[-1787.91492,-2771.84009,421.079224],"isRenderEnabled":false,"rotationMatrix":[0.398602009,0.916952133,0.0177613571,-0.917097926,0.398662269,0.000162150711,-0.00693210121,-0.0163535345,0.999842227],"shapeName":"/art/shapes/garage_and_dealership/Clutter/hr_plasticbarrier.DAE","useInstanceRenderData":true}
{"class":"TSStatic","__parent":"SimGroup_","position":[-1786.80273,-2769.28149,421.128784],"isRenderEnabled":false,"rotationMatrix":[0.398602009,0.916952133,0.0177613571,-0.917097926,0.398662269,0.000162150711,-0.00693210121,-0.0163535345,0.999842227],"shapeName":"/art/shapes/garage_and_dealership/Clutter/hr_plasticbarrier.DAE","useInstanceRenderData":true}
{"class":"TSStatic","__parent":"SimGroup_","position":[-1787.35852,-2770.56274,421.104553],"isRenderEnabled":false,"rotationMatrix":[0.398602009,0.916952133,0.0177613571,-0.917097926,0.398662269,0.000162150711,-0.00693210121,-0.0163535345,0.999842227],"shapeName":"/art/shapes/garage_and_dealership/Clutter/hr_plasticbarrier_red.DAE","useInstanceRenderData":true}
{"class":"TSStatic","__parent":"SimGroup_","position":[-1786.24512,-2768.00171,421.154053],"isRenderEnabled":false,"rotationMatrix":[0.398602009,0.916952133,0.0177613571,-0.917097926,0.398662269,0.000162150711,-0.00693210121,-0.0163535345,0.999842227],"shapeName":"/art/shapes/garage_and_dealership/Clutter/hr_plasticbarrier_red.DAE","useInstanceRenderData":true}
{"class":"TSStatic","__parent":"SimGroup_","position":[-1785.68921,-2766.71997,421.178406],"isRenderEnabled":false,"rotationMatrix":[0.398602009,0.916952133,0.0177613571,-0.917097926,0.398662269,0.000162150711,-0.00693210121,-0.0163535345,0.999842227],"shapeName":"/art/shapes/garage_and_dealership/Clutter/hr_plasticbarrier.DAE","useInstanceRenderData":true}
{"class":"TSStatic","__parent":"SimGroup_","position":[-1784.57703,-2764.16138,421.227966],"isRenderEnabled":false,"rotationMatrix":[0.398602009,0.916952133,0.0177613571,-0.917097926,0.398662269,0.000162150711,-0.00693210121,-0.0163535345,0.999842227],"shapeName":"/art/shapes/garage_and_dealership/Clutter/hr_plasticbarrier.DAE","useInstanceRenderData":true}
{"class":"TSStatic","__parent":"SimGroup_","position":[-1785.13281,-2765.44263,421.203735],"isRenderEnabled":false,"rotationMatrix":[0.398602009,0.916952133,0.0177613571,-0.917097926,0.398662269,0.000162150711,-0.00693210121,-0.0163535345,0.999842227],"shapeName":"/art/shapes/garage_and_dealership/Clutter/hr_plasticbarrier_red.DAE","useInstanceRenderData":true}
{"class":"TSStatic","__parent":"SimGroup_","position":[-1784.01965,-2762.88184,421.253235],"isRenderEnabled":false,"rotationMatrix":[0.398602009,0.916952133,0.0177613571,-0.917097926,0.398662269,0.000162150711,-0.00693210121,-0.0163535345,0.999842227],"shapeName":"/art/shapes/garage_and_dealership/Clutter/hr_plasticbarrier_red.DAE","useInstanceRenderData":true}
{"class":"TSStatic","__parent":"SimGroup_","position":[-1783.46375,-2761.6001,421.277588],"isRenderEnabled":false,"rotationMatrix":[0.398602009,0.916952133,0.0177613571,-0.917097926,0.398662269,0.000162150711,-0.00693210121,-0.0163535345,0.999842227],"shapeName":"/art/shapes/garage_and_dealership/Clutter/hr_plasticbarrier.DAE","useInstanceRenderData":true}
{"class":"TSStatic","__parent":"SimGroup_","position":[-1782.35156,-2759.0415,421.327148],"isRenderEnabled":false,"rotationMatrix":[0.398602009,0.916952133,0.0177613571,-0.917097926,0.398662269,0.000162150711,-0.00693210121,-0.0163535345,0.999842227],"shapeName":"/art/shapes/garage_and_dealership/Clutter/hr_plasticbarrier.DAE","useInstanceRenderData":true}
{"class":"TSStatic","__parent":"SimGroup_","position":[-1782.90735,-2760.32275,421.302917],"isRenderEnabled":false,"rotationMatrix":[0.398602009,0.916952133,0.0177613571,-0.917097926,0.398662269,0.000162150711,-0.00693210121,-0.0163535345,0.999842227],"shapeName":"/art/shapes/garage_and_dealership/Clutter/hr_plasticbarrier_red.DAE","useInstanceRenderData":true}
{"class":"TSStatic","__parent":"SimGroup_","position":[-1781.79761,-2757.76953,421.349609],"isRenderEnabled":false,"rotationMatrix":[0.398560941,0.916855633,0.022910513,-0.917097867,0.39866215,0.000162150711,-0.00898488611,-0.0210758094,0.999737501],"shapeName":"/art/shapes/garage_and_dealership/Clutter/hr_plasticbarrier_red.DAE","useInstanceRenderData":true}
{"class":"TSStatic","__parent":"SimGroup_","position":[-1781.2417,-2756.48804,421.381165],"isRenderEnabled":false,"rotationMatrix":[0.398560941,0.916855633,0.022910513,-0.917097867,0.39866215,0.000162150711,-0.00898488611,-0.0210758094,0.999737501],"shapeName":"/art/shapes/garage_and_dealership/Clutter/hr_plasticbarrier.DAE","useInstanceRenderData":true}
{"class":"TSStatic","__parent":"SimGroup_","position":[-1780.12964,-2753.92969,421.445099],"isRenderEnabled":false,"rotationMatrix":[0.398560941,0.916855633,0.022910513,-0.917097867,0.39866215,0.000162150711,-0.00898488611,-0.0210758094,0.999737501],"shapeName":"/art/shapes/garage_and_dealership/Clutter/hr_plasticbarrier.DAE","useInstanceRenderData":true}
{"class":"TSStatic","__parent":"SimGroup_","position":[-1780.68542,-2755.21094,421.413635],"isRenderEnabled":false,"rotationMatrix":[0.398560941,0.916855633,0.022910513,-0.917097867,0.39866215,0.000162150711,-0.00898488611,-0.0210758094,0.999737501],"shapeName":"/art/shapes/garage_and_dealership/Clutter/hr_plasticbarrier_red.DAE","useInstanceRenderData":true}
{"class":"TSStatic","__parent":"SimGroup_","position":[-1779.57227,-2752.65039,421.477539],"isRenderEnabled":false,"rotationMatrix":[0.398560941,0.916855633,0.022910513,-0.917097867,0.39866215,0.000162150711,-0.00898488611,-0.0210758094,0.999737501],"shapeName":"/art/shapes/garage_and_dealership/Clutter/hr_plasticbarrier_red.DAE","useInstanceRenderData":true}
{"class":"TSStatic","__parent":"SimGroup_","position":[-1779.01636,-2751.3689,421.509094],"isRenderEnabled":false,"rotationMatrix":[0.398560941,0.916855633,0.022910513,-0.917097867,0.39866215,0.000162150711,-0.00898488611,-0.0210758094,0.999737501],"shapeName":"/art/shapes/garage_and_dealership/Clutter/hr_plasticbarrier.DAE","useInstanceRenderData":true}
{"class":"TSStatic","__parent":"SimGroup_","position":[-1777.9043,-2748.81055,421.573029],"isRenderEnabled":false,"rotationMatrix":[0.398560941,0.916855633,0.022910513,-0.917097867,0.39866215,0.000162150711,-0.00898488611,-0.0210758094,0.999737501],"shapeName":"/art/shapes/garage_and_dealership/Clutter/hr_plasticbarrier.DAE","useInstanceRenderData":true}
{"class":"TSStatic","__parent":"SimGroup_","position":[-1778.46008,-2750.0918,421.541565],"isRenderEnabled":false,"rotationMatrix":[0.398560941,0.916855633,0.022910513,-0.917097867,0.39866215,0.000162150711,-0.00898488611,-0.0210758094,0.999737501],"shapeName":"/art/shapes/garage_and_dealership/Clutter/hr_plasticbarrier_red.DAE","useInstanceRenderData":true}
{"class":"TSStatic","__parent":"SimGroup_","position":[-1777.34583,-2747.52856,421.60553],"isRenderEnabled":false,"rotationMatrix":[0.398560941,0.916855633,0.022910513,-0.917097867,0.39866215,0.000162150711,-0.00898488611,-0.0210758094,0.999737501],"shapeName":"/art/shapes/garage_and_dealership/Clutter/hr_plasticbarrier_red.DAE","useInstanceRenderData":true}
{"class":"TSStatic","__parent":"SimGroup_","position":[-1776.78992,-2746.24707,421.637085],"isRenderEnabled":false,"rotationMatrix":[0.398560941,0.916855633,0.022910513,-0.917097867,0.39866215,0.000162150711,-0.00898488611,-0.0210758094,0.999737501],"shapeName":"/art/shapes/garage_and_dealership/Clutter/hr_plasticbarrier.DAE","useInstanceRenderData":true}
{"class":"TSStatic","__parent":"SimGroup_","position":[-1775.67786,-2743.68872,421.701019],"isRenderEnabled":false,"rotationMatrix":[0.398560941,0.916855633,0.022910513,-0.917097867,0.39866215,0.000162150711,-0.00898488611,-0.0210758094,0.999737501],"shapeName":"/art/shapes/garage_and_dealership/Clutter/hr_plasticbarrier.DAE","useInstanceRenderData":true}
{"class":"TSStatic","__parent":"SimGroup_","position":[-1776.23364,-2744.96997,421.669556],"isRenderEnabled":false,"rotationMatrix":[0.398560941,0.916855633,0.022910513,-0.917097867,0.39866215,0.000162150711,-0.00898488611,-0.0210758094,0.999737501],"shapeName":"/art/shapes/garage_and_dealership/Clutter/hr_plasticbarrier_red.DAE","useInstanceRenderData":true}
{"class":"TSStatic","__parent":"SimGroup_","position":[-1665.41528,-2466.69897,425.479645],"isRenderEnabled":false,"rotationMatrix":[0.307868659,0.951427102,-0.00185396778,-0.951428533,0.307869732,0.000343508145,0.000897603575,0.00165816233,0.999998212],"shapeName":"/art/shapes/garage_and_dealership/Clutter/hr_plasticbarrier_red.DAE","useInstanceRenderData":true}
{"class":"TSStatic","__parent":"SimGroup_","position":[-1664.98621,-2465.36938,425.476593],"isRenderEnabled":false,"rotationMatrix":[0.307868659,0.951427102,-0.00185396778,-0.951428533,0.307869732,0.000343508145,0.000897603575,0.00165816233,0.999998212],"shapeName":"/art/shapes/garage_and_dealership/Clutter/hr_plasticbarrier.DAE","useInstanceRenderData":true}
{"class":"TSStatic","__parent":"SimGroup_","position":[-1664.12708,-2462.7146,425.471405],"isRenderEnabled":false,"rotationMatrix":[0.307868659,0.951427102,-0.00185396778,-0.951428533,0.307869732,0.000343508145,0.000897603575,0.00165816233,0.999998212],"shapeName":"/art/shapes/garage_and_dealership/Clutter/hr_plasticbarrier.DAE","useInstanceRenderData":true}
{"class":"TSStatic","__parent":"SimGroup_","position":[-1664.55615,-2464.0437,425.474518],"isRenderEnabled":false,"rotationMatrix":[0.307868659,0.951427102,-0.00185396778,-0.951428533,0.307869732,0.000343508145,0.000897603575,0.00165816233,0.999998212],"shapeName":"/art/shapes/garage_and_dealership/Clutter/hr_plasticbarrier_red.DAE","useInstanceRenderData":true}
{"class":"TSStatic","__parent":"SimGroup_","position":[-1663.6958,-2461.38599,425.469269],"isRenderEnabled":false,"rotationMatrix":[0.307868659,0.951427102,-0.00185396778,-0.951428533,0.307869732,0.000343508145,0.000897603575,0.00165816233,0.999998212],"shapeName":"/art/shapes/garage_and_dealership/Clutter/hr_plasticbarrier_red.DAE","useInstanceRenderData":true}
{"class":"TSStatic","__parent":"SimGroup_","position":[-1663.26672,-2460.0564,425.466217],"isRenderEnabled":false,"rotationMatrix":[0.307868659,0.951427102,-0.00185396778,-0.951428533,0.307869732,0.000343508145,0.000897603575,0.00165816233,0.999998212],"shapeName":"/art/shapes/garage_and_dealership/Clutter/hr_plasticbarrier.DAE","useInstanceRenderData":true}
{"class":"TSStatic","__parent":"SimGroup_","position":[-1662.40759,-2457.40161,425.461029],"isRenderEnabled":false,"rotationMatrix":[0.307868659,0.951427102,-0.00185396778,-0.951428533,0.307869732,0.000343508145,0.000897603575,0.00165816233,0.999998212],"shapeName":"/art/shapes/garage_and_dealership/Clutter/hr_plasticbarrier.DAE","useInstanceRenderData":true}
{"class":"TSStatic","__parent":"SimGroup_","position":[-1662.83667,-2458.73071,425.464142],"isRenderEnabled":false,"rotationMatrix":[0.307868659,0.951427102,-0.00185396778,-0.951428533,0.307869732,0.000343508145,0.000897603575,0.00165816233,0.999998212],"shapeName":"/art/shapes/garage_and_dealership/Clutter/hr_plasticbarrier_red.DAE","useInstanceRenderData":true}
{"class":"TSStatic","__parent":"SimGroup_","position":[-1662.00134,-2456.06128,425.458923],"isRenderEnabled":false,"rotationMatrix":[0.277665138,0.960676014,-0.00184219331,-0.960677326,0.27766633,0.000401892525,0.000897603342,0.00165816233,0.999998212],"shapeName":"/art/shapes/garage_and_dealership/Clutter/hr_plasticbarrier_red.DAE","useInstanceRenderData":true}
{"class":"TSStatic","__parent":"SimGroup_","position":[-1661.6145,-2454.71875,425.455902],"isRenderEnabled":false,"rotationMatrix":[0.277665138,0.960676014,-0.00184219331,-0.960677326,0.27766633,0.000401892525,0.000897603342,0.00165816233,0.999998212],"shapeName":"/art/shapes/garage_and_dealership/Clutter/hr_plasticbarrier.DAE","useInstanceRenderData":true}
{"class":"TSStatic","__parent":"SimGroup_","position":[-1660.8396,-2452.03833,425.450745],"isRenderEnabled":false,"rotationMatrix":[0.277665138,0.960676014,-0.00184219331,-0.960677326,0.27766633,0.000401892525,0.000897603342,0.00165816233,0.999998212],"shapeName":"/art/shapes/garage_and_dealership/Clutter/hr_plasticbarrier.DAE","useInstanceRenderData":true}
{"class":"TSStatic","__parent":"SimGroup_","position":[-1661.22644,-2453.38037,425.453827],"isRenderEnabled":false,"rotationMatrix":[0.277665138,0.960676014,-0.00184219331,-0.960677326,0.27766633,0.000401892525,0.000897603342,0.00165816233,0.999998212],"shapeName":"/art/shapes/garage_and_dealership/Clutter/hr_plasticbarrier_red.DAE","useInstanceRenderData":true}
{"class":"TSStatic","__parent":"SimGroup_","position":[-1660.45142,-2450.69824,425.444946],"isRenderEnabled":false,"rotationMatrix":[0.27765733,0.960657001,-0.00667047221,-0.960677505,0.277666092,0.000401892699,0.00223824475,0.00629658485,0.999977648],"shapeName":"/art/shapes/garage_and_dealership/Clutter/hr_plasticbarrier_red.DAE","useInstanceRenderData":true}
{"class":"TSStatic","__parent":"SimGroup_","position":[-1660.06458,-2449.35596,425.43515],"isRenderEnabled":false,"rotationMatrix":[0.27765733,0.960657001,-0.00667047221,-0.960677505,0.277666092,0.000401892699,0.00223824475,0.00629658485,0.999977648],"shapeName":"/art/shapes/garage_and_dealership/Clutter/hr_plasticbarrier.DAE","useInstanceRenderData":true}
{"class":"TSStatic","__parent":"SimGroup_","position":[-1659.28979,-2446.67554,425.416534],"isRenderEnabled":false,"rotationMatrix":[0.27765733,0.960657001,-0.00667047221,-0.960677505,0.277666092,0.000401892699,0.00223824475,0.00629658485,0.999977648],"shapeName":"/art/shapes/garage_and_dealership/Clutter/hr_plasticbarrier.DAE","useInstanceRenderData":true}
{"class":"TSStatic","__parent":"SimGroup_","position":[-1659.67651,-2448.01758,425.426361],"isRenderEnabled":false,"rotationMatrix":[0.27765733,0.960657001,-0.00667047221,-0.960677505,0.277666092,0.000401892699,0.00223824475,0.00629658485,0.999977648],"shapeName":"/art/shapes/garage_and_dealership/Clutter/hr_plasticbarrier_red.DAE","useInstanceRenderData":true}
{"class":"TSStatic","__parent":"SimGroup_","position":[-1658.8988,-2445.32666,425.413635],"isRenderEnabled":false,"rotationMatrix":[0.277666092,0.960676014,0.00172544084,-0.960677564,0.277665854,0.000401893922,-9.30059468e-05,-0.00176918483,0.99999845],"shapeName":"/art/shapes/garage_and_dealership/Clutter/hr_plasticbarrier_red.DAE","useInstanceRenderData":true}
{"class":"TSStatic","__parent":"SimGroup_","position":[-1658.51208,-2443.98438,425.415558],"isRenderEnabled":false,"rotationMatrix":[0.277666092,0.960676014,0.00172544084,-0.960677564,0.277665854,0.000401893922,-9.30059468e-05,-0.00176918483,0.99999845],"shapeName":"/art/shapes/garage_and_dealership/Clutter/hr_plasticbarrier.DAE","useInstanceRenderData":true}
{"class":"TSStatic","__parent":"SimGroup_","position":[-1657.73718,-2441.30396,425.42038],"isRenderEnabled":false,"rotationMatrix":[0.277666092,0.960676014,0.00172544084,-0.960677564,0.277665854,0.000401893922,-9.30059468e-05,-0.00176918483,0.99999845],"shapeName":"/art/shapes/garage_and_dealership/Clutter/hr_plasticbarrier.DAE","useInstanceRenderData":true}
{"class":"TSStatic","__parent":"SimGroup_","position":[-1658.1239,-2442.646,425.418457],"isRenderEnabled":false,"rotationMatrix":[0.277666092,0.960676014,0.00172544084,-0.960677564,0.277665854,0.000401893922,-9.30059468e-05,-0.00176918483,0.99999845],"shapeName":"/art/shapes/garage_and_dealership/Clutter/hr_plasticbarrier_red.DAE","useInstanceRenderData":true}
{"class":"TSStatic","__parent":"SimGroup_","position":[-1657.34985,-2439.96753,425.415833],"isRenderEnabled":false,"rotationMatrix":[0.27764076,0.960608602,-0.0121082738,-0.960677624,0.277665734,0.000401894562,0.00374811562,0.0115205655,0.999926627],"shapeName":"/art/shapes/garage_and_dealership/Clutter/hr_plasticbarrier_red.DAE","useInstanceRenderData":true}
{"class":"TSStatic","__parent":"SimGroup_","position":[-1656.96313,-2438.62549,425.398438],"isRenderEnabled":false,"rotationMatrix":[0.27764076,0.960608602,-0.0121082738,-0.960677624,0.277665734,0.000401894562,0.00374811562,0.0115205655,0.999926627],"shapeName":"/art/shapes/garage_and_dealership/Clutter/hr_plasticbarrier.DAE","useInstanceRenderData":true}
{"class":"TSStatic","__parent":"SimGroup_","position":[-1656.18835,-2435.94507,425.364655],"isRenderEnabled":false,"rotationMatrix":[0.27764076,0.960608602,-0.0121082738,-0.960677624,0.277665734,0.000401894562,0.00374811562,0.0115205655,0.999926627],"shapeName":"/art/shapes/garage_and_dealership/Clutter/hr_plasticbarrier.DAE","useInstanceRenderData":true}
{"class":"TSStatic","__parent":"SimGroup_","position":[-1656.57507,-2437.28711,425.38205],"isRenderEnabled":false,"rotationMatrix":[0.27764076,0.960608602,-0.0121082738,-0.960677624,0.277665734,0.000401894562,0.00374811562,0.0115205655,0.999926627],"shapeName":"/art/shapes/garage_and_dealership/Clutter/hr_plasticbarrier_red.DAE","useInstanceRenderData":true}
{"class":"TSStatic","__parent":"SimGroup_","position":[-1655.80017,-2434.60596,425.348267],"isRenderEnabled":false,"rotationMatrix":[0.27764076,0.960608602,-0.0121082738,-0.960677624,0.277665734,0.000401894562,0.00374811562,0.0115205655,0.999926627],"shapeName":"/art/shapes/garage_and_dealership/Clutter/hr_plasticbarrier_red.DAE","useInstanceRenderData":true}
{"class":"TSStatic","__parent":"SimGroup_","position":[-1655.41345,-2433.26392,425.330872],"isRenderEnabled":false,"rotationMatrix":[0.27764076,0.960608602,-0.0121082738,-0.960677624,0.277665734,0.000401894562,0.00374811562,0.0115205655,0.999926627],"shapeName":"/art/shapes/garage_and_dealership/Clutter/hr_plasticbarrier.DAE","useInstanceRenderData":true}
{"class":"TSStatic","__parent":"SimGroup_","position":[-1654.63867,-2430.5835,425.297089],"isRenderEnabled":false,"rotationMatrix":[0.27764076,0.960608602,-0.0121082738,-0.960677624,0.277665734,0.000401894562,0.00374811562,0.0115205655,0.999926627],"shapeName":"/art/shapes/garage_and_dealership/Clutter/hr_plasticbarrier.DAE","useInstanceRenderData":true}
{"class":"TSStatic","__parent":"SimGroup_","position":[-1655.02539,-2431.92554,425.314484],"isRenderEnabled":false,"rotationMatrix":[0.27764076,0.960608602,-0.0121082738,-0.960677624,0.277665734,0.000401894562,0.00374811562,0.0115205655,0.999926627],"shapeName":"/art/shapes/garage_and_dealership/Clutter/hr_plasticbarrier_red.DAE","useInstanceRenderData":true}
{"class":"TSStatic","__parent":"SimGroup_","position":[-1653.8634,-2427.90137,425.286865],"isRenderEnabled":false,"rotationMatrix":[0.277665734,0.960677743,2.42889946e-05,-0.960677624,0.277665675,0.000401894504,0.000379346893,-0.000134926217,0.99999994],"shapeName":"/art/shapes/garage_and_dealership/Clutter/hr_plasticbarrier.DAE","useInstanceRenderData":true}
{"class":"TSStatic","__parent":"SimGroup_","position":[-1654.25012,-2429.24365,425.287323],"isRenderEnabled":false,"rotationMatrix":[0.277665734,0.960677743,2.42889946e-05,-0.960677624,0.277665675,0.000401894504,0.000379346893,-0.000134926217,0.99999994],"shapeName":"/art/shapes/garage_and_dealership/Clutter/hr_plasticbarrier_red.DAE","useInstanceRenderData":true}
{"class":"TSStatic","__parent":"SimGroup_","position":[-1652.31311,-2422.53784,425.263794],"isRenderEnabled":false,"rotationMatrix":[0.277641594,0.960611641,-0.0118392985,-0.960677564,0.277665615,0.000401894562,0.00367342914,0.0112621682,0.999929845],"shapeName":"/art/shapes/garage_and_dealership/Clutter/hr_plasticbarrier.DAE","useInstanceRenderData":true}
{"class":"TSStatic","__parent":"SimGroup_","position":[-1652.69983,-2423.88037,425.280823],"isRenderEnabled":false,"rotationMatrix":[0.277641594,0.960611641,-0.0118392985,-0.960677564,0.277665615,0.000401894562,0.00367342914,0.0112621682,0.999929845],"shapeName":"/art/shapes/garage_and_dealership/Clutter/hr_plasticbarrier_red.DAE","useInstanceRenderData":true}
{"class":"TSStatic","__parent":"SimGroup_","position":[-1653.08862,-2425.2207,425.286926],"isRenderEnabled":false,"rotationMatrix":[0.277665734,0.960677743,2.42889946e-05,-0.960677624,0.277665675,0.000401894504,0.000379346893,-0.000134926217,0.99999994],"shapeName":"/art/shapes/garage_and_dealership/Clutter/hr_plasticbarrier.DAE","useInstanceRenderData":true}
{"class":"TSStatic","__parent":"SimGroup_","position":[-1653.47534,-2426.56299,425.287384],"isRenderEnabled":false,"rotationMatrix":[0.277665734,0.960677743,2.42889946e-05,-0.960677624,0.277665675,0.000401894504,0.000379346893,-0.000134926217,0.99999994],"shapeName":"/art/shapes/garage_and_dealership/Clutter/hr_plasticbarrier_red.DAE","useInstanceRenderData":true}
{"class":"TSStatic","__parent":"SimGroup_","position":[-1650.75732,-2417.15503,425.23233],"isRenderEnabled":false,"rotationMatrix":[0.277641594,0.960611641,-0.0118392985,-0.960677564,0.277665615,0.000401894562,0.00367342914,0.0112621682,0.999929845],"shapeName":"/art/shapes/garage_and_dealership/Clutter/hr_plasticbarrier.DAE","useInstanceRenderData":true}
{"class":"TSStatic","__parent":"SimGroup_","position":[-1651.14404,-2418.49756,425.249359],"isRenderEnabled":false,"rotationMatrix":[0.277641594,0.960611641,-0.0118392985,-0.960677564,0.277665615,0.000401894562,0.00367342914,0.0112621682,0.999929845],"shapeName":"/art/shapes/garage_and_dealership/Clutter/hr_plasticbarrier_red.DAE","useInstanceRenderData":true}
{"class":"TSStatic","__parent":"SimGroup_","position":[-1651.53284,-2419.83789,425.255432],"isRenderEnabled":false,"rotationMatrix":[0.277665615,0.960677803,6.81972597e-06,-0.960677683,0.277665555,0.000401894562,0.000384197599,-0.000118143842,0.99999994],"shapeName":"/art/shapes/garage_and_dealership/Clutter/hr_plasticbarrier.DAE","useInstanceRenderData":true}
{"class":"TSStatic","__parent":"SimGroup_","position":[-1651.91956,-2421.18018,425.25592],"isRenderEnabled":false,"rotationMatrix":[0.277665615,0.960677803,6.81972597e-06,-0.960677683,0.277665555,0.000401894562,0.000384197599,-0.000118143842,0.99999994],"shapeName":"/art/shapes/garage_and_dealership/Clutter/hr_plasticbarrier_red.DAE","useInstanceRenderData":true}
{"class":"TSStatic","__parent":"SimGroup_","position":[-1637.41882,-2413.39673,425.625153],"isRenderEnabled":false,"rotationMatrix":[0.435659647,0.899999499,0.01419577,-0.90010047,0.435678005,0.00193556119,-0.00444278074,-0.0136208665,0.999897361],"shapeName":"/art/shapes/garage_and_dealership/Clutter/hr_plasticbarrier.DAE","useInstanceRenderData":true}
{"class":"TSStatic","__parent":"SimGroup_","position":[-1638.02661,-2414.65454,425.605804],"isRenderEnabled":false,"rotationMatrix":[0.435659647,0.899999499,0.01419577,-0.90010047,0.435678005,0.00193556119,-0.00444278074,-0.0136208665,0.999897361],"shapeName":"/art/shapes/garage_and_dealership/Clutter/hr_plasticbarrier_red.DAE","useInstanceRenderData":true}
{"class":"TSStatic","__parent":"SimGroup_","position":[-1638.59814,-2415.93018,425.585388],"isRenderEnabled":false,"rotationMatrix":[0.387160361,0.921901882,0.0142786363,-0.922001779,0.387184083,0.00117765181,-0.00444278214,-0.0136208665,0.999897361],"shapeName":"/art/shapes/garage_and_dealership/Clutter/hr_plasticbarrier.DAE","useInstanceRenderData":true}
{"class":"TSStatic","__parent":"SimGroup_","position":[-1639.13806,-2417.21875,425.565918],"isRenderEnabled":false,"rotationMatrix":[0.387160361,0.921901882,0.0142786363,-0.922001779,0.387184083,0.00117765181,-0.00444278214,-0.0136208665,0.999897361],"shapeName":"/art/shapes/garage_and_dealership/Clutter/hr_plasticbarrier_red.DAE","useInstanceRenderData":true}
{"class":"TSStatic","__parent":"SimGroup_","position":[-1639.677,-2418.49854,425.545624],"isRenderEnabled":false,"rotationMatrix":[0.387160361,0.921901882,0.0142786363,-0.922001779,0.387184083,0.00117765181,-0.00444278214,-0.0136208665,0.999897361],"shapeName":"/art/shapes/garage_and_dealership/Clutter/hr_plasticbarrier.DAE","useInstanceRenderData":true}
{"class":"TSStatic","__parent":"SimGroup_","position":[-1640.2168,-2419.78735,425.526123],"isRenderEnabled":false,"rotationMatrix":[0.387160361,0.921901882,0.0142786363,-0.922001779,0.387184083,0.00117765181,-0.00444278214,-0.0136208665,0.999897361],"shapeName":"/art/shapes/garage_and_dealership/Clutter/hr_plasticbarrier_red.DAE","useInstanceRenderData":true}
{"class":"TSStatic","__parent":"SimGroup_","position":[-1640.6958,-2421.09448,425.505707],"isRenderEnabled":false,"rotationMatrix":[0.310064137,0.950607598,0.0143271172,-0.95070523,0.310095966,-4.65661287e-10,-0.00444278028,-0.0136208665,0.999897361],"shapeName":"/art/shapes/garage_and_dealership/Clutter/hr_plasticbarrier.DAE","useInstanceRenderData":true}
{"class":"TSStatic","__parent":"SimGroup_","position":[-1641.12805,-2422.4231,425.486176],"isRenderEnabled":false,"rotationMatrix":[0.310064137,0.950607598,0.0143271172,-0.95070523,0.310095966,-4.65661287e-10,-0.00444278028,-0.0136208665,0.999897361],"shapeName":"/art/shapes/garage_and_dealership/Clutter/hr_plasticbarrier_red.DAE","useInstanceRenderData":true}
{"class":"TSStatic","__parent":"SimGroup_","position":[-1641.55994,-2423.74292,425.46582],"isRenderEnabled":false,"rotationMatrix":[0.310064137,0.950607598,0.0143271172,-0.95070523,0.310095966,-4.65661287e-10,-0.00444278028,-0.0136208665,0.999897361],"shapeName":"/art/shapes/garage_and_dealership/Clutter/hr_plasticbarrier.DAE","useInstanceRenderData":true}
{"class":"TSStatic","__parent":"SimGroup_","position":[-1641.99194,-2425.07178,425.446259],"isRenderEnabled":false,"rotationMatrix":[0.310064137,0.950607598,0.0143271172,-0.95070523,0.310095966,-4.65661287e-10,-0.00444278028,-0.0136208665,0.999897361],"shapeName":"/art/shapes/garage_and_dealership/Clutter/hr_plasticbarrier_red.DAE","useInstanceRenderData":true}
{"class":"TSStatic","__parent":"SimGroup_","position":[-1642.42834,-2426.40625,425.423553],"isRenderEnabled":false,"rotationMatrix":[0.310092926,0.95069617,0.00436502928,-0.95070523,0.310095906,-4.65661287e-10,-0.00135357806,-0.00414985651,0.999990463],"shapeName":"/art/shapes/garage_and_dealership/Clutter/hr_plasticbarrier.DAE","useInstanceRenderData":true}
{"class":"TSStatic","__parent":"SimGroup_","position":[-1642.8606,-2427.73486,425.417938],"isRenderEnabled":false,"rotationMatrix":[0.310092926,0.95069617,0.00436502928,-0.95070523,0.310095906,-4.65661287e-10,-0.00135357806,-0.00414985651,0.999990463],"shapeName":"/art/shapes/garage_and_dealership/Clutter/hr_plasticbarrier_red.DAE","useInstanceRenderData":true}
{"class":"TSStatic","__parent":"SimGroup_","position":[-1643.29248,-2429.05493,425.411407],"isRenderEnabled":false,"rotationMatrix":[0.310092926,0.95069617,0.00436502928,-0.95070523,0.310095906,-4.65661287e-10,-0.00135357806,-0.00414985651,0.999990463],"shapeName":"/art/shapes/garage_and_dealership/Clutter/hr_plasticbarrier.DAE","useInstanceRenderData":true}
{"class":"TSStatic","__parent":"SimGroup_","position":[-1643.72461,-2430.38379,425.405792],"isRenderEnabled":false,"rotationMatrix":[0.310092926,0.95069617,0.00436502928,-0.95070523,0.310095906,-4.65661287e-10,-0.00135357806,-0.00414985651,0.999990463],"shapeName":"/art/shapes/garage_and_dealership/Clutter/hr_plasticbarrier_red.DAE","useInstanceRenderData":true}
{"class":"TSStatic","__parent":"SimGroup_","position":[-1644.16028,-2431.71631,425.434174],"isRenderEnabled":false,"rotationMatrix":[0.31009084,0.950690091,-0.00564957689,-0.95070523,0.310095787,0,0.00175190938,0.00537108304,0.999984026],"shapeName":"/art/shapes/garage_and_dealership/Clutter/hr_plasticbarrier.DAE","useInstanceRenderData":true}
{"class":"TSStatic","__parent":"SimGroup_","position":[-1644.59253,-2433.04492,425.442535],"isRenderEnabled":false,"rotationMatrix":[0.31009084,0.950690091,-0.00564957689,-0.95070523,0.310095787,0,0.00175190938,0.00537108304,0.999984026],"shapeName":"/art/shapes/garage_and_dealership/Clutter/hr_plasticbarrier_red.DAE","useInstanceRenderData":true}
{"class":"TSStatic","__parent":"SimGroup_","position":[-1645.02441,-2434.36499,425.449921],"isRenderEnabled":false,"rotationMatrix":[0.31009084,0.950690091,-0.00564957689,-0.95070523,0.310095787,0,0.00175190938,0.00537108304,0.999984026],"shapeName":"/art/shapes/garage_and_dealership/Clutter/hr_plasticbarrier.DAE","useInstanceRenderData":true}
{"class":"TSStatic","__parent":"SimGroup_","position":[-1645.45654,-2435.69385,425.458313],"isRenderEnabled":false,"rotationMatrix":[0.31009084,0.950690091,-0.00564957689,-0.95070523,0.310095787,0,0.00175190938,0.00537108304,0.999984026],"shapeName":"/art/shapes/garage_and_dealership/Clutter/hr_plasticbarrier_red.DAE","useInstanceRenderData":true}
{"class":"TSStatic","__parent":"SimGroup_","position":[-1645.89099,-2437.02222,425.465668],"isRenderEnabled":false,"rotationMatrix":[0.31009084,0.950690091,-0.00564957689,-0.95070523,0.310095787,0,0.00175190938,0.00537108304,0.999984026],"shapeName":"/art/shapes/garage_and_dealership/Clutter/hr_plasticbarrier.DAE","useInstanceRenderData":true}
{"class":"TSStatic","__parent":"SimGroup_","position":[-1646.32324,-2438.35083,425.47403],"isRenderEnabled":false,"rotationMatrix":[0.31009084,0.950690091,-0.00564957689,-0.95070523,0.310095787,0,0.00175190938,0.00537108304,0.999984026],"shapeName":"/art/shapes/garage_and_dealership/Clutter/hr_plasticbarrier_red.DAE","useInstanceRenderData":true}
{"class":"TSStatic","__parent":"SimGroup_","position":[-1646.75513,-2439.6709,425.481415],"isRenderEnabled":false,"rotationMatrix":[0.31009084,0.950690091,-0.00564957689,-0.95070523,0.310095787,0,0.00175190938,0.00537108304,0.999984026],"shapeName":"/art/shapes/garage_and_dealership/Clutter/hr_plasticbarrier.DAE","useInstanceRenderData":true}
{"class":"TSStatic","__parent":"SimGroup_","position":[-1647.18726,-2440.99976,425.489807],"isRenderEnabled":false,"rotationMatrix":[0.31009084,0.950690091,-0.00564957689,-0.95070523,0.310095787,0,0.00175190938,0.00537108304,0.999984026],"shapeName":"/art/shapes/garage_and_dealership/Clutter/hr_plasticbarrier_red.DAE","useInstanceRenderData":true}
{"class":"TSStatic","__parent":"SimGroup_","position":[-1647.62341,-2442.3335,425.504395],"isRenderEnabled":false,"rotationMatrix":[0.310073912,0.950638711,-0.0118461214,-0.950705469,0.310095668,-9.31322575e-10,0.00367343146,0.011262171,0.999929845],"shapeName":"/art/shapes/garage_and_dealership/Clutter/hr_plasticbarrier.DAE","useInstanceRenderData":true}
{"class":"TSStatic","__parent":"SimGroup_","position":[-1648.05554,-2443.66211,425.521423],"isRenderEnabled":false,"rotationMatrix":[0.310073912,0.950638711,-0.0118461214,-0.950705469,0.310095668,-9.31322575e-10,0.00367343146,0.011262171,0.999929845],"shapeName":"/art/shapes/garage_and_dealership/Clutter/hr_plasticbarrier_red.DAE","useInstanceRenderData":true}
{"class":"TSStatic","__parent":"SimGroup_","position":[-1648.48743,-2444.98218,425.537415],"isRenderEnabled":false,"rotationMatrix":[0.310073912,0.950638711,-0.0118461214,-0.950705469,0.310095668,-9.31322575e-10,0.00367343146,0.011262171,0.999929845],"shapeName":"/art/shapes/garage_and_dealership/Clutter/hr_plasticbarrier.DAE","useInstanceRenderData":true}
{"class":"TSStatic","__parent":"SimGroup_","position":[-1648.91956,-2446.31079,425.554443],"isRenderEnabled":false,"rotationMatrix":[0.310073912,0.950638711,-0.0118461214,-0.950705469,0.310095668,-9.31322575e-10,0.00367343146,0.011262171,0.999929845],"shapeName":"/art/shapes/garage_and_dealership/Clutter/hr_plasticbarrier_red.DAE","useInstanceRenderData":true}
{"class":"TSStatic","__parent":"SimGroup_","position":[-930.755798,-1878.33838,439.553619],"isRenderEnabled":false,"rotationMatrix":[0.378404617,-0.923120379,0.0682526454,0.925278068,0.379289091,-3.7252903e-09,-0.0258874688,0.0631526858,0.997668087],"shapeName":"/art/shapes/garage_and_dealership/Clutter/hr_plasticbarrier_red.DAE","useInstanceRenderData":true}
{"class":"TSStatic","__parent":"SimGroup_","position":[-931.283142,-1877.04883,439.457855],"isRenderEnabled":false,"rotationMatrix":[0.378404617,-0.923120379,0.0682526454,0.925278068,0.379289091,-3.7252903e-09,-0.0258874688,0.0631526858,0.997668087],"shapeName":"/art/shapes/garage_and_dealership/Clutter/hr_plasticbarrier.DAE","useInstanceRenderData":true}
{"class":"TSStatic","__parent":"SimGroup_","position":[-931.812805,-1875.75977,439.362976],"isRenderEnabled":false,"rotationMatrix":[0.378404617,-0.923120379,0.0682526454,0.925278068,0.379289091,-3.7252903e-09,-0.0258874688,0.0631526858,0.997668087],"shapeName":"/art/shapes/garage_and_dealership/Clutter/hr_plasticbarrier_red.DAE","useInstanceRenderData":true}
{"class":"TSStatic","__parent":"SimGroup_","position":[-932.339355,-1874.47217,439.267365],"isRenderEnabled":false,"rotationMatrix":[0.378404617,-0.923120379,0.0682526454,0.925278068,0.379289091,-3.7252903e-09,-0.0258874688,0.0631526858,0.997668087],"shapeName":"/art/shapes/garage_and_dealership/Clutter/hr_plasticbarrier.DAE","useInstanceRenderData":true}
{"class":"TSStatic","__parent":"SimGroup_","position":[-932.869019,-1873.18311,439.172485],"isRenderEnabled":false,"rotationMatrix":[0.378404617,-0.923120379,0.0682526454,0.925278068,0.379289091,-3.7252903e-09,-0.0258874688,0.0631526858,0.997668087],"shapeName":"/art/shapes/garage_and_dealership/Clutter/hr_plasticbarrier_red.DAE","useInstanceRenderData":true}
{"class":"TSStatic","__parent":"SimGroup_","position":[-933.401611,-1871.88074,439.097504],"isRenderEnabled":false,"rotationMatrix":[0.378908336,-0.924349844,0.0447854623,0.925278246,0.379288912,-3.7252903e-09,-0.0169866234,0.0414390191,0.998996615],"shapeName":"/art/shapes/garage_and_dealership/Clutter/hr_plasticbarrier.DAE","useInstanceRenderData":true}
{"class":"TSStatic","__parent":"SimGroup_","position":[-933.932007,-1870.58984,439.035431],"isRenderEnabled":false,"rotationMatrix":[0.378908336,-0.924349844,0.0447854623,0.925278246,0.379288912,-3.7252903e-09,-0.0169866234,0.0414390191,0.998996615],"shapeName":"/art/shapes/garage_and_dealership/Clutter/hr_plasticbarrier_red.DAE","useInstanceRenderData":true}
{"class":"TSStatic","__parent":"SimGroup_","position":[-934.469116,-1869.27661,439.001282],"isRenderEnabled":false,"rotationMatrix":[0.379273593,-0.925241947,0.00888809189,0.925278544,0.379288554,9.31322575e-10,-0.00337115279,0.00822395924,0.999960482],"shapeName":"/art/shapes/garage_and_dealership/Clutter/hr_plasticbarrier.DAE","useInstanceRenderData":true}
{"class":"TSStatic","__parent":"SimGroup_","position":[-935.000061,-1867.98462,438.989349],"isRenderEnabled":false,"rotationMatrix":[0.379273593,-0.925241947,0.00888809189,0.925278544,0.379288554,9.31322575e-10,-0.00337115279,0.00822395924,0.999960482],"shapeName":"/art/shapes/garage_and_dealership/Clutter/hr_plasticbarrier_red.DAE","useInstanceRenderData":true}
{"class":"TSStatic","__parent":"SimGroup_","position":[-935.530945,-1866.6864,438.976379],"isRenderEnabled":false,"rotationMatrix":[0.379273593,-0.925241947,0.00888809189,0.925278544,0.379288554,9.31322575e-10,-0.00337115279,0.00822395924,0.999960482],"shapeName":"/art/shapes/garage_and_dealership/Clutter/hr_plasticbarrier.DAE","useInstanceRenderData":true}
{"class":"TSStatic","__parent":"SimGroup_","position":[-936.06189,-1865.39441,438.964447],"isRenderEnabled":false,"rotationMatrix":[0.379273593,-0.925241947,0.00888809189,0.925278544,0.379288554,9.31322575e-10,-0.00337115279,0.00822395924,0.999960482],"shapeName":"/art/shapes/garage_and_dealership/Clutter/hr_plasticbarrier_red.DAE","useInstanceRenderData":true}
{"class":"TSStatic","__parent":"SimGroup_","position":[-936.593811,-1864.09338,438.951477],"isRenderEnabled":false,"rotationMatrix":[0.379273593,-0.925241947,0.00888809189,0.925278544,0.379288554,9.31322575e-10,-0.00337115279,0.00822395924,0.999960482],"shapeName":"/art/shapes/garage_and_dealership/Clutter/hr_plasticbarrier.DAE","useInstanceRenderData":true}
{"class":"TSStatic","__parent":"SimGroup_","position":[-937.124756,-1862.80139,438.939545],"isRenderEnabled":false,"rotationMatrix":[0.379273593,-0.925241947,0.00888809189,0.925278544,0.379288554,9.31322575e-10,-0.00337115279,0.00822395924,0.999960482],"shapeName":"/art/shapes/garage_and_dealership/Clutter/hr_plasticbarrier_red.DAE","useInstanceRenderData":true}
{"class":"TSStatic","__parent":"SimGroup_","position":[-937.657104,-1861.49915,438.936768],"isRenderEnabled":false,"rotationMatrix":[0.379288495,-0.925278306,0,0.925278306,0.379288495,0,0,0,1],"shapeName":"/art/shapes/garage_and_dealership/Clutter/hr_plasticbarrier.DAE","useInstanceRenderData":true}
{"class":"TSStatic","__parent":"SimGroup_","position":[-938.188049,-1860.20715,438.937256],"isRenderEnabled":false,"rotationMatrix":[0.379288495,-0.925278306,0,0.925278306,0.379288495,0,0,0,1],"shapeName":"/art/shapes/garage_and_dealership/Clutter/hr_plasticbarrier_red.DAE","useInstanceRenderData":true}
{"class":"TSStatic","__parent":"SimGroup_","position":[-938.716553,-1858.91467,438.936768],"isRenderEnabled":false,"rotationMatrix":[0.379288495,-0.925278306,0,0.925278306,0.379288495,0,0,0,1],"shapeName":"/art/shapes/garage_and_dealership/Clutter/hr_plasticbarrier.DAE","useInstanceRenderData":true}
{"class":"TSStatic","__parent":"SimGroup_","position":[-939.247498,-1857.62268,438.937256],"isRenderEnabled":false,"rotationMatrix":[0.379288495,-0.925278306,0,0.925278306,0.379288495,0,0,0,1],"shapeName":"/art/shapes/garage_and_dealership/Clutter/hr_plasticbarrier_red.DAE","useInstanceRenderData":true}
{"class":"TSStatic","__parent":"SimGroup_","position":[-1010.36652,-1785.54041,440.725861],"isRenderEnabled":false,"rotationMatrix":[0.866045833,-0.493034899,0.0829528496,0.494740009,0.869041026,1.86264515e-09,-0.0720894262,0.0410401002,0.996553481],"shapeName":"/art/shapes/garage_and_dealership/Clutter/hr_plasticbarrier.DAE","useInstanceRenderData":true}
{"class":"TSStatic","__parent":"SimGroup_","position":[-1009.16968,-1786.22327,440.841034],"isRenderEnabled":false,"rotationMatrix":[0.866045833,-0.493034899,0.0829528496,0.494740009,0.869041026,1.86264515e-09,-0.0720894262,0.0410401002,0.996553481],"shapeName":"/art/shapes/garage_and_dealership/Clutter/hr_plasticbarrier_red.DAE","useInstanceRenderData":true}
{"class":"TSStatic","__parent":"SimGroup_","position":[-1007.95935,-1786.91089,440.956421],"isRenderEnabled":false,"rotationMatrix":[0.866045833,-0.493034899,0.0829528496,0.494740009,0.869041026,1.86264515e-09,-0.0720894262,0.0410401002,0.996553481],"shapeName":"/art/shapes/garage_and_dealership/Clutter/hr_plasticbarrier.DAE","useInstanceRenderData":true}
{"class":"TSStatic","__parent":"SimGroup_","position":[-1006.78503,-1787.58093,441.015869],"isRenderEnabled":false,"rotationMatrix":[0.869040906,-0.49473998,0.000473001361,0.494740039,0.869041026,1.61526259e-09,-0.000411058398,0.000234011299,0.999999881],"shapeName":"/art/shapes/garage_and_dealership/Clutter/hr_plasticbarrier_red.DAE","useInstanceRenderData":true}
{"class":"TSStatic","__parent":"SimGroup_","position":[-1005.57056,-1788.27087,441.016052],"isRenderEnabled":false,"rotationMatrix":[0.869040906,-0.49473998,0.000473001361,0.494740039,0.869041026,1.61526259e-09,-0.000411058398,0.000234011299,0.999999881],"shapeName":"/art/shapes/garage_and_dealership/Clutter/hr_plasticbarrier.DAE","useInstanceRenderData":true}
{"class":"TSStatic","__parent":"SimGroup_","position":[-1004.36151,-1788.96057,441.017181],"isRenderEnabled":false,"rotationMatrix":[0.869040906,-0.49473998,0.000473001361,0.494740039,0.869041026,1.61526259e-09,-0.000411058398,0.000234011299,0.999999881],"shapeName":"/art/shapes/garage_and_dealership/Clutter/hr_plasticbarrier_red.DAE","useInstanceRenderData":true}
{"class":"TSStatic","__parent":"SimGroup_","position":[-1003.14703,-1789.65051,441.017365],"isRenderEnabled":false,"rotationMatrix":[0.869040906,-0.49473998,0.000473001361,0.494740039,0.869041026,1.61526259e-09,-0.000411058398,0.000234011299,0.999999881],"shapeName":"/art/shapes/garage_and_dealership/Clutter/hr_plasticbarrier.DAE","useInstanceRenderData":true}
{"class":"TSStatic","__parent":"SimGroup_","position":[-1001.93628,-1790.34119,441.018463],"isRenderEnabled":false,"rotationMatrix":[0.869040906,-0.49473998,0.000473001361,0.494740039,0.869041026,1.61526259e-09,-0.000411058398,0.000234011299,0.999999881],"shapeName":"/art/shapes/garage_and_dealership/Clutter/hr_plasticbarrier_red.DAE","useInstanceRenderData":true}
{"class":"TSStatic","__parent":"SimGroup_","position":[-1000.7218,-1791.03113,441.018646],"isRenderEnabled":false,"rotationMatrix":[0.869040906,-0.49473998,0.000473001361,0.494740039,0.869041026,1.61526259e-09,-0.000411058398,0.000234011299,0.999999881],"shapeName":"/art/shapes/garage_and_dealership/Clutter/hr_plasticbarrier.DAE","useInstanceRenderData":true}
{"class":"TSStatic","__parent":"SimGroup_","position":[-999.510254,-1791.72229,441.019775],"isRenderEnabled":false,"rotationMatrix":[0.869040906,-0.49473998,0.000473001361,0.494740039,0.869041026,1.61526259e-09,-0.000411058398,0.000234011299,0.999999881],"shapeName":"/art/shapes/garage_and_dealership/Clutter/hr_plasticbarrier_red.DAE","useInstanceRenderData":true}
{"class":"TSStatic","__parent":"SimGroup_","position":[-998.295776,-1792.41223,441.019958],"isRenderEnabled":false,"rotationMatrix":[0.869040906,-0.49473998,0.000473001361,0.494740039,0.869041026,1.61526259e-09,-0.000411058398,0.000234011299,0.999999881],"shapeName":"/art/shapes/garage_and_dealership/Clutter/hr_plasticbarrier.DAE","useInstanceRenderData":true}
{"class":"TSStatic","__parent":"SimGroup_","position":[-997.097961,-1793.09558,441.021088],"isRenderEnabled":false,"rotationMatrix":[0.869040906,-0.49473998,0.000473001361,0.494740039,0.869041026,1.61526259e-09,-0.000411058398,0.000234011299,0.999999881],"shapeName":"/art/shapes/garage_and_dealership/Clutter/hr_plasticbarrier_red.DAE","useInstanceRenderData":true}
{"class":"TSStatic","__parent":"SimGroup_","position":[-995.883484,-1793.78552,441.021271],"isRenderEnabled":false,"rotationMatrix":[0.869040906,-0.49473998,0.000473001361,0.494740039,0.869041026,1.61526259e-09,-0.000411058398,0.000234011299,0.999999881],"shapeName":"/art/shapes/garage_and_dealership/Clutter/hr_plasticbarrier.DAE","useInstanceRenderData":true}
{"class":"TSStatic","__parent":"SimGroup_","position":[-994.665955,-1794.4801,441.022369],"isRenderEnabled":false,"rotationMatrix":[0.869040906,-0.49473998,0.000473001361,0.494740039,0.869041026,1.61526259e-09,-0.000411058398,0.000234011299,0.999999881],"shapeName":"/art/shapes/garage_and_dealership/Clutter/hr_plasticbarrier_red.DAE","useInstanceRenderData":true}
{"class":"TSStatic","__parent":"SimGroup_","position":[-993.451477,-1795.17004,441.022552],"isRenderEnabled":false,"rotationMatrix":[0.869040906,-0.49473998,0.000473001361,0.494740039,0.869041026,1.61526259e-09,-0.000411058398,0.000234011299,0.999999881],"shapeName":"/art/shapes/garage_and_dealership/Clutter/hr_plasticbarrier.DAE","useInstanceRenderData":true}
{"class":"TSStatic","__parent":"SimGroup_","position":[-992.271484,-1795.84314,440.984741],"isRenderEnabled":false,"rotationMatrix":[0.868228912,-0.494277805,-0.0432192385,0.494740099,0.869040966,9.31322575e-10,0.0375592858,-0.0213822909,0.999065638],"shapeName":"/art/shapes/garage_and_dealership/Clutter/hr_plasticbarrier_red.DAE","useInstanceRenderData":true}
{"class":"TSStatic","__parent":"SimGroup_","position":[-991.058105,-1796.53247,440.923889],"isRenderEnabled":false,"rotationMatrix":[0.868228912,-0.494277805,-0.0432192385,0.494740099,0.869040966,9.31322575e-10,0.0375592858,-0.0213822909,0.999065638],"shapeName":"/art/shapes/garage_and_dealership/Clutter/hr_plasticbarrier.DAE","useInstanceRenderData":true}
{"class":"TSStatic","__parent":"SimGroup_","position":[-988.631226,-1797.91406,440.80307],"isRenderEnabled":false,"rotationMatrix":[0.868228912,-0.494277805,-0.0432192385,0.494740099,0.869040966,9.31322575e-10,0.0375592858,-0.0213822909,0.999065638],"shapeName":"/art/shapes/garage_and_dealership/Clutter/hr_plasticbarrier.DAE","useInstanceRenderData":true}
{"class":"TSStatic","__parent":"SimGroup_","position":[-989.844604,-1797.22473,440.863922],"isRenderEnabled":false,"rotationMatrix":[0.868228912,-0.494277805,-0.0432192385,0.494740099,0.869040966,9.31322575e-10,0.0375592858,-0.0213822909,0.999065638],"shapeName":"/art/shapes/garage_and_dealership/Clutter/hr_plasticbarrier_red.DAE","useInstanceRenderData":true}
{"class":"TSStatic","__parent":"SimGroup_","position":[-940.311462,-1855.0271,438.947174],"isRenderEnabled":false,"rotationMatrix":[0.379288495,-0.925278306,0,0.925278306,0.379288495,0,0,0,1],"shapeName":"/art/shapes/garage_and_dealership/Clutter/hr_plasticbarrier_red.DAE","useInstanceRenderData":true}
{"class":"TSStatic","__parent":"SimGroup_","position":[-939.780518,-1856.31909,438.946686],"isRenderEnabled":false,"rotationMatrix":[0.379288495,-0.925278306,0,0.925278306,0.379288495,0,0,0,1],"shapeName":"/art/shapes/garage_and_dealership/Clutter/hr_plasticbarrier.DAE","useInstanceRenderData":true}
{"class":"TSStatic","__parent":"SimGroup_","position":[-1649.35352,-2447.63696,425.560516],"isRenderEnabled":false,"rotationMatrix":[0.310095549,0.95070523,0,-0.95070523,0.310095549,0,0,0,1],"shapeName":"/art/shapes/garage_and_dealership/Clutter/hr_plasticbarrier.DAE","useInstanceRenderData":true}
