{"name":"NRWTrigger_End","class":"BeamNGTrigger","persistentId":"44eed121-4fa3-4323-b56c-9ac232825823","__parent":"NRWGroup","position":[1907.0968,426.401764,350.104492],"luaFunction":"onBeamNGTrigger","rotationMatrix":[0.958678365,0.284492135,0,-0.284492135,0.958678365,0,0,0,1],"scale":[6.77656269,14.2092981,6.77656269],"triggerMode":"Overlaps","triggerTestType":"Bounding box"}
{"name":"NRWTrigger_Start","class":"BeamNGTrigger","persistentId":"a5ba52bd-124d-417d-9f34-e5b06831dd3e","__parent":"NRWGroup","position":[-968.754089,-1785.03027,444.38327],"luaFunction":"onBeamNGTrigger","rotationMatrix":[0.66727984,0.744807065,0,-0.744807065,0.66727984,0,0,0,1],"scale":[13.128583,7.04902315,7.04902315],"triggerMode":"Overlaps","triggerTestType":"Bounding box"}
{"name":"NRWTrigger_Mid","class":"BeamNGTrigger","persistentId":"1d45d676-ebe6-47d5-8d40-a40b829ddd17","__parent":"NRWGroup","position":[-1879.85144,1765.98389,286.595215],"luaFunction":"onBeamNGTrigger","rotationMatrix":[0.757412732,0.652936339,0,-0.652936339,0.757412732,0,0,0,1],"scale":[5.71543026,15.4066267,5.71543026],"triggerMode":"Overlaps","triggerTestType":"Bounding box"}
{"name":"RaceTrigger_RaceFinishLine","class":"BeamNGTrigger","persistentId":"3da555d8-b7c5-407b-b909-fc7c8133b922","__parent":"NRWGroup","position":[174.603424,-954.213379,393.738831],"luaFunction":"onBeamNGTrigger","rotationMatrix":[0.867409825,0.497594416,0,-0.497594416,0.867409825,0,0,0,1],"scale":[9.46011639,14.6703234,7.71450233],"triggerMode":"Overlaps","triggerTestType":"Bounding box"}
{"name":"RaceTrigger_PitEntry","class":"BeamNGTrigger","persistentId":"58c83234-cd00-4305-b5b1-7b4c1dfdc267","__parent":"NRWGroup","position":[280.429565,-877.636169,387.978302],"luaFunction":"onBeamNGTrigger","rotationMatrix":[0.867409825,0.497594416,0,-0.497594416,0.867409825,0,0,0,1],"scale":[9.46011639,6.59159374,7.71450233],"triggerMode":"Overlaps","triggerTestType":"Bounding box"}
{"name":"RaceTrigger_PitExit","class":"BeamNGTrigger","persistentId":"62a1a21b-8080-45ce-a481-0e2b158bbdcc","__parent":"NRWGroup","position":[133.971558,-965.965637,396.072815],"luaFunction":"onBeamNGTrigger","rotationMatrix":[0.637837052,0.770171344,0,-0.770171344,0.637837052,0,0,0,1],"scale":[7.24143028,6.59159374,7.71450233],"triggerMode":"Overlaps","triggerTestType":"Bounding box"}
{"name":"RaceTrigger_Penalty1","class":"BeamNGTrigger","persistentId":"51b6b473-d3c2-4421-8649-c2d5c8d5e8ed","__parent":"NRWGroup","position":[-1956.2489,-1575.88879,397.890778],"luaFunction":"onBeamNGTrigger","rotationMatrix":[0.746775389,0.665076435,0,-0.665076435,0.746775389,0,0,0,1],"scale":[13.128583,7.04902315,7.04902315],"triggerMode":"Overlaps","triggerTestType":"Bounding box"}
{"name":"RaceTrigger_Penalty2","class":"BeamNGTrigger","persistentId":"0eb3258a-55fa-4662-8200-4ca6be35518b","__parent":"NRWGroup","position":[-1910.41577,-1614.31689,397.890778],"luaFunction":"onBeamNGTrigger","rotationMatrix":[0.746775389,0.665076435,0,-0.665076435,0.746775389,0,0,0,1],"scale":[13.128583,7.04902315,7.04902315],"triggerMode":"Overlaps","triggerTestType":"Bounding box"}
{"name":"RaceTrigger_Penalty3","class":"BeamNGTrigger","persistentId":"606f6d6d-46d2-4adf-a19d-7a63b5e84669","__parent":"NRWGroup","position":[-2214.51099,1379.64868,298.22937],"luaFunction":"onBeamNGTrigger","rotationMatrix":[0.999956369,-0.00934267603,0,0.00934267603,0.999956369,0,0,0,1],"scale":[20.5781326,7.04902315,7.04902315],"triggerMode":"Overlaps","triggerTestType":"Bounding box"}
{"name":"RaceTrigger_Penalty4","class":"BeamNGTrigger","persistentId":"520de813-b058-4b36-9f58-a58b04d96d7b","__parent":"NRWGroup","position":[-2200.93896,1440.33447,299.732025],"luaFunction":"onBeamNGTrigger","rotationMatrix":[0.999956369,-0.00934267603,0,0.00934267603,0.999956369,0,0,0,1],"scale":[30.1613464,7.04902315,7.04902315],"triggerMode":"Overlaps","triggerTestType":"Bounding box"}
