{"name":"clouds1","class":"CloudLayer","persistentId":"aad33424-c5e2-4c09-884c-1562b4a7aafa","__parent":"cloud","position":[-1278.56006,-1211.32996,-186.731003],"Textures":[{"texSpeed":0.00200000009},{"texDirection":[0.800000012,0.200000003],"texScale":2,"texSpeed":0.0250000004},{"texDirection":[0.200000003,0.5],"texScale":0.5,"texSpeed":0.0350000001}],"baseColor":[0.996078014,0.996078014,0.996078014,0.996078014],"cloneOrigin":"clouds","coverage":0.200000003,"exposure":1.5,"height":7,"texture":"levels/Utah/art/skies/clouds_fluffy.dds","windSpeed":0.0299999993}
{"name":"testclouds2","class":"CloudLayer","persistentId":"f36da419-d98d-4096-a052-ab4e840c0c3a","__parent":"cloud","position":[-258.761993,-881.10199,-43.6509018],"Textures":[{"texSpeed":0},{"texDirection":[0.800000012,0.200000003],"texSpeed":0},{"texDirection":[0.200000003,0.5],"texSpeed":0}],"baseColor":[0.996078014,0.996078014,0.996078014,0.996078014],"cloneOrigin":"clouds1","coverage":0.25,"exposure":1.5,"height":2.5,"texture":"levels/Utah/art/skies/clouds_fluffy_horizon.dds","windSpeed":0}
