{"name":"walls_master","class":"TSStatic","persistentId":"6bc3e098-ceac-410b-9397-f372ec91a2ea","__parent":"walls","position":[0,0,50],"decalType":"None","isRenderEnabled":false,"scale":[10,10,10],"shapeName":"/levels/Valo_City/city/walls/Master_wall.dae"}
{"name":"teto","class":"TSStatic","persistentId":"aab7c776-bcfc-4c91-97e4-db254e9fc469","__parent":"walls","position":[0,0,50],"collisionType":"None","decalType":"None","isRenderEnabled":false,"scale":[10,10,10],"shapeName":"/levels/valo_city/city/walls_teto/walls_teto.dae"}
{"name":"back","class":"TSStatic","persistentId":"f3529b3e-cd0a-4fa4-bf91-7972dd57a526","__parent":"walls","position":[0,0,50],"collisionType":"None","decalType":"None","isRenderEnabled":false,"scale":[10,10,10],"shapeName":"/levels/valo_city/city/walls_teto/walls_back.dae"}
