{"name":"blrwp_roadsidebeach","class":"BeamNGWaypoint","persistentId":"e9630c1c-f3ab-49e3-9884-c3db02cb317a","__parent":"Waypoints","position":[-1604.92273,655.862732,138.232056]}
{"name":"blrwp_apartments","class":"BeamNGWaypoint","persistentId":"139443c8-f317-4c48-a10d-ac64e9334db5","__parent":"Waypoints","position":[1131.28406,1045.33667,159.508774]}
{"name":"blrwp_portfactory","class":"BeamNGWaypoint","persistentId":"5b337a64-b9ac-430b-8224-33b57e783d03","__parent":"Waypoints","position":[380.730469,1433.19666,158.355499]}
{"name":"blrwp_hospital","class":"BeamNGWaypoint","persistentId":"aa15b709-ddaa-4840-8adf-86c14cd0d0b6","__parent":"Waypoints","position":[207.94603,1405.95776,187.508514]}
{"name":"blrwp_fortress","class":"BeamNGWaypoint","persistentId":"0a944169-fec7-4802-9e7e-f318c1669ea3","__parent":"Waypoints","position":[307.394897,1785.92383,208.174896]}
{"name":"blrwp_firefighters","class":"BeamNGWaypoint","persistentId":"926417c0-938d-4b1c-878f-8c7c0700cd0a","__parent":"Waypoints","position":[1504.78748,1364.40991,148.019409]}
{"name":"blrwp_baytowndock","class":"BeamNGWaypoint","persistentId":"02c828e7-417d-4622-ae77-ac640b41b7d8","__parent":"Waypoints","position":[1158.91626,-414.168701,138.5]}
{"name":"blrwp_mountainvillagecastle","class":"BeamNGWaypoint","persistentId":"557329c7-6195-4378-a6a0-0ad8f60552e3","__parent":"Waypoints","position":[251.021103,-787.020142,239.386932]}
{"name":"blrwp_vineyard","class":"BeamNGWaypoint","persistentId":"5fb53221-1696-4814-90d4-6fc43d311dc0","__parent":"Waypoints","position":[227.703476,-388.723145,207.79686]}
{"name":"blrwp_crossroadstownhouseA","class":"BeamNGWaypoint","persistentId":"280ed524-508b-4254-b0a7-12dd5dc64c77","__parent":"Waypoints","position":[769.57135,374.53891,177.211121]}
{"name":"blrwp_crossroadstownhouseB","class":"BeamNGWaypoint","persistentId":"3ff1dadd-d49e-46ac-b15e-7ed7a28b9d48","__parent":"Waypoints","position":[959.327026,489.604095,181.802551]}
{"name":"blrwp_crossroadstownhouseC","class":"BeamNGWaypoint","persistentId":"9d4cdb4a-2023-4227-bf42-ea96a6ead91c","__parent":"Waypoints","position":[749.822021,920.008606,177.813049]}
{"name":"blrwp_seasidehouse","class":"BeamNGWaypoint","persistentId":"2d809b4b-2a72-41df-a844-9b8296580cc4","__parent":"Waypoints","position":[1817.88989,-823.433533,152.961746]}
{"name":"blrwp_seasidevillage","class":"BeamNGWaypoint","persistentId":"c443186e-1a58-409b-9b4a-fd4f5b1e83ff","__parent":"Waypoints","position":[1819.89453,-1337.25928,162.440277]}
{"name":"blrwp_isolatedbeach","class":"BeamNGWaypoint","persistentId":"05798d0d-6b54-4717-9e73-e5bf70568f4e","__parent":"Waypoints","position":[955.193359,-1763.15027,141.992035]}
{"name":"blrwp_smallbaytownpark","class":"BeamNGWaypoint","persistentId":"20c1b585-2f2d-4255-802f-f3ff7c4ee560","__parent":"Waypoints","position":[-781.170532,-1379.32031,142.221069]}
{"name":"blrwp_seasidefarmhouse","class":"BeamNGWaypoint","persistentId":"5cde71df-e6c1-42a9-9d99-446f5cdd1653","__parent":"Waypoints","position":[-1783.09814,-100.169739,152.451935]}
{"name":"blrwp_airporttownbeachpark","class":"BeamNGWaypoint","persistentId":"16ad0211-0270-4b1f-b372-393b0be49d63","__parent":"Waypoints","position":[-1751.53235,1397.79944,139.030457]}
{"name":"blrwp_airportarrival","class":"BeamNGWaypoint","persistentId":"e748e51f-d08f-4f08-ae3d-396a216e248b","__parent":"Waypoints","position":[-1025.35168,1632.43555,152.42157]}
{"name":"blrwp_airporthangar","class":"BeamNGWaypoint","persistentId":"9a724f80-741f-42dd-bcb6-b995d5de49cc","__parent":"Waypoints","position":[-858.45459,1679.60352,152.42157]}
{"name":"blrwp_castletownparking","class":"BeamNGWaypoint","persistentId":"29a25333-f4ca-4f87-991f-b78ae5e8eeb5","__parent":"Waypoints","position":[-997.158447,977.319214,385.873413]}
{"name":"blrwp_castletownstation","class":"BeamNGWaypoint","persistentId":"79b14a9d-7681-4249-acfb-0db6cf73a173","__parent":"Waypoints","position":[-1100.22693,789.643127,378.007507]}
{"name":"blrwp_cliffsidemanor","class":"BeamNGWaypoint","persistentId":"6ccc1a7a-8c6b-4036-a0aa-31016cd39b8b","__parent":"Waypoints","position":[-514.245544,704.26239,304.099976]}
{"name":"blrwp_celltower","class":"BeamNGWaypoint","persistentId":"e272583c-8c3c-498b-af51-df8e51255535","__parent":"Waypoints","position":[-1246.31506,-1093.49902,587.069763]}
{"name":"blrwp_vineyardtrailerhouse","class":"BeamNGWaypoint","persistentId":"52262ae7-48ef-4b51-a4bd-65ee09d114a1","__parent":"Waypoints","position":[82.6907043,-251.396225,192.976868],"scale":[2.5218749,2.5218749,2.5218749]}
{"name":"blrwp_airporttowndock","class":"BeamNGWaypoint","persistentId":"d3db801d-47ce-4e7e-8647-f3250d758b3f","__parent":"Waypoints","position":[-1755.43457,1313.06165,139.030457]}
{"name":"blrwp_cityapartmenttrailer","class":"BeamNGWaypoint","persistentId":"b3d5698d-93d6-4af2-bdde-85f0a9eca04c","__parent":"Waypoints","position":[569.434509,1411.55994,147.728165]}
{"name":"blrwp_cityhousetrailer","class":"BeamNGWaypoint","persistentId":"2795cf62-14b6-465d-909f-833b0af05698","__parent":"Waypoints","position":[1205.3147,1086.5686,164.845322]}
{"name":"blrwp_citymarina","class":"BeamNGWaypoint","persistentId":"324decb9-1c96-4a37-a096-85985ce8823c","__parent":"Waypoints","position":[1353.21863,1458.10449,140.008545]}
{"name":"blrwp_baytowndockparking","class":"BeamNGWaypoint","persistentId":"a2905245-a9f7-4905-b61b-8b4a386c7aa3","__parent":"Waypoints","position":[1127.99805,-433.1716,140.827179]}
{"name":"blrwp_baytowngas","class":"BeamNGWaypoint","persistentId":"005c168e-d456-4e97-9481-52cd3c632496","__parent":"Waypoints","position":[1218.59119,-822.790894,145.220673]}
{"name":"blrwp_smallbaygas","class":"BeamNGWaypoint","persistentId":"b7195190-03b0-4ca6-9d59-1deeedd4240b","__parent":"Waypoints","position":[-732.016541,-1324.89929,143.251038]}
{"name":"blrwp_seasideparking","class":"BeamNGWaypoint","persistentId":"0d086b9c-738b-42b5-88ad-84b588a921f2","__parent":"Waypoints","position":[-1788.38916,-1146.76416,143.582825]}
{"name":"blrwp_castletownchargers","class":"BeamNGWaypoint","persistentId":"189b0ed9-d47a-4d47-92c6-5ab455244f83","__parent":"Waypoints","position":[-971.969543,953.250549,392.598511]}
{"name":"blrwp_smallvineyard","class":"BeamNGWaypoint","persistentId":"c13f899f-7aa2-4d4b-b668-72eb32347af9","__parent":"Waypoints","position":[85.63414,397.795532,190.065979]}
{"name":"blrwp_crossroadstrailerA","class":"BeamNGWaypoint","persistentId":"b4f1b69f-4dab-4c68-8256-b09feb61493b","__parent":"Waypoints","position":[731.025452,440.07666,177.16272]}
{"name":"blrwp_crossroadstrailerB","class":"BeamNGWaypoint","persistentId":"669b3be1-fb18-4a33-8a38-28b8230f6dfe","__parent":"Waypoints","position":[950.290527,558.060364,187.618988]}
{"name":"blrwp_crossroadstrailerC","class":"BeamNGWaypoint","persistentId":"3ac1b574-92bd-487a-948a-a2ae13268e21","__parent":"Waypoints","position":[705.168457,831.405945,184.297638]}
{"name":"blrwp_highwayracecp1","class":"BeamNGWaypoint","persistentId":"4a20906b-6842-49ab-8ac3-33f120671cf0","__parent":"Waypoints","position":[-1334.67798,1513.0697,164.197311],"scale":[1.97300136,1.97300136,1.97300136]}
{"name":"blrwp_highwayracecp2","class":"BeamNGWaypoint","persistentId":"23e4ba87-5dee-49f3-bcbe-f232803d36ab","__parent":"Waypoints","position":[-1170.66846,1582.29163,152.461761],"scale":[3.10288429,3.10288429,3.10288429]}
{"name":"blrwp_highwayraceaiwp1","class":"BeamNGWaypoint","persistentId":"59ebb0c0-ded3-4d8b-a30f-5d712e5948f1","__parent":"Waypoints","position":[-1461.35205,1500.1532,164.264069],"scale":[1.51331735,1.51331735,1.51331735]}
{"name":"blrwp_highwayracecp3","class":"BeamNGWaypoint","persistentId":"1a5db4a8-d3e1-478f-ba19-4d6ad284a49f","__parent":"Waypoints","position":[-1605.56653,1403.77197,162.67041],"scale":[3.10288429,3.10288429,3.10288429]}
{"name":"blrwp_highwayracecp4","class":"BeamNGWaypoint","persistentId":"7025bf7e-7708-4f0f-a25b-945529f66602","__parent":"Waypoints","position":[-1698.32446,1018.45172,168.242722],"scale":[3.10288429,3.10288429,3.10288429]}
{"name":"blrwp_highwayracecp5","class":"BeamNGWaypoint","persistentId":"5fc5310c-3c34-47ea-a187-d7435b783845","__parent":"Waypoints","position":[-1610.93945,808.769287,152.822815],"scale":[3.10288429,3.10288429,3.10288429]}
{"name":"blrwp_highwayracecp6","class":"BeamNGWaypoint","persistentId":"27bbdde8-5948-433c-b989-35949338a641","__parent":"Waypoints","position":[-1626.25134,637.672424,138.486877],"scale":[3.10288429,3.10288429,3.10288429]}
{"name":"blrwp_highwayraceaiwp2","class":"BeamNGWaypoint","persistentId":"15683c1f-11fd-4d75-8f6e-393b50df833a","__parent":"Waypoints","position":[-1576.98401,771.969971,150.545044],"scale":[3.10288429,3.10288429,3.10288429]}
{"name":"blrwp_hospitalaiwp1","class":"BeamNGWaypoint","persistentId":"11d19436-2aeb-4156-8c90-46764926bd60","__parent":"Waypoints","position":[185.854355,1428.44299,186.952469],"scale":[2.414258,2.414258,2.414258]}
{"name":"blrwp_hospitalaiwp2","class":"BeamNGWaypoint","persistentId":"5c11dcb9-cf4a-4f58-b550-b642d665f72d","__parent":"Waypoints","position":[364.710236,1772.17334,184.544662],"scale":[2.414258,2.414258,2.414258]}
{"name":"blrwp_hospitalaiwp3","class":"BeamNGWaypoint","persistentId":"5d987b95-4010-4d66-904d-ca22e72bb4c2","__parent":"Waypoints","position":[174.325867,1491.74036,183.62677],"scale":[2.414258,2.414258,2.414258]}
{"name":"blrwp_hospitalaiwp4","class":"BeamNGWaypoint","persistentId":"99972a46-099d-40ad-8884-9c7e6c3721c8","__parent":"Waypoints","position":[299.214111,1644.14478,180.631012],"scale":[2.414258,2.414258,2.414258]}
{"name":"blrwp_hospitalaiwp5","class":"BeamNGWaypoint","persistentId":"e211303a-fc29-4afc-a654-c8694924c355","__parent":"Waypoints","position":[352.716187,1716.2937,183.769775],"scale":[2.414258,2.414258,2.414258]}
{"name":"blrwp_hospitalaiwp6","class":"BeamNGWaypoint","persistentId":"c44634a4-0023-479b-835f-1d9cbfaf0746","__parent":"Waypoints","position":[359.945129,1802.20032,186.498749],"scale":[0.804842591,0.804842591,0.804842591]}
{"name":"blrwp_highwayraceaiwp3","class":"BeamNGWaypoint","persistentId":"2ddaea62-b3ae-491f-8750-0c17e5a27f42","__parent":"Waypoints","position":[-1545.16394,1472.43799,164.264069],"scale":[1.51331735,1.51331735,1.51331735]}
{"name":"blrwp_highwayraceaiwp6","class":"BeamNGWaypoint","persistentId":"f4e9adf7-183c-4a3f-88de-c7f7e9d03c86","__parent":"Waypoints","position":[-1686.32812,941.383301,163.655075],"scale":[3.10288429,3.10288429,3.10288429]}
{"name":"blrwp_highwayraceaiwp7","class":"BeamNGWaypoint","persistentId":"afa4e66e-b64c-466d-ae59-5b60c47b8ea2","__parent":"Waypoints","position":[-1647.7113,851.583252,157.144867],"scale":[3.10288429,3.10288429,3.10288429]}
{"name":"blrwp_highwayracecp7","class":"BeamNGWaypoint","persistentId":"f85beaf1-0b8c-4dba-9c95-1e659279da06","__parent":"Waypoints","position":[-1231.71399,1504.42114,164.197327],"scale":[1.97300136,1.97300136,1.97300136]}
{"name":"blrwp_highwayracecp8","class":"BeamNGWaypoint","persistentId":"c2a7031f-da6e-4f72-9eca-abbc99e68d9a","__parent":"Waypoints","position":[-845.601501,1354.54944,163.695236],"scale":[1.97300136,1.97300136,1.97300136]}
{"name":"blrwp_airportracecp2","class":"BeamNGWaypoint","persistentId":"3dccb574-14c3-4db9-b43f-24efc0bec423","__parent":"Waypoints","position":[-1898.40039,1572.77783,152.461761],"scale":[3.10288429,3.10288429,3.10288429]}
{"name":"blrwp_airportracecp1","class":"BeamNGWaypoint","persistentId":"a3c8c7ef-3ebf-4928-83d3-7857f8bcb817","__parent":"Waypoints","position":[-827.920288,1797.9126,152.461761],"scale":[5.7151885,5.7151885,5.7151885]}
{"name":"blrwp_highwayracecp9","class":"BeamNGWaypoint","persistentId":"d7c4d209-4ae0-4afc-af38-0955475380e4","__parent":"Waypoints","position":[-1596.16321,261.290161,148.198486],"scale":[3.10288429,3.10288429,3.10288429]}
{"name":"blrwp_highwayraceaiwp8","class":"BeamNGWaypoint","persistentId":"27e25bdc-fde7-472d-aa55-721ee9793830","__parent":"Waypoints","position":[-1760.71545,77.8980713,148.173111],"scale":[3.10288429,3.10288429,3.10288429]}
{"name":"blrwp_highwayracecp10","class":"BeamNGWaypoint","persistentId":"1da3ceca-1eb5-4e0f-9709-5e55371c83e8","__parent":"Waypoints","position":[-1864.72363,-586.72168,156.374176],"scale":[3.10288429,3.10288429,3.10288429]}
{"name":"blrwp_highwayracecp11","class":"BeamNGWaypoint","persistentId":"a1ddfda5-a3b4-459a-a9e1-a1684f3ced7b","__parent":"Waypoints","position":[-1767.78271,-1116.57324,141.790176],"scale":[3.10288429,3.10288429,3.10288429]}
{"name":"blrwp_highwayracecp12","class":"BeamNGWaypoint","persistentId":"c9e46f59-7063-4352-a8f9-73b288b58645","__parent":"Waypoints","position":[-1713.64563,-1277.26746,147.270859],"scale":[3.10288429,3.10288429,3.10288429]}
{"name":"blrwp_highwayracecp13","class":"BeamNGWaypoint","persistentId":"b5140d09-f7dd-4d19-b3be-ff8baa0d7737","__parent":"Waypoints","position":[-1816.25928,-1508.82324,164.211777],"scale":[3.10288429,3.10288429,3.10288429]}
{"name":"blrwp_highwayracecp14","class":"BeamNGWaypoint","persistentId":"d6522392-3ba4-4d50-ac5b-0738c1e6ae67","__parent":"Waypoints","position":[-1665.4325,-1653.23059,173.44223],"scale":[3.10288429,3.10288429,3.10288429]}
{"name":"blrwp_highwayracecp15","class":"BeamNGWaypoint","persistentId":"d31e67c8-daa9-40d9-bd5c-3c0c155b11f8","__parent":"Waypoints","position":[-1372.67554,-1665.19031,172.306366],"scale":[3.10288429,3.10288429,3.10288429]}
{"name":"blrwp_highwayracecp16","class":"BeamNGWaypoint","persistentId":"41ec5a9c-bd8c-4df1-ad50-636163744621","__parent":"Waypoints","position":[-1049.51147,-1613.93091,157.622833],"scale":[3.10288429,3.10288429,3.10288429]}
{"name":"blrwp_highwayracecp17","class":"BeamNGWaypoint","persistentId":"fee508f6-6b3e-4676-8320-6f8c7cf54d5f","__parent":"Waypoints","position":[-764.553101,-1727.078,143.025269],"scale":[3.10288429,3.10288429,3.10288429]}
{"name":"blrwp_highwayracecp18","class":"BeamNGWaypoint","persistentId":"f9abf226-a07f-4543-b4d5-e6e00d19201e","__parent":"Waypoints","position":[-817.744568,-1457.72034,142.468521],"scale":[3.10288429,3.10288429,3.10288429]}
{"name":"blrwp_highwayracecp19","class":"BeamNGWaypoint","persistentId":"7a0f9a0a-6702-4a2e-8a20-dbed973ea63f","__parent":"Waypoints","position":[-707.358093,-1302.12231,145.227798],"scale":[3.10288429,3.10288429,3.10288429]}
{"name":"blrwp_highwayracecp20","class":"BeamNGWaypoint","persistentId":"0ed3446c-840b-47f9-b45f-e5ea12657a5f","__parent":"Waypoints","position":[-483.322266,-1525.21387,141.395477],"scale":[3.10288429,3.10288429,3.10288429]}
{"name":"blrwp_highwayracecp21","class":"BeamNGWaypoint","persistentId":"2888a292-a268-4a3f-9402-67decd5ce882","__parent":"Waypoints","position":[-482.716736,-1608.92249,142.838684],"scale":[3.10288429,3.10288429,3.10288429]}
{"name":"blrwp_highwayracecp22","class":"BeamNGWaypoint","persistentId":"bb2876b4-eb75-4ba6-aaa6-009b69fc077d","__parent":"Waypoints","position":[-292.388062,-1800.71179,159.687515],"scale":[3.10288429,3.10288429,3.10288429]}
{"name":"blrwp_highwayracecp23","class":"BeamNGWaypoint","persistentId":"af73d4ca-59fa-44f8-a613-6ec1d4f9f3d2","__parent":"Waypoints","position":[-334.541107,-1880.63745,160.557266],"scale":[3.10288429,3.10288429,3.10288429]}
{"name":"blrwp_highwayracecp24","class":"BeamNGWaypoint","persistentId":"76054153-902e-4fc2-addc-8090e5b66526","__parent":"Waypoints","position":[-354.601807,-1929.2135,159.750107],"scale":[3.10288429,3.10288429,3.10288429]}
{"name":"blrwp_highwayracecp25","class":"BeamNGWaypoint","persistentId":"e21b0a93-6884-471d-8ea8-57ff4774e771","__parent":"Waypoints","position":[-248.603546,-1938.04346,156.736237],"scale":[3.10288429,3.10288429,3.10288429]}
{"name":"blrwp_highwayracecp26","class":"BeamNGWaypoint","persistentId":"d98ff03e-6c68-4619-9aab-af2766f81cae","__parent":"Waypoints","position":[-104.126595,-1894.63416,155.00029],"scale":[3.10288429,3.10288429,3.10288429]}
{"name":"blrwp_highwayracecp27","class":"BeamNGWaypoint","persistentId":"41a3eda4-c6df-4342-8d7a-25c352b00d8a","__parent":"Waypoints","position":[138.253647,-1959.66858,145.891373],"scale":[3.10288429,3.10288429,3.10288429]}
{"name":"blrwp_highwayracecp28","class":"BeamNGWaypoint","persistentId":"f23ff6eb-c8d5-48e0-b916-448719690991","__parent":"Waypoints","position":[424.812134,-1957.77405,143.979019],"scale":[3.10288429,3.10288429,3.10288429]}
{"name":"blrwp_highwayracecp29","class":"BeamNGWaypoint","persistentId":"7589561d-cb49-4be1-832b-124ea22d3aa3","__parent":"Waypoints","position":[523.634338,-1981.65845,145.145905],"scale":[3.10288429,3.10288429,3.10288429]}
{"name":"blrwp_highwayracecp30","class":"BeamNGWaypoint","persistentId":"acff7dde-a2ff-4b71-ad67-65cc5a7b6fcc","__parent":"Waypoints","position":[781.283752,-1903.94971,149.668274],"scale":[3.10288429,3.10288429,3.10288429]}
{"name":"blrwp_highwayracecp31","class":"BeamNGWaypoint","persistentId":"2177787b-3843-4919-bfb9-2b63fb0debe7","__parent":"Waypoints","position":[921.387695,-1776.08728,157.907745],"scale":[3.10288429,3.10288429,3.10288429]}
{"name":"blrwp_highwayracecp32","class":"BeamNGWaypoint","persistentId":"754a34c1-8a81-426c-af7f-d9f499853c3d","__parent":"Waypoints","position":[1174.05859,-1788.61353,171.144226],"scale":[3.10288429,3.10288429,3.10288429]}
{"name":"blrwp_highwayracecp33","class":"BeamNGWaypoint","persistentId":"91777032-91b1-4f44-b264-d2d6c97ff9b5","__parent":"Waypoints","position":[1436.17993,-1595.04663,165.585876],"scale":[3.10288429,3.10288429,3.10288429]}
{"name":"blrwp_highwayracecp34","class":"BeamNGWaypoint","persistentId":"1605389d-c064-4025-a2f7-bfb6eb2b7fc7","__parent":"Waypoints","position":[1617.36926,-1476.67761,164.360672],"scale":[3.10288429,3.10288429,3.10288429]}
{"name":"blrwp_highwayracecp35","class":"BeamNGWaypoint","persistentId":"c48c3968-448c-43f5-9f3b-d06238043c44","__parent":"Waypoints","position":[1759.6936,-1325.604,169.898132],"scale":[3.10288429,3.10288429,3.10288429]}
{"name":"blrwp_highwayracecp36","class":"BeamNGWaypoint","persistentId":"0aa4c339-b821-4056-a796-4e9efb05f98e","__parent":"Waypoints","position":[1673.17102,-1212.07129,169.898132],"scale":[3.10288429,3.10288429,3.10288429]}
{"name":"blrwp_highwayracecp37","class":"BeamNGWaypoint","persistentId":"c73b3b03-f0b6-4ee9-bc60-6bab09a20b8a","__parent":"Waypoints","position":[1602.09607,-1042.9751,168.133835],"scale":[3.10288429,3.10288429,3.10288429]}
{"name":"blrwp_highwayracecp38","class":"BeamNGWaypoint","persistentId":"fe8516b4-2b7b-4880-aa99-0b1e14a6c465","__parent":"Waypoints","position":[1310.13757,-899.176331,147.873795],"scale":[3.10288429,3.10288429,3.10288429]}
{"name":"blrwp_highwayracecp39","class":"BeamNGWaypoint","persistentId":"64e7a99a-322e-4ff8-8205-49dd23abebcc","__parent":"Waypoints","position":[1173.54443,-796.667297,146.55545],"scale":[3.10288429,3.10288429,3.10288429]}
{"name":"blrwp_highwayracecp40","class":"BeamNGWaypoint","persistentId":"f34e135e-c817-4862-83b7-a3e6a52bebaa","__parent":"Waypoints","position":[1108.0946,-741.059326,146.148163],"scale":[3.10288429,3.10288429,3.10288429]}
{"name":"blrwp_highwayracecp41","class":"BeamNGWaypoint","persistentId":"0af6c597-194d-4ff0-8ab7-159c58f247ad","__parent":"Waypoints","position":[1440.2074,-280.694031,147.37207],"scale":[3.10288429,3.10288429,3.10288429]}
{"name":"blrwp_highwayracecp42","class":"BeamNGWaypoint","persistentId":"0051b10d-97af-4f4b-a2c3-293e04511b20","__parent":"Waypoints","position":[1564.8689,370.094452,151.530411],"scale":[3.10288429,3.10288429,3.10288429]}
{"name":"blrwp_highwayraceaiwp9","class":"BeamNGWaypoint","persistentId":"365d9f53-b16e-4ed9-b4ec-d9d0d3de4f0e","__parent":"Waypoints","position":[1095.40662,-566.438477,146.018143],"scale":[3.10288429,3.10288429,3.10288429]}
{"name":"blrwp_topdirtparking","class":"BeamNGWaypoint","persistentId":"8b731b8e-6266-4137-bd0d-7d9c4afb9f5a","__parent":"Waypoints","position":[-205.701752,-656.388306,475.367615],"scale":[2.49487305,2.49487305,2.49487305]}
{"name":"blrwp_damdirtparking","class":"BeamNGWaypoint","persistentId":"cd72a96d-53b9-485c-8307-05c072aaace0","__parent":"Waypoints","position":[-1176.52917,-333.733521,387.313019]}
{"name":"blrwp_castletownshops","class":"BeamNGWaypoint","persistentId":"18180072-3870-4c3b-97ba-a28222ee12db","__parent":"Waypoints","position":[-1112.70117,898.963684,383.702393]}
