{"name":"timeDispR11","class":"TSStatic","persistentId":"b026b3a2-592b-49bc-9150-229e3b9423c5","__parent":"ScoreboarR2","position":[324.652954,333.81134,20.18894],"allowPlayerStep0":"1","instanceColor":[1,1,1,0],"isRenderEnabled":false,"locked":true,"rotationMatrix":[5.96046448e-08,-1,0,1,5.96046448e-08,0,0,0,1],"scale":[7.01394749,7.01394749,7.01394749],"shapeName":"/art/shapes/quarter_mile_display/display_7.dae","useInstanceRenderData":true}
{"name":"speedDispR11","class":"TSStatic","persistentId":"4858442d-5a86-4681-872b-819d00c08af4","__parent":"ScoreboarR2","position":[324.65625,330.264465,18.7571354],"allowPlayerStep0":"1","instanceColor":[1,1,1,0],"isRenderEnabled":false,"locked":true,"rotationMatrix":[5.96046448e-08,-1,0,1,5.96046448e-08,0,0,0,1],"scale":[7.01394749,7.01394749,7.01394749],"shapeName":"/art/shapes/quarter_mile_display/display_1.dae","useInstanceRenderData":true}
{"name":"timeDispR12","class":"TSStatic","persistentId":"4ee29a88-5034-4a0a-89e4-18ac4895285d","__parent":"ScoreboarR2","position":[324.687317,330.972015,20.18894],"allowPlayerStep0":"1","instanceColor":[1,1,1,0],"isRenderEnabled":false,"locked":true,"rotationMatrix":[5.96046448e-08,-1,0,1,5.96046448e-08,0,0,0,1],"scale":[7.01394749,7.01394749,7.01394749],"shapeName":"/art/shapes/quarter_mile_display/display_6.dae","useInstanceRenderData":true}
{"name":"speedDispR12","class":"TSStatic","persistentId":"d535df7c-4fec-4f2c-a7cc-e3aa180cda9b","__parent":"ScoreboarR2","position":[324.652954,333.011902,18.7571354],"allowPlayerStep0":"1","instanceColor":[1,1,1,0],"isRenderEnabled":false,"locked":true,"rotationMatrix":[5.96046448e-08,-1,0,1,5.96046448e-08,0,0,0,1],"scale":[7.01394749,7.01394749,7.01394749],"shapeName":"/art/shapes/quarter_mile_display/display_2.dae","useInstanceRenderData":true}
{"name":"timeDispR13","class":"TSStatic","persistentId":"eec5ad29-3214-43b0-a4ca-113ac852b053","__parent":"ScoreboarR2","position":[324.652954,332.102692,20.18894],"allowPlayerStep0":"1","instanceColor":[1,1,1,0],"isRenderEnabled":false,"locked":true,"rotationMatrix":[5.96046448e-08,-1,0,1,5.96046448e-08,0,0,0,1],"scale":[7.01394749,7.01394749,7.01394749],"shapeName":"/art/shapes/quarter_mile_display/display_6.dae","useInstanceRenderData":true}
{"name":"timeDispR14","class":"TSStatic","persistentId":"797360c1-887d-4594-b3ba-1379434b1280","__parent":"ScoreboarR2","position":[324.65625,330.237823,20.18894],"allowPlayerStep0":"1","instanceColor":[1,1,1,0],"isRenderEnabled":false,"locked":true,"rotationMatrix":[5.96046448e-08,-1,0,1,5.96046448e-08,0,0,0,1],"scale":[7.01394749,7.01394749,7.01394749],"shapeName":"/art/shapes/quarter_mile_display/display_1.dae","useInstanceRenderData":true}
{"name":"speedDispRDot2","class":"TSStatic","persistentId":"b6454570-895d-44a3-a85a-cac77e6feeb6","__parent":"ScoreboarR2","position":[324.652954,332.67688,18.7571354],"allowPlayerStep0":"1","instanceColor":[1,1,1,0],"isRenderEnabled":false,"locked":true,"rotationMatrix":[5.96046448e-08,-1,0,1,5.96046448e-08,0,0,0,1],"scale":[7.01394749,7.01394749,7.01394749],"shapeName":"/art/shapes/quarter_mile_display/display_period.dae","useInstanceRenderData":true}
{"name":"speedDispR13","class":"TSStatic","persistentId":"18d46b28-4513-42d4-a5e8-be87b74bbf0e","__parent":"ScoreboarR2","position":[324.652954,333.844238,18.7571354],"allowPlayerStep0":"1","instanceColor":[1,1,1,0],"isRenderEnabled":false,"locked":true,"rotationMatrix":[5.96046448e-08,-1,0,1,5.96046448e-08,0,0,0,1],"scale":[7.01394749,7.01394749,7.01394749],"shapeName":"/art/shapes/quarter_mile_display/display_7.dae","useInstanceRenderData":true}
{"name":"speedDispR14","class":"TSStatic","persistentId":"07c66c5b-0e1e-4120-ab6b-8e77e0318a58","__parent":"ScoreboarR2","position":[324.687317,331.015503,18.7571354],"allowPlayerStep0":"1","instanceColor":[1,1,1,0],"isRenderEnabled":false,"locked":true,"rotationMatrix":[5.96046448e-08,-1,0,1,5.96046448e-08,0,0,0,1],"scale":[7.01394749,7.01394749,7.01394749],"shapeName":"/art/shapes/quarter_mile_display/display_8.dae","useInstanceRenderData":true}
{"name":"speedDispR15","class":"TSStatic","persistentId":"bdbbe74b-00f7-48c3-b68b-f1085127b4b0","__parent":"ScoreboarR2","position":[324.65625,331.687622,18.7571354],"allowPlayerStep0":"1","instanceColor":[1,1,1,0],"isRenderEnabled":false,"locked":true,"rotationMatrix":[5.96046448e-08,-1,0,1,5.96046448e-08,0,0,0,1],"scale":[7.01394749,7.01394749,6.71758175],"shapeName":"/art/shapes/quarter_mile_display/display_4.dae","useInstanceRenderData":true}
{"name":"timeDispR15","class":"TSStatic","persistentId":"2bef7e70-86d7-4c68-b78b-56b043aee70a","__parent":"ScoreboarR2","position":[324.652954,332.946503,20.18894],"allowPlayerStep0":"1","instanceColor":[1,1,1,0],"isRenderEnabled":false,"locked":true,"rotationMatrix":[5.96046448e-08,-1,0,1,5.96046448e-08,0,0,0,1],"scale":[7.01394749,7.01394749,7.01394749],"shapeName":"/art/shapes/quarter_mile_display/display_9.dae","useInstanceRenderData":true}
{"name":"timeDispRDot2","class":"TSStatic","persistentId":"5aaf363c-819c-44df-8919-faad953ceb38","__parent":"ScoreboarR2","position":[324.65625,331.96817,20.2339382],"allowPlayerStep0":"1","instanceColor":[1,1,1,0],"isRenderEnabled":false,"locked":true,"rotationMatrix":[5.96046448e-08,-1,0,1,5.96046448e-08,0,0,0,1],"scale":[7.01394749,7.01394749,6.71758175],"shapeName":"/art/shapes/quarter_mile_display/display_period.dae","useInstanceRenderData":true}
