{"name":"buildings","class":"SimGroup","persistentId":"03e1622f-cc6e-40c9-8616-fa8417db214c","__parent":"MissionGroup"}
{"name":"busstops","class":"SimGroup","persistentId":"0a7842b8-0232-4db4-aaad-63fa23564a37","__parent":"MissionGroup"}
{"name":"auto_repair_zone","class":"SimGroup","persistentId":"0c6b4e07-b0d1-4594-808e-460643bb78af","__parent":"MissionGroup"}
{"name":"construction_site","class":"SimGroup","persistentId":"11d3191c-2506-41ed-8296-97fbd8faa483","__parent":"MissionGroup"}
{"name":"rockcrawlingtrails","class":"SimGroup","persistentId":"1639fdac-1e68-45d0-911c-ae0c0d66c116","__parent":"MissionGroup"}
{"name":"road_signs","class":"SimGroup","persistentId":"1e606bda-8708-4b13-ba99-0b7bc1f92990","__parent":"MissionGroup"}
{"name":"Level_objects","class":"SimGroup","persistentId":"240c9b96-2dc3-4720-9535-c7ea12bdc0b6","__parent":"MissionGroup"}
{"name":"Clutters","class":"SimGroup","persistentId":"43ff113f-430c-4154-9ab6-e5cd3f5509b5","__parent":"MissionGroup"}
{"name":"CameraBookmarks","class":"SimGroup","persistentId":"4b6169ec-48fb-4194-b7e6-cf770af8e65f","__parent":"MissionGroup"}
{"name":"tourist_center","class":"SimGroup","persistentId":"5641eda1-a887-469d-b951-52f6d18f792d","__parent":"MissionGroup"}
{"name":"roads","class":"SimGroup","persistentId":"5c5241aa-f9d8-4ab0-bbb8-6fd33581230f","__parent":"MissionGroup"}
{"name":"AIDecalWaypointsGroup","class":"SimGroup","persistentId":"664563fc-e3c9-4919-932d-54e5f79a6d2e","__parent":"MissionGroup"}
{"name":"AIWaypointsGroup","class":"SimGroup","persistentId":"68591998-4927-4429-8354-1c641ab96672","__parent":"MissionGroup"}
{"name":"Audio","class":"SimGroup","persistentId":"6a1b492d-736b-49a1-afda-19fd7d31cc02","__parent":"MissionGroup","locked":true}
{"name":"mines","class":"SimGroup","persistentId":"73192e6f-0e89-48d0-a72d-1d0578ac6e41","__parent":"MissionGroup"}
{"name":"gameplay","class":"SimGroup","persistentId":"73e0b892-bcd0-44e7-a3fe-0258f6de2b07","__parent":"MissionGroup"}
{"name":"airport","class":"SimGroup","persistentId":"7b54fafb-f87a-4077-a6c8-2417d88c60c6","__parent":"MissionGroup"}
{"name":"reduction_mill","class":"SimGroup","persistentId":"8517e0b5-bb83-4936-8c10-2981e73b0a99","__parent":"MissionGroup"}
{"name":"ai_roads","class":"SimGroup","persistentId":"94eccb05-42d2-4d0a-8fd7-bf8b87adad3f","__parent":"MissionGroup"}
{"name":"OldMineV2","class":"SimGroup","persistentId":"afbc24b0-68fc-47c2-aa60-6d2f964b53d9","__parent":"MissionGroup"}
{"name":"Statics","class":"SimGroup","persistentId":"b59491ee-b6e2-4d7a-8ebe-e0f64b629ef0","__parent":"MissionGroup"}
{"name":"waypoints","class":"SimGroup","persistentId":"b9b37bc2-5cc7-47da-b688-0b9165659e6e","__parent":"MissionGroup"}
{"name":"PlayerDropPoints","class":"SimGroup","persistentId":"c43e25c7-2053-4657-a209-97f7c5d86525","__parent":"MissionGroup"}
{"name":"ranger_station","class":"SimGroup","persistentId":"d68c4909-08ba-4385-b5b5-21819a0a9f81","__parent":"MissionGroup"}
{"name":"campsite","class":"SimGroup","persistentId":"dc20a201-92b0-4081-9567-0963004b6711","__parent":"MissionGroup"}
{"name":"Portals","class":"SimGroup","persistentId":"ef3d16e6-ed15-43a3-ad1b-982cb7c167c9","__parent":"MissionGroup"}
{"name":"Layby","class":"SimGroup","persistentId":"fd77a942-56f8-4bfb-bc65-50495890e390","__parent":"MissionGroup"}
{"name":"cliff_crawling_tracks","class":"SimGroup","persistentId":"fdc249f1-ec74-4f9d-8133-59f55dd2ca3a","__parent":"MissionGroup"}
{"class":"TSStatic","persistentId":"8f3fed24-f7ab-4da7-9ed7-6802481a117a","__parent":"MissionGroup","position":[887.783691,760.014343,236.175156],"isRenderEnabled":false,"rotationMatrix":[0.298705339,0.954345822,0,-0.954345822,0.298705339,0,0,0,1],"shapeName":"/levels/utah/art/shapes/clutter/ut_sign_tourism_2.dae"}
{"class":"TSStatic","persistentId":"241bdb75-5d7a-4688-8d1c-0151817dde1b","__parent":"MissionGroup","position":[-467.965393,168.230881,297.993408],"isRenderEnabled":false,"rotationMatrix":[-0.99992466,0.0123473601,0,-0.0123473601,-0.99992466,0,0,0,1],"shapeName":"/levels/utah/art/shapes/clutter/ut_sign_tourism_map.dae"}
{"class":"TSStatic","persistentId":"45118a93-cffb-4303-ba5e-65aa916a5060","__parent":"MissionGroup","position":[879.733582,238.533997,219.227692],"annotation":"ROCK","isRenderEnabled":false,"rotationMatrix":[0.773171246,0.634197235,0,-0.628255725,0.765927672,0.136562899,0.0866078064,-0.105586506,0.990631521],"scale":[0.788329124,0.788329124,0.788329124],"shapeName":"/levels/Utah/art/shapes/rocks/utah_rock_big_2_b_top.dae"}
{"class":"TSStatic","persistentId":"81a24aa6-5aaa-4718-9066-9c8955b99ffb","__parent":"MissionGroup","position":[896.903381,742.008972,235.96521],"isRenderEnabled":false,"rotationMatrix":[-0.910829604,0.412782043,0,-0.412782043,-0.910829604,0,0,0,1],"shapeName":"/levels/utah/art/shapes/clutter/ut_sign_tourism_1.dae"}
{"class":"TSStatic","persistentId":"c5d83ace-1c5d-4708-9316-dd412a2a19de","__parent":"MissionGroup","position":[888.930481,751.021118,236.032181],"isRenderEnabled":false,"rotationMatrix":[-0.421438485,0.906856894,0,-0.906856894,-0.421438485,0,0,0,1],"shapeName":"/levels/utah/art/shapes/clutter/ut_sign_tourism_3.dae"}
{"name":"dealer_b","class":"SimGroup","persistentId":"09f6d5b9-6c50-4a6c-a9a7-cafa02832eb3","__parent":"MissionGroup"}
{"name":"dealer_c","class":"SimGroup","persistentId":"da9091e7-47ad-403e-9d89-39a9eea48267","__parent":"MissionGroup"}
{"name":"dealer_a","class":"SimGroup","persistentId":"ad4f7f0a-efda-4d87-a798-3609efec7f7b","__parent":"MissionGroup"}
{"class":"DecalRoad","persistentId":"10431e4a-b8f4-4c15-97c4-4515e0ab1be9","__parent":"MissionGroup","position":[826.406006,-197.304886,144.304901],"breakAngle":1,"distanceFade":[400,200],"improvedSpline":true,"material":"AsphaltRoad_damage_large_cracks_decal","nodes":[[826.406006,-197.304886,144.304901,2],[830.201416,-234.004791,144.295746,2]],"renderPriority":9,"startEndFade":[2,2],"textureLength":8}
{"name":"night_light","class":"SimGroup","persistentId":"3200970e-913e-4653-8d00-949c9ff4f4b9","__parent":"MissionGroup"}
{"name":"beamLRgroup","class":"SimGroup","persistentId":"d6a3555c-5f41-460a-be61-6c774cbb2f61","__parent":"MissionGroup"}
