{"class":"TSStatic","persistentId":"daf4311b-78ff-41fd-a6ae-7710abe6c131","__parent":"BUILDINGS","position":[703.372009,-205.546997,52.3419991],"annotation":"SIDEWALK","isRenderEnabled":false,"shapeName":"/levels/east_coast_usa/art/shapes/buildings/eca_townbase_b_sidewalks.dae","useInstanceRenderData":true}
{"class":"TSStatic","persistentId":"45dd719c-2ceb-4d53-aade-d6f1651534fe","__parent":"BUILDINGS","position":[712.853699,-167.572586,53.6425591],"annotation":"BUILDINGS","isRenderEnabled":false,"rotationMatrix":[-0.692448795,0.721466601,0,-0.721466601,-0.692448795,0,0,0,1],"shapeName":"/levels/east_coast_usa/art/shapes/buildings/eca_bld_shop_town_e.dae","useInstanceRenderData":true}
{"class":"TSStatic","persistentId":"0818ebd2-5834-4011-88e2-5525cd96de7b","__parent":"BUILDINGS","position":[632.961548,-83.0328979,51.4630089],"annotation":"BUILDINGS","isRenderEnabled":false,"rotationMatrix":[-0.611874223,0.790954828,0,-0.790954828,-0.611874223,0,0,0,1],"shapeName":"/levels/east_coast_usa/art/shapes/buildings/eca_bld_shop_town_e.dae","useInstanceRenderData":true}
{"class":"TSStatic","persistentId":"3152bf9b-a820-459e-af8e-6b5b5413e82b","__parent":"BUILDINGS","position":[716.619995,-174.485001,53.9840012],"allowPlayerStep":"1","annotation":"BUILDINGS","decalType":"Visible Mesh","isRenderEnabled":false,"rotationMatrix":[-0.0237380266,0.999718249,0,-0.999718249,-0.0237380266,0,0,0,1],"shapeName":"/levels/east_coast_usa/art/shapes/buildings/eca_bld_townblock_a.dae"}
{"class":"TSStatic","persistentId":"7945a11d-358c-47b4-86fb-9c464774d3b3","__parent":"BUILDINGS","position":[816.986023,-148.923996,53.360199],"allowPlayerStep":"1","annotation":"BUILDINGS","isRenderEnabled":false,"rotationMatrix":[0.00262135267,0.999996543,0,-0.999996543,0.00262135267,0,0,0,1],"shapeName":"/levels/east_coast_usa/art/shapes/buildings/eca_bld_house_05_b.dae"}
{"class":"TSStatic","persistentId":"09815d84-c000-456d-9671-12b5e7c17939","__parent":"BUILDINGS","position":[622.81897,-73.1811981,51.3320541],"allowPlayerStep":"1","annotation":"BUILDINGS","decalType":"Visible Mesh","isRenderEnabled":false,"rotationMatrix":[-0.72485745,0.688898861,0,-0.688898861,-0.72485745,0,0,0,1],"shapeName":"/levels/east_coast_usa/art/shapes/buildings/eca_bld_townblock_a.dae"}
{"class":"TSStatic","persistentId":"0bcef139-1f75-4ba3-a5de-a8ca8422503e","__parent":"BUILDINGS","position":[853.216003,-178.102997,53.360199],"allowPlayerStep":"1","annotation":"BUILDINGS","isRenderEnabled":false,"rotationMatrix":[-0.00262153149,-0.999996543,0,0.999996543,-0.00262153149,0,0,0,1],"shapeName":"/levels/east_coast_usa/art/shapes/buildings/eca_bld_house_05_d.dae"}
{"class":"TSStatic","persistentId":"0d7c9d48-5e61-4200-9ecf-6d257fcb3970","__parent":"BUILDINGS","position":[896.070923,-233.6884,40.1415749],"decalType":"None","isRenderEnabled":false,"rotationMatrix":[0.989774764,0.142636105,0,-0.142636105,0.989774764,0,0,0,1],"shapeName":"/levels/east_coast_usa/art/shapes/buildings/busstop_eca.dae"}
{"class":"TSStatic","persistentId":"109a5638-a73d-40d3-8e27-b4e1e05ef556","__parent":"BUILDINGS","position":[315.087097,-854.450317,45.2990608],"decalType":"None","isRenderEnabled":false,"rotationMatrix":[-0.278099924,0.9605515,0,-0.9605515,-0.278099924,0,0,0,1],"shapeName":"/levels/east_coast_usa/art/shapes/buildings/busstop_eca.dae"}
{"class":"TSStatic","persistentId":"115e7ff2-4850-4783-a88b-1ae1b33b5ead","__parent":"BUILDINGS","position":[316.993164,-852.144348,45.1238098],"annotation":"TRAFFIC_SIGNS","decalType":"None","isRenderEnabled":false,"rotationMatrix":[-0.447720706,0.894173086,0,-0.894173086,-0.447720706,0,0,0,1],"shapeName":"/levels/east_coast_usa/art/shapes/buildings/bussign.dae"}
{"class":"TSStatic","persistentId":"175e05e2-2f5b-4397-a46e-1aaa2672adfd","__parent":"BUILDINGS","position":[714.278015,-201.722,54.8596992],"allowPlayerStep":"1","annotation":"BUILDINGS","isRenderEnabled":false,"rotationMatrix":[0.9400419,0.34105888,0,-0.34105888,0.9400419,0,0,0,1],"shapeName":"/levels/east_coast_usa/art/shapes/buildings/eca_bld_church_a.dae"}
{"class":"TSStatic","persistentId":"18e63013-61e6-4486-8a5d-9019c668ecba","__parent":"BUILDINGS","position":[655.907043,-84.6298981,51.1823082],"annotation":"TRAFFIC_SIGNS","decalType":"None","isRenderEnabled":false,"rotationMatrix":[-0.770040989,-0.637994051,0,0.637994051,-0.770040989,0,0,0,1],"shapeName":"/levels/east_coast_usa/art/shapes/buildings/bussign.dae"}
{"class":"TSStatic","persistentId":"19abcd6e-d543-45db-bb38-92760b0f1926","__parent":"BUILDINGS","position":[747.252014,-201.257996,54.5242996],"allowPlayerStep":"1","annotation":"BUILDINGS","decalType":"Visible Mesh","isRenderEnabled":false,"rotationMatrix":[-0.0127738714,-0.999918401,0,0.999918401,-0.0127738714,0,0,0,1],"shapeName":"/levels/east_coast_usa/art/shapes/buildings/eca_bld_townblock_a.dae"}
{"class":"TSStatic","persistentId":"1ac4da56-4344-4e5d-a488-461ed81f5210","__parent":"BUILDINGS","position":[-488.533875,-730.044067,40.8436623],"annotation":"TRAFFIC_SIGNS","decalType":"None","isRenderEnabled":false,"rotationMatrix":[-0.298807353,-0.954313576,0,0.954313576,-0.298807353,0,0,0,1],"shapeName":"/levels/east_coast_usa/art/shapes/buildings/bussign.dae"}
{"class":"TSStatic","persistentId":"1dd1de97-c31f-48f5-a07e-a8aeabdb1695","__parent":"BUILDINGS","position":[724.796753,-443.006012,53.3096733],"annotation":"TRAFFIC_SIGNS","decalType":"None","isRenderEnabled":false,"rotationMatrix":[-0.0242987908,-0.99970454,0,0.99970454,-0.0242987908,0,0,0,1],"shapeName":"/levels/east_coast_usa/art/shapes/buildings/bussign.dae"}
{"class":"TSStatic","persistentId":"1f3476ad-c5ee-47ca-9246-bb9fd54f7462","__parent":"BUILDINGS","position":[314.254242,-844.149109,45.1870842],"annotation":"TRAFFIC_SIGNS","decalType":"None","isRenderEnabled":false,"rotationMatrix":[0.31954816,-0.947570205,0,0.947570205,0.31954816,0,0,0,1],"shapeName":"/levels/east_coast_usa/art/shapes/buildings/bussign.dae"}
{"class":"TSStatic","persistentId":"213c0c14-9aed-4c91-b5a1-a129d697699d","__parent":"BUILDINGS","position":[905.995422,-227.184937,39.7853127],"annotation":"TRAFFIC_SIGNS","decalType":"None","isRenderEnabled":false,"rotationMatrix":[-0.999999583,-1.1920929e-07,0,1.1920929e-07,-0.999999583,0,0,0,1],"shapeName":"/levels/east_coast_usa/art/shapes/buildings/bussign.dae"}
{"class":"TSStatic","persistentId":"2140df2c-144f-4284-bb67-3ae257300368","__parent":"BUILDINGS","position":[-433.707092,-248.30246,34.3114853],"annotation":"TRAFFIC_SIGNS","decalType":"None","isRenderEnabled":false,"rotationMatrix":[4.47034836e-08,-0.999999881,0,0.999999881,4.47034836e-08,0,0,0,1],"shapeName":"/levels/east_coast_usa/art/shapes/buildings/bussign.dae"}
{"class":"TSStatic","persistentId":"253c7807-1e6f-4f3d-ae30-abd02ae4d430","__parent":"BUILDINGS","position":[805.348999,-269.346008,53.3787003],"allowPlayerStep":"1","annotation":"BUILDINGS","isRenderEnabled":false,"rotationMatrix":[0.0114716887,-0.999934196,0,0.999934196,0.0114716887,0,0,0,1],"shapeName":"/levels/east_coast_usa/art/shapes/buildings/eca_bld_warehouse_02_a.dae"}
{"class":"TSStatic","persistentId":"25d4570d-a4af-4b80-82eb-98b6153607bf","__parent":"BUILDINGS","position":[675.289246,-200.642548,53.4006844],"annotation":"TRAFFIC_SIGNS","decalType":"None","isRenderEnabled":false,"rotationMatrix":[0.707106829,0.707106769,0,-0.707106769,0.707106829,0,0,0,1],"shapeName":"/levels/east_coast_usa/art/shapes/buildings/bussign.dae"}
{"class":"TSStatic","persistentId":"299669c9-54e6-4ac3-b2e0-14579a687d45","__parent":"BUILDINGS","position":[-273.732208,240.415466,32.0510902],"decalType":"None","isRenderEnabled":false,"rotationMatrix":[-0.794617712,-0.607109904,0,0.607109904,-0.794617712,0,0,0,1],"shapeName":"/levels/east_coast_usa/art/shapes/buildings/busstop_eca.dae"}
{"class":"TSStatic","persistentId":"2b00ac94-8a19-41a6-8b46-5568a22d0b08","__parent":"BUILDINGS","position":[816.986023,-162.699005,53.360199],"allowPlayerStep":"1","annotation":"BUILDINGS","isRenderEnabled":false,"rotationMatrix":[0.00262135267,0.999996543,0,-0.999996543,0.00262135267,0,0,0,1],"shapeName":"/levels/east_coast_usa/art/shapes/buildings/eca_bld_house_05_e.dae"}
{"class":"TSStatic","persistentId":"2cac094b-8d58-49f9-979b-132cb8ca1e92","__parent":"BUILDINGS","position":[663.007996,-146.455002,52.9827995],"allowPlayerStep":"1","annotation":"BUILDINGS","isRenderEnabled":false,"rotationMatrix":[0.625464559,0.780252576,0,-0.780252576,0.625464559,0,0,0,1],"shapeName":"/levels/east_coast_usa/art/shapes/buildings/eca_bld_shop_town_e.dae"}
{"class":"TSStatic","persistentId":"2ee641a8-f28c-4de5-91e8-214d547671df","__parent":"BUILDINGS","position":[793.889526,-137.116089,52.7624702],"allowPlayerStep":"1","annotation":"BUILDINGS","isRenderEnabled":false,"rotationMatrix":[-1,8.74227766e-08,0,-8.74227766e-08,-1,0,0,0,1],"shapeName":"/levels/east_coast_usa/art/shapes/buildings/eca_bld_house_05_c.dae"}
{"class":"TSStatic","persistentId":"2eea43c7-5c51-465f-90a6-a88261b804c6","__parent":"BUILDINGS","position":[760.903259,-137.033157,52.9157944],"annotation":"BUILDINGS","isRenderEnabled":false,"rotationMatrix":[-0.999999821,-2.23517418e-07,0,2.23517418e-07,-0.999999821,0,0,0,1],"shapeName":"/levels/east_coast_usa/art/shapes/buildings/eca_bld_house_05_e.dae"}
{"class":"TSStatic","persistentId":"3249059c-2b6c-4fa6-b81f-b1e17f6d9424","__parent":"BUILDINGS","position":[749.901245,-137.084244,53.0034714],"annotation":"BUILDINGS","isRenderEnabled":false,"rotationMatrix":[-0.999999702,-1.34110451e-07,0,1.34110451e-07,-0.999999702,0,0,0,1],"shapeName":"/levels/east_coast_usa/art/shapes/buildings/eca_bld_house_05_c.dae"}
{"class":"TSStatic","persistentId":"33c16128-0ccd-4b12-ad88-4d87d307c678","__parent":"BUILDINGS","position":[-247.008759,-831.803345,16.2660198],"annotation":"TRAFFIC_SIGNS","decalType":"None","isRenderEnabled":false,"rotationMatrix":[0.697584689,-0.716502249,0,0.716502249,0.697584689,0,0,0,1],"shapeName":"/levels/east_coast_usa/art/shapes/buildings/bussign.dae"}
{"class":"TSStatic","persistentId":"362b253a-7ebe-41db-8ec3-803ae35bf243","__parent":"BUILDINGS","position":[738.471069,-139.082092,53.3120613],"annotation":"TRAFFIC_SIGNS","decalType":"None","isRenderEnabled":false,"rotationMatrix":[-0.999999523,-7.4505806e-08,0,7.4505806e-08,-0.999999523,0,0,0,1],"shapeName":"/levels/east_coast_usa/art/shapes/buildings/bussign.dae"}
{"class":"TSStatic","persistentId":"38411c0c-545f-44cc-9b35-cd166777b436","__parent":"BUILDINGS","position":[674.489014,-144.231003,49.9916],"allowPlayerStep":"1","annotation":"BUILDINGS","isRenderEnabled":false,"rotationMatrix":[0.776718557,-0.629847825,0,0.629847825,0.776718557,0,0,0,1],"shapeName":"/levels/east_coast_usa/art/shapes/buildings/eca_bld_shop_town_f.dae"}
{"class":"TSStatic","persistentId":"3b691d18-3a1c-4b16-939b-b50ffe999d5b","__parent":"BUILDINGS","position":[-244.858643,-843.994934,16.0865498],"annotation":"TRAFFIC_SIGNS","decalType":"None","isRenderEnabled":false,"rotationMatrix":[-0.622333825,0.782751918,0,-0.782751918,-0.622333825,0,0,0,1],"shapeName":"/levels/east_coast_usa/art/shapes/buildings/bussign.dae"}
{"class":"TSStatic","persistentId":"3c97c0b4-9e34-49e7-967f-cbbe14052943","__parent":"BUILDINGS","position":[710.55603,-131.940994,53.0155334],"allowPlayerStep":"1","annotation":"BUILDINGS","isRenderEnabled":false,"rotationMatrix":[0.748324275,-0.663333058,0,0.663333058,0.748324275,0,0,0,1],"shapeName":"/levels/east_coast_usa/art/shapes/buildings/eca_bld_shop_town_e.dae"}
{"class":"TSStatic","persistentId":"3d5c6df0-ce64-4b92-b666-7400719cc05b","__parent":"BUILDINGS","position":[-416.563995,386.118011,26.1695004],"allowPlayerStep":"1","isRenderEnabled":false,"rotationMatrix":[0.852123678,-0.523111582,-0.0154740112,0.521963477,0.851653576,-0.0473322645,0.0379385538,0.0322560742,0.998759329],"scale":[1,1.05913997,1],"shapeName":"/levels/east_coast_usa/art/shapes/buildings/eca_bld_bridge_concrete_22m.dae"}
{"class":"TSStatic","persistentId":"3eb7d48f-0fdb-4552-8b53-64007d38c6a4","__parent":"BUILDINGS","position":[804.903015,-229.66803,53.3787003],"allowPlayerStep":"1","annotation":"BUILDINGS","isRenderEnabled":false,"rotationMatrix":[0.0114716887,-0.999934196,0,0.999934196,0.0114716887,0,0,0,1],"shapeName":"/levels/east_coast_usa/art/shapes/buildings/eca_bld_warehouse_02_a.dae"}
{"class":"TSStatic","persistentId":"3fe18454-0597-4a76-8460-ac8ba586002c","__parent":"BUILDINGS","position":[897.771484,-235.668228,40.1893196],"annotation":"TRAFFIC_SIGNS","decalType":"None","isRenderEnabled":false,"shapeName":"/levels/east_coast_usa/art/shapes/buildings/bussign.dae"}
{"class":"TSStatic","persistentId":"3fe95639-d07e-47ff-9513-63776a7e3b05","__parent":"BUILDINGS","position":[610.406006,-115.857002,53.3134995],"allowPlayerStep":"1","annotation":"BUILDINGS","decalType":"Visible Mesh","isRenderEnabled":false,"rotationMatrix":[0.773315072,-0.634021938,0,0.634021938,0.773315072,0,0,0,1],"shapeName":"/levels/east_coast_usa/art/shapes/buildings/eca_bld_townblock_a.dae"}
{"class":"TSStatic","persistentId":"44fd8fd0-2a63-4e7e-aa71-7df73f3da936","__parent":"BUILDINGS","position":[334.882996,-681.411011,42.0779991],"allowPlayerStep":"1","decalType":"Visible Mesh","isRenderEnabled":false,"rotationMatrix":[0.534225702,-0.845341861,0,0.845341861,0.534225702,0,0,0,1],"scale":[1.17122996,1.21185005,1.13520002],"shapeName":"/levels/east_coast_usa/art/shapes/buildings/eca_bld_bridge_concrete_22m.dae"}
{"class":"TSStatic","persistentId":"45df9d43-1282-4db0-8ca8-d21c3615e83d","__parent":"BUILDINGS","position":[717.361023,-119.882889,53.3805389],"allowPlayerStep":"1","annotation":"BUILDINGS","isRenderEnabled":false,"rotationMatrix":[0.00761333667,0.999971092,0,-0.999971092,0.00761333667,0,0,0,1],"shapeName":"/levels/east_coast_usa/art/shapes/buildings/eca_bld_shop_town_b.dae"}
{"class":"TSStatic","persistentId":"469fc055-d0a8-4a34-9bba-6425bbf3089f","__parent":"BUILDINGS","position":[477.928345,-13.8720398,53.4342079],"annotation":"TRAFFIC_SIGNS","decalType":"None","isRenderEnabled":false,"rotationMatrix":[-0.658889651,-0.752239883,0,0.752239883,-0.658889651,0,0,0,1],"shapeName":"/levels/east_coast_usa/art/shapes/buildings/bussign.dae"}
{"class":"TSStatic","persistentId":"474b4976-1ce1-460b-bda3-26fba394aaef","__parent":"BUILDINGS","position":[716.263794,-108.664093,53.554924],"allowPlayerStep":"1","annotation":"BUILDINGS","decalType":"Visible Mesh","isRenderEnabled":false,"rotationMatrix":[0.0126369931,0.999919713,0,-0.999919713,0.0126369931,0,0,0,1],"shapeName":"/levels/east_coast_usa/art/shapes/buildings/eca_bld_townblock_a.dae"}
{"class":"TSStatic","persistentId":"47fd38fa-3c6c-4d2f-b88e-9d767927b971","__parent":"BUILDINGS","position":[693.46698,-116.575996,51.8408012],"allowPlayerStep":"1","annotation":"BUILDINGS","isRenderEnabled":false,"rotationMatrix":[-0.745347619,0.666676044,0,-0.666676044,-0.745347619,0,0,0,1],"shapeName":"/levels/east_coast_usa/art/shapes/buildings/eca_bld_shop_town_f.dae"}
{"class":"TSStatic","persistentId":"4963013c-6c07-4d3b-92a1-0f7ba258cd01","__parent":"BUILDINGS","position":[775.120178,-320.099335,53.4795036],"annotation":"TRAFFIC_SIGNS","decalType":"None","isRenderEnabled":false,"rotationMatrix":[-0.992322743,-0.123680189,0,0.123680189,-0.992322743,0,0,0,1],"shapeName":"/levels/east_coast_usa/art/shapes/buildings/bussign.dae"}
{"class":"TSStatic","persistentId":"4c23c895-c578-4e0b-a591-4d226bf856ae","__parent":"BUILDINGS","position":[816.986023,-238.212006,53.360199],"allowPlayerStep":"1","annotation":"BUILDINGS","isRenderEnabled":false,"rotationMatrix":[0.00262135267,0.999996543,0,-0.999996543,0.00262135267,0,0,0,1],"shapeName":"/levels/east_coast_usa/art/shapes/buildings/eca_bld_house_05_c.dae"}
{"class":"TSStatic","persistentId":"5227343c-b0de-4d11-93e2-a026e05372ff","__parent":"BUILDINGS","position":[804.905029,-137.087845,52.7009697],"allowPlayerStep":"1","annotation":"BUILDINGS","isRenderEnabled":false,"rotationMatrix":[-1,8.74227766e-08,0,-8.74227766e-08,-1,0,0,0,1],"shapeName":"/levels/east_coast_usa/art/shapes/buildings/eca_bld_house_05_d.dae"}
{"class":"TSStatic","persistentId":"522985b6-f206-4c03-bcc6-9cd3118489db","__parent":"BUILDINGS","position":[816.986023,-176.639999,53.360199],"allowPlayerStep":"1","annotation":"BUILDINGS","isRenderEnabled":false,"rotationMatrix":[0.00262135267,0.999996543,0,-0.999996543,0.00262135267,0,0,0,1],"shapeName":"/levels/east_coast_usa/art/shapes/buildings/eca_bld_house_05_a.dae"}
{"class":"TSStatic","persistentId":"54739048-d366-4bda-a02f-3581cc16e353","__parent":"BUILDINGS","position":[672.564026,-166.936996,52.1111984],"allowPlayerStep":"1","annotation":"BUILDINGS","isRenderEnabled":false,"rotationMatrix":[0.735720396,-0.677285433,0,0.677285433,0.735720396,0,0,0,1],"scale":[1.09054005,1,1],"shapeName":"/levels/east_coast_usa/art/shapes/buildings/eca_bld_filler_wall_01.dae"}
{"class":"TSStatic","persistentId":"54e4bdd4-8dd1-4027-9af5-faae5d86b374","__parent":"BUILDINGS","position":[748.988342,-412.091705,54.6618042],"annotation":"BUILDINGS","isRenderEnabled":false,"shapeName":"/levels/east_coast_usa/art/shapes/buildings/eca_bld_filler_wall_01.dae"}
{"class":"TSStatic","persistentId":"557f8cb3-3c24-4d4f-99c9-a6b6682c6abe","__parent":"BUILDINGS","position":[658.646973,-156.425995,53.4858017],"allowPlayerStep":"1","annotation":"BUILDINGS","isRenderEnabled":false,"rotationMatrix":[0.744696021,-0.667403817,0,0.667403817,0.744696021,0,0,0,1],"shapeName":"/levels/east_coast_usa/art/shapes/buildings/eca_bld_shop_town_f.dae"}
{"class":"TSStatic","persistentId":"57ead822-57ed-4984-a096-e5c862c871b4","__parent":"BUILDINGS","position":[675.281982,-171.677994,53.3558998],"allowPlayerStep":"1","annotation":"BUILDINGS","isRenderEnabled":false,"rotationMatrix":[0.736793518,-0.676117837,0,0.676117837,0.736793518,0,0,0,1],"shapeName":"/levels/east_coast_usa/art/shapes/buildings/eca_bld_shop_town_e.dae"}
{"class":"TSStatic","persistentId":"5fa3c4ac-0837-49c1-b205-94cf9e8a0968","__parent":"BUILDINGS","position":[740.077698,-142.723343,53.3574753],"decalType":"None","isRenderEnabled":false,"rotationMatrix":[-0.999999702,8.94069672e-08,0,-8.94069672e-08,-0.999999702,0,0,0,1],"shapeName":"/levels/east_coast_usa/art/shapes/buildings/busstop_eca.dae"}
{"class":"TSStatic","persistentId":"5ffdb0dd-1674-4996-9401-6e90c4d41cf4","__parent":"BUILDINGS","position":[649.429993,-123.236,52.957901],"allowPlayerStep":"1","annotation":"BUILDINGS","decalType":"Visible Mesh","isRenderEnabled":false,"rotationMatrix":[0.647584081,0.761994004,0,-0.761994004,0.647584081,0,0,0,1],"shapeName":"/levels/east_coast_usa/art/shapes/buildings/eca_bld_townblock_a.dae"}
{"class":"TSStatic","persistentId":"63af9aad-420f-4d2c-aa9b-fc3d53b4a564","__parent":"BUILDINGS","position":[686.659973,-144.222,52.8782005],"allowPlayerStep":"1","annotation":"BUILDINGS","decalType":"Visible Mesh","isRenderEnabled":false,"rotationMatrix":[-0.738914251,0.673799634,0,-0.673799634,-0.738914251,0,0,0,1],"shapeName":"/levels/east_coast_usa/art/shapes/buildings/eca_bld_townblock_a.dae"}
{"class":"TSStatic","persistentId":"640cfc23-3891-49b5-8de6-72c5a3cce874","__parent":"BUILDINGS","position":[-78.9603958,-726.406372,27.6825256],"annotation":"TRAFFIC_SIGNS","decalType":"None","isRenderEnabled":false,"rotationMatrix":[-0.0292622261,-0.99957186,0,0.99957186,-0.0292622261,0,0,0,1],"shapeName":"/levels/east_coast_usa/art/shapes/buildings/bussign.dae"}
{"class":"TSStatic","persistentId":"678144b0-26f3-4135-869f-b15e36658b70","__parent":"BUILDINGS","position":[648.14801,-100.952003,51.855999],"allowPlayerStep":"1","annotation":"BUILDINGS","decalType":"Visible Mesh","isRenderEnabled":false,"rotationMatrix":[0.790912867,0.611928761,0,-0.611928761,0.790912867,0,0,0,1],"shapeName":"/levels/east_coast_usa/art/shapes/buildings/eca_bld_townblock_a.dae"}
{"class":"TSStatic","persistentId":"68ce6a7d-e0ae-453c-91d0-9b534e67311d","__parent":"BUILDINGS","position":[-731.424072,479.671387,22.203022],"annotation":"TRAFFIC_SIGNS","decalType":"None","isRenderEnabled":false,"rotationMatrix":[0.622707844,0.782454431,0,-0.782454431,0.622707844,0,0,0,1],"shapeName":"/levels/east_coast_usa/art/shapes/buildings/bussign.dae"}
{"class":"TSStatic","persistentId":"6afb1724-227b-4405-b6ab-c42cba48d72e","__parent":"BUILDINGS","position":[749.852173,-460.903046,53.331543],"decalType":"None","isRenderEnabled":false,"rotationMatrix":[0.0871502161,0.996194839,0,-0.996194839,0.0871502161,0,0,0,1],"shapeName":"/levels/east_coast_usa/art/shapes/buildings/busstop_eca.dae"}
{"class":"TSStatic","persistentId":"6b8834ec-13d6-4601-936e-e4a68ecdf60f","__parent":"BUILDINGS","position":[782.89032,-137.089752,52.8066101],"allowPlayerStep":"1","annotation":"BUILDINGS","isRenderEnabled":false,"rotationMatrix":[-0.999997735,0.00213980488,0,-0.00213980488,-0.999997735,0,0,0,1],"shapeName":"/levels/east_coast_usa/art/shapes/buildings/eca_bld_house_05_b.dae"}
{"class":"TSStatic","persistentId":"6b9faf14-0228-4e46-9eac-e86b77bb3688","__parent":"BUILDINGS","position":[655.08606,-100.522995,51.2102089],"annotation":"TRAFFIC_SIGNS","decalType":"None","isRenderEnabled":false,"rotationMatrix":[0.733211219,0.680000663,0,-0.680000663,0.733211219,0,0,0,1],"shapeName":"/levels/east_coast_usa/art/shapes/buildings/bussign.dae"}
{"class":"TSStatic","persistentId":"6c302eaf-b007-437d-879e-c25ea93a4d53","__parent":"BUILDINGS","position":[853.215027,-208.380997,53.360199],"allowPlayerStep":"1","annotation":"BUILDINGS","isRenderEnabled":false,"rotationMatrix":[-0.00262153149,-0.999996543,0,0.999996543,-0.00262153149,0,0,0,1],"shapeName":"/levels/east_coast_usa/art/shapes/buildings/eca_bld_house_05_a.dae"}
{"class":"TSStatic","persistentId":"7039b540-ff79-4049-903b-14500d2e0548","__parent":"BUILDINGS","position":[605.442993,-93.5030975,51.7060013],"allowPlayerStep":"1","annotation":"BUILDINGS","isRenderEnabled":false,"rotationMatrix":[0.677788854,0.735256672,0,-0.735256672,0.677788854,0,0,0,1],"shapeName":"/levels/east_coast_usa/art/shapes/buildings/eca_bld_shop_town_b.dae"}
{"class":"TSStatic","persistentId":"706c72d5-1d84-4501-97d7-99879be46974","__parent":"BUILDINGS","position":[784.914001,-169.419998,53.9840012],"allowPlayerStep":"1","annotation":"BUILDINGS","decalType":"Visible Mesh","isRenderEnabled":false,"rotationMatrix":[-0.0237380266,0.999718249,0,-0.999718249,-0.0237380266,0,0,0,1],"shapeName":"/levels/east_coast_usa/art/shapes/buildings/eca_bld_townblock_a.dae"}
{"class":"TSStatic","persistentId":"7405f9ee-585a-4722-a211-b2fbd556b67c","__parent":"BUILDINGS","position":[-293.424988,826.695984,24.6902008],"allowPlayerStep":"1","decalType":"Visible Mesh","isRenderEnabled":false,"rotationMatrix":[0.742262483,0.670109212,0,-0.670109212,0.742262483,0,0,0,1],"scale":[1,1.01567996,1],"shapeName":"/levels/east_coast_usa/art/shapes/buildings/eca_bld_bridge_44m.dae"}
{"class":"TSStatic","persistentId":"765a00c2-ab48-48ae-8878-6f7de90846f0","__parent":"BUILDINGS","position":[762.053833,-342.761871,53.2809944],"annotation":"TRAFFIC_SIGNS","decalType":"None","isRenderEnabled":false,"rotationMatrix":[0.998805046,0.0488792248,0,-0.0488792248,0.998805046,0,0,0,1],"shapeName":"/levels/east_coast_usa/art/shapes/buildings/bussign.dae"}
{"class":"TSStatic","persistentId":"76f536a3-70d8-4b5d-9e20-448bed17f416","__parent":"BUILDINGS","position":[771.81012,-106.124695,52.9091454],"allowPlayerStep":"1","annotation":"BUILDINGS","isRenderEnabled":false,"rotationMatrix":[1,0,0,0,0.999999762,-0.000690534245,0,0.000690534245,0.999999762],"shapeName":"/levels/east_coast_usa/art/shapes/buildings/eca_bld_house_05_b.dae"}
{"class":"TSStatic","persistentId":"7d1517ba-f0f0-4163-8c44-0415ed081a94","__parent":"BUILDINGS","position":[760.837585,-105.933594,52.9999924],"allowPlayerStep":"1","annotation":"BUILDINGS","isRenderEnabled":false,"shapeName":"/levels/east_coast_usa/art/shapes/buildings/eca_bld_house_05_c.dae"}
{"class":"TSStatic","persistentId":"812e25b4-5ce0-488e-9f33-0c7e6b16eb4e","__parent":"BUILDINGS","position":[816.986023,-282.483002,53.360199],"allowPlayerStep":"1","annotation":"BUILDINGS","isRenderEnabled":false,"rotationMatrix":[0.00262135267,0.999996543,0,-0.999996543,0.00262135267,0,0,0,1],"shapeName":"/levels/east_coast_usa/art/shapes/buildings/eca_bld_house_05_a.dae"}
{"class":"TSStatic","persistentId":"81cf2147-1dc3-4af3-b749-693ac4846d13","__parent":"BUILDINGS","position":[818.598999,-193.565002,53.2867012],"allowPlayerStep":"1","annotation":"BUILDINGS","isRenderEnabled":false,"rotationMatrix":[0.00403481722,0.999991834,0,-0.999991834,0.00403481722,0,0,0,1],"shapeName":"/levels/east_coast_usa/art/shapes/buildings/eca_bld_house_01_a.dae"}
{"class":"TSStatic","persistentId":"82a6c732-de4d-4d30-a936-b752dc8b662a","__parent":"BUILDINGS","position":[-737.645142,497.321136,22.8027782],"annotation":"TRAFFIC_SIGNS","decalType":"None","isRenderEnabled":false,"rotationMatrix":[-0.555436969,-0.831558049,0,0.831558049,-0.555436969,0,0,0,1],"shapeName":"/levels/east_coast_usa/art/shapes/buildings/bussign.dae"}
{"class":"TSStatic","persistentId":"8364229d-9f50-4861-a01b-755f56443732","__parent":"BUILDINGS","position":[702.416016,-125.984001,52.4453011],"allowPlayerStep":"1","annotation":"BUILDINGS","decalType":"Visible Mesh","isRenderEnabled":false,"rotationMatrix":[0.663424969,0.748242855,0,-0.748242855,0.663424969,0,0,0,1],"shapeName":"/levels/east_coast_usa/art/shapes/buildings/eca_bld_townblock_a.dae"}
{"class":"TSStatic","persistentId":"83a3f2d6-6ac9-4465-9f6d-722d063cabf4","__parent":"BUILDINGS","position":[-430.618622,-246.804886,34.5275955],"decalType":"None","isRenderEnabled":false,"rotationMatrix":[4.47034836e-08,-0.999999881,0,0.999999881,4.47034836e-08,0,0,0,1],"shapeName":"/levels/east_coast_usa/art/shapes/buildings/busstop_eca.dae"}
{"class":"TSStatic","persistentId":"840c5941-48bb-44e0-8f68-602761869a08","__parent":"BUILDINGS","position":[853.216003,-193.270004,53.360199],"allowPlayerStep":"1","annotation":"BUILDINGS","isRenderEnabled":false,"rotationMatrix":[-0.00262153149,-0.999996543,0,0.999996543,-0.00262153149,0,0,0,1],"shapeName":"/levels/east_coast_usa/art/shapes/buildings/eca_bld_house_05_e.dae"}
{"class":"TSStatic","persistentId":"87eefc94-412f-41d2-8fa0-831d0a555fc7","__parent":"BUILDINGS","position":[482.789978,-31.3117123,53.4356804],"decalType":"None","isRenderEnabled":false,"rotationMatrix":[0.663558722,0.748123884,0,-0.748123884,0.663558722,0,0,0,1],"shapeName":"/levels/east_coast_usa/art/shapes/buildings/busstop_eca.dae"}
{"class":"TSStatic","persistentId":"882ccaa5-f228-408f-b5a8-5562072b3126","__parent":"BUILDINGS","position":[737.295593,-411.566284,54.6618042],"isRenderEnabled":false,"shapeName":"/levels/east_coast_usa/art/shapes/buildings/eca_bld_filler_wall_01.dae"}
{"class":"TSStatic","persistentId":"88f9d153-a88e-46d5-aecb-2fc0079f543c","__parent":"BUILDINGS","position":[816.986023,-210.207001,53.360199],"allowPlayerStep":"1","annotation":"BUILDINGS","isRenderEnabled":false,"rotationMatrix":[0.00262135267,0.999996543,0,-0.999996543,0.00262135267,0,0,0,1],"shapeName":"/levels/east_coast_usa/art/shapes/buildings/eca_bld_house_05_e.dae"}
{"class":"TSStatic","persistentId":"8a7dc1d4-73b8-4824-a774-5294bd89f8ce","__parent":"BUILDINGS","position":[-211.052307,-846.535156,16.6762886],"allowPlayerStep":"1","annotation":"BUILDINGS","isRenderEnabled":false,"rotationMatrix":[0.9607867,-0.277290046,0,0.277290046,0.9607867,0,0,0,1],"shapeName":"/levels/east_coast_usa/art/shapes/buildings/eca_bld_house_sml_01.dae"}
{"class":"TSStatic","persistentId":"8abae4b7-dea7-4a5a-ad52-9d79c75bb9f1","__parent":"BUILDINGS","position":[697.870972,-106.971001,52.1435013],"allowPlayerStep":"1","annotation":"BUILDINGS","isRenderEnabled":false,"rotationMatrix":[-0.64849174,-0.761221707,0,0.761221707,-0.64849174,0,0,0,1],"shapeName":"/levels/east_coast_usa/art/shapes/buildings/eca_bld_shop_town_e.dae"}
{"class":"TSStatic","persistentId":"8b9236b0-b68d-420f-ba10-df9c0da89bcc","__parent":"BUILDINGS","position":[816.986023,-224.207993,53.360199],"allowPlayerStep":"1","annotation":"BUILDINGS","isRenderEnabled":false,"rotationMatrix":[0.00262135267,0.999996543,0,-0.999996543,0.00262135267,0,0,0,1],"shapeName":"/levels/east_coast_usa/art/shapes/buildings/eca_bld_house_05_a.dae"}
{"class":"TSStatic","persistentId":"91087bdb-222a-4773-9d6e-93708220ae0c","__parent":"BUILDINGS","position":[657.995056,-193.771164,53.4746437],"annotation":"BUILDINGS","isRenderEnabled":false,"rotationMatrix":[-0.725374222,0.68835479,0,-0.68835479,-0.725374222,0,0,0,1],"shapeName":"/levels/east_coast_usa/art/shapes/buildings/eca_bld_shop_town_a.dae"}
{"class":"TSStatic","persistentId":"92dd2ec2-db9c-4cff-8c18-da05599c7b8f","__parent":"BUILDINGS","position":[760.041138,-419.42749,53.4504471],"annotation":"BUILDINGS","isRenderEnabled":false,"rotationMatrix":[-0.0621205606,0.998068631,0,-0.998068631,-0.0621205606,0,0,0,1],"shapeName":"/levels/east_coast_usa/art/shapes/buildings/eca_bld_shop_town_e.dae"}
{"class":"TSStatic","persistentId":"9488667b-1824-4444-b365-ca40e9ead5fd","__parent":"BUILDINGS","position":[794.905029,-169.197006,53.9840012],"allowPlayerStep":"1","annotation":"BUILDINGS","decalType":"Visible Mesh","isRenderEnabled":false,"rotationMatrix":[-0.0237380266,0.999718249,0,-0.999718249,-0.0237380266,0,0,0,1],"shapeName":"/levels/east_coast_usa/art/shapes/buildings/eca_bld_townblock_a.dae"}
{"class":"TSStatic","persistentId":"9a06ff5b-4ac3-4417-92e0-9fbcdf071fc1","__parent":"BUILDINGS","position":[690.905029,-186.184998,53.3802986],"allowPlayerStep":"1","annotation":"BUILDINGS","isRenderEnabled":false,"rotationMatrix":[0.728490531,-0.685055852,0,0.685055852,0.728490531,0,0,0,1],"shapeName":"/levels/east_coast_usa/art/shapes/buildings/eca_bld_shop_town_b.dae"}
{"class":"TSStatic","persistentId":"9d16fda7-6cc4-4b9c-84a3-addbded9b5e4","__parent":"BUILDINGS","position":[739.200562,-422.096405,54.2225647],"annotation":"BUILDINGS","isRenderEnabled":false,"rotationMatrix":[-0.0479302704,0.998850524,0,-0.998850524,-0.0479302704,0,0,0,1],"shapeName":"/levels/east_coast_usa/art/shapes/buildings/eca_bld_filler_wall_01.dae"}
{"class":"TSStatic","persistentId":"9dab8629-d500-4c06-b88e-1b91240b00b2","__parent":"BUILDINGS","position":[406.190002,726.981995,50.5528984],"allowPlayerStep":"1","isRenderEnabled":false,"rotationMatrix":[0.999244273,-0.0388697833,0,0.0388697833,0.999244273,0,0,0,1],"scale":[1.09316003,0.99843502,1],"shapeName":"/levels/east_coast_usa/art/shapes/buildings/eca_bld_bridge_concrete_22m.dae"}
{"class":"TSStatic","persistentId":"a071f654-0528-47cb-9075-b09711653156","__parent":"BUILDINGS","position":[668.210022,-163.742996,54.0149994],"allowPlayerStep":"1","annotation":"BUILDINGS","decalType":"Visible Mesh","isRenderEnabled":false,"rotationMatrix":[0.74185437,-0.670561075,0,0.670561075,0.74185437,0,0,0,1],"shapeName":"/levels/east_coast_usa/art/shapes/buildings/eca_bld_townblock_a.dae"}
{"class":"TSStatic","persistentId":"a42b83c9-d0b8-4eea-a3be-0c7777ee3db8","__parent":"BUILDINGS","position":[816.986023,-252.580994,53.360199],"allowPlayerStep":"1","annotation":"BUILDINGS","isRenderEnabled":false,"rotationMatrix":[0.00262135267,0.999996543,0,-0.999996543,0.00262135267,0,0,0,1],"shapeName":"/levels/east_coast_usa/art/shapes/buildings/eca_bld_house_05_d.dae"}
{"class":"TSStatic","persistentId":"a4c3d9a5-379a-47cb-b9c6-518bb10cc37d","__parent":"BUILDINGS","position":[-276.771515,241.951523,32.3152428],"annotation":"TRAFFIC_SIGNS","decalType":"None","isRenderEnabled":false,"rotationMatrix":[-0.818912625,-0.573916852,0,0.573916852,-0.818912625,0,0,0,1],"shapeName":"/levels/east_coast_usa/art/shapes/buildings/bussign.dae"}
{"class":"TSStatic","persistentId":"a6bff049-d810-4bc7-beb7-a0e1af785cf0","__parent":"BUILDINGS","position":[36.9223137,636.683411,33.4097977],"allowPlayerStep":"1","isRenderEnabled":false,"rotationMatrix":[0.251985341,-0.967723906,-0.0038141259,0.965955675,0.251759529,-0.0595553927,0.0585933365,0.0113227908,0.998217702],"scale":[1.06063509,1.09126997,1],"shapeName":"/levels/east_coast_usa/art/shapes/buildings/eca_bld_bridge_concrete_22m.dae"}
{"class":"TSStatic","persistentId":"a853bbc2-c0a4-4c42-9812-e8db63718dc3","__parent":"BUILDINGS","position":[608.262024,-447.669006,53.1731911],"allowPlayerStep":"1","isRenderEnabled":false,"rotationMatrix":[0.00113719702,-0.999999404,-1.8189894e-12,0.999999285,0.00113719725,0,9.31322575e-10,-9.0955867e-13,0.999999881],"scale":[1,1.10000002,1],"shapeName":"/levels/east_coast_usa/art/shapes/buildings/eca_bld_bridge_80m.dae"}
{"class":"TSStatic","persistentId":"ab7c5095-c786-485b-9495-829d307d3b9b","__parent":"BUILDINGS","position":[-290.274597,245.985123,32.4474564],"annotation":"TRAFFIC_SIGNS","decalType":"None","isRenderEnabled":false,"rotationMatrix":[0.784986436,0.619512975,0,-0.619512975,0.784986436,0,0,0,1],"shapeName":"/levels/east_coast_usa/art/shapes/buildings/bussign.dae"}
{"class":"TSStatic","persistentId":"ac14cae4-86b1-4226-8472-ab1742769fbb","__parent":"BUILDINGS","position":[-293.377014,247.096466,32.5318871],"decalType":"None","isRenderEnabled":false,"rotationMatrix":[0.802456379,0.596710443,0,-0.596710443,0.802456379,0,0,0,1],"shapeName":"/levels/east_coast_usa/art/shapes/buildings/busstop_eca.dae"}
{"name":"town_base_b","class":"TSStatic","persistentId":"adabef6f-107f-4867-94f4-ca95791c625c","__parent":"BUILDINGS","position":[703.372009,-205.546997,52.3418007],"allowPlayerStep":"1","annotation":"BUILDINGS","isRenderEnabled":false,"shapeName":"/levels/east_coast_usa/art/shapes/buildings/eca_townbase_b.dae"}
{"class":"TSStatic","persistentId":"af915670-a533-47e1-b082-0a0f896bb78c","__parent":"BUILDINGS","position":[739.97937,-437.505737,53.4398842],"annotation":"BUILDINGS","isRenderEnabled":false,"rotationMatrix":[0.996604443,-0.0823353976,0,0.0823353976,0.996604443,0,0,0,1],"shapeName":"/levels/east_coast_usa/art/shapes/buildings/eca_bld_shop_town_d.dae"}
{"class":"TSStatic","persistentId":"afca02a4-15ac-431e-91e7-0a43b7cd674b","__parent":"BUILDINGS","position":[805.13501,-249.360992,53.3787003],"allowPlayerStep":"1","annotation":"BUILDINGS","isRenderEnabled":false,"rotationMatrix":[-0.0114718676,0.999934196,0,-0.999934196,-0.0114718676,0,0,0,1],"shapeName":"/levels/east_coast_usa/art/shapes/buildings/eca_bld_warehouse_02_a.dae"}
{"class":"TSStatic","persistentId":"b02e32f4-8c5d-4694-9137-b966fccbea34","__parent":"BUILDINGS","position":[694.357971,-149.516006,52.9099007],"allowPlayerStep":"1","annotation":"BUILDINGS","isRenderEnabled":false,"rotationMatrix":[-0.741964102,0.670439661,0,-0.670439661,-0.741964102,0,0,0,1],"shapeName":"/levels/east_coast_usa/art/shapes/buildings/eca_bld_shop_town_c.dae"}
{"class":"TSStatic","persistentId":"b35c21d0-b5fc-4966-a360-b2f39e11e0f2","__parent":"BUILDINGS","position":[853.216003,-163.139008,53.360199],"allowPlayerStep":"1","annotation":"BUILDINGS","isRenderEnabled":false,"rotationMatrix":[-0.00262153149,-0.999996543,0,0.999996543,-0.00262153149,0,0,0,1],"shapeName":"/levels/east_coast_usa/art/shapes/buildings/eca_bld_house_05_e.dae"}
{"class":"TSStatic","persistentId":"b5da6da9-df90-4884-a8f5-2644994f25af","__parent":"BUILDINGS","position":[749.832214,-105.944389,53.0194626],"allowPlayerStep":"1","annotation":"BUILDINGS","isRenderEnabled":false,"shapeName":"/levels/east_coast_usa/art/shapes/buildings/eca_bld_house_05_d.dae"}
{"class":"TSStatic","persistentId":"b8ed9cdd-c147-47c4-b243-14d4e229bab5","__parent":"BUILDINGS","position":[-485.119995,-739.782104,41.1505966],"annotation":"TRAFFIC_SIGNS","decalType":"None","isRenderEnabled":false,"rotationMatrix":[0.241152734,0.970486999,0,-0.970486999,0.241152734,0,0,0,1],"shapeName":"/levels/east_coast_usa/art/shapes/buildings/bussign.dae"}
{"class":"TSStatic","persistentId":"be52a3a8-ca8a-4bed-aa61-db661e5fd67e","__parent":"BUILDINGS","position":[-744.335999,-784.236023,36.1287994],"allowPlayerStep":"1","decalType":"Visible Mesh Final","isRenderEnabled":false,"rotationMatrix":[0.113782525,-0.993505657,0,0.993505657,0.113782525,0,0,0,1],"shapeName":"/levels/east_coast_usa/art/shapes/buildings/eca_bld_bridge_80m.dae"}
{"class":"TSStatic","persistentId":"bea9a4b2-9272-4a11-bb1b-d565862eab86","__parent":"BUILDINGS","position":[816.986023,-267.376007,53.360199],"allowPlayerStep":"1","annotation":"BUILDINGS","isRenderEnabled":false,"rotationMatrix":[0.00262135267,0.999996543,0,-0.999996543,0.00262135267,0,0,0,1],"shapeName":"/levels/east_coast_usa/art/shapes/buildings/eca_bld_house_05_c.dae"}
{"class":"TSStatic","persistentId":"bfdd9b82-d74f-4702-9eb4-4f4fc0a55f54","__parent":"BUILDINGS","position":[-734.895813,496.420593,22.5537987],"decalType":"None","isRenderEnabled":false,"rotationMatrix":[-0.607624948,-0.794223785,0,0.794223785,-0.607624948,0,0,0,1],"shapeName":"/levels/east_coast_usa/art/shapes/buildings/busstop_eca.dae"}
{"class":"TSStatic","persistentId":"c2ff5f65-9f50-41ec-a921-935ee790460f","__parent":"BUILDINGS","position":[853.216003,-147.518005,53.360199],"allowPlayerStep":"1","annotation":"BUILDINGS","isRenderEnabled":false,"rotationMatrix":[-0.00262153149,-0.999996543,0,0.999996543,-0.00262153149,0,0,0,1],"shapeName":"/levels/east_coast_usa/art/shapes/buildings/eca_bld_house_05_c.dae"}
{"class":"TSStatic","persistentId":"c369c0ec-4cb8-4aa2-a21c-5043ca0b97e2","__parent":"BUILDINGS","position":[738.684021,-277.634003,50.9081993],"allowPlayerStep":"1","annotation":"BUILDINGS","isRenderEnabled":false,"rotationMatrix":[0.564060807,-0.825733244,0,0.825733244,0.564060807,0,0,0,1],"shapeName":"/levels/east_coast_usa/art/shapes/buildings/eca_bld_shop_town_b.dae"}
{"class":"TSStatic","persistentId":"c42ae1c9-a987-488d-890e-046194ed6502","__parent":"BUILDINGS","position":[849.557007,-719.122009,42.0535011],"allowPlayerStep":"1","isRenderEnabled":false,"rotationMatrix":[0.923312843,-0.384048611,0,0.384048611,0.923312843,0,0,0,1],"scale":[1,1.22759998,1],"shapeName":"/levels/east_coast_usa/art/shapes/buildings/eca_bld_bridge_80m.dae"}
{"class":"TSStatic","persistentId":"c86b730f-acda-4a6c-b96d-82afcbeaadad","__parent":"BUILDINGS","position":[486.232605,-32.2278481,53.3827629],"annotation":"TRAFFIC_SIGNS","decalType":"None","isRenderEnabled":false,"rotationMatrix":[0.585897505,0.810384691,0,-0.810384691,0.585897505,0,0,0,1],"shapeName":"/levels/east_coast_usa/art/shapes/buildings/bussign.dae"}
{"class":"TSStatic","persistentId":"cab9a355-1979-4421-a163-7b437ef3126f","__parent":"BUILDINGS","position":[728.031433,-442.257812,53.331543],"decalType":"None","isRenderEnabled":false,"rotationMatrix":[-0.0871503428,-0.996195018,0,0.996195018,-0.0871503428,0,0,0,1],"shapeName":"/levels/east_coast_usa/art/shapes/buildings/busstop_eca.dae"}
{"class":"TSStatic","persistentId":"cdfcf4fe-9100-4fd9-b715-bc4a341e6c0f","__parent":"BUILDINGS","position":[771.916809,-137.083908,52.8813095],"allowPlayerStep":"1","annotation":"BUILDINGS","isRenderEnabled":false,"rotationMatrix":[-1,8.74227766e-08,0,-8.74227766e-08,-1,0,0,0,1],"shapeName":"/levels/east_coast_usa/art/shapes/buildings/eca_bld_house_05_a.dae"}
{"class":"TSStatic","persistentId":"ceb9b381-c6f4-4714-8250-38bd4f82550f","__parent":"BUILDINGS","position":[793.81665,-105.986717,52.8046379],"allowPlayerStep":"1","annotation":"BUILDINGS","isRenderEnabled":false,"rotationMatrix":[1,0,0,0,0.999999762,-0.000690534245,0,0.000690534245,0.999999762],"shapeName":"/levels/east_coast_usa/art/shapes/buildings/eca_bld_house_05_b.dae"}
{"class":"TSStatic","persistentId":"d1acb3f6-8f13-4bb8-90d3-cb4c2f40ff5f","__parent":"BUILDINGS","position":[408.299988,-772.427002,45.5400009],"allowPlayerStep":"1","decalType":"Visible Mesh","isRenderEnabled":false,"rotationMatrix":[0.534204364,-0.845355153,0.00058386114,0.845344782,0.534201026,0.00463484833,-0.00422999216,-0.00198239228,0.999989092],"scale":[1.17122996,1.37249005,1.13520002],"shapeName":"/levels/east_coast_usa/art/shapes/buildings/eca_bld_bridge_concrete_22m.dae"}
{"class":"TSStatic","persistentId":"d9ba892d-269e-40a5-ba80-1bd123bb5a2a","__parent":"BUILDINGS","position":[-435.131165,-258.044098,34.3247604],"annotation":"TRAFFIC_SIGNS","decalType":"None","isRenderEnabled":false,"rotationMatrix":[-5.96046448e-08,0.999999881,0,-0.999999881,-5.96046448e-08,0,0,0,1],"shapeName":"/levels/east_coast_usa/art/shapes/buildings/bussign.dae"}
{"class":"TSStatic","persistentId":"da9e36ef-35d4-4038-81e7-db9b356b5b7f","__parent":"BUILDINGS","position":[682.848022,-178.718002,53.4039001],"allowPlayerStep":"1","annotation":"BUILDINGS","isRenderEnabled":false,"rotationMatrix":[0.729542375,-0.683935583,0,0.683935583,0.729542375,0,0,0,1],"shapeName":"/levels/east_coast_usa/art/shapes/buildings/eca_bld_shop_town_c.dae"}
{"class":"TSStatic","persistentId":"da9ea347-f66d-455b-abed-9db37b191464","__parent":"BUILDINGS","position":[-62.133812,-736.535767,27.4249401],"annotation":"TRAFFIC_SIGNS","decalType":"None","isRenderEnabled":false,"rotationMatrix":[0.0259349719,0.99966383,0,-0.99966383,0.0259349719,0,0,0,1],"shapeName":"/levels/east_coast_usa/art/shapes/buildings/bussign.dae"}
{"class":"TSStatic","persistentId":"de3615c9-5589-4eb1-823c-aa44f7a06e67","__parent":"BUILDINGS","position":[676.559448,-182.137344,53.366684],"annotation":"TRAFFIC_SIGNS","decalType":"None","isRenderEnabled":false,"rotationMatrix":[-0.70710659,-0.707106531,0,0.707106531,-0.70710659,0,0,0,1],"shapeName":"/levels/east_coast_usa/art/shapes/buildings/bussign.dae"}
{"class":"TSStatic","persistentId":"df6ab92c-9a13-4ee3-9910-5ae70a3ec8c2","__parent":"BUILDINGS","position":[724.53302,-148.43779,53.3417244],"annotation":"TRAFFIC_SIGNS","decalType":"None","isRenderEnabled":false,"shapeName":"/levels/east_coast_usa/art/shapes/buildings/bussign.dae"}
{"class":"TSStatic","persistentId":"ef89b5b4-61e2-4484-a7d4-f679d6921078","__parent":"BUILDINGS","position":[713.060181,-97.2333832,53.3398018],"allowPlayerStep":"1","annotation":"BUILDINGS","decalType":"Visible Mesh","isRenderEnabled":false,"rotationMatrix":[-0.692578912,0.721338034,0,-0.721338034,-0.692578912,0,0,0,1],"shapeName":"/levels/east_coast_usa/art/shapes/buildings/eca_bld_townblock_a.dae"}
{"class":"TSStatic","persistentId":"f5d6889c-f7d3-41d4-8074-111fcdf0e61d","__parent":"BUILDINGS","position":[481.38269,-14.6370707,53.3504715],"decalType":"None","isRenderEnabled":false,"rotationMatrix":[-0.674226463,-0.738524735,0,0.738524735,-0.674226463,0,0,0,1],"shapeName":"/levels/east_coast_usa/art/shapes/buildings/busstop_eca.dae"}
{"class":"TSStatic","persistentId":"f7b29a45-edc8-4d72-bdc5-e8229de30e0c","__parent":"BUILDINGS","position":[841.884644,-209.220566,52.972538],"annotation":"TRAFFIC_SIGNS","decalType":"None","isRenderEnabled":false,"rotationMatrix":[-0.999999464,1.49011612e-08,0,-1.49011612e-08,-0.999999464,0,0,0,1],"shapeName":"/levels/east_coast_usa/art/shapes/buildings/bussign.dae"}
{"class":"TSStatic","persistentId":"f86608a0-1378-44a2-baec-266b92d268be","__parent":"BUILDINGS","position":[752.877441,-460.118011,53.1628647],"annotation":"TRAFFIC_SIGNS","decalType":"None","isRenderEnabled":false,"rotationMatrix":[0.0171506591,0.999852777,0,-0.999852777,0.0171506591,0,0,0,1],"shapeName":"/levels/east_coast_usa/art/shapes/buildings/bussign.dae"}
{"class":"TSStatic","persistentId":"fca73efd-928d-454d-a832-c03b3dfa1b1e","__parent":"BUILDINGS","position":[760.614624,-429.6539,53.5627747],"annotation":"BUILDINGS","isRenderEnabled":false,"rotationMatrix":[-0.0634112433,0.997987211,0,-0.997987211,-0.0634112433,0,0,0,1],"shapeName":"/levels/east_coast_usa/art/shapes/buildings/eca_bld_shop_town_c.dae"}
{"class":"TSStatic","persistentId":"fef1079b-9abb-404a-9203-f5a9a74b35a6","__parent":"BUILDINGS","position":[828.368652,-199.346039,52.9651031],"annotation":"TRAFFIC_SIGNS","decalType":"None","isRenderEnabled":false,"shapeName":"/levels/east_coast_usa/art/shapes/buildings/bussign.dae"}
{"class":"TSStatic","persistentId":"ff4fedfd-4a20-4d59-9817-1bcd6a29819c","__parent":"BUILDINGS","position":[-100.331001,-700.367004,29.6839008],"allowPlayerStep":"1","annotation":"BUILDINGS","isRenderEnabled":false,"shapeName":"/levels/east_coast_usa/art/shapes/buildings/eca_bld_house_01_a.dae"}
{"class":"TSStatic","persistentId":"ffa22472-1c91-44d0-925d-b79b5650ccfa","__parent":"BUILDINGS","position":[659.372437,-86.5996704,51.4430199],"decalType":"None","isRenderEnabled":false,"rotationMatrix":[-0.788755238,-0.614707172,0,0.614707172,-0.788755238,0,0,0,1],"shapeName":"/levels/east_coast_usa/art/shapes/buildings/busstop_eca.dae"}
{"class":"TSStatic","persistentId":"d9865391-78a7-4180-a7a7-25aa03636aae","__parent":"BUILDINGS","position":[782.812988,-105.771271,52.8328552],"allowPlayerStep":"1","annotation":"BUILDINGS","isRenderEnabled":false,"rotationMatrix":[1,0,0,0,0.999999762,-0.000690534245,0,0.000690534245,0.999999762],"shapeName":"/levels/east_coast_usa/art/shapes/buildings/eca_bld_house_05_e.dae"}
