{"name":"blrwp_raceCaiwp2","class":"BeamNGWaypoint","persistentId":"8652b482-7682-416c-a8e1-0d8db5287912","__parent":"Waypoints","position":[17.6571255,81.5694656,27.1312561],"cloneOrigin":"hr_bridge5","scale":[4.35090446,4.35090446,4.35090446]}
{"name":"blrwp_raceBaiwp1","class":"BeamNGWaypoint","persistentId":"12b5a739-df5d-403a-be2a-93cc59a89de8","__parent":"Waypoints","position":[197.109375,-160.874863,25.1689568],"rotationMatrix":[1,0,0,0,0.999999762,-0.000690533896,0,0.000690533896,0.999999762],"scale":[4.32546854,4.32546854,4.32546854]}
{"name":"blrwp_raceAcp4","class":"BeamNGWaypoint","persistentId":"5caf2c40-3a33-48ac-a705-5647ba3e509f","__parent":"Waypoints","position":[309.498047,-310.400818,42.1382675],"scale":[4.59598255,4.59598255,4.59598255]}
{"name":"blrwp_raceAaiwp1","class":"BeamNGWaypoint","persistentId":"7b249b63-0348-4f2d-9eb1-258e0a3bbfce","__parent":"Waypoints","position":[-350.740051,163.841141,24.8217278],"scale":[4.68649912,4.68649912,4.68649912]}
{"name":"blrwp_raceAaiwp2","class":"BeamNGWaypoint","persistentId":"751523f5-d6ac-49ab-bef7-ba2e376ca1d3","__parent":"Waypoints","position":[-99.4737701,199.290878,24.8217278],"scale":[4.14622545,4.14622545,4.14622545]}
{"name":"blrwp_raceAaiwp3","class":"BeamNGWaypoint","persistentId":"00c5f67e-0da0-46b5-af49-09695ae0ab6c","__parent":"Waypoints","position":[387.132874,4.41728592,24.8217278],"scale":[4.14622545,4.14622545,4.14622545]}
{"name":"blrwp_raceCaiwp1","class":"BeamNGWaypoint","persistentId":"829509aa-6dc7-43e6-b3dc-1aabc10dafc3","__parent":"Waypoints","position":[106.985115,210.391327,27.000267],"cloneOrigin":"hr_bridge5","scale":[4.35090446,4.35090446,4.35090446]}
{"name":"blrwp_raceCaiwp3","class":"BeamNGWaypoint","persistentId":"edf276e4-791f-45fb-ae86-0d67410c3184","__parent":"Waypoints","position":[-151.419113,270.129456,30.3741188],"cloneOrigin":"hr_bridge5","scale":[4.35090446,4.35090446,4.35090446]}
