{"name":"port_b_sewer_pipe_4m","class":"Prefab","persistentId":"c6faead3-5ea4-44ff-9f6c-9592d6c771b9","__parent":"port","fileName":"levels/italy/art/prefabs/port_b_sewer_pipe_4m.prefab"}
{"class":"TSStatic","persistentId":"132fb7dd-a483-4301-ad30-7f238e3562e9","__parent":"port","annotation":"ASPHALT","collisionType":"Visible Mesh Final","isRenderEnabled":false,"shapeName":"/levels/italy/art/shapes/buildings/port_base_road.dae","useInstanceRenderData":true}
{"class":"TSStatic","persistentId":"03d8256a-b48c-45ca-bb02-10cb66a6880e","__parent":"port","position":[449.559906,1672.06323,138.823196],"annotation":"TRAFFIC_SIGNS","isRenderEnabled":false,"rotationMatrix":[0.832878232,0.553456008,0,-0.553456008,0.832878232,0,0,0,1],"shapeName":"/levels/italy/art/shapes/signs/italy_traf_sign_give_way.dae"}
{"class":"TSStatic","persistentId":"078c0707-c7d1-4442-adc1-cf3a175c2425","__parent":"port","position":[458.802094,1690.45312,138.691254],"annotation":"TRAFFIC_SIGNS","isRenderEnabled":false,"rotationMatrix":[-0.910850883,0.412735432,0,-0.412735432,-0.910850883,0,0,0,1],"shapeName":"/levels/italy/art/shapes/signs/italy_traf_sign_speed_30.dae"}
{"class":"TSStatic","persistentId":"20921b33-673a-46fb-9b63-7feb4d94928c","__parent":"port","position":[467.956604,1558.70728,138.271408],"annotation":"TRAFFIC_SIGNS","isRenderEnabled":false,"rotationMatrix":[-0.407613575,0.913154185,0,-0.913154185,-0.407613575,0,0,0,1],"shapeName":"/levels/italy/art/shapes/signs/italy_traf_sign_give_way.dae"}
{"class":"TSStatic","persistentId":"24150361-d062-4c37-813c-59161856307f","__parent":"port","position":[487.338989,1592.71997,143.975006],"annotation":"BUILDINGS","decalType":"Visible Mesh Final","isRenderEnabled":false,"rotationMatrix":[2.98023224e-08,0.999999881,0,-0.999999881,2.98023224e-08,0,0,0,1],"shapeName":"/levels/italy/art/shapes/buildings/ind_bld_portcrane.dae"}
{"class":"TSStatic","persistentId":"3e9b83c1-bb2f-4d4a-a913-b184acec3b5a","__parent":"port","annotation":"SIDEWALK","collisionType":"Visible Mesh Final","decalType":"Visible Mesh Final","isRenderEnabled":false,"shapeName":"/levels/italy/art/shapes/buildings/port_base.dae"}
{"class":"TSStatic","persistentId":"780884bc-82a9-40f6-ade5-9dbbda11122d","__parent":"port","position":[454.289246,1770.25159,138.307861],"annotation":"TRAFFIC_SIGNS","isRenderEnabled":false,"rotationMatrix":[-0.882722795,0.469893306,0,-0.469893306,-0.882722795,0,0,0,1],"shapeName":"/levels/italy/art/shapes/signs/italy_traf_sign_speed_30.dae"}
{"class":"TSStatic","persistentId":"79352c1f-62f3-49d5-aa25-1c9bd284f920","__parent":"port","position":[487.461212,1645.25977,139.024368],"annotation":"OBSTACLES","isRenderEnabled":false,"rotationMatrix":[0.409543157,-0.912290514,0,0.912290514,0.409543157,0,0,0,1],"shapeName":"/levels/italy/art/shapes/misc/port_bollard.dae"}
{"class":"TSStatic","persistentId":"94fbe822-05ec-464c-b684-4f12e1315de1","__parent":"port","position":[486.032867,1562.69556,139.643692],"annotation":"TRAFFIC_SIGNS","isRenderEnabled":false,"rotationMatrix":[-0.997184336,0.0749896094,0,-0.0749896169,-0.997184396,0,0,0,1],"shapeName":"/levels/italy/art/shapes/signs/italy_traf_sign_arrow_right.dae"}
{"class":"TSStatic","persistentId":"ae110043-073d-4847-bc5d-dcba85dfbebb","__parent":"port","position":[454.786011,1699.64087,138.441574],"annotation":"TRAFFIC_SIGNS","isRenderEnabled":false,"rotationMatrix":[0.649767816,-0.760132611,0,0.760132611,0.649767816,0,0,0,1],"shapeName":"/levels/italy/art/shapes/signs/italy_traf_sign_speed_30.dae"}
{"class":"TSStatic","persistentId":"b1234eeb-d332-480f-ab16-16f76f50fae6","__parent":"port","position":[448.387939,1706.87756,138.89949],"annotation":"TRAFFIC_SIGNS","isRenderEnabled":false,"rotationMatrix":[-0.654328048,0.756211042,0,-0.756211042,-0.654328048,0,0,0,1],"shapeName":"/levels/italy/art/shapes/signs/italy_traf_sign_stop.dae"}
{"class":"TSStatic","persistentId":"bf9d0803-e2e4-4bdf-9a97-e812761fae24","__parent":"port","position":[485.433868,1562.74072,139.643692],"annotation":"TRAFFIC_SIGNS","isRenderEnabled":false,"rotationMatrix":[-0.997184336,0.0749896094,0,-0.0749896169,-0.997184396,0,0,0,1],"shapeName":"/levels/italy/art/shapes/signs/italy_traf_sign_arrow_right.dae"}
{"class":"TSStatic","persistentId":"f360468c-5b60-42c6-a16a-45dcaf2fcf6c","__parent":"port","position":[470.258636,1518.89038,139.140442],"annotation":"TRAFFIC_SIGNS","isRenderEnabled":false,"rotationMatrix":[0.942741394,-0.333524734,0,0.333524734,0.942741394,0,0,0,1],"shapeName":"/levels/italy/art/shapes/signs/italy_traf_sign_speed_30.dae"}
{"class":"Prefab","persistentId":"039cfa89-bcd1-4e7f-9f69-4e3eba1021b1","__parent":"port","annotation":"OBSTACLES","fileName":"levels/italy/art/prefabs/container_01_a.prefab"}
{"class":"Prefab","persistentId":"0f44ca92-9959-4bee-920a-a4ca783d6370","__parent":"port","annotation":"OBSTACLES","fileName":"levels/italy/art/prefabs/port_metal_drum.prefab"}
{"class":"Prefab","persistentId":"19a6722f-68fc-4bef-923d-4d7469125763","__parent":"port","annotation":"OBSTACLES","fileName":"levels/italy/art/prefabs/port_rubble_dumpster.prefab"}
{"class":"Prefab","persistentId":"1ddadaed-7215-44d4-b654-7b12e142fbbd","__parent":"port","annotation":"POLE","fileName":"levels/italy/art/prefabs/port_light_single.prefab"}
{"class":"Prefab","persistentId":"2b118600-a1b8-4e7b-9631-60d9ac17d306","__parent":"port","annotation":"OBSTACLES","fileName":"levels/italy/art/prefabs/port_italy_construction_site_net_rolled.prefab"}
{"class":"Prefab","persistentId":"31cf5804-5a26-49e3-b1c2-54aac4fa4720","__parent":"port","annotation":"OBSTACLES","fileName":"levels/italy/art/prefabs/port_s_sewer_pipe_2m.prefab"}
{"class":"Prefab","persistentId":"35884f96-4e8e-456f-aff2-896f1aab6037","__parent":"port","annotation":"POLE","fileName":"levels/italy/art/prefabs/port_floodlight.prefab"}
{"class":"Prefab","persistentId":"38249e3f-fe6b-4b0f-b7f8-746dfb2ab32b","__parent":"port","annotation":"OBSTACLES","fileName":"levels/italy/art/prefabs/port_dumpster.prefab"}
{"class":"Prefab","persistentId":"38ccf4b4-1f4d-4de3-957c-d30b32be444c","__parent":"port","annotation":"OBSTACLES","fileName":"levels/italy/art/prefabs/port_box_crane.prefab"}
{"class":"Prefab","persistentId":"6ae6725a-d574-4fea-9b6d-0beaeef508e4","__parent":"port","annotation":"OBSTACLES","fileName":"levels/italy/art/prefabs/port_italy_construction_site_net.prefab"}
{"class":"Prefab","persistentId":"725e2dbd-72ab-4917-b5ff-2c6043d3f9c6","__parent":"port","annotation":"OBSTACLES","fileName":"levels/italy/art/prefabs/port_gas_pallet.dae.prefab"}
{"class":"Prefab","persistentId":"7261a64e-c501-480d-b67d-aca46f346a38","__parent":"port","annotation":"OBSTACLES","fileName":"levels/italy/art/prefabs/port_s_sewer_pipe_45d.prefab"}
{"class":"Prefab","persistentId":"754cb8cc-1bec-46dc-a196-554925453080","__parent":"port","annotation":"OBSTACLES","fileName":"levels/italy/art/prefabs/port_s_sewer_pipe_90d.prefab"}
{"class":"Prefab","persistentId":"768dea05-89be-4b6e-8c30-33a30ba50505","__parent":"port","annotation":"OBSTACLES","fileName":"levels/italy/art/prefabs/container_01_b.prefab"}
{"class":"Prefab","persistentId":"8a5975b5-aad1-4f42-9c24-2f6cd052384b","__parent":"port","annotation":"OBSTACLES","fileName":"levels/italy/art/prefabs/port_railing.prefab"}
{"class":"Prefab","persistentId":"8ad643bf-7fcf-4cd3-85ba-85e6dcd0b4ac","__parent":"port","annotation":"OBSTACLES","fileName":"levels/italy/art/prefabs/port_water_container.prefab"}
{"class":"Prefab","persistentId":"8e19580a-87c5-451f-8a9c-fe43a7b3a333","__parent":"port","annotation":"OBSTACLES","fileName":"levels/italy/art/prefabs/port_scrap1.prefab"}
{"class":"Prefab","persistentId":"8fa75641-65c2-46b9-801d-5afde593bc4b","__parent":"port","annotation":"OBSTACLES","fileName":"levels/italy/art/prefabs/port_newjersey_plastic.prefab"}
{"class":"Prefab","persistentId":"9119c802-92fc-432e-90ad-4544bc975af3","__parent":"port","annotation":"BUILDINGS","fileName":"levels/italy/art/prefabs/port_storage_shack.prefab"}
{"class":"Prefab","persistentId":"a5810d49-97ba-40e0-9bd9-070c68bb02f7","__parent":"port","annotation":"OBSTACLES","fileName":"levels/italy/art/prefabs/port_s_sewer_pipe_T.prefab"}
{"class":"Prefab","persistentId":"a5e17ead-bdd4-4b1b-bfbf-8e4e5f0c945a","__parent":"port","annotation":"OBSTACLES","fileName":"levels/italy/art/prefabs/port_italy_construction_site_net_folded.prefab"}
{"class":"Prefab","persistentId":"b4b83ae1-ecd9-47e9-b4af-69f691dbe8ee","__parent":"port","annotation":"OBSTACLES","fileName":"levels/italy/art/prefabs/port_bags_pile1.prefab"}
{"class":"Prefab","persistentId":"c7b1b681-5f41-4cfe-8583-8e083b8da18d","__parent":"port","annotation":"OBSTACLES","fileName":"levels/italy/art/prefabs/port_bollard.prefab"}
{"class":"Prefab","persistentId":"c94f7117-5823-4111-9cf5-ec7f37bc2e9d","__parent":"port","annotation":"OBSTACLES","fileName":"levels/italy/art/prefabs/port_scrap2.prefab"}
{"class":"Prefab","persistentId":"cd240945-6385-41f9-87e5-f21ae5dfb3f3","__parent":"port","annotation":"OBSTACLES","fileName":"levels/italy/art/prefabs/port_scrap3.prefab"}
{"class":"Prefab","persistentId":"dd188366-137d-460a-92f6-736b8b5bb36c","__parent":"port","annotation":"OBSTACLES","fileName":"levels/italy/art/prefabs/port_pallet.prefab"}
