{
  "additionalAttributes":{},
  "customAdditionalAttributes":{},
  "description":"Beam Legal Racing Track Event",
  "devNotes":{
    "devMission":false,
    "mode":"silent",
    "text":""
  },
  "grouping":{
    "id":"",
    "label":""
  },
  "missionType":"flowgraph",
  "missionTypeData":{},
  "name":"BLR Track Event",
  "retryBehaviour":"infiniteRetries",
  "startCondition":{
    "type":"always"
  },
  "startTrigger":{
    "level":"ks_nord",
    "pos":[
      83.05017853,
      -1006.891724,
      395.5426331
    ],
    "radius":3,
    "rot":[
      -0.007585307722,
      -0.01176008344,
      -0.8402743436,
      0.5419808033
    ],
    "type":"coordinates"
  },
  "visibleCondition":{
    "type":"automatic"
  }
}