{
  "data":[
    {
      "config":"d15_farmhand_M",
      "model":"pickup"
    },
    {
      "config":"v8_4wd_xt",
      "model":"roamer"
    },
    {
      "model":"hopper"
    },
    {
      "config":"291m_4door",
      "model":"bluebuck"
    },
    {
      "model":"van"
    },
    {
      "model":"miramar"
    },
    {
      "config":"luxe_v6_wagon_A",
      "model":"legran"
    },
    {
      "config":"d15_crew_shortbed_4wd_A",
      "model":"pickup"
    }
  ],
  "name":"Rural",
  "type":"custom"
}