{
  "flowgraph":{
    "general":{
      "recentFiles":"[\"/beamLR/wipflowgraph-utah.flow.json\",\"/gameplay/missions/utah-flowgraph-001-Name/project.flow.json\",\"/gameplay/missions/thunderdome-testmission/project.flow.json\",\"/gameplay/missions/utah-persist-career/project.flow.json\",\"/gameplay/missions/hirochi_raceway-flowgraph-001-Name/project.flow.json\",\"/flowEditor/demo/collectiblesDemo.flow.json\",\"/gameplay/missions/thunderdome-flowgraph-001-Thunderdome/project.flow.json\",\"/gameplay/missions/thunderdome-flowgraph-001-Thunderdome/WorkingNow.flow.json\",\"/gameplay/missions/thunderdome-flowgraph-001-Thunderdome/Scenario.flow.json\",\"/flowEditor/demo/loadDemo.flow.json\"]",
      "customLuaNodes":"{\"Car Data Filename\":{\"dynamicMode\":\"repeat\",\"hiddenPins\":{\"p_out\":{\"filename\":false,\"flow\":false},\"p_in\":{\"flow\":false,\"id\":false}},\"name\":\"Car Data Filename\",\"type\":\"util/customLua\",\"code\":{\"_executionStarted\":\"\",\"_executionStopped\":\"\",\"work\":\"self.pinOut.filename.value = \\\"beamLR/garage/car\\\" .. self.pinIn.id.value\"},\"pins\":[[\"in\",\"flow\",\"flow\"],[\"out\",\"flow\",\"flow\"],{\"2\":\"number\",\"1\":\"in\",\"5\":\"\",\"3\":\"id\"},{\"2\":\"string\",\"1\":\"out\",\"5\":\"\",\"3\":\"filename\"}],\"data\":{}},\"Detailed Damage String\":{\"dynamicMode\":\"repeat\",\"hiddenPins\":{\"p_out\":{\"flow\":false,\"format\":false},\"p_in\":{\"ready\":false,\"damageData\":false,\"flow\":false,\"devices\":false}},\"name\":\"Detailed Damage String\",\"type\":\"util/customLua\",\"code\":{\"_executionStarted\":\"\",\"_executionStopped\":\"\",\"work\":\"if self.pinIn.ready.value then\\nlocal devices = self.pinIn.devices.value\\nlocal dtable = self.pinIn.damageData.value\\nlocal valtext = \\\"\\\"\\nlocal text = \\\"Damage Data : \\\\n\\\"\\n\\nfor k,v in pairs(devices) do\\nif dtable[k] ~= nil then\\ntext = text .. \\\"\\\\n\\\\t\\\" .. k .. \\\" :\\\\n\\\\n\\\"\\nfor _,dev in pairs(devices[k]) do\\nif dtable[k][dev] ~= nil then\\nvaltext = string.format(\\\"%s\\\", dtable[k][dev])\\ntext = text .. \\\"\\\\t\\\\t\\\" .. dev .. \\\" : \\\" .. valtext .. \\\"\\\\n\\\"\\nend\\nend\\nend\\nend\\n\\nself.pinOut.format.value = text\\n\\nelse \\n\\nself.pinOut.format.value = \\\"Loading...\\\"\\n\\nend\\n\"},\"pins\":[[\"in\",\"flow\",\"flow\"],[\"out\",\"flow\",\"flow\"],{\"2\":\"table\",\"1\":\"in\",\"5\":\"\",\"3\":\"damageData\"},{\"2\":\"string\",\"1\":\"out\",\"5\":\"\",\"3\":\"format\"},{\"2\":\"bool\",\"1\":\"in\",\"5\":\"\",\"3\":\"ready\"},{\"2\":\"table\",\"1\":\"in\",\"5\":\"\",\"3\":\"devices\"}],\"data\":{}},\"Car Shop Manager\":{\"dynamicMode\":\"repeat\",\"hiddenPins\":{\"p_out\":{\"slotCount\":false,\"cams\":false,\"flow\":false,\"slots\":false,\"stock\":false},\"p_in\":{\"shopData\":false,\"flow\":false}},\"name\":\"Car Shop Manager\",\"type\":\"util/customLua\",\"code\":{\"_executionStarted\":\"\",\"_executionStopped\":\"\",\"work\":\"local dtable = self.pinIn.shopData.value\\nlocal cams = {}\\nlocal stock = {}\\nlocal slots = {}\\n\\nfor i=0,tonumber(dtable[\\\"slots\\\"]) do\\n  if math.random() < tonumber(dtable[\\\"chance\\\"]) then\\n    stock[i] = dtable[\\\"model\\\" .. math.random(0,dtable[\\\"models\\\"])]\\n  end\\nend\\nself.pinOut.stock.value = stock\\n\\nfor i=0,tonumber(dtable[\\\"slots\\\"]) do\\n  slots[\\\"slot\\\" .. i .. \\\"p\\\"] = dtable[\\\"slot\\\" .. i .. \\\"p\\\"]\\n  slots[\\\"slot\\\" .. i .. \\\"r\\\"] = dtable[\\\"slot\\\" .. i .. \\\"r\\\"]\\nend\\nself.pinOut.cams.value = cams\\n\\nfor i=0,tonumber(dtable[\\\"slots\\\"]) do\\n  cams[\\\"cam\\\" .. i .. \\\"p\\\"] = dtable[\\\"cam\\\" .. i .. \\\"p\\\"]\\n  cams[\\\"cam\\\" .. i .. \\\"r\\\"] = dtable[\\\"cam\\\" .. i .. \\\"r\\\"]\\nend\\nself.pinOut.slots.value = slots\\nself.pinOut.slotCount.value = tonumber(dtable[\\\"slots\\\"])\\n\"},\"pins\":[[\"in\",\"flow\",\"flow\"],[\"out\",\"flow\",\"flow\"],{\"2\":\"table\",\"5\":\"\",\"1\":\"out\",\"3\":\"stock\"},{\"2\":\"table\",\"5\":\"\",\"1\":\"in\",\"3\":\"shopData\"},{\"2\":\"number\",\"5\":\"\",\"1\":\"out\",\"3\":\"slotCount\"},{\"2\":\"table\",\"5\":\"\",\"1\":\"out\",\"3\":\"slots\"},{\"2\":\"table\",\"5\":\"\",\"1\":\"out\",\"3\":\"cams\"}],\"data\":{}},\"VLUA Table Exec\":{\"dynamicMode\":\"repeat\",\"hiddenPins\":{\"p_out\":{\"flow\":false},\"p_in\":{\"flow\":false,\"cmd\":false,\"idtable\":false}},\"name\":\"VLUA Table Exec\",\"type\":\"util/customLua\",\"code\":{\"_executionStarted\":\"\",\"_executionStopped\":\"\",\"work\":\"local ve\\n\\nfor k,v in pairs(self.pinIn.idtable.value) do\\nif v ~= -1 then\\nve = scenetree.findObjectById(v)\\nve:queueLuaCommand(self.pinIn.cmd.value)\\nend\\nend\"},\"pins\":[{\"2\":\"flow\",\"6\":true,\"5\":\"Inflow for this node.\",\"1\":\"in\",\"3\":\"flow\"},{\"2\":\"flow\",\"6\":true,\"5\":\"Outflow for this node.\",\"1\":\"out\",\"3\":\"flow\"},{\"2\":\"table\",\"5\":\"\",\"1\":\"in\",\"3\":\"idtable\"},{\"2\":\"string\",\"5\":\"\",\"1\":\"in\",\"3\":\"cmd\"}],\"data\":{}},\"Add Car To Garage\":{\"dynamicMode\":\"repeat\",\"hiddenPins\":{\"p_out\":{\"flow\":false},\"p_in\":{\"flow\":false,\"count\":false,\"model\":false,\"config\":false}},\"name\":\"Add Car To Garage\",\"type\":\"util/customLua\",\"code\":{\"_executionStarted\":\"\",\"_executionStopped\":\"\",\"work\":\"local filedata = \\\"\\\"\\nlocal filename = \\\"beamLR/garage/car\\\" .. (self.pinIn.count.value)\\nfiledata = \\\"name=boughtCar\\\" .. (self.pinIn.count.value + 1) .. \\\"\\\\n\\\"\\nfiledata = filedata .. \\\"model=\\\" .. self.pinIn.model.value .. \\\"\\\\n\\\"\\nfiledata = filedata .. \\\"config=\\\" .. self.pinIn.config.value .. \\\"\\\\n\\\"\\nfiledata = filedata .. \\\"bsfile=beamLR/beamstate/car\\\" .. (self.pinIn.count.value) .. \\\".save.json\\\" \\nwriteFile(filename, filedata)\"},\"pins\":[{\"2\":\"flow\",\"6\":true,\"1\":\"in\",\"5\":\"Inflow for this node.\",\"3\":\"flow\"},{\"2\":\"flow\",\"6\":true,\"1\":\"out\",\"5\":\"Outflow for this node.\",\"3\":\"flow\"},{\"2\":\"number\",\"5\":\"\",\"1\":\"in\",\"3\":\"count\"},{\"2\":\"string\",\"5\":\"\",\"1\":\"in\",\"3\":\"model\"},{\"2\":\"string\",\"5\":\"\",\"1\":\"in\",\"3\":\"config\"}],\"data\":{}},\"Custom Lua \":{\"dynamicMode\":\"repeat\",\"hiddenPins\":{\"p_out\":{\"flow\":false,\"formatted\":false},\"p_in\":{\"carCount\":false,\"money\":false,\"flow\":false,\"gasVal\":false,\"damage\":false}},\"customName\":\"BLRDataTableFormatter\",\"name\":\"Custom Lua \",\"type\":\"util/customLua\",\"code\":{\"_executionStarted\":\"\",\"_executionStopped\":\"\",\"work\":\"local money = self.pinIn.money.value or 0\\nlocal carCount = self.pinIn.carCount.value or 0\\nlocal gas = self.pinIn.gasVal.value or 0\\nlocal damage = self.pinIn.damage.value or 0\\n\\nlocal text = \\\"\\\"\\n\\ntext = \\\"Money : \\\" .. money .. \\\"\\\\n\\\"\\ntext = text .. \\\"Car Owned : \\\" .. carCount .. \\\"\\\\n\\\"\\ntext = text .. \\\"Gas : \\\" .. gas .. \\\"\\\\n\\\"\\ntext = text .. \\\"Damage : \\\" .. damage\\n\\nself.pinOut.formatted.value = text\"},\"pins\":[[\"in\",\"flow\",\"flow\"],[\"out\",\"flow\",\"flow\"],{\"2\":\"string\",\"1\":\"out\",\"5\":\"\",\"3\":\"formatted\"},{\"2\":\"number\",\"1\":\"in\",\"5\":\"\",\"3\":\"money\"},{\"2\":\"number\",\"1\":\"in\",\"5\":\"\",\"3\":\"carCount\"},{\"2\":\"number\",\"1\":\"in\",\"5\":\"\",\"3\":\"gasVal\"},{\"2\":\"number\",\"1\":\"in\",\"5\":\"\",\"3\":\"damage\"}],\"data\":{}},\"Flow Selector\":{\"customName\":\"Flow Selector\",\"pins\":[[\"in\",\"any\",\"flow\"],[\"out\",\"flow\",\"flow\"],{\"2\":\"flow\",\"5\":\"\",\"1\":\"in\",\"3\":\"enableA\"},{\"2\":\"flow\",\"5\":\"\",\"1\":\"out\",\"3\":\"a\"},{\"2\":\"flow\",\"5\":\"\",\"1\":\"in\",\"3\":\"enableB\"},{\"2\":\"flow\",\"5\":\"\",\"1\":\"in\",\"3\":\"enableC\"},{\"2\":\"flow\",\"5\":\"\",\"1\":\"in\",\"3\":\"enableD\"},{\"2\":\"flow\",\"5\":\"\",\"1\":\"out\",\"3\":\"b\"},{\"2\":\"flow\",\"5\":\"\",\"1\":\"out\",\"3\":\"c\"},{\"2\":\"flow\",\"5\":\"\",\"1\":\"out\",\"3\":\"d\"}],\"dynamicMode\":\"repeat\",\"hiddenPins\":{\"p_out\":{\"b\":false,\"a\":false,\"c\":false,\"flow\":false,\"d\":false},\"p_in\":{\"enableA\":false,\"enableB\":false,\"enableC\":false,\"enableD\":false,\"flow\":false}},\"name\":\"Flow Selector\",\"customColor\":[1,0.99998998641968,1,0.75],\"type\":\"util/customLua\",\"code\":{\"_executionStarted\":\"\",\"_executionStopped\":\"\",\"work\":\"self.pinOut.flow.value = self.pinIn.flow.value\\nself.pinOut.a.value=self.pinIn.enableA.value and self.pinIn.flow.value\\nself.pinOut.b.value=self.pinIn.enableB.value and self.pinIn.flow.value\\nself.pinOut.c.value=self.pinIn.enableC.value and self.pinIn.flow.value\\nself.pinOut.d.value=self.pinIn.enableD.value and self.pinIn.flow.value\"},\"customIcon\":\"settings_input_composite\",\"data\":{}},\"Test To Debug My Problem\":{\"dynamicMode\":\"repeat\",\"hiddenPins\":{\"p_out\":{\"flow\":false},\"p_in\":{\"flow\":false}},\"name\":\"Test To Debug My Problem\",\"type\":\"util/customLua\",\"code\":{\"_executionStarted\":\"\",\"_executionStopped\":\"\",\"work\":\"dump(extensions.core_vehicles)\"},\"pins\":[{\"2\":\"flow\",\"6\":true,\"1\":\"in\",\"5\":\"Inflow for this node.\",\"3\":\"flow\"},{\"2\":\"flow\",\"6\":true,\"1\":\"out\",\"5\":\"Outflow for this node.\",\"3\":\"flow\"}],\"data\":{}},\"Detailed Vehicle Damage\":{\"dynamicMode\":\"repeat\",\"hiddenPins\":{\"p_out\":{\"ready\":false,\"damageData\":false,\"flow\":false},\"p_in\":{\"devices\":false,\"veid\":false,\"flow\":false}},\"name\":\"Detailed Vehicle Damage\",\"type\":\"util/customLua\",\"code\":{\"_executionStarted\":\"\",\"_executionStopped\":\"\",\"work\":\"local toFetch = \\\"\\\"\\nlocal devices = self.pinIn.devices.value\\nlocal vecmd = \\\"\\\"\\nlocal dtable = {}\\nlocal ve = scenetree.findObjectById(self.pinIn.veid.value)\\nlocal cfid = \\\"\\\"\\nlocal cfidval = 0\\n\\nif ve.queueLuaCommand ~= nil then\\nself.pinOut.ready.value = true\\n\\n-- Loop to fetch damage values and add them to table\\n\\nfor k,v in pairs(devices) do\\ndtable[k] = {}\\nfor _,dev in pairs(devices[k]) do\\n\\ntoFetch = \\\"damageTracker.getDamage('\\\" .. k .. \\\"', '\\\" .. dev .. \\\"')\\\"\\ncfid = \\\"dmgtrk\\\" .. cfidval\\nvecmd = \\\"obj:queueGameEngineLua(string.format('extensions.vluaFetchModule.fetch(%s,%q)', \\\" .. toFetch .. \\\",'\\\" .. cfid ..\\\"'))\\\"\\nve:queueLuaCommand(vecmd)\\ndtable[k][dev] = extensions.vluaFetchModule.getVal(cfid)\\ncfidval = cfidval + 1\\nend\\nend\\n\\nelse\\n\\nself.pinOut.ready.value = false\\n\\nend\\n\\nself.pinOut.damageData.value = dtable\"},\"pins\":[[\"in\",\"flow\",\"flow\"],[\"out\",\"flow\",\"flow\"],{\"2\":\"number\",\"5\":\"\",\"1\":\"in\",\"3\":\"veid\"},{\"2\":\"table\",\"5\":\"\",\"1\":\"out\",\"3\":\"damageData\"},{\"2\":\"bool\",\"5\":\"\",\"1\":\"out\",\"3\":\"ready\"},{\"2\":\"table\",\"5\":\"\",\"1\":\"in\",\"3\":\"devices\"}],\"data\":{}},\"Load Data Table\":{\"dynamicMode\":\"repeat\",\"hiddenPins\":{\"p_out\":{\"flow\":false,\"output\":false},\"p_in\":{\"filename\":false,\"flow\":false}},\"name\":\"Load Data Table\",\"type\":\"util/customLua\",\"code\":{\"_executionStarted\":\"\",\"_executionStopped\":\"\",\"work\":\"local filedata = readFile(self.pinIn.filename.value)\\nlocal dtable = {}\\nfor k,v in string.gmatch(filedata, \\\"([%w%p]+)=([%w%p]+)\\\") do\\n    dtable[k] = v\\nend\\nself.pinOut.output.value = dtable\"},\"pins\":[[\"in\",\"flow\",\"flow\"],[\"out\",\"flow\",\"flow\"],{\"2\":\"string\",\"5\":\"\",\"1\":\"in\",\"3\":\"filename\"},{\"2\":\"table\",\"5\":\"\",\"1\":\"out\",\"3\":\"output\"}],\"data\":{}},\"Get BLR Vehicle Data\":{\"dynamicMode\":\"repeat\",\"hiddenPins\":{\"p_out\":{\"name\":false,\"type\":false,\"flow\":false,\"bsfile\":false,\"config\":false},\"p_in\":{\"data\":false,\"flow\":false}},\"name\":\"Get BLR Vehicle Data\",\"type\":\"util/customLua\",\"code\":{\"_executionStarted\":\"\",\"_executionStopped\":\"\",\"work\":\"local dtable = self.pinIn.data.value\\nself.pinOut.name.value = dtable[\\\"name\\\"]\\nself.pinOut.type.value = dtable[\\\"type\\\"]\\nself.pinOut.bsfile.value = dtable[\\\"bsfile\\\"]\\nself.pinOut.config.value = dtable[\\\"config\\\"]\"},\"pins\":[{\"2\":\"flow\",\"6\":true,\"5\":\"Inflow for this node.\",\"1\":\"in\",\"3\":\"flow\"},{\"2\":\"flow\",\"6\":true,\"5\":\"Outflow for this node.\",\"1\":\"out\",\"3\":\"flow\"},{\"2\":\"table\",\"1\":\"in\",\"5\":\"\",\"3\":\"data\"},{\"2\":\"string\",\"1\":\"out\",\"5\":\"\",\"3\":\"name\"},{\"2\":\"string\",\"1\":\"out\",\"5\":\"\",\"3\":\"type\"},{\"2\":\"string\",\"1\":\"out\",\"5\":\"\",\"3\":\"config\"},{\"2\":\"string\",\"1\":\"out\",\"5\":\"\",\"3\":\"bsfile\"}],\"data\":{}},\"Get Obj Pos\":{\"dynamicMode\":\"repeat\",\"hiddenPins\":{\"p_out\":{\"flow\":false,\"pos\":false},\"p_in\":{\"newPin\":false,\"flow\":false}},\"name\":\"Get Obj Pos\",\"type\":\"util/customLua\",\"code\":{\"_executionStarted\":\"\",\"_executionStopped\":\"\",\"work\":\"local myObj = be:getObjectByID(self.pinIn.newPin.value)\\nself.pinOut.pos.value = myObj:getPosition()\\n\\n\"},\"pins\":[{\"2\":\"flow\",\"6\":true,\"5\":\"Inflow for this node.\",\"1\":\"in\",\"3\":\"flow\"},{\"2\":\"flow\",\"6\":true,\"5\":\"Outflow for this node.\",\"1\":\"out\",\"3\":\"flow\"},{\"2\":\"vec3\",\"5\":\"\",\"1\":\"out\",\"3\":\"pos\"},{\"2\":\"number\",\"5\":\"\",\"1\":\"in\",\"3\":\"newPin\"}],\"data\":{}},\"BLRDataTableInterpreter\":{\"dynamicMode\":\"repeat\",\"hiddenPins\":{\"p_out\":{\"ownedCars\":false,\"carCount\":false,\"carUsed\":false,\"flow\":false,\"money\":false},\"p_in\":{\"flow\":false,\"dataTable\":false}},\"customName\":\"BLRDataTableInterpreter\",\"name\":\"BLRDataTableInterpreter\",\"type\":\"util/customLua\",\"code\":{\"_executionStarted\":\"\",\"_executionStopped\":\"\",\"work\":\"local dtable = self.pinIn.dataTable.value\\nself.pinOut.money.value = dtable[\\\"money\\\"]\\nself.pinOut.carCount.value = dtable[\\\"carCount\\\"]\\nself.pinOut.carUsed.value = dtable[\\\"carUsed\\\"]\\nlocal currentCarKey = \\\"\\\"\\nlocal carTable = \\\"\\\"\\nfor i=0,dtable[\\\"carCount\\\"]-1 do\\ncurrentCarKey = \\\"car\\\".. i\\ncarTable = string.format(carTable .. \\\"%s=%s\\\\n\\\", currentCarKey, dtable[currentCarKey] )\\nend\\nself.pinOut.ownedCars.value = carTable\"},\"pins\":[[\"in\",\"flow\",\"flow\"],[\"out\",\"flow\",\"flow\"],{\"2\":\"table\",\"1\":\"in\",\"5\":\"\",\"3\":\"dataTable\"},{\"2\":\"number\",\"1\":\"out\",\"5\":\"\",\"3\":\"money\"},{\"2\":\"number\",\"1\":\"out\",\"5\":\"\",\"3\":\"carCount\"},{\"2\":\"string\",\"1\":\"out\",\"5\":\"\",\"3\":\"ownedCars\"},{\"2\":\"number\",\"1\":\"out\",\"5\":\"\",\"3\":\"carUsed\"}],\"data\":{}},\"Get Mission Description\":{\"dynamicMode\":\"repeat\",\"hiddenPins\":{\"p_out\":{\"flow\":false},\"p_in\":{\"flow\":false}},\"name\":\"Get Mission Description\",\"type\":\"util/customLua\",\"code\":{\"_executionStarted\":\"\",\"_executionStopped\":\"\",\"work\":\"local destination_triggers = \\n{ \\n\\\"MissionTrigger_SneedCaravan\\\",\\n\\\"MissionTrigger_SneedCaravan\\\",\\n\\\"MissionTrigger_SneedCaravan\\\",\\n\\\"MissionTrigger_SneedCaravan\\\"\\n} \\nlocal mission_description = \\n{\\n\\\"Deliver this stuff to Sneed's Caravan\\\",\\n\\\"Deliver this stuff to Sneed's Caravan\\\",\\n\\\"Deliver this stuff to Sneed's Caravan\\\",\\n\\\"Deliver this stuff to Sneed's Caravan\\\"\\n}\\nlocal mission_reward = \\n{\\n10,\\n10,\\n10,\\n10\\n}\\nself.pinOut.destid.value = scenetree.findObject(destination_triggers[self.pinIn.mid.value]):getID()\\nself.pinOut.desc.value = mission_description[self.pinIn.mid.value]\\nself.pinOut.reward.value = mission_reward[self.pinIn.mid.value]\"},\"pins\":[{\"2\":\"flow\",\"6\":true,\"5\":\"Inflow for this node.\",\"1\":\"in\",\"3\":\"flow\"},{\"2\":\"flow\",\"6\":true,\"5\":\"Outflow for this node.\",\"1\":\"out\",\"3\":\"flow\"}],\"data\":{}},\"Calculate Damage Cost\":{\"dynamicMode\":\"repeat\",\"hiddenPins\":{\"p_out\":{\"flow\":false,\"totalCost\":false,\"costTable\":false},\"p_in\":{\"priceTable\":false,\"extDmg\":false,\"flow\":false,\"dmgTable\":false}},\"name\":\"Calculate Damage Cost\",\"type\":\"util/customLua\",\"code\":{\"_executionStarted\":\"\",\"_executionStopped\":\"\",\"work\":\"local dtable = self.pinIn.dmgTable.value\\nlocal ptable = self.pinIn.priceTable.value\\nlocal priceTableKey = \\\"\\\"\\nlocal currentDamage = false\\nlocal partCost = 0\\nlocal totalCost = 0\\n\\nfor k,v in pairs(dtable) do\\nif dtable[k] ~= nil then\\nfor dev,val in pairs(dtable[k]) do\\nif val == true then \\npriceTableKey = k .. \\\".\\\" .. dev\\npartCost = ptable[priceTableKey] or 0\\ntotalCost = totalCost+partCost\\n\\nend\\nend\\nend\\nend\\n\\ntotalCost = totalCost + math.floor((self.pinIn.extDmg.value or 0) / 100)\\n\\nself.pinOut.totalCost.value = totalCost\"},\"pins\":[{\"2\":\"flow\",\"6\":true,\"1\":\"in\",\"5\":\"Inflow for this node.\",\"3\":\"flow\"},{\"2\":\"flow\",\"6\":true,\"1\":\"out\",\"5\":\"Outflow for this node.\",\"3\":\"flow\"},{\"2\":\"table\",\"1\":\"in\",\"5\":\"\",\"3\":\"dmgTable\"},{\"2\":\"table\",\"1\":\"in\",\"5\":\"\",\"3\":\"priceTable\"},{\"2\":\"number\",\"1\":\"out\",\"5\":\"\",\"3\":\"totalCost\"},{\"2\":\"table\",\"1\":\"out\",\"5\":\"\",\"3\":\"costTable\"},{\"2\":\"number\",\"1\":\"in\",\"5\":\"\",\"3\":\"extDmg\"}],\"data\":{}},\"Get Car Description\":{\"dynamicMode\":\"repeat\",\"hiddenPins\":{\"p_out\":{\"flow\":false},\"p_in\":{\"flow\":false}},\"name\":\"Get Car Description\",\"type\":\"util/customLua\",\"code\":{\"_executionStarted\":\"\",\"_executionStopped\":\"\",\"work\":\"\"},\"pins\":[{\"2\":\"flow\",\"6\":true,\"1\":\"in\",\"5\":\"Inflow for this node.\",\"3\":\"flow\"},{\"2\":\"flow\",\"6\":true,\"1\":\"out\",\"5\":\"Outflow for this node.\",\"3\":\"flow\"}],\"data\":{}},\"Delete Object Table\":{\"dynamicMode\":\"repeat\",\"hiddenPins\":{\"p_out\":{\"flow\":false},\"p_in\":{\"flow\":false,\"idtable\":false}},\"name\":\"Delete Object Table\",\"type\":\"util/customLua\",\"code\":{\"_executionStarted\":\"\",\"_executionStopped\":\"\",\"work\":\"local currentObj\\nfor _,id in pairs(self.pinIn.idtable.value) do\\nif id ~= -1 then\\ncurrentObj = scenetree.findObjectById(id)\\ncurrentObj:delete()\\nend\\nend\"},\"pins\":[{\"2\":\"flow\",\"6\":true,\"1\":\"in\",\"5\":\"Inflow for this node.\",\"3\":\"flow\"},{\"2\":\"flow\",\"6\":true,\"1\":\"out\",\"5\":\"Outflow for this node.\",\"3\":\"flow\"},{\"2\":\"table\",\"1\":\"in\",\"5\":\"\",\"3\":\"idtable\"}],\"data\":{}},\"Car Shop File\":{\"dynamicMode\":\"repeat\",\"hiddenPins\":{\"p_out\":{\"flow\":false,\"file\":false},\"p_in\":{\"flow\":false,\"shopID\":false}},\"name\":\"Car Shop File\",\"type\":\"util/customLua\",\"code\":{\"_executionStarted\":\"\",\"_executionStopped\":\"\",\"work\":\"self.pinOut.file.value = \\\"beamLR/shop/shop\\\" .. self.pinIn.shopID.value\\n\"},\"pins\":[{\"2\":\"flow\",\"6\":true,\"5\":\"Inflow for this node.\",\"1\":\"in\",\"3\":\"flow\"},{\"2\":\"flow\",\"6\":true,\"5\":\"Outflow for this node.\",\"1\":\"out\",\"3\":\"flow\"},{\"2\":\"number\",\"5\":\"\",\"1\":\"in\",\"3\":\"shopID\"},{\"2\":\"string\",\"5\":\"\",\"1\":\"out\",\"3\":\"file\"}],\"data\":{}},\"Get Gas\":{\"customName\":\"Get Gas \",\"pins\":[[\"in\",\"flow\",\"flow\"],[\"out\",\"flow\",\"flow\"],{\"2\":\"number\",\"5\":\"\",\"1\":\"in\",\"3\":\"veid\"},{\"2\":\"number\",\"5\":\"\",\"1\":\"out\",\"3\":\"gasVal\"}],\"dynamicMode\":\"repeat\",\"hiddenPins\":{\"p_out\":{\"flow\":false,\"gasVal\":false},\"p_in\":{\"flow\":false,\"veid\":false}},\"name\":\"Get Gas\",\"type\":\"util/customLua\",\"code\":{\"_executionStarted\":\"\",\"_executionStopped\":\"\",\"work\":\"local ve = scenetree.findObjectById(self.pinIn.veid.value)\\nlocal toFetch = \\\"energyStorage.getStorage('mainTank').remainingVolume\\\"\\nlocal id = \\\"gas\\\"\\nlocal vecmd = \\\"obj:queueGameEngineLua(string.format('extensions.vluaFetchModule.fetch(%s,%q)', \\\" .. toFetch .. \\\",'\\\" .. id .. \\\"'))\\\"\\nif ve.queueLuaCommand ~= nil then\\nve:queueLuaCommand(vecmd)\\nend\\nself.pinOut.gasVal.value = tonumber(extensions.vluaFetchModule.getVal(id))\"},\"customIcon\":\"local_gas_station\",\"data\":{}},\"Garage Data Display\":{\"dynamicMode\":\"repeat\",\"hiddenPins\":{\"p_out\":{\"str\":false,\"flow\":false},\"p_in\":{\"shownCar\":false,\"carCount\":false,\"flow\":false,\"carTable\":false}},\"name\":\"Garage Data Display\",\"type\":\"util/customLua\",\"code\":{\"_executionStarted\":\"\",\"_executionStopped\":\"\",\"work\":\"local dtable = self.pinIn.carTable.value\\nlocal theString = string.format(\\\"Chosen Car %d/%d\\\\n\\\", (self.pinIn.shownCar.value+1), self.pinIn.carCount.value)\\nlocal shownCarKey = \\\"car\\\" .. self.pinIn.shownCar.value \\ntheString = string.format(theString .. \\\"%s\\\", dtable[shownCarKey])\\nself.pinOut.str.value = theString\"},\"pins\":[[\"in\",\"flow\",\"flow\"],[\"out\",\"flow\",\"flow\"],{\"2\":\"number\",\"5\":\"\",\"1\":\"in\",\"3\":\"carCount\"},{\"2\":\"string\",\"5\":\"\",\"1\":\"out\",\"3\":\"str\"},{\"2\":\"number\",\"5\":\"\",\"1\":\"in\",\"3\":\"shownCar\"},{\"2\":\"table\",\"5\":\"\",\"1\":\"in\",\"3\":\"carTable\"}],\"data\":{}},\"Save Beamstate To File\":{\"dynamicMode\":\"repeat\",\"hiddenPins\":{\"p_out\":{\"dbgval\":false,\"flow\":false},\"p_in\":{\"filename\":false,\"veid\":false,\"flow\":false}},\"name\":\"Save Beamstate To File\",\"type\":\"util/customLua\",\"code\":{\"_executionStarted\":\"\",\"_executionStopped\":\"\",\"work\":\"local ve\\nlocal fullpath = self.pinIn.filename.value\\nve = scenetree.findObjectById(self.pinIn.veid.value)\\nve:queueLuaCommand(\\\"beamstate.save(\\\\\\\"\\\" .. fullpath .. \\\"\\\\\\\")\\\" )\\nself.pinOut.dbgval.value = fullpath\\n\\n\\n\"},\"pins\":[[\"in\",\"flow\",\"flow\"],[\"out\",\"flow\",\"flow\"],{\"2\":\"number\",\"1\":\"in\",\"5\":\"\",\"3\":\"veid\"},{\"2\":\"string\",\"1\":\"in\",\"5\":\"\",\"3\":\"filename\"},{\"2\":\"string\",\"1\":\"out\",\"5\":\"\",\"3\":\"dbgval\"}],\"data\":{}},\"All Damage Devices\":{\"dynamicMode\":\"repeat\",\"hiddenPins\":{\"p_out\":{\"flow\":false,\"devices\":false},\"p_in\":{\"flow\":false}},\"name\":\"All Damage Devices\",\"type\":\"util/customLua\",\"code\":{\"_executionStarted\":\"\",\"_executionStopped\":\"\",\"work\":\"local dtable = {}\\ndtable[\\\"body\\\"] = {}\\ndtable[\\\"engine\\\"] = {}\\ndtable[\\\"powertrain\\\"] = {}\\ndtable[\\\"wheels\\\"] = {}\\n\\ntable.insert(dtable[\\\"body\\\"], \\\"FL\\\")\\ntable.insert(dtable[\\\"body\\\"], \\\"FR\\\")\\ntable.insert(dtable[\\\"body\\\"], \\\"ML\\\")\\ntable.insert(dtable[\\\"body\\\"], \\\"MR\\\")\\ntable.insert(dtable[\\\"body\\\"], \\\"RL\\\")\\ntable.insert(dtable[\\\"body\\\"], \\\"RR\\\")\\n\\ntable.insert(dtable[\\\"engine\\\"], \\\"engineReducedTorque\\\")\\ntable.insert(dtable[\\\"engine\\\"], \\\"engineDisabled\\\")\\ntable.insert(dtable[\\\"engine\\\"], \\\"engineLockedUp\\\")\\ntable.insert(dtable[\\\"engine\\\"], \\\"engineIsHydrolocking\\\")\\ntable.insert(dtable[\\\"engine\\\"], \\\"engineHydrolocked\\\")\\ntable.insert(dtable[\\\"engine\\\"], \\\"overRevDanger\\\")\\ntable.insert(dtable[\\\"engine\\\"], \\\"catastrophicOverrevDamage\\\")\\ntable.insert(dtable[\\\"engine\\\"], \\\"mildOverrevDamage\\\")\\ntable.insert(dtable[\\\"engine\\\"], \\\"overTorqueDanger\\\")\\ntable.insert(dtable[\\\"engine\\\"], \\\"catastrophicOverTorqueDamage\\\")\\ntable.insert(dtable[\\\"engine\\\"], \\\"impactDamage\\\")\\ntable.insert(dtable[\\\"engine\\\"], \\\"oilpanLeak\\\")\\ntable.insert(dtable[\\\"engine\\\"], \\\"oilRadiatorLeak\\\")\\ntable.insert(dtable[\\\"engine\\\"], \\\"headGasketDamaged\\\")\\ntable.insert(dtable[\\\"engine\\\"], \\\"pistonRingsDamaged\\\")\\ntable.insert(dtable[\\\"engine\\\"], \\\"rodBearingsDamaged\\\")\\ntable.insert(dtable[\\\"engine\\\"], \\\"blockMelted\\\")\\ntable.insert(dtable[\\\"engine\\\"], \\\"oilHot\\\")\\ntable.insert(dtable[\\\"engine\\\"], \\\"cylinderWallsMelted\\\")\\ntable.insert(dtable[\\\"engine\\\"], \\\"radiatorLeak\\\")\\ntable.insert(dtable[\\\"engine\\\"], \\\"coolantHot\\\")\\ntable.insert(dtable[\\\"engine\\\"], \\\"oilLevelCritical\\\")\\ntable.insert(dtable[\\\"engine\\\"], \\\"oilStarvation\\\")\\ntable.insert(dtable[\\\"engine\\\"], \\\"oilLevelTooHigh\\\")\\ntable.insert(dtable[\\\"engine\\\"], \\\"exhaustBroken\\\")\\n\\ntable.insert(dtable[\\\"powertrain\\\"], \\\"mainEngine\\\")\\ntable.insert(dtable[\\\"powertrain\\\"], \\\"torqueConverter\\\")\\ntable.insert(dtable[\\\"powertrain\\\"], \\\"gearbox\\\")\\ntable.insert(dtable[\\\"powertrain\\\"], \\\"rangebox\\\")\\ntable.insert(dtable[\\\"powertrain\\\"], \\\"transfercase\\\")\\ntable.insert(dtable[\\\"powertrain\\\"], \\\"torsionReactorR\\\")\\ntable.insert(dtable[\\\"powertrain\\\"], \\\"driveshaft\\\")\\ntable.insert(dtable[\\\"powertrain\\\"], \\\"differential_R\\\")\\ntable.insert(dtable[\\\"powertrain\\\"], \\\"transfercase_F\\\")\\ntable.insert(dtable[\\\"powertrain\\\"], \\\"driveshaft_F\\\")\\ntable.insert(dtable[\\\"powertrain\\\"], \\\"torsionReactorF\\\")\\ntable.insert(dtable[\\\"powertrain\\\"], \\\"differential_F\\\")\\ntable.insert(dtable[\\\"powertrain\\\"], \\\"halfshaftFR\\\")\\ntable.insert(dtable[\\\"powertrain\\\"], \\\"halfshaftFL\\\")\\ntable.insert(dtable[\\\"powertrain\\\"], \\\"wheelaxleFL\\\")\\ntable.insert(dtable[\\\"powertrain\\\"], \\\"wheelaxleFR\\\")\\ntable.insert(dtable[\\\"powertrain\\\"], \\\"wheelaxleRL\\\")\\ntable.insert(dtable[\\\"powertrain\\\"], \\\"wheelaxleRR\\\")\\ntable.insert(dtable[\\\"powertrain\\\"], \\\"spindleRR\\\")\\ntable.insert(dtable[\\\"powertrain\\\"], \\\"spindleRL\\\")\\ntable.insert(dtable[\\\"powertrain\\\"], \\\"clutch\\\")\\n\\ntable.insert(dtable[\\\"wheels\\\"], \\\"FR\\\")\\ntable.insert(dtable[\\\"wheels\\\"], \\\"brakeFR\\\")\\ntable.insert(dtable[\\\"wheels\\\"], \\\"brakeOverHeatFR\\\")\\ntable.insert(dtable[\\\"wheels\\\"], \\\"tireFR\\\")\\n\\ntable.insert(dtable[\\\"wheels\\\"], \\\"FL\\\")\\ntable.insert(dtable[\\\"wheels\\\"], \\\"brakeFL\\\")\\ntable.insert(dtable[\\\"wheels\\\"], \\\"brakeOverHeatFL\\\")\\ntable.insert(dtable[\\\"wheels\\\"], \\\"tireFL\\\")\\n\\ntable.insert(dtable[\\\"wheels\\\"], \\\"RR\\\")\\ntable.insert(dtable[\\\"wheels\\\"], \\\"brakeRR\\\")\\ntable.insert(dtable[\\\"wheels\\\"], \\\"brakeOverHeatRR\\\")\\ntable.insert(dtable[\\\"wheels\\\"], \\\"tireRR\\\")\\n\\ntable.insert(dtable[\\\"wheels\\\"], \\\"RL\\\")\\ntable.insert(dtable[\\\"wheels\\\"], \\\"brakeRL\\\")\\ntable.insert(dtable[\\\"wheels\\\"], \\\"brakeOverHeatRL\\\")\\ntable.insert(dtable[\\\"wheels\\\"], \\\"tireRL\\\")\\n\\n\\nself.pinOut.devices.value = dtable\"},\"pins\":[[\"in\",\"flow\",\"flow\"],[\"out\",\"flow\",\"flow\"],{\"2\":\"table\",\"5\":\"\",\"1\":\"out\",\"3\":\"devices\"}],\"data\":{}},\"Data Table From File Table\":{\"dynamicMode\":\"repeat\",\"hiddenPins\":{\"p_out\":{\"flow\":false,\"output\":false},\"p_in\":{\"flow\":false,\"input\":false,\"selected\":false}},\"name\":\"Data Table From File Table\",\"type\":\"util/customLua\",\"code\":{\"_executionStarted\":\"\",\"_executionStopped\":\"\",\"work\":\"local dtable = {}\\nlocal filename = self.pinIn.input.value[self.pinIn.selected.value]\\nif filename ~= nil then\\nlocal filedata = readFile(filename)\\nfor k,v in string.gmatch(filedata, \\\"([%w%p]+)=([%w%p]+)\\\") do\\n    dtable[k] = v\\nend\\nend\\nself.pinOut.output.value = dtable\\n\\n\"},\"pins\":[{\"2\":\"flow\",\"6\":true,\"1\":\"in\",\"5\":\"Inflow for this node.\",\"3\":\"flow\"},{\"2\":\"flow\",\"6\":true,\"1\":\"out\",\"5\":\"Outflow for this node.\",\"3\":\"flow\"},{\"2\":\"table\",\"5\":\"\",\"1\":\"in\",\"3\":\"input\"},{\"2\":\"number\",\"5\":\"\",\"1\":\"in\",\"3\":\"selected\"},{\"2\":\"table\",\"5\":\"\",\"1\":\"out\",\"3\":\"output\"}],\"data\":{}},\"Transform From Table\":{\"dynamicMode\":\"repeat\",\"hiddenPins\":{\"p_out\":{\"rot\":false,\"pos\":false,\"flow\":false},\"p_in\":{\"data\":false,\"prefix\":false,\"flow\":false,\"selected\":false}},\"name\":\"Transform From Table\",\"type\":\"util/customLua\",\"code\":{\"_executionStarted\":\"\",\"_executionStopped\":\"\",\"work\":\"local dtable = self.pinIn.data.value\\nlocal line = dtable[self.pinIn.prefix.value .. self.pinIn.selected.value .. \\\"p\\\"]\\nlocal iter = 0\\nlocal posVal = {}\\nlocal rotVal = {}\\nfor s in string.gmatch(line,\\\"([^,]+)\\\") do\\n  posVal[iter] = tonumber(s)\\n  iter=iter+1\\nend\\nline = dtable[self.pinIn.prefix.value .. self.pinIn.selected.value .. \\\"r\\\"]\\niter = 0\\nfor s in string.gmatch(line,\\\"([^,]+)\\\") do\\n  rotVal[iter] = tonumber(s)\\n  iter=iter+1\\nend\\nself.pinOut.pos.value = {posVal[0],posVal[1],posVal[2]}\\nself.pinOut.rot.value = {rotVal[0], rotVal[1], rotVal[2], rotVal[3]}\\n\"},\"pins\":[[\"in\",\"flow\",\"flow\"],[\"out\",\"flow\",\"flow\"],{\"2\":\"vec3\",\"5\":\"\",\"1\":\"out\",\"3\":\"pos\"},{\"2\":\"quat\",\"5\":\"\",\"1\":\"out\",\"3\":\"rot\"},{\"2\":\"table\",\"5\":\"\",\"1\":\"in\",\"3\":\"data\"},{\"2\":\"string\",\"5\":\"\",\"1\":\"in\",\"3\":\"prefix\"},{\"2\":\"number\",\"5\":\"\",\"1\":\"in\",\"3\":\"selected\"}],\"data\":{}},\"Beam Legal Racing\":{\"dynamicMode\":\"repeat\",\"hiddenPins\":{\"p_out\":{\"flow\":false,\"fileData\":false},\"p_in\":{\"newPin\":false,\"flow\":false}},\"name\":\"Beam Legal Racing\",\"type\":\"util/customLua\",\"code\":{\"_executionStarted\":\"\",\"_executionStopped\":\"\",\"work\":\"self.pinOut.fileData.value = readFile(self.pinIn.newPin.value)\"},\"pins\":[{\"2\":\"flow\",\"6\":true,\"5\":\"Inflow for this node.\",\"1\":\"in\",\"3\":\"flow\"},{\"2\":\"flow\",\"6\":true,\"5\":\"Outflow for this node.\",\"1\":\"out\",\"3\":\"flow\"},{\"2\":\"string\",\"1\":\"out\",\"5\":\"\",\"3\":\"fileData\"},{\"2\":\"string\",\"1\":\"in\",\"5\":\"\",\"3\":\"newPin\"}],\"data\":{}},\"Refuel Car\":{\"dynamicMode\":\"repeat\",\"hiddenPins\":{\"p_out\":{\"flow\":false,\"paid\":false},\"p_in\":{\"gasCost\":false,\"currentGas\":false,\"addedGas\":false,\"flow\":false,\"veid\":false,\"money\":false}},\"name\":\"Refuel Car\",\"type\":\"util/customLua\",\"code\":{\"_executionStarted\":\"\",\"_executionStopped\":\"\",\"work\":\"local ve\\nlocal newFuelValue = self.pinIn.currentGas.value + self.pinIn.addedGas.value\\nve = scenetree.findObjectById(self.pinIn.veid.value)\\nif self.pinIn.money.value >= self.pinIn.gasCost.value then\\nve:queueLuaCommand(string.format(\\\"energyStorage.getStorage(\\\\\\\"mainTank\\\\\\\"):setRemainingVolume(%d)\\\", newFuelValue))\\nself.pinOut.paid.value = true\\nelse\\nself.pinOut.paid.value = false\\nend\"},\"pins\":[{\"2\":\"flow\",\"6\":true,\"1\":\"in\",\"5\":\"Inflow for this node.\",\"3\":\"flow\"},{\"2\":\"flow\",\"6\":true,\"1\":\"out\",\"5\":\"Outflow for this node.\",\"3\":\"flow\"},{\"2\":\"number\",\"1\":\"in\",\"5\":\"\",\"3\":\"veid\"},{\"2\":\"number\",\"1\":\"in\",\"5\":\"\",\"3\":\"gasCost\"},{\"2\":\"number\",\"1\":\"in\",\"5\":\"\",\"3\":\"money\"},{\"2\":\"number\",\"1\":\"in\",\"5\":\"\",\"3\":\"currentGas\"},{\"2\":\"number\",\"1\":\"in\",\"5\":\"\",\"3\":\"addedGas\"},{\"2\":\"bool\",\"1\":\"out\",\"5\":\"\",\"3\":\"paid\"}],\"data\":{}},\"GUI Hook\":{\"dynamicMode\":\"repeat\",\"hiddenPins\":{\"p_out\":{\"flow\":false},\"p_in\":{\"val\":false,\"flow\":false,\"key\":false}},\"name\":\"GUI Hook\",\"type\":\"util/customLua\",\"code\":{\"_executionStarted\":\"\",\"_executionStopped\":\"\",\"work\":\"local k = self.pinIn.key.value\\nlocal v = self.pinIn.val.value\\nlocal data = {}\\ndata.testval = os.time()\\nextensions.customGuiStream.sendData(\\\"beamlrData\\\", data)\\n\"},\"pins\":[[\"in\",\"flow\",\"flow\"],[\"out\",\"flow\",\"flow\"],{\"2\":\"string\",\"1\":\"in\",\"5\":\"\",\"3\":\"key\"},{\"2\":\"any\",\"1\":\"in\",\"5\":\"\",\"3\":\"val\"}],\"data\":{}},\"BLRDataParser\":{\"dynamicMode\":\"repeat\",\"hiddenPins\":{\"p_out\":{\"flow\":false,\"dataTable\":false},\"p_in\":{\"rawData\":false,\"flow\":false}},\"customName\":\"BLRDataParser\",\"name\":\"BLRDataParser\",\"type\":\"util/customLua\",\"code\":{\"_executionStarted\":\"\",\"_executionStopped\":\"\",\"work\":\"local filedata = self.pinIn.rawData.value\\nlocal dtable = {}\\nfor k,v in string.gmatch(filedata, \\\"([%w%p]+)=([%w%p]+)\\\") do\\n    dtable[k] = v\\nend\\n\\nself.pinOut.dataTable.value = dtable\"},\"pins\":[[\"in\",\"flow\",\"flow\"],[\"out\",\"flow\",\"flow\"],{\"2\":\"string\",\"1\":\"in\",\"5\":\"\",\"3\":\"rawData\"},{\"2\":\"table\",\"1\":\"out\",\"5\":\"\",\"3\":\"dataTable\"}],\"data\":{}},\"Spawn Shop Stock\":{\"dynamicMode\":\"repeat\",\"hiddenPins\":{\"p_out\":{\"spawnids\":false,\"flow\":false},\"p_in\":{\"stock\":false,\"flow\":false,\"slots\":false,\"slotCount\":false}},\"name\":\"Spawn Shop Stock\",\"type\":\"util/customLua\",\"code\":{\"_executionStarted\":\"\",\"_executionStopped\":\"\",\"work\":\"local dtable = self.pinIn.slots.value\\nlocal idtable = {}\\nlocal slotCount = self.pinIn.slotCount.value\\nlocal currentPos = {}\\nlocal currentRot = {}\\nlocal currentCarFile = \\\"\\\"\\nlocal currentCarFileData = \\\"\\\"\\nlocal currentCarDataTable = {}\\nlocal currentCarModel = \\\"\\\"\\nlocal currentCarConfig = \\\"\\\"\\nlocal currentSpawnOptions = {}\\n\\nfor i=0,slotCount-1 do\\nif self.pinIn.stock.value[i] ~= nil then\\n\\nlocal line = dtable[\\\"slot\\\" .. i .. \\\"p\\\"]\\nlocal iter = 0\\nlocal posVal = {}\\nlocal rotVal = {}\\nfor s in string.gmatch(line,\\\"([^,]+)\\\") do\\n  posVal[iter] = tonumber(s)\\n  iter=iter+1\\nend\\nline = dtable[\\\"slot\\\" .. i .. \\\"r\\\"]\\niter = 0\\nfor s in string.gmatch(line,\\\"([^,]+)\\\") do\\n  rotVal[iter] = tonumber(s)\\n  iter=iter+1\\nend\\n\\ncurrentPos = {posVal[0],posVal[1],posVal[2]}\\ncurrentRot = {rotVal[0], rotVal[1], rotVal[2], rotVal[3]}\\n\\ncurrentCarFile = self.pinIn.stock.value[i]\\ncurrentCarFileData = readFile(currentCarFile)\\nfor k,v in string.gmatch(currentCarFileData, \\\"([%w%p]+)=([%w%p]+)\\\") do\\n    currentCarDataTable[k] = v\\nend\\n\\ncurrentCarModel = currentCarDataTable[\\\"type\\\"]\\ncurrentCarConfig = currentCarDataTable[\\\"config\\\"]\\n\\n-- Ready to spawn car now, got all needed data\\n-- Remember to store spawned IDs if possible to delete\\n\\nlocal spawnPos = vec3(posVal[0], posVal[1], posVal[2])\\nlocal spawnRot = quat(rotVal[0], rotVal[1], rotVal[2],rotVal[3])\\n\\ncurrentSpawnOptions = {config = currentCarConfig, pos = spawnPos, rot = spawnRot}\\n\\nlocal currentVeh = extensions.core_vehicles.spawnNewVehicle(currentCarModel, currentSpawnOptions)\\n\\nidtable[i] = currentVeh:getId()\\n\\nelse\\n\\nidtable[i] = -1\\n\\nend\\nend\\n\\nself.pinOut.spawnids.value = idtable\"},\"pins\":[[\"in\",\"flow\",\"flow\"],[\"out\",\"flow\",\"flow\"],{\"2\":\"table\",\"1\":\"in\",\"5\":\"\",\"3\":\"stock\"},{\"2\":\"number\",\"1\":\"in\",\"5\":\"\",\"3\":\"slotCount\"},{\"2\":\"table\",\"1\":\"in\",\"5\":\"\",\"3\":\"slots\"},{\"2\":\"table\",\"1\":\"out\",\"5\":\"\",\"3\":\"spawnids\"}],\"data\":{}},\"Car Shop Car File\":{\"dynamicMode\":\"repeat\",\"hiddenPins\":{\"p_out\":{\"filename\":false,\"flow\":false},\"p_in\":{\"flow\":false,\"stock\":false,\"selected\":false}},\"name\":\"Car Shop Car File\",\"type\":\"util/customLua\",\"code\":{\"_executionStarted\":\"\",\"_executionStopped\":\"\",\"work\":\"\"},\"pins\":[{\"2\":\"flow\",\"6\":true,\"1\":\"in\",\"5\":\"Inflow for this node.\",\"3\":\"flow\"},{\"2\":\"flow\",\"6\":true,\"1\":\"out\",\"5\":\"Outflow for this node.\",\"3\":\"flow\"},{\"2\":\"table\",\"1\":\"in\",\"5\":\"\",\"3\":\"stock\"},{\"2\":\"number\",\"1\":\"in\",\"5\":\"\",\"3\":\"selected\"},{\"2\":\"string\",\"1\":\"out\",\"5\":\"\",\"3\":\"filename\"}],\"data\":{}},\"RNG Init\":{\"dynamicMode\":\"repeat\",\"hiddenPins\":{\"p_out\":{\"flow\":false},\"p_in\":{\"newPin\":false,\"flow\":false}},\"name\":\"RNG Init\",\"type\":\"util/customLua\",\"code\":{\"_executionStarted\":\"\",\"_executionStopped\":\"\",\"work\":\"math.randomseed(os.time())\\nmath.random()\\nmath.random()\\nmath.random()\"},\"pins\":[{\"2\":\"flow\",\"6\":true,\"5\":\"Inflow for this node.\",\"1\":\"in\",\"3\":\"flow\"},{\"2\":\"flow\",\"6\":true,\"5\":\"Outflow for this node.\",\"1\":\"out\",\"3\":\"flow\"},{\"2\":\"number\",\"5\":\"\",\"1\":\"in\",\"3\":\"newPin\"}],\"data\":{}},\"Get Mission Params\":{\"dynamicMode\":\"repeat\",\"hiddenPins\":{\"p_out\":{\"reward\":false,\"destpos\":false,\"flow\":false,\"desc\":false,\"destid\":false},\"p_in\":{\"flow\":false,\"mid\":false}},\"name\":\"Get Mission Params\",\"type\":\"util/customLua\",\"code\":{\"_executionStarted\":\"\",\"_executionStopped\":\"\",\"work\":\"local destination_triggers = \\n{ \\n\\\"MissionTrigger_SneedCaravan\\\",\\n\\\"MissionTrigger_SneedCaravan\\\",\\n\\\"MissionTrigger_SneedCaravan\\\",\\n\\\"MissionTrigger_SneedCaravan\\\"\\n} \\nlocal mission_description = \\n{\\n\\\"Deliver this stuff to Sneed's Caravan\\\",\\n\\\"Deliver this stuff to Sneed's Caravan\\\",\\n\\\"Deliver this stuff to Sneed's Caravan\\\",\\n\\\"Deliver this stuff to Sneed's Caravan\\\"\\n}\\nlocal mission_reward = \\n{\\n10,\\n10,\\n10,\\n10\\n}\\nself.pinOut.destid.value = scenetree.findObject(destination_triggers[self.pinIn.mid.value]):getID()\\nself.pinOut.desc.value = mission_description[self.pinIn.mid.value]\\nself.pinOut.reward.value = mission_reward[self.pinIn.mid.value]\\nlocal destobj = scenetree.findObjectById(self.pinOut.destid.value)\\nlocal destobjpos = destobj:getPosition()\\nself.pinOut.destpos.value = {destobjpos.x, destobjpos.y, destobjpos.z}\"},\"pins\":[[\"in\",\"flow\",\"flow\"],[\"out\",\"flow\",\"flow\"],{\"2\":\"number\",\"5\":\"\",\"1\":\"in\",\"3\":\"mid\"},{\"2\":\"string\",\"5\":\"\",\"1\":\"out\",\"3\":\"desc\"},{\"2\":\"number\",\"5\":\"\",\"1\":\"out\",\"3\":\"destid\"},{\"2\":\"number\",\"5\":\"\",\"1\":\"out\",\"3\":\"reward\"},{\"2\":\"vec3\",\"5\":\"\",\"1\":\"out\",\"3\":\"destpos\"}],\"data\":{}},\"Prefixed Value Display\":{\"dynamicMode\":\"repeat\",\"hiddenPins\":{\"p_out\":{\"flow\":false,\"output\":false},\"p_in\":{\"flow\":false,\"value\":false,\"suffix\":false,\"prefix\":false}},\"name\":\"Prefixed Value Display\",\"type\":\"util/customLua\",\"code\":{\"_executionStarted\":\"\",\"_executionStopped\":\"\",\"work\":\"self.pinOut.output.value = self.pinIn.prefix.value .. self.pinIn.value.value .. self.pinIn.suffix.value\"},\"pins\":[{\"2\":\"flow\",\"6\":true,\"1\":\"in\",\"5\":\"Inflow for this node.\",\"3\":\"flow\"},{\"2\":\"flow\",\"6\":true,\"1\":\"out\",\"5\":\"Outflow for this node.\",\"3\":\"flow\"},{\"2\":\"number\",\"1\":\"in\",\"5\":\"\",\"3\":\"value\"},{\"2\":\"string\",\"1\":\"in\",\"5\":\"\",\"3\":\"prefix\"},{\"2\":\"string\",\"1\":\"out\",\"5\":\"\",\"3\":\"output\"},{\"2\":\"string\",\"1\":\"in\",\"5\":\"\",\"3\":\"suffix\"}],\"data\":{}},\"Y=X+DX\":{\"dynamicMode\":\"repeat\",\"hiddenPins\":{\"p_out\":{\"flow\":false,\"Y\":false},\"p_in\":{\"X\":false,\"DX\":false,\"flow\":false}},\"name\":\"Y=X+DX\",\"type\":\"util/customLua\",\"code\":{\"_executionStarted\":\"\",\"_executionStopped\":\"\",\"work\":\"self.pinOut.Y.value = self.pinIn.X.value + self.pinIn.DX.value\\n\"},\"pins\":[[\"in\",\"flow\",\"flow\"],[\"out\",\"flow\",\"flow\"],{\"2\":\"number\",\"5\":\"\",\"1\":\"in\",\"3\":\"X\"},{\"2\":\"number\",\"5\":\"\",\"1\":\"in\",\"3\":\"DX\"},{\"2\":\"number\",\"5\":\"\",\"1\":\"out\",\"3\":\"Y\"}],\"data\":{}},\"Load Beamstate From File\":{\"dynamicMode\":\"repeat\",\"hiddenPins\":{\"p_out\":{\"dbgval\":false,\"flow\":false},\"p_in\":{\"filename\":false,\"veid\":false,\"flow\":false}},\"name\":\"Load Beamstate From File\",\"type\":\"util/customLua\",\"code\":{\"_executionStarted\":\"\",\"_executionStopped\":\"\",\"work\":\"local ve\\nlocal fullpath = self.pinIn.filename.value \\nve = scenetree.findObjectById(self.pinIn.veid.value)\\nve:queueLuaCommand(\\\"beamstate.load(\\\\\\\"\\\" .. fullpath .. \\\"\\\\\\\")\\\" )\\nself.pinOut.dbgval.value = \\\"WTF\\\"\"},\"pins\":[[\"in\",\"flow\",\"flow\"],[\"out\",\"flow\",\"flow\"],{\"2\":\"number\",\"1\":\"in\",\"5\":\"\",\"3\":\"veid\"},{\"2\":\"string\",\"1\":\"in\",\"5\":\"\",\"3\":\"filename\"},{\"2\":\"string\",\"1\":\"out\",\"5\":\"\",\"3\":\"dbgval\"}],\"data\":{}},\"Update Main Data\":{\"dynamicMode\":\"repeat\",\"hiddenPins\":{\"p_out\":{\"flow\":false},\"p_in\":{\"flow\":false,\"carCount\":false,\"money\":false}},\"name\":\"Update Main Data\",\"type\":\"util/customLua\",\"code\":{\"_executionStarted\":\"\",\"_executionStopped\":\"\",\"work\":\"local filedata = \\\"money=\\\" .. self.pinIn.money.value .. \\\"\\\\n\\\"\\nfiledata = filedata .. \\\"carUsed=0\\\\n\\\"\\nfiledata = filedata .. \\\"carCount=\\\" .. self.pinIn.carCount.value .. \\\"\\\\n\\\"\\nwriteFile(\\\"beamLR/mainData\\\", filedata)\"},\"pins\":[{\"2\":\"flow\",\"6\":true,\"1\":\"in\",\"5\":\"Inflow for this node.\",\"3\":\"flow\"},{\"2\":\"flow\",\"6\":true,\"1\":\"out\",\"5\":\"Outflow for this node.\",\"3\":\"flow\"},{\"2\":\"number\",\"1\":\"in\",\"5\":\"\",\"3\":\"money\"},{\"2\":\"number\",\"1\":\"in\",\"5\":\"\",\"3\":\"carCount\"}],\"data\":{}},\"Fetch VLUA Variable\":{\"customName\":\"Fetch VLUA Variable\",\"pins\":[[\"in\",\"flow\",\"flow\"],[\"out\",\"flow\",\"flow\"],{\"2\":\"number\",\"5\":\"\",\"1\":\"in\",\"3\":\"veid\"},{\"2\":\"string\",\"5\":\"\",\"1\":\"in\",\"3\":\"toFetch\"},{\"2\":\"string\",\"5\":\"\",\"1\":\"out\",\"3\":\"output\"},{\"2\":\"string\",\"5\":\"\",\"1\":\"in\",\"3\":\"fetchID\"}],\"dynamicMode\":\"repeat\",\"hiddenPins\":{\"p_out\":{\"flow\":false,\"output\":false},\"p_in\":{\"toFetch\":false,\"flow\":false,\"veid\":false,\"fetchID\":false}},\"name\":\"Fetch VLUA Variable\",\"type\":\"util/customLua\",\"code\":{\"_executionStarted\":\"\",\"_executionStopped\":\"\",\"work\":\"local ve = scenetree.findObjectById(self.pinIn.veid.value)\\nlocal id = self.pinIn.fetchID.value\\nlocal toFetch = self.pinIn.toFetch.value\\nlocal vecmd = \\\"obj:queueGameEngineLua(string.format('extensions.vluaFetchModule.fetch(%s,%q)', \\\" .. toFetch .. \\\",'\\\" .. id .. \\\"'))\\\"\\nve:queueLuaCommand(vecmd)\\nself.pinOut.output.value = extensions.vluaFetchModule.getVal(id)\"},\"customIcon\":\"simobject_lightning\",\"data\":{}},\"Mission End Text\":{\"dynamicMode\":\"repeat\",\"hiddenPins\":{\"p_out\":{\"flow\":false,\"text\":false},\"p_in\":{\"rew\":false,\"flow\":false}},\"name\":\"Mission End Text\",\"type\":\"util/customLua\",\"code\":{\"_executionStarted\":\"\",\"_executionStopped\":\"\",\"work\":\"self.pinOut.text.value = string.format(\\\"Good job!\\\\n You gained $%d\\\", self.pinIn.rew.value)\"},\"pins\":[{\"2\":\"flow\",\"6\":true,\"5\":\"Inflow for this node.\",\"1\":\"in\",\"3\":\"flow\"},{\"2\":\"flow\",\"6\":true,\"5\":\"Outflow for this node.\",\"1\":\"out\",\"3\":\"flow\"},{\"2\":\"string\",\"5\":\"\",\"1\":\"out\",\"3\":\"text\"},{\"2\":\"number\",\"5\":\"\",\"1\":\"in\",\"3\":\"rew\"}],\"data\":{}},\"On Mission Complete\":{\"dynamicMode\":\"repeat\",\"hiddenPins\":{\"p_out\":{\"flow\":false},\"p_in\":{\"flow\":false}},\"name\":\"On Mission Complete\",\"type\":\"util/customLua\",\"code\":{\"_executionStarted\":\"\",\"_executionStopped\":\"\",\"work\":\"self.pinOut.y.value = self.pinIn.x.value + self.pinIn.dx.value\\n\"},\"pins\":[{\"2\":\"flow\",\"6\":true,\"5\":\"Inflow for this node.\",\"1\":\"in\",\"3\":\"flow\"},{\"2\":\"flow\",\"6\":true,\"5\":\"Outflow for this node.\",\"1\":\"out\",\"3\":\"flow\"}],\"data\":{}},\"Y=X-DX\":{\"dynamicMode\":\"repeat\",\"hiddenPins\":{\"p_out\":{\"flow\":false,\"Y\":false},\"p_in\":{\"X\":false,\"DX\":false,\"flow\":false}},\"name\":\"Y=X-DX\",\"type\":\"util/customLua\",\"code\":{\"_executionStarted\":\"\",\"_executionStopped\":\"\",\"work\":\"self.pinOut.Y.value = self.pinIn.X.value - self.pinIn.DX.value\"},\"pins\":[{\"2\":\"flow\",\"6\":true,\"1\":\"in\",\"5\":\"Inflow for this node.\",\"3\":\"flow\"},{\"2\":\"flow\",\"6\":true,\"1\":\"out\",\"5\":\"Outflow for this node.\",\"3\":\"flow\"},{\"2\":\"number\",\"5\":\"\",\"1\":\"in\",\"3\":\"X\"},{\"2\":\"number\",\"5\":\"\",\"1\":\"in\",\"3\":\"DX\"},{\"2\":\"number\",\"5\":\"\",\"1\":\"out\",\"3\":\"Y\"}],\"data\":{}},\"Force Set Gas\":{\"customName\":\"Force Set Gas\",\"pins\":[[\"in\",\"flow\",\"flow\"],[\"out\",\"flow\",\"flow\"],{\"2\":\"number\",\"1\":\"in\",\"5\":\"\",\"3\":\"veid\"},{\"2\":\"number\",\"1\":\"in\",\"5\":\"\",\"3\":\"gas\"}],\"dynamicMode\":\"repeat\",\"hiddenPins\":{\"p_out\":{\"flow\":false},\"p_in\":{\"gas\":false,\"flow\":false,\"veid\":false}},\"name\":\"Force Set Gas\",\"type\":\"util/customLua\",\"code\":{\"_executionStarted\":\"\",\"_executionStopped\":\"\",\"work\":\"local ve\\nlocal newFuelValue = self.pinIn.gas.value\\nve = scenetree.findObjectById(self.pinIn.veid.value)\\nve:queueLuaCommand(string.format(\\\"energyStorage.getStorage(\\\\\\\"mainTank\\\\\\\"):setRemainingVolume(%d)\\\", newFuelValue))\\n\\n\"},\"customIcon\":\"local_gas_station\",\"data\":{}},\"Get Shop Car Data\":{\"dynamicMode\":\"repeat\",\"hiddenPins\":{\"p_out\":{\"cost\":false,\"fulldesc\":false,\"type\":false,\"flow\":false,\"config\":false},\"p_in\":{\"data\":false,\"flow\":false}},\"name\":\"Get Shop Car Data\",\"type\":\"util/customLua\",\"code\":{\"_executionStarted\":\"\",\"_executionStopped\":\"\",\"work\":\"local dtable = self.pinIn.data.value\\nif dtable[\\\"type\\\"] ~= nil then\\nself.pinOut.type.value = dtable[\\\"type\\\"]\\nself.pinOut.config.value = dtable[\\\"config\\\"]\\nself.pinOut.cost.value = tonumber(dtable[\\\"baseprice\\\"])\\nself.pinOut.fulldesc.value = \\\"Car Type : \\\" .. dtable[\\\"type\\\"] .. \\\"\\\\nCost : \\\" .. dtable[\\\"baseprice\\\"] \\nelse\\nself.pinOut.fulldesc.value = \\\"Empty Lot\\\"\\nend\"},\"pins\":[[\"in\",\"flow\",\"flow\"],[\"out\",\"flow\",\"flow\"],{\"2\":\"table\",\"1\":\"in\",\"5\":\"\",\"3\":\"data\"},{\"2\":\"string\",\"1\":\"out\",\"5\":\"\",\"3\":\"type\"},{\"2\":\"string\",\"1\":\"out\",\"5\":\"\",\"3\":\"config\"},{\"2\":\"number\",\"1\":\"out\",\"5\":\"\",\"3\":\"cost\"},{\"2\":\"string\",\"1\":\"out\",\"5\":\"\",\"3\":\"fulldesc\"}],\"data\":{}}}",
      "minimizeFlowgraphWhenRunning":"true",
      "nodeFrecency":"{\"scene/setObjectField\":1652368879,\"gameplay/vehiclePool/addGroup\":1651800054,\"logic/timedTrigger\":1651739009,\"types/vec3\":1653277299,\"ui/imgui/imSimpleBox\":1651802172,\"ui/imgui/elemental/imSeparator\":1653887733,\"debug/log\":1653333716,\"events/onMissionEnded\":1651738560,\"types/string\":1654576673,\"debug/stopManager\":1652977488,\"util/file/loadData\":1651722377,\"gameplay/traffic/trafficSpawnGroup\":1653619044,\"ui/setUILayout\":1651734735,\"logic/once\":1654219712,\"scene/camera/getCameraMode\":1652170609,\"ui/imgui/elemental/imEnd\":1653510110,\"logic/compare\":1654306920,\"scene/camera/setCameraRotation\":1652170410,\"util/customLua\":1654576497,\"ui/flashMessage\":1652166427,\"vehicle/beamstate/beamstate\":1651727675,\"util/randomQuaternion\":1651737565,\"events/onUpdate\":1651735003,\"gameplay/traffic/fileVehicleGroup\":1651796846,\"ui/imgui/elemental/imButton\":1654479364,\"string/subString\":1651824371,\"gameplay/vehiclePool/createPool\":1651799963,\"scene/camera/returnToVehicle\":1652171040,\"vehicle/beamstate/reset\":1651809731,\"activity/requestAbandon\":1651745138,\"scene/singleMarker\":1652623243,\"gameplay/traffic/trafficSetBudget\":1653620344,\"gameplay/race/moveVehicleToStartposition\":1651737033,\"gameplay/traffic/trafficCustomGroup\":1653619116,\"gameplay/traffic/getVehicle\":1651798678,\"logic/and\":1652976290,\"debug/comment\":1654221941,\"ui/imgui/elemental/imText\":1654307050,\"vehicle/moveTo\":1651737074,\"gameplay/traffic/trafficParams\":1653618438,\"gameplay/removeOtherVehicles\":1651798097,\"logic/frameDelay\":1653078685,\"scene/camera/setCameraPosition\":1652170343,\"scene/camera/setCameraMode\":1653273112,\"vehicle/vehicleData\":1654222782,\"scene/getPlayerVehicle\":1654221979,\"util/randomNumber\":1652560399,\"vehicle/spawnVehicle\":1652908879,\"logic/switchcase\":1652796554,\"logic/rateLimit\":1654219816,\"gameplay/traffic/trafficActivate\":1653618403,\"ui/message\":1651801582,\"macro/foreach\":1653331888,\"scene/collectionMarker\":1652369445,\"ui/imgui/elemental/imBegin\":1653330964,\"vehicle/ai/random\":1651798655,\"types/number\":1654203844,\"events/onExecutionStarted\":1651745862,\"logic/flowSwitch\":1654219421,\"events/interactiveButton\":1653251049,\"types/bool\":1652309257,\"types/genericValue\":1654307286,\"ui/fadeToBlack\":1653620038,\"events/onBeamNGTrigger\":1652559621,\"ui/fadeFromBlack\":1651738720,\"logic/select\":1652265368,\"logic/bundle\":1654220112,\"audio/playOnce\":1651718439,\"debug/pauseManager\":1651740068,\"input/blacklistAction\":1651796412,\"ui/buttons/simpleButton\":1651735566,\"logic/branch\":1654219438,\"scene/idByName\":1652563531,\"gameplay/traffic/trafficScatter\":1653619875,\"logic/wait\":1652977919,\"vehicle/recoverInPlace\":1652168817,\"util/file/saveData\":1651717578}"
    }
  },
  "version":2
}