{"class":"TSStatic","persistentId":"52b8ff05-04de-4098-ba42-d2f5b0c6eaec","__parent":"tss7","position":[709.769348,634.333618,10.5301304],"isRenderEnabled":false,"locked":true,"playAmbient":false,"rotationMatrix":[-0.707106888,0.70710659,0,-0.70710659,-0.707106888,0,0,0,1],"scale":[0.5,0.5,0.5],"shapeName":"/levels/motorsports_playground/art/shapes/buildings/hr/hr_flag_07.dae","useInstanceRenderData":true}
{"class":"TSStatic","persistentId":"03672983-7b84-448a-843c-d0af8964ad6a","__parent":"tss7","position":[709.751892,634.316162,10.5301304],"isRenderEnabled":false,"locked":true,"playAmbient":false,"rotationMatrix":[0.707107067,-0.707106292,0,0.707106292,0.707107067,0,0,0,1],"scale":[0.5,0.5,0.5],"shapeName":"/levels/motorsports_playground/art/shapes/buildings/hr/hr_flag_06.dae","useInstanceRenderData":true}
{"class":"TSStatic","persistentId":"e158da1f-0fd0-4ec2-a8d6-98d2246fdbc3","__parent":"tss7","position":[733.086792,633.517334,10.2392387],"isRenderEnabled":false,"locked":true,"playAmbient":false,"rotationMatrix":[-0.707106531,-0.707106829,0,0.707106829,-0.707106531,0,0,0,1],"scale":[0.5,0.5,0.5],"shapeName":"/levels/motorsports_playground/art/shapes/buildings/hr/hr_flag_06.dae","useInstanceRenderData":true}
{"class":"TSStatic","persistentId":"78e7f0eb-fbe8-4e3f-a773-1285cc39b2e4","__parent":"tss7","position":[733.104248,633.499878,10.2392387],"isRenderEnabled":false,"locked":true,"playAmbient":false,"rotationMatrix":[0.707106829,0.70710665,0,-0.70710665,0.707106829,0,0,0,1],"scale":[0.5,0.5,0.5],"shapeName":"/levels/motorsports_playground/art/shapes/buildings/hr/hr_flag_07.dae","useInstanceRenderData":true}
{"class":"TSStatic","persistentId":"2db3fe94-f57b-4247-9bd6-158c447e8735","__parent":"tss7","position":[727.07373,383.307648,8.43398476],"isRenderEnabled":false,"locked":true,"playAmbient":false,"rotationMatrix":[-0.999999821,-1.78813934e-07,0,1.78813934e-07,-0.999999821,0,0,0,1],"scale":[0.5,0.5,0.5],"shapeName":"/levels/motorsports_playground/art/shapes/buildings/hr/hr_flag_06.dae","useInstanceRenderData":true}
{"class":"TSStatic","persistentId":"bc333064-dd64-4d08-a780-c7990e6357a3","__parent":"tss7","position":[727.07373,383.28299,8.43398476],"isRenderEnabled":false,"locked":true,"playAmbient":false,"rotationMatrix":[0.999999881,-8.94069672e-08,0,8.94069672e-08,0.999999881,0,0,0,1],"scale":[0.5,0.5,0.5],"shapeName":"/levels/motorsports_playground/art/shapes/buildings/hr/hr_flag_07.dae","useInstanceRenderData":true}
{"class":"TSStatic","persistentId":"b3286e9a-8fcd-4c73-9b9f-252de3143cd2","__parent":"tss7","position":[727.082458,400.580292,9.22647858],"isRenderEnabled":false,"locked":true,"playAmbient":false,"rotationMatrix":[-0.707106769,0.70710659,0,-0.70710659,-0.707106769,0,0,0,1],"scale":[0.5,0.5,0.5],"shapeName":"/levels/motorsports_playground/art/shapes/buildings/hr/hr_flag_06.dae","useInstanceRenderData":true}
{"class":"TSStatic","persistentId":"48f23337-e14c-4baf-b531-24b35c5976a3","__parent":"tss7","position":[727.065002,400.562836,9.22647858],"isRenderEnabled":false,"locked":true,"playAmbient":false,"rotationMatrix":[0.70710665,-0.707106829,0,0.707106829,0.70710665,0,0,0,1],"scale":[0.5,0.5,0.5],"shapeName":"/levels/motorsports_playground/art/shapes/buildings/hr/hr_flag_07.dae","useInstanceRenderData":true}
{"class":"TSStatic","persistentId":"74f3884a-c289-4490-8c89-9e1db1cf1a77","__parent":"tss7","position":[727.206299,420.012939,11.1266508],"isRenderEnabled":false,"locked":true,"playAmbient":false,"rotationMatrix":[-0.707106769,0.70710659,0,-0.70710659,-0.707106769,0,0,0,1],"scale":[0.5,0.5,0.5],"shapeName":"/levels/motorsports_playground/art/shapes/buildings/hr/hr_flag_06.dae","useInstanceRenderData":true}
{"class":"TSStatic","persistentId":"e4c03063-70a9-4e79-882e-a7d070670532","__parent":"tss7","position":[727.188843,419.995483,11.1266508],"isRenderEnabled":false,"locked":true,"playAmbient":false,"rotationMatrix":[0.70710665,-0.707106829,0,0.707106829,0.70710665,0,0,0,1],"scale":[0.5,0.5,0.5],"shapeName":"/levels/motorsports_playground/art/shapes/buildings/hr/hr_flag_07.dae","useInstanceRenderData":true}
{"class":"TSStatic","persistentId":"6f77a62e-9e82-4161-9ce8-5b3d791cff56","__parent":"tss7","position":[727.206299,436.336456,13.718791],"isRenderEnabled":false,"locked":true,"playAmbient":false,"rotationMatrix":[-0.707106769,0.70710659,0,-0.70710659,-0.707106769,0,0,0,1],"scale":[0.5,0.5,0.5],"shapeName":"/levels/motorsports_playground/art/shapes/buildings/hr/hr_flag_06.dae","useInstanceRenderData":true}
{"class":"TSStatic","persistentId":"bba68b76-92bd-499e-8efe-38bda2fecd17","__parent":"tss7","position":[727.188843,436.319,13.718791],"isRenderEnabled":false,"locked":true,"playAmbient":false,"rotationMatrix":[0.70710665,-0.707106829,0,0.707106829,0.70710665,0,0,0,1],"scale":[0.5,0.5,0.5],"shapeName":"/levels/motorsports_playground/art/shapes/buildings/hr/hr_flag_07.dae","useInstanceRenderData":true}
{"class":"TSStatic","persistentId":"27561935-f4e6-4aa7-933d-8fc6cca38961","__parent":"tss7","position":[726.883545,454.21225,15.1575823],"isRenderEnabled":false,"locked":true,"playAmbient":false,"rotationMatrix":[-0.707106769,0.70710659,0,-0.70710659,-0.707106769,0,0,0,1],"scale":[0.5,0.5,0.5],"shapeName":"/levels/motorsports_playground/art/shapes/buildings/hr/hr_flag_06.dae","useInstanceRenderData":true}
{"class":"TSStatic","persistentId":"ab35010a-8233-4a2d-b128-52acb73a9b4a","__parent":"tss7","position":[726.866089,454.194794,15.1575823],"isRenderEnabled":false,"locked":true,"playAmbient":false,"rotationMatrix":[0.70710665,-0.707106829,0,0.707106829,0.70710665,0,0,0,1],"scale":[0.5,0.5,0.5],"shapeName":"/levels/motorsports_playground/art/shapes/buildings/hr/hr_flag_07.dae","useInstanceRenderData":true}
{"class":"TSStatic","persistentId":"4cd2c7d1-0fbd-429e-9938-01304aeeb1b8","__parent":"tss7","position":[726.883545,470.598358,16.0096111],"isRenderEnabled":false,"locked":true,"playAmbient":false,"rotationMatrix":[-0.707106769,0.70710659,0,-0.70710659,-0.707106769,0,0,0,1],"scale":[0.5,0.5,0.5],"shapeName":"/levels/motorsports_playground/art/shapes/buildings/hr/hr_flag_06.dae","useInstanceRenderData":true}
{"class":"TSStatic","persistentId":"8b460a28-e81b-4cbe-9250-35a9ca22e8e5","__parent":"tss7","position":[726.866089,470.580902,16.0096111],"isRenderEnabled":false,"locked":true,"playAmbient":false,"rotationMatrix":[0.70710665,-0.707106829,0,0.707106829,0.70710665,0,0,0,1],"scale":[0.5,0.5,0.5],"shapeName":"/levels/motorsports_playground/art/shapes/buildings/hr/hr_flag_07.dae","useInstanceRenderData":true}
{"class":"TSStatic","persistentId":"eefb40c0-fa72-4695-9149-821dbaa68627","__parent":"tss7","position":[726.883545,485.313843,17.1026058],"isRenderEnabled":false,"locked":true,"playAmbient":false,"rotationMatrix":[-0.707106769,0.70710659,0,-0.70710659,-0.707106769,0,0,0,1],"scale":[0.5,0.5,0.5],"shapeName":"/levels/motorsports_playground/art/shapes/buildings/hr/hr_flag_06.dae","useInstanceRenderData":true}
{"class":"TSStatic","persistentId":"b81f330e-7e4d-4881-ab33-57e3222bf5fd","__parent":"tss7","position":[726.866089,485.296387,17.1026058],"isRenderEnabled":false,"locked":true,"playAmbient":false,"rotationMatrix":[0.70710665,-0.707106829,0,0.707106829,0.70710665,0,0,0,1],"scale":[0.5,0.5,0.5],"shapeName":"/levels/motorsports_playground/art/shapes/buildings/hr/hr_flag_07.dae","useInstanceRenderData":true}
{"class":"TSStatic","persistentId":"04c9b3dc-beac-418b-8d70-32b34c5fa276","__parent":"tss7","position":[726.883545,499.860474,17.8192844],"isRenderEnabled":false,"locked":true,"playAmbient":false,"rotationMatrix":[-0.707106769,0.70710659,0,-0.70710659,-0.707106769,0,0,0,1],"scale":[0.5,0.5,0.5],"shapeName":"/levels/motorsports_playground/art/shapes/buildings/hr/hr_flag_06.dae","useInstanceRenderData":true}
{"class":"TSStatic","persistentId":"7467f87d-0dc0-4179-b680-7c8de62bc43c","__parent":"tss7","position":[726.866089,499.843018,17.8192844],"isRenderEnabled":false,"locked":true,"playAmbient":false,"rotationMatrix":[0.70710665,-0.707106829,0,0.707106829,0.70710665,0,0,0,1],"scale":[0.5,0.5,0.5],"shapeName":"/levels/motorsports_playground/art/shapes/buildings/hr/hr_flag_07.dae","useInstanceRenderData":true}
{"class":"TSStatic","persistentId":"69081eac-c7ae-4a37-8682-5a9934a4bc07","__parent":"tss7","position":[726.883545,514.92804,18.6356812],"isRenderEnabled":false,"locked":true,"playAmbient":false,"rotationMatrix":[-0.70710659,0.70710665,0,-0.70710665,-0.70710659,0,0,0,1],"scale":[0.5,0.5,0.5],"shapeName":"/levels/motorsports_playground/art/shapes/buildings/hr/hr_flag_06.dae","useInstanceRenderData":true}
{"class":"TSStatic","persistentId":"251436e7-c340-40a8-9c5e-bf86d85f0ce9","__parent":"tss7","position":[726.866089,514.910583,18.6356812],"isRenderEnabled":false,"locked":true,"playAmbient":false,"rotationMatrix":[0.707106471,-0.707106888,0,0.707106888,0.707106471,0,0,0,1],"scale":[0.5,0.5,0.5],"shapeName":"/levels/motorsports_playground/art/shapes/buildings/hr/hr_flag_07.dae","useInstanceRenderData":true}
{"class":"TSStatic","persistentId":"37427f49-4937-4310-85bf-915275ff34ff","__parent":"tss7","position":[726.883545,529.98999,19.7708073],"isRenderEnabled":false,"locked":true,"playAmbient":false,"rotationMatrix":[-0.707106769,0.70710659,0,-0.70710659,-0.707106769,0,0,0,1],"scale":[0.5,0.5,0.5],"shapeName":"/levels/motorsports_playground/art/shapes/buildings/hr/hr_flag_06.dae","useInstanceRenderData":true}
{"class":"TSStatic","persistentId":"ba2da1e4-3858-4513-b22f-1ee15b9e3552","__parent":"tss7","position":[726.866089,529.972534,19.7708073],"isRenderEnabled":false,"locked":true,"playAmbient":false,"rotationMatrix":[0.70710665,-0.707106829,0,0.707106829,0.70710665,0,0,0,1],"scale":[0.5,0.5,0.5],"shapeName":"/levels/motorsports_playground/art/shapes/buildings/hr/hr_flag_07.dae","useInstanceRenderData":true}
{"class":"TSStatic","persistentId":"eeb889c8-764f-481c-a26b-8791f0c8110f","__parent":"tss7","position":[-4.09287882,-221.189896,11.998023],"isRenderEnabled":false,"locked":true,"playAmbient":false,"rotationMatrix":[0.600470126,0.799647152,0,-0.799647152,0.600470126,0,0,0,1],"shapeName":"/levels/motorsports_playground/art/shapes/race/sign_arrows.dae","useInstanceRenderData":true}
{"class":"TSStatic","persistentId":"4b640853-021d-4af0-ad94-7ae79013762d","__parent":"tss7","position":[-4.08619118,-232.765976,11.998023],"isRenderEnabled":false,"locked":true,"playAmbient":false,"rotationMatrix":[0.340958476,-0.940078199,0,0.940078199,0.340958476,0,0,0,1],"shapeName":"/levels/motorsports_playground/art/shapes/race/sign_arrows.dae","useInstanceRenderData":true}
{"class":"TSStatic","persistentId":"939d6ac2-1c16-4214-b63a-6b7122640118","__parent":"tss7","position":[-4.83822346,-220.728821,7.8979497],"isRenderEnabled":false,"locked":true,"playAmbient":false,"shapeName":"/levels/motorsports_playground/art/shapes/race/sign_speed45.dae","useInstanceRenderData":true}
{"class":"TSStatic","persistentId":"fc3a5dd7-6f01-4a77-b3ee-6a761035d91d","__parent":"tss7","position":[-3.76017046,-220.807144,9.04450989],"isRenderEnabled":false,"locked":true,"playAmbient":false,"rotationMatrix":[0.134843946,0.990866899,0,-0.990866899,0.134843946,0,0,0,1],"shapeName":"/levels/motorsports_playground/art/shapes/race/sign_speed45.dae","useInstanceRenderData":true}
{"class":"TSStatic","persistentId":"d5aacfe6-9ba9-4e8a-8bb6-15960b2fb143","__parent":"tss7","position":[-361.249329,-232.90802,9.28617191],"isRenderEnabled":false,"locked":true,"playAmbient":false,"rotationMatrix":[-0.165419579,-0.986223161,0,0.986223161,-0.165419579,0,0,0,1],"shapeName":"/levels/motorsports_playground/art/shapes/race/sign_speed45.dae","useInstanceRenderData":true}
{"class":"TSStatic","persistentId":"58eb0f59-9368-4009-b13a-53cbe1167f14","__parent":"tss7","position":[-361.040649,-232.646317,12.1863852],"isRenderEnabled":false,"locked":true,"playAmbient":false,"rotationMatrix":[-0.584167898,-0.811632812,0,0.811632812,-0.584167898,0,0,0,1],"shapeName":"/levels/motorsports_playground/art/shapes/race/sign_arrows.dae","useInstanceRenderData":true}
{"class":"TSStatic","persistentId":"9c53cfad-c6a0-444f-a1fe-ebe2f749caec","__parent":"tss7","position":[-361.246857,-220.809219,12.1863852],"isRenderEnabled":false,"locked":true,"playAmbient":false,"rotationMatrix":[-0.424402356,0.905473709,0,-0.905473709,-0.424402356,0,0,0,1],"shapeName":"/levels/motorsports_playground/art/shapes/race/sign_arrows.dae","useInstanceRenderData":true}
{"class":"TSStatic","persistentId":"537fafeb-0867-412c-8e56-f6af99366777","__parent":"tss7","position":[1.15187454,-148.310562,6.80740738],"allowPlayerStep":"1","isRenderEnabled":false,"locked":true,"meshCulling":true,"playAmbient":false,"prebuildCollisionData":true,"rotationMatrix":[-0.98237443,0.186923414,0,-0.186923414,-0.98237443,0,0,0,1],"shapeName":"/levels/motorsports_playground/art/shapes/buildings/hr/hr_flag_02.dae"}
{"class":"TSStatic","persistentId":"c8699fd6-9364-4377-b64e-31c6e61dc172","__parent":"tss7","position":[1.1754446,-170.471603,6.80740786],"allowPlayerStep":"1","isRenderEnabled":false,"locked":true,"meshCulling":true,"playAmbient":false,"prebuildCollisionData":true,"rotationMatrix":[0.826818347,0.562469065,0,-0.562469065,0.826818347,0,0,0,1],"shapeName":"/levels/motorsports_playground/art/shapes/buildings/hr/hr_flag_02.dae"}
{"class":"TSStatic","persistentId":"96d43ac8-a069-44b5-a11d-b777d6eb3254","__parent":"tss7","position":[668.728271,392.18457,9.03677368],"allowPlayerStep":"1","isRenderEnabled":false,"meshCulling":true,"playAmbient":false,"prebuildCollisionData":true,"rotationMatrix":[0.766109943,0.642708719,0.000998707837,-0.642708123,0.766110599,-0.000837840256,-0.00130360795,2.91038305e-11,0.999999166],"scale":[0.5,0.5,0.349999994],"shapeName":"/levels/motorsports_playground/art/shapes/buildings/hr/hr_flag_05.dae"}
{"class":"TSStatic","persistentId":"d5956701-0772-4e45-9bab-bd10d0f350ce","__parent":"tss7","position":[668.728271,392.18457,9.03677368],"allowPlayerStep":"1","isRenderEnabled":false,"meshCulling":true,"playAmbient":false,"prebuildCollisionData":true,"rotationMatrix":[-0.766111135,-0.642707884,-0.000998709118,0.642707288,-0.766111732,0.00083783915,-0.0013036083,0,0.999999166],"scale":[0.5,0.5,0.349999994],"shapeName":"/levels/motorsports_playground/art/shapes/buildings/hr/hr_flag_05.dae"}
{"class":"TSStatic","persistentId":"043f14ac-b695-45af-9cd6-f6df3a464978","__parent":"tss7","position":[667.847717,407.74411,8.75615692],"allowPlayerStep":"1","isRenderEnabled":false,"meshCulling":true,"playAmbient":false,"prebuildCollisionData":true,"rotationMatrix":[-0.855908036,0.517127454,0,-0.517127454,-0.855908036,0,0,0,1],"scale":[0.5,0.5,0.349999994],"shapeName":"/levels/motorsports_playground/art/shapes/buildings/hr/hr_flag_05.dae"}
{"class":"TSStatic","persistentId":"28886b43-322f-4b61-a3ac-ffc30c874e3b","__parent":"tss7","position":[667.847717,407.74411,8.75615692],"allowPlayerStep":"1","isRenderEnabled":false,"meshCulling":true,"playAmbient":false,"prebuildCollisionData":true,"rotationMatrix":[0.855908751,-0.517126322,0,0.517126322,0.855908751,0,0,0,1],"scale":[0.5,0.5,0.349999994],"shapeName":"/levels/motorsports_playground/art/shapes/buildings/hr/hr_flag_05.dae"}
{"class":"TSStatic","persistentId":"e0a84ce4-1f3a-49a5-af31-70a27a8fad08","__parent":"tss7","position":[660.25531,405.938843,8.8628006],"isRenderEnabled":false,"locked":true,"playAmbient":false,"rotationMatrix":[5.96046448e-08,-0.99999994,0,0.99999994,5.96046448e-08,0,0,0,1],"shapeName":"/levels/motorsports_playground/art/shapes/race/sign_arrows.dae","useInstanceRenderData":true}
{"class":"TSStatic","persistentId":"02c0763c-210f-4e73-8977-27902724e41f","__parent":"tss7","position":[660.25531,408.095673,8.8628006],"isRenderEnabled":false,"locked":true,"playAmbient":false,"rotationMatrix":[5.96046448e-08,-0.99999994,0,0.99999994,5.96046448e-08,0,0,0,1],"shapeName":"/levels/motorsports_playground/art/shapes/race/sign_arrows.dae","useInstanceRenderData":true}
{"class":"TSStatic","persistentId":"83ab860e-f3ee-4a88-88a8-a471e546e69f","__parent":"tss7","position":[660.25531,410.226624,8.8628006],"isRenderEnabled":false,"locked":true,"playAmbient":false,"rotationMatrix":[5.96046448e-08,-0.99999994,0,0.99999994,5.96046448e-08,0,0,0,1],"shapeName":"/levels/motorsports_playground/art/shapes/race/sign_arrows.dae","useInstanceRenderData":true}
{"class":"TSStatic","persistentId":"07933153-ce31-4707-a8d7-645f0a2a47e8","__parent":"tss7","position":[667.622864,390.982635,8.85254097],"isRenderEnabled":false,"locked":true,"playAmbient":false,"rotationMatrix":[5.96046448e-08,-0.99999994,0,0.99999994,5.96046448e-08,0,0,0,1],"shapeName":"/levels/motorsports_playground/art/shapes/race/sign_arrows.dae","useInstanceRenderData":true}
{"class":"TSStatic","persistentId":"10ab806d-abd6-462f-808b-acb2d3abd5ac","__parent":"tss7","position":[667.622864,388.851685,8.85254097],"isRenderEnabled":false,"locked":true,"playAmbient":false,"rotationMatrix":[5.96046448e-08,-0.99999994,0,0.99999994,5.96046448e-08,0,0,0,1],"shapeName":"/levels/motorsports_playground/art/shapes/race/sign_arrows.dae","useInstanceRenderData":true}
{"class":"TSStatic","persistentId":"b60256a2-fe54-4ad2-b571-0210ce1690be","__parent":"tss7","position":[667.622864,386.694855,8.85254097],"isRenderEnabled":false,"locked":true,"playAmbient":false,"rotationMatrix":[5.96046448e-08,-0.99999994,0,0.99999994,5.96046448e-08,0,0,0,1],"shapeName":"/levels/motorsports_playground/art/shapes/race/sign_arrows.dae","useInstanceRenderData":true}
{"class":"TSStatic","persistentId":"d01a24ad-384a-448a-9d93-90ca72fe08fc","__parent":"tss7","position":[655.622375,402.068298,8.8628006],"isRenderEnabled":false,"locked":true,"playAmbient":false,"rotationMatrix":[-0.856418133,-0.516282499,0,0.516282499,-0.856418133,0,0,0,1],"shapeName":"/levels/motorsports_playground/art/shapes/race/sign_arrows.dae","useInstanceRenderData":true}
{"class":"TSStatic","persistentId":"c802dd04-a776-4cdb-bc85-581b5ff09304","__parent":"tss7","position":[657.469543,403.181824,8.8628006],"isRenderEnabled":false,"locked":true,"playAmbient":false,"rotationMatrix":[-0.856418133,-0.516282499,0,0.516282499,-0.856418133,0,0,0,1],"shapeName":"/levels/motorsports_playground/art/shapes/race/sign_arrows.dae","useInstanceRenderData":true}
{"class":"TSStatic","persistentId":"8e7af097-2bb5-44cf-baa3-a2d4870fba9f","__parent":"tss7","position":[659.294434,404.282013,8.8628006],"isRenderEnabled":false,"locked":true,"playAmbient":false,"rotationMatrix":[-0.856418133,-0.516282499,0,0.516282499,-0.856418133,0,0,0,1],"shapeName":"/levels/motorsports_playground/art/shapes/race/sign_arrows.dae","useInstanceRenderData":true}
{"class":"TSStatic","persistentId":"bb34e930-6c0f-4ddb-98c4-d74bbaa98380","__parent":"tss7","position":[665.404846,435.756836,8.86279964],"isRenderEnabled":false,"locked":true,"playAmbient":false,"rotationMatrix":[1,5.96046448e-08,0,-5.96046448e-08,1,0,0,0,1],"shapeName":"/levels/motorsports_playground/art/shapes/race/sign_arrows.dae","useInstanceRenderData":true}
{"class":"TSStatic","persistentId":"009a4e3f-6d4d-499d-b01a-8a7b42801b60","__parent":"tss7","position":[663.248047,435.756836,8.86279964],"isRenderEnabled":false,"locked":true,"playAmbient":false,"rotationMatrix":[1,5.96046448e-08,0,-5.96046448e-08,1,0,0,0,1],"shapeName":"/levels/motorsports_playground/art/shapes/race/sign_arrows.dae","useInstanceRenderData":true}
{"class":"TSStatic","persistentId":"bdde2e50-bc7a-4b93-b304-562e76949185","__parent":"tss7","position":[661.117065,435.756836,8.86279964],"isRenderEnabled":false,"locked":true,"playAmbient":false,"rotationMatrix":[1,5.96046448e-08,0,-5.96046448e-08,1,0,0,0,1],"shapeName":"/levels/motorsports_playground/art/shapes/race/sign_arrows.dae","useInstanceRenderData":true}
{"class":"TSStatic","persistentId":"c54411ca-faad-44de-bc23-20a4fde149e5","__parent":"tss7","position":[334.548767,352.221802,10.0030766],"isRenderEnabled":false,"playAmbient":false,"rotationMatrix":[-0.711024165,-0.703167617,0,0.703167617,-0.711024165,0,0,0,1],"shapeName":"/levels/motorsports_playground/art/shapes/race/sign_speed30.dae","useInstanceRenderData":true}
{"class":"TSStatic","persistentId":"e73e8e32-9b60-422e-aebd-01f5db624b33","__parent":"tss7","position":[490.663849,771.106079,10.3548222],"isRenderEnabled":false,"locked":true,"playAmbient":false,"rotationMatrix":[0.204562292,0.978853405,0,-0.978853405,0.204562292,0,0,0,1],"shapeName":"/levels/motorsports_playground/art/shapes/race/sign_speed50.dae","useInstanceRenderData":true}
{"class":"TSStatic","persistentId":"ba2f996d-7bca-410a-ba66-a44537595972","__parent":"tss7","position":[540.209412,-596.891724,9.38048649],"isRenderEnabled":false,"locked":true,"playAmbient":false,"rotationMatrix":[0.512002826,-0.858983576,0,0.858983576,0.512002826,0,0,0,1],"shapeName":"/levels/motorsports_playground/art/shapes/buildings/controlbooth.dae","useInstanceRenderData":true}
{"class":"TSStatic","persistentId":"d944fa0d-9b4f-42d2-8073-edc16aecab9f","__parent":"tss7","position":[539.970154,-600.019348,9.47139359],"isRenderEnabled":false,"locked":true,"playAmbient":false,"rotationMatrix":[1,0,0,0,0.996010125,-0.0892397389,0,0.0892397389,0.996010125],"shapeName":"/levels/motorsports_playground/art/shapes/buildings/hr_easel.DAE","useInstanceRenderData":true}
{"class":"TSStatic","persistentId":"f455790b-525b-4416-9bc7-8d8a05ebe7da","__parent":"tss7","position":[536.616028,-601.304016,9.8447628],"isRenderEnabled":false,"locked":true,"playAmbient":false,"rotationMatrix":[1,0,0,0,0.993368864,-0.114969492,0,0.114969492,0.993368864],"shapeName":"/levels/motorsports_playground/art/shapes/buildings/hr_tiretrolley.DAE","useInstanceRenderData":true}
{"class":"TSStatic","persistentId":"ba11f76b-d456-4c0f-b7b2-c6a4ee028632","__parent":"tss7","position":[550.101257,-648.523987,11.4596434],"isRenderEnabled":false,"locked":true,"playAmbient":false,"rotationMatrix":[0.297628462,-0.954681873,0,0.954681873,0.297628462,0,0,0,1],"shapeName":"/levels/motorsports_playground/art/shapes/buildings/hr/hr_signs_16_c.dae","useInstanceRenderData":true}
{"class":"TSStatic","persistentId":"8b8c9ba7-987c-42a6-9aaa-f43452d7c403","__parent":"tss7","position":[552.484497,-645.74939,11.4596434],"isRenderEnabled":false,"locked":true,"playAmbient":false,"rotationMatrix":[-0.975592971,0.219587088,0,-0.219587088,-0.975592971,0,0,0,1],"shapeName":"/levels/motorsports_playground/art/shapes/buildings/hr/hr_signs_16_c.dae","useInstanceRenderData":true}
{"class":"TSStatic","persistentId":"08bfec94-fe4a-4604-ab30-5fd012d50179","__parent":"tss7","position":[553.65387,-649.127136,11.4596434],"isRenderEnabled":false,"locked":true,"playAmbient":false,"rotationMatrix":[0.677964389,0.735094726,0,-0.735094726,0.677964389,0,0,0,1],"shapeName":"/levels/motorsports_playground/art/shapes/buildings/hr/hr_signs_16_c.dae","useInstanceRenderData":true}
{"class":"TSStatic","persistentId":"7ac255cb-a21f-4639-ad85-ce90ced8a5c4","__parent":"tss7","position":[510.165009,-542.741028,8.67831326],"allowPlayerStep":"1","isRenderEnabled":false,"locked":true,"meshCulling":true,"playAmbient":false,"prebuildCollisionData":true,"rotationMatrix":[0.663344085,-0.748314559,0,0.748314559,0.663344085,0,0,0,1],"scale":[0.600000024,0.600000024,0.600000024],"shapeName":"/levels/motorsports_playground/art/shapes/buildings/hr/hr_flag_01.dae"}
{"class":"TSStatic","persistentId":"2961e72a-32de-4a38-802f-c6d3d2642e45","__parent":"tss7","position":[510.165009,-542.741028,8.67831326],"allowPlayerStep":"1","isRenderEnabled":false,"locked":true,"meshCulling":true,"playAmbient":false,"prebuildCollisionData":true,"rotationMatrix":[-0.663345456,0.748313189,0,-0.748313189,-0.663345456,0,0,0,1],"scale":[0.600000024,0.600000024,0.600000024],"shapeName":"/levels/motorsports_playground/art/shapes/buildings/hr/hr_flag_01.dae"}
{"class":"TSStatic","persistentId":"251b8546-9232-4ae4-9298-b20f35dbd87b","__parent":"tss7","position":[514.405823,-539.329041,11.2858057],"isRenderEnabled":false,"locked":true,"playAmbient":false,"rotationMatrix":[0.876012385,0.482288897,0,-0.482288897,0.876012385,0,0,0,1],"shapeName":"/levels/motorsports_playground/art/shapes/buildings/hr/hr_signs_04_c.dae","useInstanceRenderData":true}
{"class":"TSStatic","persistentId":"519f2bc2-834f-4174-aead-49f3d732330f","__parent":"tss7","position":[558.641907,-512.510498,5.6037035],"isRenderEnabled":false,"locked":true,"playAmbient":false,"rotationMatrix":[-0.941085279,-0.338169634,0,0.338169634,-0.941085279,0,0,0,1],"scale":[2,2,2],"shapeName":"/levels/motorsports_playground/art/shapes/buildings/hr/hr_signs_04_c.dae","useInstanceRenderData":true}
{"class":"TSStatic","persistentId":"1b9da1cf-0186-4bb5-a7d1-21e19198a34d","__parent":"tss7","position":[825.700256,-526.746033,16.4017525],"isRenderEnabled":false,"locked":true,"playAmbient":false,"rotationMatrix":[-0.933798909,-0.357798278,0,0.357798189,-0.933798671,-0.000690533896,0.000247071846,-0.000644819811,0.999999762],"shapeName":"/levels/motorsports_playground/art/shapes/buildings/hr_building1.dae","useInstanceRenderData":true}
{"class":"TSStatic","persistentId":"9044f9b2-dc01-49a2-8091-cdfb66fabe05","__parent":"tss7","position":[491.065216,-545.254089,8.67831326],"allowPlayerStep":"1","isRenderEnabled":false,"locked":true,"meshCulling":true,"playAmbient":false,"prebuildCollisionData":true,"rotationMatrix":[-0.993610859,0.112859607,0,-0.112859607,-0.993610859,0,0,0,1],"scale":[0.600000024,0.600000024,0.600000024],"shapeName":"/levels/motorsports_playground/art/shapes/buildings/hr/hr_flag_01.dae"}
{"class":"TSStatic","persistentId":"1608932a-af57-40bc-9156-f2aa0978fa17","__parent":"tss7","position":[539.809998,-514.749695,8.67831516],"allowPlayerStep":"1","isRenderEnabled":false,"locked":true,"meshCulling":true,"playAmbient":false,"prebuildCollisionData":true,"rotationMatrix":[-0.873706043,-0.48645407,0,0.48645407,-0.873706043,0,0,0,1],"scale":[0.600000024,0.600000024,0.600000024],"shapeName":"/levels/motorsports_playground/art/shapes/buildings/hr/hr_flag_02.dae"}
{"class":"TSStatic","persistentId":"195bd973-4315-4409-afbd-8aabf927a3d1","__parent":"tss7","position":[607.596863,-547.686584,3.16198349],"allowPlayerStep":"1","isRenderEnabled":false,"meshCulling":true,"playAmbient":false,"prebuildCollisionData":true,"rotationMatrix":[0.807403088,0.590000093,0,-0.590000093,0.807403088,0,0,0,1],"scale":[0.600000024,0.600000024,0.600000024],"shapeName":"/levels/motorsports_playground/art/shapes/buildings/hr/hr_flag_08.dae"}
{"class":"TSStatic","persistentId":"a41ee740-c9ad-4f5d-af4a-8a334cbed5f7","__parent":"tss7","position":[491.065216,-545.254089,8.67831326],"allowPlayerStep":"1","isRenderEnabled":false,"locked":true,"meshCulling":true,"playAmbient":false,"prebuildCollisionData":true,"rotationMatrix":[0.99361074,-0.112861544,0,0.112861544,0.99361074,0,0,0,1],"scale":[0.600000024,0.600000024,0.600000024],"shapeName":"/levels/motorsports_playground/art/shapes/buildings/hr/hr_flag_01.dae"}
{"class":"TSStatic","persistentId":"54f97061-8a9d-4310-b33e-4a0bb6515fd8","__parent":"tss7","position":[607.596863,-547.686584,3.16198349],"allowPlayerStep":"1","isRenderEnabled":false,"meshCulling":true,"playAmbient":false,"prebuildCollisionData":true,"rotationMatrix":[-0.80740273,-0.590000927,0,0.590000927,-0.80740273,0,0,0,1],"scale":[0.600000024,0.600000024,0.600000024],"shapeName":"/levels/motorsports_playground/art/shapes/buildings/hr/hr_flag_07.dae"}
{"class":"TSStatic","persistentId":"c5e11bd5-e43e-451f-8650-c3fbad784980","__parent":"tss7","position":[573.370605,-529.456604,9.49653244],"allowPlayerStep":"1","isRenderEnabled":false,"meshCulling":true,"playAmbient":false,"prebuildCollisionData":true,"rotationMatrix":[0.42210263,0.906548083,0,-0.906548083,0.42210263,0,0,0,1],"scale":[0.600000024,0.600000024,0.600000024],"shapeName":"/levels/motorsports_playground/art/shapes/buildings/hr/hr_flag_08.dae"}
{"class":"TSStatic","persistentId":"dda376f3-7122-483c-a7cd-1ff0ce2a7070","__parent":"tss7","position":[573.370605,-529.456604,9.49653244],"allowPlayerStep":"1","isRenderEnabled":false,"meshCulling":true,"playAmbient":false,"prebuildCollisionData":true,"rotationMatrix":[-0.422101885,-0.906548262,0,0.906548262,-0.422101885,0,0,0,1],"scale":[0.600000024,0.600000024,0.600000024],"shapeName":"/levels/motorsports_playground/art/shapes/buildings/hr/hr_flag_07.dae"}
{"class":"TSStatic","persistentId":"e2b1d9bb-44d6-465d-ad0f-7eb4fb343408","__parent":"tss7","position":[571.677551,-528.53717,8.18372917],"isRenderEnabled":false,"playAmbient":false,"rotationMatrix":[-0.88213551,0.470994473,0,-0.470994473,-0.88213551,0,0,0,1],"scale":[1.5,1.5,1.10000002],"shapeName":"/levels/motorsports_playground/art/shapes/buildings/gantry.dae","useInstanceRenderData":true}
{"class":"TSStatic","persistentId":"87df64c0-3b79-4d24-8b07-bc14db78d5d7","__parent":"tss7","position":[559.149292,-517.996948,12.0850105],"isRenderEnabled":false,"playAmbient":false,"rotationMatrix":[0.942617834,0.333872259,0,-0.333872259,0.942617834,0,0,0,1],"scale":[2.5,1.25,1.5],"shapeName":"/levels/motorsports_playground/art/shapes/buildings/bleacher.dae","useInstanceRenderData":true}
{"class":"TSStatic","persistentId":"140d9dd3-c338-45aa-8fa2-faa6069ddb90","__parent":"tss7","position":[586.620667,-632.910095,14.1850071],"isRenderEnabled":false,"locked":true,"playAmbient":false,"rotationMatrix":[-0.949486136,-0.31380707,0,0.31380707,-0.949486136,0,0,0,1],"scale":[2.5,1.5,1.5],"shapeName":"/levels/motorsports_playground/art/shapes/buildings/bleacher.dae","useInstanceRenderData":true}
{"class":"TSStatic","persistentId":"03d16aba-e806-4586-97f1-c442c719daf6","__parent":"tss7","position":[1020.32471,877.652283,9.46250153],"instanceColor":[9.99999997e-07,4.80147378e-07,4.80147378e-07,1],"isRenderEnabled":false,"locked":true,"playAmbient":false,"rotationMatrix":[1,0,0,0,0.999999762,-0.000690533896,0,0.000690533896,0.999999762],"shapeName":"/levels/motorsports_playground/art/shapes/buildings/gantry.dae"}
{"class":"TSStatic","persistentId":"68502796-19ae-4c1c-b201-cc1fa6d88c48","__parent":"tss7","position":[-149.492203,-170.545624,6.80740786],"allowPlayerStep":"1","isRenderEnabled":false,"locked":true,"meshCulling":true,"playAmbient":false,"prebuildCollisionData":true,"rotationMatrix":[0.98237437,-0.186923727,0,0.186923727,0.98237437,0,0,0,1],"shapeName":"/levels/motorsports_playground/art/shapes/buildings/hr/hr_flag_01.dae"}
{"class":"TSStatic","persistentId":"8b0c968a-a2a0-4392-aca5-8dd7df99199a","__parent":"tss7","position":[-149.650543,-148.489182,6.80740738],"allowPlayerStep":"1","isRenderEnabled":false,"locked":true,"meshCulling":true,"playAmbient":false,"prebuildCollisionData":true,"rotationMatrix":[-0.826818526,-0.562468767,0,0.562468767,-0.826818526,0,0,0,1],"shapeName":"/levels/motorsports_playground/art/shapes/buildings/hr/hr_flag_01.dae"}
{"class":"TSStatic","persistentId":"62658a94-22d7-48ae-8e5a-e34598a36c43","__parent":"tss7","position":[1063.77417,637.145081,7.56664133],"isRenderEnabled":false,"locked":true,"playAmbient":false,"rotationMatrix":[-0.378243238,-0.925705969,0,0.925705969,-0.378243238,0,0,0,1],"shapeName":"/levels/motorsports_playground/art/shapes/race/sign_arrows.dae","useInstanceRenderData":true}
{"class":"TSStatic","persistentId":"d0fe4d9c-fdfa-42b5-b6ed-3f1decf8cf19","__parent":"tss7","position":[1063.2959,637.212402,9.72888374],"isRenderEnabled":false,"locked":true,"playAmbient":false,"rotationMatrix":[-0.378243238,-0.925705969,0,0.925705969,-0.378243238,0,0,0,1],"shapeName":"/levels/motorsports_playground/art/shapes/race/sign_arrows.dae","useInstanceRenderData":true}
{"class":"TSStatic","persistentId":"74809cac-ff26-4ada-a4d9-846601571e1d","__parent":"tss7","position":[894.810364,669.606445,7.67961693],"isRenderEnabled":false,"locked":true,"playAmbient":false,"rotationMatrix":[0.00580490753,-0.999982774,0,0.999982774,0.00580490753,0,0,0,1],"shapeName":"/levels/motorsports_playground/art/shapes/race/sign_arrows.dae","useInstanceRenderData":true}
{"class":"TSStatic","persistentId":"c8bc2bb8-5ca3-4a2f-9c08-3b9a15d54260","__parent":"tss7","position":[883.197449,694.10968,10.4291859],"isRenderEnabled":false,"locked":true,"playAmbient":false,"rotationMatrix":[-0.999344289,0.0361951478,0,-0.0361951478,-0.999344289,0,0,0,1],"shapeName":"/levels/motorsports_playground/art/shapes/race/sign_arrows.dae","useInstanceRenderData":true}
{"class":"TSStatic","persistentId":"db953811-4299-4290-a1e0-316660e0b8fc","__parent":"tss7","position":[883.189636,706.417114,8.86922264],"isRenderEnabled":false,"locked":true,"playAmbient":false,"rotationMatrix":[-0.999344289,0.0361951478,0,-0.0361951478,-0.999344289,0,0,0,1],"shapeName":"/levels/motorsports_playground/art/shapes/race/sign_arrows.dae","useInstanceRenderData":true}
{"class":"TSStatic","persistentId":"d57c1026-7d48-4284-a771-3e3199813dcc","__parent":"tss7","position":[883.275391,678.696716,11.5176373],"isRenderEnabled":false,"locked":true,"playAmbient":false,"rotationMatrix":[-0.999344289,0.0361951478,0,-0.0361951478,-0.999344289,0,0,0,1],"shapeName":"/levels/motorsports_playground/art/shapes/race/sign_arrows.dae","useInstanceRenderData":true}
{"class":"TSStatic","persistentId":"bbc38fad-9cf3-4cfe-9ef5-750577aad8f8","__parent":"tss7","position":[883.237976,718.742249,7.51056528],"isRenderEnabled":false,"locked":true,"playAmbient":false,"rotationMatrix":[-0.999344289,0.0361951478,0,-0.0361951478,-0.999344289,0,0,0,1],"shapeName":"/levels/motorsports_playground/art/shapes/race/sign_arrows.dae","useInstanceRenderData":true}
{"class":"TSStatic","persistentId":"496ac9c7-ccd4-4c31-ae8b-35fb9469136d","__parent":"tss7","position":[728.631226,-525.282959,11.8645163],"allowPlayerStep":"1","isRenderEnabled":false,"meshCulling":true,"playAmbient":false,"prebuildCollisionData":true,"rotationMatrix":[0.52082634,0.85366261,0,-0.85366261,0.52082634,0,0,0,1],"scale":[0.600000024,0.600000024,0.349999994],"shapeName":"/levels/motorsports_playground/art/shapes/buildings/hr/hr_flag_01.dae"}
{"class":"TSStatic","persistentId":"06d2aabd-9419-4eff-8884-d54458881085","__parent":"tss7","position":[728.631226,-525.282959,9.57997799],"allowPlayerStep":"1","isRenderEnabled":false,"meshCulling":true,"playAmbient":false,"prebuildCollisionData":true,"rotationMatrix":[-0.520824671,-0.853663564,0,0.853663564,-0.520824671,0,0,0,1],"scale":[0.600000024,0.600000024,0.349999994],"shapeName":"/levels/motorsports_playground/art/shapes/buildings/hr/hr_flag_01.dae"}
{"class":"TSStatic","persistentId":"8741151a-bcfc-4ea7-909c-9489cfa620aa","__parent":"tss7","position":[701.561646,-495.370819,12.4084377],"allowPlayerStep":"1","isRenderEnabled":false,"locked":true,"meshCulling":true,"playAmbient":false,"prebuildCollisionData":true,"rotationMatrix":[0.941644967,-0.336607575,0,0.336607575,0.941644967,0,0,0,1],"scale":[0.600000024,0.600000024,0.349999994],"shapeName":"/levels/motorsports_playground/art/shapes/buildings/hr/hr_flag_01.dae"}
{"class":"TSStatic","persistentId":"95805fbc-8b78-4a22-810a-8c47e17a1f26","__parent":"tss7","position":[701.561646,-495.370819,10.1238995],"allowPlayerStep":"1","isRenderEnabled":false,"locked":true,"meshCulling":true,"playAmbient":false,"prebuildCollisionData":true,"rotationMatrix":[-0.941645622,0.336605698,0,-0.336605698,-0.941645622,0,0,0,1],"scale":[0.600000024,0.600000024,0.349999994],"shapeName":"/levels/motorsports_playground/art/shapes/buildings/hr/hr_flag_01.dae"}
{"class":"TSStatic","persistentId":"3c75eddf-ee18-47ca-a985-56546368f2ad","__parent":"tss7","position":[-876.910095,832.399536,12.8360815],"isRenderEnabled":false,"locked":true,"playAmbient":false,"rotationMatrix":[5.96046448e-08,-0.99999994,0,0.99999994,5.96046448e-08,0,0,0,1],"shapeName":"/levels/motorsports_playground/art/shapes/race/sign_arrows.dae","useInstanceRenderData":true}
{"class":"TSStatic","persistentId":"6fa7a7bf-9f9b-472b-ba0d-dfe397046cf7","__parent":"tss7","position":[-878.711914,862.200684,13.7514439],"isRenderEnabled":false,"playAmbient":false,"rotationMatrix":[-0.076290682,-0.997085512,0,0.997085512,-0.076290682,0,0,0,1],"shapeName":"/levels/motorsports_playground/art/shapes/race/sign_arrows.dae","useInstanceRenderData":true}
{"class":"TSStatic","persistentId":"77d47e1a-1922-45b2-8756-dc90897efb1e","__parent":"tss7","position":[-902.196899,842.717041,14.0044603],"isRenderEnabled":false,"playAmbient":false,"rotationMatrix":[0.0892971531,-0.996004939,0,0.996004939,0.0892971531,0,0,0,1],"shapeName":"/levels/motorsports_playground/art/shapes/race/sign_arrows.dae","useInstanceRenderData":true}
{"class":"TSStatic","persistentId":"081949ad-0888-4f9e-89e7-50db70fd8619","__parent":"tss7","position":[-904.207825,942.031189,13.0248127],"isRenderEnabled":false,"locked":true,"playAmbient":false,"rotationMatrix":[-0.99887234,-0.0474719368,0,0.0474719368,-0.99887234,0,0,0,1],"scale":[0.5,1,0.75],"shapeName":"/levels/motorsports_playground/art/shapes/race/sign_arrows.dae","useInstanceRenderData":true}
{"class":"TSStatic","persistentId":"cc36d3ab-f8ff-4acf-b1f6-77eb7e87d1b6","__parent":"tss7","position":[-904.207825,942.079224,13.7655182],"isRenderEnabled":false,"locked":true,"playAmbient":false,"rotationMatrix":[-0.99887234,-0.0474719368,0,0.0474719368,-0.99887234,0,0,0,1],"scale":[0.5,1,0.5],"shapeName":"/levels/motorsports_playground/art/shapes/race/sign_arrows.dae","useInstanceRenderData":true}
{"class":"TSStatic","persistentId":"e7f49f7b-a441-4d70-b7fa-d3daa3a44d1f","__parent":"tss7","position":[-156.644485,683.428955,19.6436138],"isRenderEnabled":false,"locked":true,"playAmbient":false,"rotationMatrix":[0.602505088,-0.798114657,0,0.798114657,0.602505088,0,0,0,1],"shapeName":"/levels/motorsports_playground/art/shapes/race/sign_arrows.dae","useInstanceRenderData":true}
{"class":"TSStatic","persistentId":"9ff14d1d-13d2-49e2-8675-7999a5f711cf","__parent":"tss7","position":[-156.480621,696.705505,19.6436138],"isRenderEnabled":false,"locked":true,"playAmbient":false,"rotationMatrix":[0.571534336,0.82057786,0,-0.82057786,0.571534336,0,0,0,1],"shapeName":"/levels/motorsports_playground/art/shapes/race/sign_arrows.dae","useInstanceRenderData":true}
{"class":"TSStatic","persistentId":"d1a34d88-7954-4dc9-ad79-5267bdaa0bba","__parent":"tss7","position":[-200.583969,733.417236,19.6914673],"isRenderEnabled":false,"locked":true,"playAmbient":false,"rotationMatrix":[0.926246643,0.376916647,0,-0.376916647,0.926246643,0,0,0,1],"shapeName":"/levels/motorsports_playground/art/shapes/race/sign_arrows.dae","useInstanceRenderData":true}
{"class":"TSStatic","persistentId":"ebd0c522-8108-47c5-ac09-b8334edae2ad","__parent":"tss7","position":[-347.848236,702.839172,19.1416473],"isRenderEnabled":false,"locked":true,"playAmbient":false,"rotationMatrix":[0.161511049,-0.985536039,0.0513028204,0.986870587,0.161292642,-0.00839620922,0,0.051985357,0.99864769],"shapeName":"/levels/motorsports_playground/art/shapes/race/sign_arrows.dae","useInstanceRenderData":true}
{"class":"TSStatic","persistentId":"be071e48-df34-4a2d-80dd-9478ddcefe28","__parent":"tss7","position":[-326.290344,675.189941,19.5321598],"isRenderEnabled":false,"locked":true,"playAmbient":false,"rotationMatrix":[-0.934346139,-0.356365681,0,0.356365681,-0.934346139,0,0,0,1],"shapeName":"/levels/motorsports_playground/art/shapes/race/sign_arrows.dae","useInstanceRenderData":true}
{"class":"TSStatic","persistentId":"d5287072-925d-4c42-a643-1e1abff8de96","__parent":"tss7","position":[-334.985291,677.281006,19.4258747],"isRenderEnabled":false,"locked":true,"playAmbient":false,"rotationMatrix":[-0.957879305,-0.287169427,0,0.287169427,-0.957879305,0,0,0,1],"shapeName":"/levels/motorsports_playground/art/shapes/race/sign_arrows.dae","useInstanceRenderData":true}
{"class":"TSStatic","persistentId":"c55978d4-b9fa-469e-97e9-d9751afa6716","__parent":"tss7","position":[-186.732925,729.137634,19.6524658],"isRenderEnabled":false,"locked":true,"playAmbient":false,"rotationMatrix":[-0.553089499,0.833121419,0,-0.833121419,-0.553089499,0,0,0,1],"shapeName":"/levels/motorsports_playground/art/shapes/race/sign_arrows.dae","useInstanceRenderData":true}
{"class":"TSStatic","persistentId":"7105a46d-60d6-42fb-ba49-4f07b7a5376b","__parent":"tss7","position":[-336.793549,765.480408,17.2078304],"isRenderEnabled":false,"locked":true,"playAmbient":false,"rotationMatrix":[-0.998063326,0.0621957555,0,-0.0621957555,-0.998063326,0,0,0,1],"shapeName":"/levels/motorsports_playground/art/shapes/race/sign_arrows.dae","useInstanceRenderData":true}
{"class":"TSStatic","persistentId":"ce0e4ce2-0e77-40af-a53e-01f9defc9c63","__parent":"tss7","position":[-348.936127,755.784973,17.459816],"isRenderEnabled":false,"locked":true,"playAmbient":false,"rotationMatrix":[-0.981674194,-0.190563738,0,0.190563738,-0.981674194,0,0,0,1],"shapeName":"/levels/motorsports_playground/art/shapes/race/sign_arrows.dae","useInstanceRenderData":true}
{"class":"TSStatic","persistentId":"fd3bee4a-6356-4050-9f81-3bb3ff547210","__parent":"tss7","position":[-354.959808,739.930054,17.871645],"isRenderEnabled":false,"locked":true,"playAmbient":false,"rotationMatrix":[-0.598752618,0.800932944,0,-0.800932944,-0.598752618,0,0,0,1],"shapeName":"/levels/motorsports_playground/art/shapes/race/sign_arrows.dae","useInstanceRenderData":true}
{"class":"TSStatic","persistentId":"74a0a09c-0e2f-47a7-88f9-4e17f6356fff","__parent":"tss7","position":[-312.802185,681.079041,19.5000019],"isRenderEnabled":false,"locked":true,"playAmbient":false,"rotationMatrix":[-0.885777712,-0.464109063,0,0.464109063,-0.885777712,0,0,0,1],"shapeName":"/levels/motorsports_playground/art/shapes/race/sign_arrows.dae","useInstanceRenderData":true}
{"class":"TSStatic","persistentId":"93ade9d3-943a-4244-b981-d845b7d86b2b","__parent":"tss7","position":[-319.884155,676.07605,19.61483],"isRenderEnabled":false,"locked":true,"playAmbient":false,"rotationMatrix":[-0.903896272,-0.427750528,0,0.427750528,-0.903896272,0,0,0,1],"shapeName":"/levels/motorsports_playground/art/shapes/race/sign_arrows.dae","useInstanceRenderData":true}
{"class":"TSStatic","persistentId":"86ea6f12-ea9b-4e95-b695-1b7ba45b9f22","__parent":"tss7","position":[-160.105713,672.997009,19.6436138],"isRenderEnabled":false,"locked":true,"playAmbient":false,"rotationMatrix":[0.836567223,0.547863781,0,-0.547863781,0.836567223,0,0,0,1],"shapeName":"/levels/motorsports_playground/art/shapes/race/sign_arrows.dae","useInstanceRenderData":true}
{"class":"TSStatic","persistentId":"84e1ff26-35a5-4372-8d32-2cf2379041ea","__parent":"tss7","position":[-160.885803,708.610596,19.625658],"isRenderEnabled":false,"locked":true,"playAmbient":false,"rotationMatrix":[0.882538021,-0.470239997,0,0.470239997,0.882538021,0,0,0,1],"shapeName":"/levels/motorsports_playground/art/shapes/race/sign_arrows.dae","useInstanceRenderData":true}
{"class":"TSStatic","persistentId":"813baa1f-eb75-4d76-967d-696d525cb149","__parent":"tss7","position":[-202.293976,761.640686,13.7039413],"isRenderEnabled":false,"locked":true,"playAmbient":false,"rotationMatrix":[0.938892365,0.343445987,-0.0229107961,-0.343555808,0.9391312,-0.000918326958,0.0212008711,0.00873335637,0.999737024],"shapeName":"/levels/motorsports_playground/art/shapes/race/sign_arrows.dae","useInstanceRenderData":true}
{"class":"TSStatic","persistentId":"654865a9-c96b-4f50-897a-a85598824144","__parent":"tss7","position":[-203.042587,762.277161,13.7528496],"isRenderEnabled":false,"locked":true,"playAmbient":false,"rotationMatrix":[0.242809013,0.969802678,-0.0229107961,-0.970062137,0.242852256,-0.000918326958,0.00467334781,0.0224478971,0.999737024],"shapeName":"/levels/motorsports_playground/art/shapes/race/sign_arrows.dae","useInstanceRenderData":true}
{"class":"TSStatic","persistentId":"6cc01f47-84f4-4b7a-9bc0-b485f0907db3","__parent":"tss7","position":[-238.116394,626.820068,19.8447475],"isRenderEnabled":false,"locked":true,"playAmbient":false,"rotationMatrix":[0.415654063,-0.909233212,-0.0229107961,0.909462929,0.415782183,-0.000918326958,0.0103608854,-0.0204548351,0.999737024],"shapeName":"/levels/motorsports_playground/art/shapes/race/sign_arrows.dae","useInstanceRenderData":true}
{"class":"TSStatic","persistentId":"85d61527-5784-45e7-8b01-c8a262df0c90","__parent":"tss7","position":[-239.098541,626.850098,19.7958393],"isRenderEnabled":false,"locked":true,"playAmbient":false,"rotationMatrix":[-0.519143164,-0.854379535,-0.0229107961,0.854614377,-0.519261122,-0.000918326958,-0.0111120995,-0.0200566594,0.999737024],"shapeName":"/levels/motorsports_playground/art/shapes/race/sign_arrows.dae","useInstanceRenderData":true}
{"class":"TSStatic","persistentId":"fe765548-15d4-4330-9329-880d2094400f","__parent":"tss7","position":[-254.036804,631.363892,19.4631424],"isRenderEnabled":false,"locked":true,"playAmbient":false,"rotationMatrix":[-0.0549556613,-0.998224854,-0.0229107961,0.998487771,-0.054949075,-0.000918326958,-0.000342230313,-0.0229266435,0.999737024],"shapeName":"/levels/motorsports_playground/art/shapes/race/sign_arrows.dae","useInstanceRenderData":true}
{"class":"TSStatic","persistentId":"6b3312c0-d145-42da-8bf0-85aeec9cbef8","__parent":"tss7","position":[-254.892273,631.84729,19.4142342],"isRenderEnabled":false,"locked":true,"playAmbient":false,"rotationMatrix":[-0.856964231,-0.514865041,-0.0229107961,0.515018046,-0.857177854,-0.000918326958,-0.0191658344,-0.0125864586,0.999737024],"shapeName":"/levels/motorsports_playground/art/shapes/race/sign_arrows.dae","useInstanceRenderData":true}
{"class":"TSStatic","persistentId":"bb3314e0-96d9-43e9-9c18-0e486375825b","__parent":"tss7","position":[-266.379089,643.996521,18.1356297],"isRenderEnabled":false,"locked":true,"playAmbient":false,"rotationMatrix":[-0.350624055,-0.936234891,-0.0229107961,0.936487734,-0.350696295,-0.000918326958,-0.00717496965,-0.0217776913,0.999737024],"shapeName":"/levels/motorsports_playground/art/shapes/race/sign_arrows.dae","useInstanceRenderData":true}
{"class":"TSStatic","persistentId":"61b0ccb4-b613-4cbe-8366-54d54ff5ee90","__parent":"tss7","position":[-267.051117,644.71344,18.0867214],"isRenderEnabled":false,"locked":true,"playAmbient":false,"rotationMatrix":[-0.971633315,-0.235376924,-0.0229107961,0.235459119,-0.97188288,-0.000918326958,-0.0220504813,-0.00628683809,0.999737024],"shapeName":"/levels/motorsports_playground/art/shapes/race/sign_arrows.dae","useInstanceRenderData":true}
{"class":"TSStatic","persistentId":"e3421e4e-d2ff-47f9-8a36-4514a5376157","__parent":"tss7","position":[-139.108124,660.660522,15.0428104],"isRenderEnabled":false,"locked":true,"playAmbient":false,"rotationMatrix":[0.551287591,-0.828997195,0.0940396637,0.834206581,0.545893133,-0.0780890808,0.013400048,0.121498249,0.992500544],"shapeName":"/levels/motorsports_playground/art/shapes/race/sign_arrows.dae","useInstanceRenderData":true}
{"class":"TSStatic","persistentId":"f5d0ee5d-60c2-4423-b3d6-c193cccedd28","__parent":"tss7","position":[-138.661957,661.534302,14.9686975],"isRenderEnabled":false,"locked":true,"playAmbient":false,"rotationMatrix":[0.99966532,-0.0150112314,-0.0210167002,0.0119041204,0.989956796,-0.14085716,0.0229201131,0.14056015,0.989806235],"shapeName":"/levels/motorsports_playground/art/shapes/race/sign_arrows.dae","useInstanceRenderData":true}
{"class":"TSStatic","persistentId":"58e4b20c-09bc-4ef3-b851-609372555f08","__parent":"tss7","position":[-139.108124,667.825989,14.2481127],"isRenderEnabled":false,"locked":true,"playAmbient":false,"rotationMatrix":[0.551287591,-0.828997195,0.0940396637,0.834206581,0.545893133,-0.0780890808,0.013400048,0.121498249,0.992500544],"shapeName":"/levels/motorsports_playground/art/shapes/race/sign_arrows.dae","useInstanceRenderData":true}
{"class":"TSStatic","persistentId":"8365f795-4c32-4eb1-b4f5-c0dbb123c472","__parent":"tss7","position":[-138.661957,668.699768,14.1739998],"isRenderEnabled":false,"locked":true,"playAmbient":false,"rotationMatrix":[0.99966532,-0.0150112314,-0.0210167002,0.0119041204,0.989956796,-0.14085716,0.0229201131,0.14056015,0.989806235],"shapeName":"/levels/motorsports_playground/art/shapes/race/sign_arrows.dae","useInstanceRenderData":true}
{"class":"TSStatic","persistentId":"04ac7aac-af16-48fb-84fe-4afc73636cbb","__parent":"tss7","position":[-265.38504,752.314758,15.9376345],"isRenderEnabled":false,"locked":true,"playAmbient":false,"rotationMatrix":[-0.997357666,0.072639443,0,-0.072639443,-0.997357666,0,0,0,1],"scale":[1,1,0.709016323],"shapeName":"/levels/motorsports_playground/art/shapes/race/sign_arrows.dae","useInstanceRenderData":true}
{"class":"TSStatic","persistentId":"5e64548a-face-4c6f-bef3-139217659451","__parent":"tss7","position":[-263.199219,752.155884,15.9376345],"isRenderEnabled":false,"locked":true,"playAmbient":false,"rotationMatrix":[0.997357607,-0.0726391077,0,0.0726391077,0.997357607,0,0,0,1],"scale":[1,1,0.709016323],"shapeName":"/levels/motorsports_playground/art/shapes/race/sign_arrows.dae","useInstanceRenderData":true}
{"class":"TSStatic","persistentId":"74db3946-4b89-4cb6-94da-eecd75703308","__parent":"tss7","position":[-264.565979,751.279785,15.9376345],"isRenderEnabled":false,"locked":true,"playAmbient":false,"rotationMatrix":[0.26910162,0.963111103,0,-0.963111103,0.26910162,0,0,0,1],"scale":[1,1,0.709016323],"shapeName":"/levels/motorsports_playground/art/shapes/race/sign_arrows.dae","useInstanceRenderData":true}
{"class":"TSStatic","persistentId":"7984da89-65b8-421b-9b69-ca6a4982ab9b","__parent":"tss7","position":[-263.67923,751.359741,15.9376345],"isRenderEnabled":false,"locked":true,"playAmbient":false,"rotationMatrix":[-0.566820204,0.823840559,0,-0.823840559,-0.566820204,0,0,0,1],"scale":[1,1,0.709016323],"shapeName":"/levels/motorsports_playground/art/shapes/race/sign_arrows.dae","useInstanceRenderData":true}
{"class":"TSStatic","persistentId":"10d0758a-fdd1-4131-a149-02ece88ada37","__parent":"tss7","position":[-281.065796,732.402832,16.0844917],"isRenderEnabled":false,"locked":true,"playAmbient":false,"rotationMatrix":[-0.996319532,-0.082584016,-0.0229107961,0.0826266557,-0.996579111,-0.000918326958,-0.0227566045,-0.00280799204,0.999737024],"shapeName":"/levels/motorsports_playground/art/shapes/race/sign_arrows.dae","useInstanceRenderData":true}
{"class":"TSStatic","persistentId":"68abbf51-6f32-4512-ae1f-1782da8429af","__parent":"tss7","position":[-280.704346,733.31665,16.0355854],"isRenderEnabled":false,"locked":true,"playAmbient":false,"rotationMatrix":[-0.627621174,0.778180599,-0.0229107961,-0.778371215,-0.627802074,-0.000918326958,-0.0150980838,0.0172567647,0.999737024],"shapeName":"/levels/motorsports_playground/art/shapes/race/sign_arrows.dae","useInstanceRenderData":true}
{"class":"TSStatic","persistentId":"96e45977-2824-4c48-b8de-bd7aa77e49e1","__parent":"tss7","position":[-281.248383,739.282227,16.0391121],"isRenderEnabled":false,"locked":true,"playAmbient":false,"rotationMatrix":[-0.980356395,0.195951313,-0.0224004462,-0.195890561,-0.980612338,-0.00489569968,-0.0229254998,-0.000411495101,0.999737024],"shapeName":"/levels/motorsports_playground/art/shapes/race/sign_arrows.dae","useInstanceRenderData":true}
{"class":"TSStatic","persistentId":"3686d808-b7e6-4876-918a-d9a429384249","__parent":"tss7","position":[-280.77298,739.974121,16.0355854],"isRenderEnabled":false,"locked":true,"playAmbient":false,"rotationMatrix":[-0.542752981,0.839578748,-0.0229107961,-0.839787245,-0.54291296,-0.000918326958,-0.0132095879,0.0187417921,0.999737024],"shapeName":"/levels/motorsports_playground/art/shapes/race/sign_arrows.dae","useInstanceRenderData":true}
{"class":"TSStatic","persistentId":"05ac773c-ad82-4926-934b-4a097ef4904e","__parent":"tss7","position":[-277.867035,746.050171,16.0235748],"isRenderEnabled":false,"locked":true,"playAmbient":false,"rotationMatrix":[-0.906317115,0.421973825,-0.0229107961,-0.422065377,-0.90656364,-0.000918326958,-0.0211576261,0.00883756857,0.999737024],"shapeName":"/levels/motorsports_playground/art/shapes/race/sign_arrows.dae","useInstanceRenderData":true}
{"class":"TSStatic","persistentId":"257977fd-a5bb-48e5-b984-3704949cf3db","__parent":"tss7","position":[-277.281006,746.599182,16.0043716],"isRenderEnabled":false,"locked":true,"playAmbient":false,"rotationMatrix":[-0.343687654,0.938809216,-0.0226697903,-0.939071715,-0.343700856,0.00343925087,-0.00456282822,0.0224706158,0.999737024],"shapeName":"/levels/motorsports_playground/art/shapes/race/sign_arrows.dae","useInstanceRenderData":true}
{"class":"TSStatic","persistentId":"dd9a8e50-96e2-4c64-9a16-0baea03ff6a4","__parent":"tss7","position":[-272.544617,749.555908,16.0235748],"isRenderEnabled":false,"locked":true,"playAmbient":false,"rotationMatrix":[-0.785381019,0.618586421,-0.0229107961,-0.618731916,-0.785600007,-0.000918326958,-0.018566804,0.0134544214,0.999737024],"shapeName":"/levels/motorsports_playground/art/shapes/race/sign_arrows.dae","useInstanceRenderData":true}
{"class":"TSStatic","persistentId":"11ff5956-e68c-4b16-b140-e26ff7c90747","__parent":"tss7","position":[-271.848297,749.955872,16.0043716],"isRenderEnabled":false,"locked":true,"playAmbient":false,"rotationMatrix":[-0.119214386,0.992608547,-0.0226697903,-0.992867112,-0.119167015,0.00343925087,0.000712342735,0.0229181256,0.999737024],"shapeName":"/levels/motorsports_playground/art/shapes/race/sign_arrows.dae","useInstanceRenderData":true}
{"class":"TSStatic","persistentId":"681ae208-5e66-4807-bc2f-3e1d5f50b907","__parent":"tss7","position":[-216.97467,633.023132,19.7080135],"isRenderEnabled":false,"locked":true,"playAmbient":false,"rotationMatrix":[-0.229084224,-0.973280787,0.0156122353,0.973396182,-0.228980541,0.00814836379,-0.00435575424,0.0170635749,0.99984479],"shapeName":"/levels/motorsports_playground/art/shapes/race/sign_arrows.dae","useInstanceRenderData":true}
{"class":"TSStatic","persistentId":"a4e3200a-120d-4c61-9105-12d13da02f22","__parent":"tss7","position":[-216.031494,633.300415,19.7459793],"isRenderEnabled":false,"locked":true,"playAmbient":false,"rotationMatrix":[0.676757455,-0.736178517,0.00622321106,0.736027002,0.676383913,-0.0277032014,0.016185239,0.0233288463,0.999596715],"shapeName":"/levels/motorsports_playground/art/shapes/race/sign_arrows.dae","useInstanceRenderData":true}
{"class":"TSStatic","persistentId":"47869414-2c96-48e0-b5a5-49465cc6e9fa","__parent":"tss7","position":[-228.060364,627.901855,19.8960705],"isRenderEnabled":false,"locked":true,"playAmbient":false,"rotationMatrix":[-0.304947168,-0.952251732,0.0149228564,0.952358603,-0.304834723,0.0093512591,-0.00435575424,0.0170635749,0.99984479],"shapeName":"/levels/motorsports_playground/art/shapes/race/sign_arrows.dae","useInstanceRenderData":true}
{"class":"TSStatic","persistentId":"1d615d9e-e516-479c-9e40-86304379ffbb","__parent":"tss7","position":[-227.036392,628.152771,19.9040241],"isRenderEnabled":false,"locked":true,"playAmbient":false,"rotationMatrix":[0.676757455,-0.736178517,0.00622321106,0.736027002,0.676383913,-0.0277032014,0.016185239,0.0233288463,0.999596715],"shapeName":"/levels/motorsports_playground/art/shapes/race/sign_arrows.dae","useInstanceRenderData":true}
{"class":"TSStatic","persistentId":"4d6cae6e-d6ac-4a30-a6a0-fadec66fc79d","__parent":"tss7","position":[-303.208832,696.771606,19.6458015],"isRenderEnabled":false,"locked":true,"playAmbient":false,"rotationMatrix":[0.73893261,-0.673749089,0.00622321106,0.673631072,0.738547146,-0.0277032014,0.0140688866,0.0246629957,0.999596715],"shapeName":"/levels/motorsports_playground/art/shapes/race/sign_arrows.dae","useInstanceRenderData":true}
{"class":"TSStatic","persistentId":"85f7e163-03c8-45f6-a752-dbb4acd202bd","__parent":"tss7","position":[-304.154846,696.435791,19.6309071],"isRenderEnabled":false,"locked":true,"playAmbient":false,"rotationMatrix":[-0.142521799,-0.989667833,0.0156122353,0.989773691,-0.142408401,0.00814836379,-0.00584086915,0.016613923,0.99984479],"shapeName":"/levels/motorsports_playground/art/shapes/race/sign_arrows.dae","useInstanceRenderData":true}
{"class":"TSStatic","persistentId":"98418a52-4032-47e1-a245-02fb49f656a0","__parent":"tss7","position":[-902.600098,847.173767,14.0044603],"isRenderEnabled":false,"playAmbient":false,"rotationMatrix":[0.0892971531,-0.996004939,0,0.996004939,0.0892971531,0,0,0,1],"shapeName":"/levels/motorsports_playground/art/shapes/race/sign_arrows.dae","useInstanceRenderData":true}
{"class":"TSStatic","persistentId":"a6edcbd3-ab3b-4518-97dc-73ec878278b0","__parent":"tss7","position":[-901.779602,838.277588,14.0044603],"isRenderEnabled":false,"playAmbient":false,"rotationMatrix":[0.0892971531,-0.996004939,0,0.996004939,0.0892971531,0,0,0,1],"shapeName":"/levels/motorsports_playground/art/shapes/race/sign_arrows.dae","useInstanceRenderData":true}
{"class":"TSStatic","persistentId":"4ca75841-056b-45cd-bab5-7c1973f9b8cc","__parent":"tss7","position":[-887.612488,689.327576,15.5062723],"isRenderEnabled":false,"playAmbient":false,"rotationMatrix":[-0.996561289,-0.0828575343,0,0.0828575343,-0.996561289,0,0,0,1],"scale":[0.75,0.75,0.5],"shapeName":"/levels/motorsports_playground/art/shapes/race/sign_arrows.dae","useInstanceRenderData":true}
{"class":"TSStatic","persistentId":"cb0be10a-97a7-43e0-9be1-8ddc838513d8","__parent":"tss7","position":[-887.612488,689.327576,16.3764782],"isRenderEnabled":false,"playAmbient":false,"rotationMatrix":[-0.996561289,-0.0828575343,0,0.0828575343,-0.996561289,0,0,0,1],"scale":[0.75,0.75,0.5],"shapeName":"/levels/motorsports_playground/art/shapes/race/sign_arrows.dae","useInstanceRenderData":true}
{"class":"TSStatic","persistentId":"1edec143-e484-4fb0-a7b0-2a66bbaef2de","__parent":"tss7","position":[-890.449341,723.44812,16.5285587],"isRenderEnabled":false,"playAmbient":false,"rotationMatrix":[-0.996350765,-0.0853578374,0,0.0853578374,-0.996350765,0,0,0,1],"scale":[0.75,0.75,0.5],"shapeName":"/levels/motorsports_playground/art/shapes/race/sign_arrows.dae","useInstanceRenderData":true}
{"class":"TSStatic","persistentId":"df8959a7-6666-476b-a3e4-3f4d9160b156","__parent":"tss7","position":[-890.449341,723.44812,15.6380072],"isRenderEnabled":false,"playAmbient":false,"rotationMatrix":[-0.996350765,-0.0853578374,0,0.0853578374,-0.996350765,0,0,0,1],"scale":[0.75,0.75,0.5],"shapeName":"/levels/motorsports_playground/art/shapes/race/sign_arrows.dae","useInstanceRenderData":true}
{"class":"TSStatic","persistentId":"c9b69dc0-5993-4bb1-870d-2970c25ea57f","__parent":"tss7","position":[-888.391235,653.562317,15.3408499],"isRenderEnabled":false,"playAmbient":false,"rotationMatrix":[-0.97687459,-0.213812143,0,0.213812143,-0.97687459,0,0,0,1],"scale":[0.75,0.75,0.5],"shapeName":"/levels/motorsports_playground/art/shapes/race/sign_arrows.dae","useInstanceRenderData":true}
{"class":"TSStatic","persistentId":"62e64eac-314a-42ec-b811-bc93a7e464b6","__parent":"tss7","position":[-888.391235,653.562317,14.4445992],"isRenderEnabled":false,"playAmbient":false,"rotationMatrix":[-0.97687459,-0.213812143,0,0.213812143,-0.97687459,0,0,0,1],"scale":[0.75,0.75,0.5],"shapeName":"/levels/motorsports_playground/art/shapes/race/sign_arrows.dae","useInstanceRenderData":true}
{"class":"TSStatic","persistentId":"e6f2b7d4-30a9-41de-84c2-4e8f0d406ef1","__parent":"tss7","position":[-877.990479,831.627808,12.8360815],"isRenderEnabled":false,"playAmbient":false,"rotationMatrix":[-0.973232031,0.229823574,0,-0.229823574,-0.973232031,0,0,0,1],"shapeName":"/levels/motorsports_playground/art/shapes/race/sign_arrows.dae","useInstanceRenderData":true}
{"class":"TSStatic","persistentId":"24c66c41-d97d-4f2a-867b-a12b2b1c9146","__parent":"tss7","position":[-867.901245,654.18573,15.3608494],"isRenderEnabled":false,"playAmbient":false,"rotationMatrix":[-0.97687459,-0.213812143,0,0.213812143,-0.97687459,0,0,0,1],"scale":[0.75,0.75,0.5],"shapeName":"/levels/motorsports_playground/art/shapes/race/sign_arrows.dae","useInstanceRenderData":true}
{"class":"TSStatic","persistentId":"add66930-9fb3-4845-9665-8f1cd25522de","__parent":"tss7","position":[-867.901245,654.18573,14.4645987],"isRenderEnabled":false,"playAmbient":false,"rotationMatrix":[-0.97687459,-0.213812143,0,0.213812143,-0.97687459,0,0,0,1],"scale":[0.75,0.75,0.5],"shapeName":"/levels/motorsports_playground/art/shapes/race/sign_arrows.dae","useInstanceRenderData":true}
