{
  "ColorEffectR27G177B88_material": {
    "name": "ColorEffectR27G177B88_material",
    "mapTo": "ColorEffectR27G177B88-material",
    "class": "material",
    "Stages": [
      {
        "diffuseColor": [
          0.0856184885,
          0.55509752,
          0.2773633,
          1
        ],
        "specular": [
          0.5,
          0.5,
          0.5,
          1
        ]
      },
      {
        "diffuseColor": null,
        "specular": null
      },
      {
        "diffuseColor": null,
        "specular": null
      },
      {
        "diffuseColor": null,
        "specular": null
      }
    ],
    "doubleSided": true,
    "translucentBlendOp": "None"
  }
}