{"name":"Animal_QP12_1453_01","class":"SFXEmitter","persistentId":"4ef97ac2-9657-4bfb-bd86-9a71932edf2a","__parent":"Amb_3D","position":[637.973938,-105.852837,137.051285],"fadeInTime":0,"fadeOutTime":0,"isLooping":false,"locked":true,"maxDistance":20,"rotationMatrix":[0.84826535,0.529571295,0,-0.529571295,0.84826535,0,0,0,1],"scale":[20,20,20],"track":"event:>Ambient>3D Shared>Animal QP12 1453","useTrackDescriptionOnly":true}
{"name":"Animal_QP12_1549_01","class":"SFXEmitter","persistentId":"89f50237-0415-4e18-b81b-5aac23ba58ac","__parent":"Amb_3D","position":[-387.010132,-758.259216,111.709686],"fadeInTime":0,"fadeOutTime":0,"isLooping":false,"locked":true,"maxDistance":20,"rotationMatrix":[0.84826535,0.529571295,0,-0.529571295,0.84826535,0,0,0,1],"scale":[20,20,20],"track":"event:>Ambient>3D Shared>Animal QP12 1549","useTrackDescriptionOnly":true}
{"name":"Coyote","class":"SFXEmitter","persistentId":"23b0b040-32b5-4e51-90c5-e3ef9fbb1fd9","__parent":"Amb_3D","position":[-373.965271,192.581253,240.449326],"fadeInTime":0,"fadeOutTime":0,"isLooping":false,"locked":true,"maxDistance":160,"referenceDistance":100,"scale":[160,160,160],"track":"event:>Ambient>Maps>Utah>Coyotes","useTrackDescriptionOnly":true}
{"name":"Coyote1","class":"SFXEmitter","persistentId":"47106eed-3192-4ab3-92bc-ce765deb8ce0","__parent":"Amb_3D","position":[-563.184387,-756.510315,48.9368744],"fadeInTime":0,"fadeOutTime":0,"isLooping":false,"locked":true,"maxDistance":160,"referenceDistance":100,"scale":[160,160,160],"track":"event:>Ambient>Maps>Utah>Coyotes","useTrackDescriptionOnly":true}
{"name":"Coyote2","class":"SFXEmitter","persistentId":"38becfac-e08e-4fd9-86d4-d0029c2c3f19","__parent":"Amb_3D","position":[-650.623108,-101.781769,237.176712],"fadeInTime":0,"fadeOutTime":0,"isLooping":false,"locked":true,"maxDistance":160,"referenceDistance":100,"scale":[160,160,160],"track":"event:>Ambient>Maps>Utah>Coyotes","useTrackDescriptionOnly":true}
{"name":"Insect_QP12_1508_01","class":"SFXEmitter","persistentId":"fa76db7a-4d4a-46f9-b8d3-7d0880f36e01","__parent":"Amb_3D","position":[-864.660583,-935.926392,140.067093],"fadeInTime":0,"fadeOutTime":0,"isLooping":false,"locked":true,"maxDistance":20,"scale":[20,20,20],"track":"event:>Ambient>3D Shared>Insect QP12 1508","useTrackDescriptionOnly":true}
{"name":"Insect_QP12_1512_01","class":"SFXEmitter","persistentId":"b2ff2b85-9d34-4b3a-b932-c53278eead6b","__parent":"Amb_3D","position":[-512.716187,-888.773621,131.990631],"fadeInTime":0,"fadeOutTime":0,"isLooping":false,"locked":true,"maxDistance":60,"referenceDistance":2,"scale":[60,60,60]}
{"name":"Water_QP374_1","class":"SFXEmitter","persistentId":"6decafdb-db49-48e1-a6c4-722a4af6cbfb","__parent":"Amb_3D","position":[-1018.31256,-774.573975,100.256844],"fadeInTime":0,"fadeOutTime":0,"isLooping":false,"locked":true,"maxDistance":70,"referenceDistance":8,"rotationMatrix":[-0.940127313,-0.340821773,0,0.340821773,-0.940127313,0,0,0,1],"scale":[70,70,70],"track":"event:>Ambient>Maps>Utah>Water QP04 374","useTrackDescriptionOnly":true}
{"name":"Water_QP374_10","class":"SFXEmitter","persistentId":"c6e24ffc-0e6b-4cd5-8d5b-7a6e6261b25b","__parent":"Amb_3D","position":[-857.463379,-814.558105,101.16864],"fadeInTime":0,"fadeOutTime":0,"isLooping":false,"locked":true,"maxDistance":70,"referenceDistance":8,"rotationMatrix":[-0.940127313,-0.340821773,0,0.340821773,-0.940127313,0,0,0,1],"scale":[70,70,70],"track":"event:>Ambient>Maps>Utah>Water QP04 374","useTrackDescriptionOnly":true}
{"name":"Water_QP374_100","class":"SFXEmitter","persistentId":"7949ee78-08ba-4763-bb8f-23aaef25e96a","__parent":"Amb_3D","position":[483.70755,-650.632141,118.370598],"fadeInTime":0,"fadeOutTime":0,"isLooping":false,"locked":true,"maxDistance":70,"referenceDistance":8,"rotationMatrix":[-0.940127313,-0.340821773,0,0.340821773,-0.940127313,0,0,0,1],"scale":[70,70,70],"track":"event:>Ambient>Maps>Utah>Water QP04 374","useTrackDescriptionOnly":true}
{"name":"Water_QP374_101","class":"SFXEmitter","persistentId":"35e1dd00-64d9-49f1-95ba-1eb2abfa27e5","__parent":"Amb_3D","position":[497.45108,-662.449036,118.586311],"fadeInTime":0,"fadeOutTime":0,"isLooping":false,"locked":true,"maxDistance":70,"referenceDistance":8,"rotationMatrix":[-0.940127313,-0.340821773,0,0.340821773,-0.940127313,0,0,0,1],"scale":[70,70,70],"track":"event:>Ambient>Maps>Utah>Water QP04 374","useTrackDescriptionOnly":true}
{"name":"Water_QP374_102","class":"SFXEmitter","persistentId":"bd320476-8544-44ab-a309-35ab88a90ff2","__parent":"Amb_3D","position":[509.527283,-675.479431,117.965858],"fadeInTime":0,"fadeOutTime":0,"isLooping":false,"locked":true,"maxDistance":70,"referenceDistance":8,"rotationMatrix":[-0.940127313,-0.340821773,0,0.340821773,-0.940127313,0,0,0,1],"scale":[70,70,70],"track":"event:>Ambient>Maps>Utah>Water QP04 374","useTrackDescriptionOnly":true}
{"name":"Water_QP374_103","class":"SFXEmitter","persistentId":"ef62f75e-342f-48d8-8524-dd6ed33a9ba4","__parent":"Amb_3D","position":[521.375427,-688.957397,120.29319],"fadeInTime":0,"fadeOutTime":0,"isLooping":false,"locked":true,"maxDistance":70,"referenceDistance":8,"rotationMatrix":[-0.940127313,-0.340821773,0,0.340821773,-0.940127313,0,0,0,1],"scale":[70,70,70],"track":"event:>Ambient>Maps>Utah>Water QP04 374","useTrackDescriptionOnly":true}
{"name":"Water_QP374_104","class":"SFXEmitter","persistentId":"0ddd8776-3bb2-4208-a91e-d51c5d0866da","__parent":"Amb_3D","position":[534.939514,-701.109131,120.65538],"fadeInTime":0,"fadeOutTime":0,"isLooping":false,"locked":true,"maxDistance":70,"referenceDistance":8,"rotationMatrix":[-0.940127313,-0.340821773,0,0.340821773,-0.940127313,0,0,0,1],"scale":[70,70,70],"track":"event:>Ambient>Maps>Utah>Water QP04 374","useTrackDescriptionOnly":true}
{"name":"Water_QP374_105","class":"SFXEmitter","persistentId":"0871402f-551f-4b56-b5bd-44a8aeb8f76f","__parent":"Amb_3D","position":[551.082825,-709.396667,121.711632],"fadeInTime":0,"fadeOutTime":0,"isLooping":false,"locked":true,"maxDistance":70,"referenceDistance":8,"rotationMatrix":[-0.940127313,-0.340821773,0,0.340821773,-0.940127313,0,0,0,1],"scale":[70,70,70],"track":"event:>Ambient>Maps>Utah>Water QP04 374","useTrackDescriptionOnly":true}
{"name":"Water_QP374_106","class":"SFXEmitter","persistentId":"1f7ef439-3c18-4e5e-b2b2-fe92ef1caa3a","__parent":"Amb_3D","position":[569.161377,-711.214783,122.135086],"fadeInTime":0,"fadeOutTime":0,"isLooping":false,"locked":true,"maxDistance":70,"referenceDistance":8,"rotationMatrix":[-0.940127313,-0.340821773,0,0.340821773,-0.940127313,0,0,0,1],"scale":[70,70,70],"track":"event:>Ambient>Maps>Utah>Water QP04 374","useTrackDescriptionOnly":true}
{"name":"Water_QP374_107","class":"SFXEmitter","persistentId":"80c2b177-4e28-4c87-bab2-8db4e6c0748c","__parent":"Amb_3D","position":[587.525146,-711.755798,122.23494],"fadeInTime":0,"fadeOutTime":0,"isLooping":false,"locked":true,"maxDistance":70,"referenceDistance":8,"rotationMatrix":[-0.940127313,-0.340821773,0,0.340821773,-0.940127313,0,0,0,1],"scale":[70,70,70],"track":"event:>Ambient>Maps>Utah>Water QP04 374","useTrackDescriptionOnly":true}
{"name":"Water_QP374_108","class":"SFXEmitter","persistentId":"29342d7e-88f5-44c9-84c8-38e31660192f","__parent":"Amb_3D","position":[604.148987,-703.627991,122.495476],"fadeInTime":0,"fadeOutTime":0,"isLooping":false,"locked":true,"maxDistance":70,"referenceDistance":8,"rotationMatrix":[-0.940127313,-0.340821773,0,0.340821773,-0.940127313,0,0,0,1],"scale":[70,70,70],"track":"event:>Ambient>Maps>Utah>Water QP04 374","useTrackDescriptionOnly":true}
{"name":"Water_QP374_109","class":"SFXEmitter","persistentId":"331c70f1-6f60-4e62-8471-703d891b4561","__parent":"Amb_3D","position":[621.117798,-696.398987,122.00853],"fadeInTime":0,"fadeOutTime":0,"isLooping":false,"locked":true,"maxDistance":70,"referenceDistance":8,"rotationMatrix":[-0.940127313,-0.340821773,0,0.340821773,-0.940127313,0,0,0,1],"scale":[70,70,70],"track":"event:>Ambient>Maps>Utah>Water QP04 374","useTrackDescriptionOnly":true}
{"name":"Water_QP374_11","class":"SFXEmitter","persistentId":"55ca0e99-af20-4911-a56f-0202b1001d56","__parent":"Amb_3D","position":[-839.722229,-818.888611,100.663818],"fadeInTime":0,"fadeOutTime":0,"isLooping":false,"locked":true,"maxDistance":70,"referenceDistance":8,"rotationMatrix":[-0.940127313,-0.340821773,0,0.340821773,-0.940127313,0,0,0,1],"scale":[70,70,70],"track":"event:>Ambient>Maps>Utah>Water QP04 374","useTrackDescriptionOnly":true}
{"name":"Water_QP374_110","class":"SFXEmitter","persistentId":"5c117161-9e21-4e4b-8293-28091f314ada","__parent":"Amb_3D","position":[637.764465,-688.671448,122.431976],"fadeInTime":0,"fadeOutTime":0,"isLooping":false,"locked":true,"maxDistance":70,"referenceDistance":8,"rotationMatrix":[-0.940127313,-0.340821773,0,0.340821773,-0.940127313,0,0,0,1],"scale":[70,70,70],"track":"event:>Ambient>Maps>Utah>Water QP04 374","useTrackDescriptionOnly":true}
{"name":"Water_QP374_111","class":"SFXEmitter","persistentId":"ba95892e-945e-4d8e-b277-ab75f4df1ef2","__parent":"Amb_3D","position":[653.593567,-679.491882,122.037186],"fadeInTime":0,"fadeOutTime":0,"isLooping":false,"locked":true,"maxDistance":70,"referenceDistance":8,"rotationMatrix":[-0.940127313,-0.340821773,0,0.340821773,-0.940127313,0,0,0,1],"scale":[70,70,70],"track":"event:>Ambient>Maps>Utah>Water QP04 374","useTrackDescriptionOnly":true}
{"name":"Water_QP374_112","class":"SFXEmitter","persistentId":"6165849a-3595-4c2d-8a1b-ddbd54a932e4","__parent":"Amb_3D","position":[668.869202,-669.431396,122.792374],"fadeInTime":0,"fadeOutTime":0,"isLooping":false,"locked":true,"maxDistance":70,"referenceDistance":8,"rotationMatrix":[-0.940127313,-0.340821773,0,0.340821773,-0.940127313,0,0,0,1],"scale":[70,70,70],"track":"event:>Ambient>Maps>Utah>Water QP04 374","useTrackDescriptionOnly":true}
{"name":"Water_QP374_113","class":"SFXEmitter","persistentId":"4032cc74-a010-488b-8d19-c8633e023496","__parent":"Amb_3D","position":[683.652649,-658.446411,122.31781],"fadeInTime":0,"fadeOutTime":0,"isLooping":false,"locked":true,"maxDistance":70,"referenceDistance":8,"rotationMatrix":[-0.940127313,-0.340821773,0,0.340821773,-0.940127313,0,0,0,1],"scale":[70,70,70],"track":"event:>Ambient>Maps>Utah>Water QP04 374","useTrackDescriptionOnly":true}
{"name":"Water_QP374_114","class":"SFXEmitter","persistentId":"823301d9-c1a2-4b80-864a-bf43d1cf3e61","__parent":"Amb_3D","position":[697.63562,-646.434937,121.830864],"fadeInTime":0,"fadeOutTime":0,"isLooping":false,"locked":true,"maxDistance":70,"referenceDistance":8,"rotationMatrix":[-0.940127313,-0.340821773,0,0.340821773,-0.940127313,0,0,0,1],"scale":[70,70,70],"track":"event:>Ambient>Maps>Utah>Water QP04 374","useTrackDescriptionOnly":true}
{"name":"Water_QP374_115","class":"SFXEmitter","persistentId":"ccbac904-9b8b-43d3-8fc1-4b74a98dd6fa","__parent":"Amb_3D","position":[710.686646,-633.444397,122.254311],"fadeInTime":0,"fadeOutTime":0,"isLooping":false,"locked":true,"maxDistance":70,"referenceDistance":8,"rotationMatrix":[-0.940127313,-0.340821773,0,0.340821773,-0.940127313,0,0,0,1],"scale":[70,70,70],"track":"event:>Ambient>Maps>Utah>Water QP04 374","useTrackDescriptionOnly":true}
{"name":"Water_QP374_116","class":"SFXEmitter","persistentId":"2ee7e023-5c54-4497-8007-f38c3ec173e0","__parent":"Amb_3D","position":[722.647705,-619.555786,122.109169],"fadeInTime":0,"fadeOutTime":0,"isLooping":false,"locked":true,"maxDistance":70,"referenceDistance":8,"rotationMatrix":[-0.940127313,-0.340821773,0,0.340821773,-0.940127313,0,0,0,1],"scale":[70,70,70],"track":"event:>Ambient>Maps>Utah>Water QP04 374","useTrackDescriptionOnly":true}
{"name":"Water_QP374_117","class":"SFXEmitter","persistentId":"0601db52-f6e5-4bfb-a5f3-5c873dd1f432","__parent":"Amb_3D","position":[732.39856,-603.96228,122.187889],"fadeInTime":0,"fadeOutTime":0,"isLooping":false,"locked":true,"maxDistance":70,"referenceDistance":8,"rotationMatrix":[-0.940127313,-0.340821773,0,0.340821773,-0.940127313,0,0,0,1],"scale":[70,70,70],"track":"event:>Ambient>Maps>Utah>Water QP04 374","useTrackDescriptionOnly":true}
{"name":"Water_QP374_118","class":"SFXEmitter","persistentId":"e13f9713-d194-486c-bc2d-4b5d651ce9e2","__parent":"Amb_3D","position":[741.47937,-587.678894,123.028091],"fadeInTime":0,"fadeOutTime":0,"isLooping":false,"locked":true,"maxDistance":70,"referenceDistance":8,"rotationMatrix":[-0.940127313,-0.340821773,0,0.340821773,-0.940127313,0,0,0,1],"scale":[70,70,70],"track":"event:>Ambient>Maps>Utah>Water QP04 374","useTrackDescriptionOnly":true}
{"name":"Water_QP374_119","class":"SFXEmitter","persistentId":"2925ac7a-96bd-4d6b-bab1-bbb866e0f2dc","__parent":"Amb_3D","position":[750.974976,-571.752258,122.541145],"fadeInTime":0,"fadeOutTime":0,"isLooping":false,"locked":true,"maxDistance":70,"referenceDistance":8,"rotationMatrix":[-0.940127313,-0.340821773,0,0.340821773,-0.940127313,0,0,0,1],"scale":[70,70,70],"track":"event:>Ambient>Maps>Utah>Water QP04 374","useTrackDescriptionOnly":true}
{"name":"Water_QP374_12","class":"SFXEmitter","persistentId":"e3cb6379-a7f7-4c00-8297-07a3eafe3e7f","__parent":"Amb_3D","position":[-822.107666,-824.344727,101.137215],"fadeInTime":0,"fadeOutTime":0,"isLooping":false,"locked":true,"maxDistance":70,"referenceDistance":8,"rotationMatrix":[-0.940127313,-0.340821773,0,0.340821773,-0.940127313,0,0,0,1],"scale":[70,70,70],"track":"event:>Ambient>Maps>Utah>Water QP04 374","useTrackDescriptionOnly":true}
{"name":"Water_QP374_120","class":"SFXEmitter","persistentId":"14c00f6a-78ec-4345-bf08-98ac6db78615","__parent":"Amb_3D","position":[760.206604,-556.048462,122.9646],"fadeInTime":0,"fadeOutTime":0,"isLooping":false,"locked":true,"maxDistance":70,"referenceDistance":8,"rotationMatrix":[-0.940127313,-0.340821773,0,0.340821773,-0.940127313,0,0,0,1],"scale":[70,70,70],"track":"event:>Ambient>Maps>Utah>Water QP04 374","useTrackDescriptionOnly":true}
{"name":"Water_QP374_121","class":"SFXEmitter","persistentId":"3e31317b-9ef2-4282-aa8e-c470d529d2a9","__parent":"Amb_3D","position":[768.644592,-539.775452,122.819458],"fadeInTime":0,"fadeOutTime":0,"isLooping":false,"locked":true,"maxDistance":70,"referenceDistance":8,"rotationMatrix":[-0.940127313,-0.340821773,0,0.340821773,-0.940127313,0,0,0,1],"scale":[70,70,70],"track":"event:>Ambient>Maps>Utah>Water QP04 374","useTrackDescriptionOnly":true}
{"name":"Water_QP374_122","class":"SFXEmitter","persistentId":"7445b2cf-bc8e-4142-a199-d8715abb7561","__parent":"Amb_3D","position":[776.015076,-523.061951,123.466476],"fadeInTime":0,"fadeOutTime":0,"isLooping":false,"locked":true,"maxDistance":70,"referenceDistance":8,"rotationMatrix":[-0.940127313,-0.340821773,0,0.340821773,-0.940127313,0,0,0,1],"scale":[70,70,70],"track":"event:>Ambient>Maps>Utah>Water QP04 374","useTrackDescriptionOnly":true}
{"name":"Water_QP374_123","class":"SFXEmitter","persistentId":"2fe43b4b-6761-4ea1-935e-e6740e3ba00e","__parent":"Amb_3D","position":[781.13385,-505.384491,123.691124],"fadeInTime":0,"fadeOutTime":0,"isLooping":false,"locked":true,"maxDistance":70,"referenceDistance":8,"rotationMatrix":[-0.940127313,-0.340821773,0,0.340821773,-0.940127313,0,0,0,1],"scale":[70,70,70],"track":"event:>Ambient>Maps>Utah>Water QP04 374","useTrackDescriptionOnly":true}
{"name":"Water_QP374_124","class":"SFXEmitter","persistentId":"ffaced3b-a2a3-4896-ad19-1a3dd21faa6d","__parent":"Amb_3D","position":[784.138977,-487.268555,123.204178],"fadeInTime":0,"fadeOutTime":0,"isLooping":false,"locked":true,"maxDistance":70,"referenceDistance":8,"rotationMatrix":[-0.940127313,-0.340821773,0,0.340821773,-0.940127313,0,0,0,1],"scale":[70,70,70],"track":"event:>Ambient>Maps>Utah>Water QP04 374","useTrackDescriptionOnly":true}
{"name":"Water_QP374_125","class":"SFXEmitter","persistentId":"2568e957-c60f-4567-ba97-d69a2bd065dc","__parent":"Amb_3D","position":[785.408875,-468.871887,123.627632],"fadeInTime":0,"fadeOutTime":0,"isLooping":false,"locked":true,"maxDistance":70,"referenceDistance":8,"rotationMatrix":[-0.940127313,-0.340821773,0,0.340821773,-0.940127313,0,0,0,1],"scale":[70,70,70],"track":"event:>Ambient>Maps>Utah>Water QP04 374","useTrackDescriptionOnly":true}
{"name":"Water_QP374_126","class":"SFXEmitter","persistentId":"b73a40db-7b71-476a-809c-d16f8478282d","__parent":"Amb_3D","position":[784.303284,-450.572388,123.482491],"fadeInTime":0,"fadeOutTime":0,"isLooping":false,"locked":true,"maxDistance":70,"referenceDistance":8,"rotationMatrix":[-0.940127313,-0.340821773,0,0.340821773,-0.940127313,0,0,0,1],"scale":[70,70,70],"track":"event:>Ambient>Maps>Utah>Water QP04 374","useTrackDescriptionOnly":true}
{"name":"Water_QP374_127","class":"SFXEmitter","persistentId":"de8a8088-19ab-407e-9e7a-e3b31b20b2f5","__parent":"Amb_3D","position":[780.412842,-432.722137,123.956184],"fadeInTime":0,"fadeOutTime":0,"isLooping":false,"locked":true,"maxDistance":70,"referenceDistance":8,"rotationMatrix":[-0.940127313,-0.340821773,0,0.340821773,-0.940127313,0,0,0,1],"scale":[70,70,70],"track":"event:>Ambient>Maps>Utah>Water QP04 374","useTrackDescriptionOnly":true}
{"name":"Water_QP374_128","class":"SFXEmitter","persistentId":"d425c55b-3dd1-4032-886b-050ab7d9f676","__parent":"Amb_3D","position":[773.258606,-415.516388,123.944649],"fadeInTime":0,"fadeOutTime":0,"isLooping":false,"locked":true,"maxDistance":70,"referenceDistance":8,"rotationMatrix":[-0.940127313,-0.340821773,0,0.340821773,-0.940127313,0,0,0,1],"scale":[70,70,70],"track":"event:>Ambient>Maps>Utah>Water QP04 374","useTrackDescriptionOnly":true}
{"name":"Water_QP374_129","class":"SFXEmitter","persistentId":"aaff7ff6-4d78-4397-9ea3-0b1d16fababb","__parent":"Amb_3D","position":[763.521118,-400.050598,123.45771],"fadeInTime":0,"fadeOutTime":0,"isLooping":false,"locked":true,"maxDistance":70,"referenceDistance":8,"rotationMatrix":[-0.940127313,-0.340821773,0,0.340821773,-0.940127313,0,0,0,1],"scale":[70,70,70],"track":"event:>Ambient>Maps>Utah>Water QP04 374","useTrackDescriptionOnly":true}
{"name":"Water_QP374_13","class":"SFXEmitter","persistentId":"0da20d58-c4ac-426a-9887-cd424828b9b8","__parent":"Amb_3D","position":[-804.908081,-830.886169,100.640312],"fadeInTime":0,"fadeOutTime":0,"isLooping":false,"locked":true,"maxDistance":70,"referenceDistance":8,"rotationMatrix":[-0.940127313,-0.340821773,0,0.340821773,-0.940127313,0,0,0,1],"scale":[70,70,70],"track":"event:>Ambient>Maps>Utah>Water QP04 374","useTrackDescriptionOnly":true}
{"name":"Water_QP374_130","class":"SFXEmitter","persistentId":"c6286a57-29fc-4396-82ef-1ee7038764f6","__parent":"Amb_3D","position":[752.305176,-385.696625,123.881157],"fadeInTime":0,"fadeOutTime":0,"isLooping":false,"locked":true,"maxDistance":70,"referenceDistance":8,"rotationMatrix":[-0.940127313,-0.340821773,0,0.340821773,-0.940127313,0,0,0,1],"scale":[70,70,70],"track":"event:>Ambient>Maps>Utah>Water QP04 374","useTrackDescriptionOnly":true}
{"name":"Water_QP374_131","class":"SFXEmitter","persistentId":"3a3baba7-08a0-4c08-b23b-8a1bea39016e","__parent":"Amb_3D","position":[739.449097,-372.498383,123.736015],"fadeInTime":0,"fadeOutTime":0,"isLooping":false,"locked":true,"maxDistance":70,"referenceDistance":8,"rotationMatrix":[-0.940127313,-0.340821773,0,0.340821773,-0.940127313,0,0,0,1],"scale":[70,70,70],"track":"event:>Ambient>Maps>Utah>Water QP04 374","useTrackDescriptionOnly":true}
{"name":"Water_QP374_132","class":"SFXEmitter","persistentId":"ea1e0c1b-acd4-49ef-8ce8-07c78ee22ef3","__parent":"Amb_3D","position":[725.735596,-360.355011,124.209709],"fadeInTime":0,"fadeOutTime":0,"isLooping":false,"locked":true,"maxDistance":70,"referenceDistance":8,"rotationMatrix":[-0.940127313,-0.340821773,0,0.340821773,-0.940127313,0,0,0,1],"scale":[70,70,70],"track":"event:>Ambient>Maps>Utah>Water QP04 374","useTrackDescriptionOnly":true}
{"name":"Water_QP374_133","class":"SFXEmitter","persistentId":"ea93e24f-db55-4ed4-afe9-ebc821d8da14","__parent":"Amb_3D","position":[710.744812,-349.760376,124.364807],"fadeInTime":0,"fadeOutTime":0,"isLooping":false,"locked":true,"maxDistance":70,"referenceDistance":8,"rotationMatrix":[-0.940127313,-0.340821773,0,0.340821773,-0.940127313,0,0,0,1],"scale":[70,70,70],"track":"event:>Ambient>Maps>Utah>Water QP04 374","useTrackDescriptionOnly":true}
{"name":"Water_QP374_134","class":"SFXEmitter","persistentId":"0f53598a-ed47-4140-9b1b-a4609720f580","__parent":"Amb_3D","position":[695.596008,-339.437164,124.219666],"fadeInTime":0,"fadeOutTime":0,"isLooping":false,"locked":true,"maxDistance":70,"referenceDistance":8,"rotationMatrix":[-0.940127313,-0.340821773,0,0.340821773,-0.940127313,0,0,0,1],"scale":[70,70,70],"track":"event:>Ambient>Maps>Utah>Water QP04 374","useTrackDescriptionOnly":true}
{"name":"Water_QP374_135","class":"SFXEmitter","persistentId":"80cac9ad-5c9a-45cc-b52b-2d9c4bb07691","__parent":"Amb_3D","position":[679.867371,-329.884247,124.693359],"fadeInTime":0,"fadeOutTime":0,"isLooping":false,"locked":true,"maxDistance":70,"referenceDistance":8,"rotationMatrix":[-0.940127313,-0.340821773,0,0.340821773,-0.940127313,0,0,0,1],"scale":[70,70,70],"track":"event:>Ambient>Maps>Utah>Water QP04 374","useTrackDescriptionOnly":true}
{"name":"Water_QP374_136","class":"SFXEmitter","persistentId":"91b3b08e-460c-44b1-b904-1c54ab558b5f","__parent":"Amb_3D","position":[664.28772,-320.409454,124.681824],"fadeInTime":0,"fadeOutTime":0,"isLooping":false,"locked":true,"maxDistance":70,"referenceDistance":8,"rotationMatrix":[-0.940127313,-0.340821773,0,0.340821773,-0.940127313,0,0,0,1],"scale":[70,70,70],"track":"event:>Ambient>Maps>Utah>Water QP04 374","useTrackDescriptionOnly":true}
{"name":"Water_QP374_137","class":"SFXEmitter","persistentId":"b353b065-5ab4-49e2-8b51-6cbb00151682","__parent":"Amb_3D","position":[648.340515,-311.788544,125.128487],"fadeInTime":0,"fadeOutTime":0,"isLooping":false,"locked":true,"maxDistance":70,"referenceDistance":8,"rotationMatrix":[-0.940127313,-0.340821773,0,0.340821773,-0.940127313,0,0,0,1],"scale":[70,70,70],"track":"event:>Ambient>Maps>Utah>Water QP04 374","useTrackDescriptionOnly":true}
{"name":"Water_QP374_138","class":"SFXEmitter","persistentId":"f512cb1d-eb3b-4052-b27a-83e6086af327","__parent":"Amb_3D","position":[631.237122,-305.018646,125.247658],"fadeInTime":0,"fadeOutTime":0,"isLooping":false,"locked":true,"maxDistance":70,"referenceDistance":8,"rotationMatrix":[-0.940127313,-0.340821773,0,0.340821773,-0.940127313,0,0,0,1],"scale":[70,70,70],"track":"event:>Ambient>Maps>Utah>Water QP04 374","useTrackDescriptionOnly":true}
{"name":"Water_QP374_139","class":"SFXEmitter","persistentId":"291315a3-2e5d-4a8f-be91-5d3d7d24f3a9","__parent":"Amb_3D","position":[613.891479,-299.727905,125.102516],"fadeInTime":0,"fadeOutTime":0,"isLooping":false,"locked":true,"maxDistance":70,"referenceDistance":8,"rotationMatrix":[-0.940127313,-0.340821773,0,0.340821773,-0.940127313,0,0,0,1],"scale":[70,70,70],"track":"event:>Ambient>Maps>Utah>Water QP04 374","useTrackDescriptionOnly":true}
{"name":"Water_QP374_14","class":"SFXEmitter","persistentId":"2995e3df-7cf3-4845-8676-ada13ef78a11","__parent":"Amb_3D","position":[-787.859436,-838.479797,100.696846],"fadeInTime":0,"fadeOutTime":0,"isLooping":false,"locked":true,"maxDistance":70,"referenceDistance":8,"rotationMatrix":[-0.940127313,-0.340821773,0,0.340821773,-0.940127313,0,0,0,1],"scale":[70,70,70],"track":"event:>Ambient>Maps>Utah>Water QP04 374","useTrackDescriptionOnly":true}
{"name":"Water_QP374_140","class":"SFXEmitter","persistentId":"7a386086-7d67-4076-81af-20673b0ee719","__parent":"Amb_3D","position":[596.221069,-295.055847,125.57621],"fadeInTime":0,"fadeOutTime":0,"isLooping":false,"locked":true,"maxDistance":70,"referenceDistance":8,"rotationMatrix":[-0.940127313,-0.340821773,0,0.340821773,-0.940127313,0,0,0,1],"scale":[70,70,70],"track":"event:>Ambient>Maps>Utah>Water QP04 374","useTrackDescriptionOnly":true}
{"name":"Water_QP374_141","class":"SFXEmitter","persistentId":"3c28b19e-2ac7-4e78-852c-82c4e0d23ae8","__parent":"Amb_3D","position":[578.347046,-291.452423,125.564674],"fadeInTime":0,"fadeOutTime":0,"isLooping":false,"locked":true,"maxDistance":70,"referenceDistance":8,"rotationMatrix":[-0.940127313,-0.340821773,0,0.340821773,-0.940127313,0,0,0,1],"scale":[70,70,70],"track":"event:>Ambient>Maps>Utah>Water QP04 374","useTrackDescriptionOnly":true}
{"name":"Water_QP374_142","class":"SFXEmitter","persistentId":"d35a6861-84a8-4533-8d1d-38711accddb5","__parent":"Amb_3D","position":[560.488831,-288.051117,126.011337],"fadeInTime":0,"fadeOutTime":0,"isLooping":false,"locked":true,"maxDistance":70,"referenceDistance":8,"rotationMatrix":[-0.940127313,-0.340821773,0,0.340821773,-0.940127313,0,0,0,1],"scale":[70,70,70],"track":"event:>Ambient>Maps>Utah>Water QP04 374","useTrackDescriptionOnly":true}
{"name":"Water_QP374_143","class":"SFXEmitter","persistentId":"9ad255b0-26ef-432e-867d-5ad84a21cc77","__parent":"Amb_3D","position":[542.734985,-282.861969,126.112343],"fadeInTime":0,"fadeOutTime":0,"isLooping":false,"locked":true,"maxDistance":70,"referenceDistance":8,"rotationMatrix":[-0.940127313,-0.340821773,0,0.340821773,-0.940127313,0,0,0,1],"scale":[70,70,70],"track":"event:>Ambient>Maps>Utah>Water QP04 374","useTrackDescriptionOnly":true}
{"name":"Water_QP374_144","class":"SFXEmitter","persistentId":"71aff17f-fede-4084-8ed3-a92dbec1f8fa","__parent":"Amb_3D","position":[526.098511,-274.993927,125.967201],"fadeInTime":0,"fadeOutTime":0,"isLooping":false,"locked":true,"maxDistance":70,"referenceDistance":8,"rotationMatrix":[-0.940127313,-0.340821773,0,0.340821773,-0.940127313,0,0,0,1],"scale":[70,70,70],"track":"event:>Ambient>Maps>Utah>Water QP04 374","useTrackDescriptionOnly":true}
{"name":"Water_QP374_145","class":"SFXEmitter","persistentId":"ca37211a-cb5b-42c0-a995-e43acc4175cd","__parent":"Amb_3D","position":[512.25647,-263.250061,126.440895],"fadeInTime":0,"fadeOutTime":0,"isLooping":false,"locked":true,"maxDistance":70,"referenceDistance":8,"rotationMatrix":[-0.940127313,-0.340821773,0,0.340821773,-0.940127313,0,0,0,1],"scale":[70,70,70],"track":"event:>Ambient>Maps>Utah>Water QP04 374","useTrackDescriptionOnly":true}
{"name":"Water_QP374_146","class":"SFXEmitter","persistentId":"0bfaa4d5-ad35-490c-ae09-cad092223194","__parent":"Amb_3D","position":[503.102386,-247.540573,127.215767],"fadeInTime":0,"fadeOutTime":0,"isLooping":false,"locked":true,"maxDistance":70,"referenceDistance":8,"rotationMatrix":[-0.940127313,-0.340821773,0,0.340821773,-0.940127313,0,0,0,1],"scale":[70,70,70],"track":"event:>Ambient>Maps>Utah>Water QP04 374","useTrackDescriptionOnly":true}
{"name":"Water_QP374_147","class":"SFXEmitter","persistentId":"ebbd4050-7300-47a9-afc8-b4f0a9bfd4af","__parent":"Amb_3D","position":[496.729736,-230.150833,128.126907],"fadeInTime":0,"fadeOutTime":0,"isLooping":false,"locked":true,"maxDistance":70,"referenceDistance":8,"rotationMatrix":[-0.940127313,-0.340821773,0,0.340821773,-0.940127313,0,0,0,1],"scale":[70,70,70],"track":"event:>Ambient>Maps>Utah>Water QP04 374","useTrackDescriptionOnly":true}
{"name":"Water_QP374_148","class":"SFXEmitter","persistentId":"040c269b-ca0a-429d-95b8-66b42e3f82b5","__parent":"Amb_3D","position":[493.092102,-212.288727,126.565353],"fadeInTime":0,"fadeOutTime":0,"isLooping":false,"locked":true,"maxDistance":70,"referenceDistance":8,"rotationMatrix":[-0.940127313,-0.340821773,0,0.340821773,-0.940127313,0,0,0,1],"scale":[70,70,70],"track":"event:>Ambient>Maps>Utah>Water QP04 374","useTrackDescriptionOnly":true}
{"name":"Water_QP374_149","class":"SFXEmitter","persistentId":"b6a69b96-a540-4080-95af-4fd612664626","__parent":"Amb_3D","position":[493.187347,-193.988022,126.420197],"fadeInTime":0,"fadeOutTime":0,"isLooping":false,"locked":true,"maxDistance":70,"referenceDistance":8,"rotationMatrix":[-0.940127313,-0.340821773,0,0.340821773,-0.940127313,0,0,0,1],"scale":[70,70,70],"track":"event:>Ambient>Maps>Utah>Water QP04 374","useTrackDescriptionOnly":true}
{"name":"Water_QP374_15","class":"SFXEmitter","persistentId":"f99ff476-0e77-4e04-bdea-297da6cee6d7","__parent":"Amb_3D","position":[-770.609619,-845.968506,101.02581],"fadeInTime":0,"fadeOutTime":0,"isLooping":false,"locked":true,"maxDistance":70,"referenceDistance":8,"rotationMatrix":[-0.940127313,-0.340821773,0,0.340821773,-0.940127313,0,0,0,1],"scale":[70,70,70],"track":"event:>Ambient>Maps>Utah>Water QP04 374","useTrackDescriptionOnly":true}
{"name":"Water_QP374_150","class":"SFXEmitter","persistentId":"9e37665f-2ef1-439e-b472-a3dd2f206e19","__parent":"Amb_3D","position":[497.256165,-176.132217,126.89389],"fadeInTime":0,"fadeOutTime":0,"isLooping":false,"locked":true,"maxDistance":70,"referenceDistance":8,"rotationMatrix":[-0.940127313,-0.340821773,0,0.340821773,-0.940127313,0,0,0,1],"scale":[70,70,70],"track":"event:>Ambient>Maps>Utah>Water QP04 374","useTrackDescriptionOnly":true}
{"name":"Water_QP374_151","class":"SFXEmitter","persistentId":"07b87f3f-d480-4030-934c-e3aa470c78fb","__parent":"Amb_3D","position":[505.130707,-159.534912,126.700455],"fadeInTime":0,"fadeOutTime":0,"isLooping":false,"locked":true,"maxDistance":70,"referenceDistance":8,"rotationMatrix":[-0.940127313,-0.340821773,0,0.340821773,-0.940127313,0,0,0,1],"scale":[70,70,70],"track":"event:>Ambient>Maps>Utah>Water QP04 374","useTrackDescriptionOnly":true}
{"name":"Water_QP374_152","class":"SFXEmitter","persistentId":"d6ebd137-df78-4a5f-8ca8-5aaffab51e18","__parent":"Amb_3D","position":[516.691956,-145.22673,126.654434],"fadeInTime":0,"fadeOutTime":0,"isLooping":false,"locked":true,"maxDistance":70,"referenceDistance":8,"rotationMatrix":[-0.940127313,-0.340821773,0,0.340821773,-0.940127313,0,0,0,1],"scale":[70,70,70],"track":"event:>Ambient>Maps>Utah>Water QP04 374","useTrackDescriptionOnly":true}
{"name":"Water_QP374_153","class":"SFXEmitter","persistentId":"fbe26ac2-5e08-4b10-ac1b-0dcf75eff816","__parent":"Amb_3D","position":[532.467651,-136.174149,127.151001],"fadeInTime":0,"fadeOutTime":0,"isLooping":false,"locked":true,"maxDistance":70,"referenceDistance":8,"rotationMatrix":[-0.940127313,-0.340821773,0,0.340821773,-0.940127313,0,0,0,1],"scale":[70,70,70],"track":"event:>Ambient>Maps>Utah>Water QP04 374","useTrackDescriptionOnly":true}
{"name":"Water_QP374_154","class":"SFXEmitter","persistentId":"6d087114-da9e-483c-9f43-7f7c62715d8a","__parent":"Amb_3D","position":[550.447266,-134.249512,125.760818],"fadeInTime":0,"fadeOutTime":0,"isLooping":false,"locked":true,"maxDistance":70,"referenceDistance":8,"rotationMatrix":[-0.940127313,-0.340821773,0,0.340821773,-0.940127313,0,0,0,1],"scale":[70,70,70],"track":"event:>Ambient>Maps>Utah>Water QP04 374","useTrackDescriptionOnly":true}
{"name":"Water_QP374_155","class":"SFXEmitter","persistentId":"ce73bc77-7752-414b-9abb-f44c73f0ab8f","__parent":"Amb_3D","position":[568.622803,-136.045029,126.234505],"fadeInTime":0,"fadeOutTime":0,"isLooping":false,"locked":true,"maxDistance":70,"referenceDistance":8,"rotationMatrix":[-0.940127313,-0.340821773,0,0.340821773,-0.940127313,0,0,0,1],"scale":[70,70,70],"track":"event:>Ambient>Maps>Utah>Water QP04 374","useTrackDescriptionOnly":true}
{"name":"Water_QP374_156","class":"SFXEmitter","persistentId":"5fdf67e1-9191-4507-bdf9-f491303d25ad","__parent":"Amb_3D","position":[586.587097,-138.557281,127.009384],"fadeInTime":0,"fadeOutTime":0,"isLooping":false,"locked":true,"maxDistance":70,"referenceDistance":8,"rotationMatrix":[-0.940127313,-0.340821773,0,0.340821773,-0.940127313,0,0,0,1],"scale":[70,70,70],"track":"event:>Ambient>Maps>Utah>Water QP04 374","useTrackDescriptionOnly":true}
{"name":"Water_QP374_157","class":"SFXEmitter","persistentId":"18fb402e-5d03-428f-8aaa-2cbb7d859222","__parent":"Amb_3D","position":[604.699341,-141.252197,127.957825],"fadeInTime":0,"fadeOutTime":0,"isLooping":false,"locked":true,"maxDistance":70,"referenceDistance":8,"rotationMatrix":[-0.940127313,-0.340821773,0,0.340821773,-0.940127313,0,0,0,1],"scale":[70,70,70],"track":"event:>Ambient>Maps>Utah>Water QP04 374","useTrackDescriptionOnly":true}
{"name":"Water_QP374_158","class":"SFXEmitter","persistentId":"fe718395-d66f-426a-a42a-3964abf756f9","__parent":"Amb_3D","position":[623.269104,-142.091415,128.680984],"fadeInTime":0,"fadeOutTime":0,"isLooping":false,"locked":true,"maxDistance":70,"referenceDistance":8,"rotationMatrix":[-0.940127313,-0.340821773,0,0.340821773,-0.940127313,0,0,0,1],"scale":[70,70,70],"track":"event:>Ambient>Maps>Utah>Water QP04 374","useTrackDescriptionOnly":true}
{"name":"Water_QP374_159","class":"SFXEmitter","persistentId":"a50d3ef5-a49c-44f5-9f95-d71c4d2ba2e9","__parent":"Amb_3D","position":[641.034302,-138.737366,127.290787],"fadeInTime":0,"fadeOutTime":0,"isLooping":false,"locked":true,"maxDistance":70,"referenceDistance":8,"rotationMatrix":[-0.940127313,-0.340821773,0,0.340821773,-0.940127313,0,0,0,1],"scale":[70,70,70],"track":"event:>Ambient>Maps>Utah>Water QP04 374","useTrackDescriptionOnly":true}
{"name":"Water_QP374_16","class":"SFXEmitter","persistentId":"3b9efc4c-77b9-4f38-9003-5c9bb5feda5e","__parent":"Amb_3D","position":[-752.899902,-851.40509,101.538902],"fadeInTime":0,"fadeOutTime":0,"isLooping":false,"locked":true,"maxDistance":70,"referenceDistance":8,"rotationMatrix":[-0.940127313,-0.340821773,0,0.340821773,-0.940127313,0,0,0,1],"scale":[70,70,70],"track":"event:>Ambient>Maps>Utah>Water QP04 374","useTrackDescriptionOnly":true}
{"name":"Water_QP374_160","class":"SFXEmitter","persistentId":"877b944b-80d5-4d75-b288-3d6fca31c648","__parent":"Amb_3D","position":[656.224976,-128.994202,127.764481],"fadeInTime":0,"fadeOutTime":0,"isLooping":false,"locked":true,"maxDistance":70,"referenceDistance":8,"rotationMatrix":[-0.940127313,-0.340821773,0,0.340821773,-0.940127313,0,0,0,1],"scale":[70,70,70],"track":"event:>Ambient>Maps>Utah>Water QP04 374","useTrackDescriptionOnly":true}
{"name":"Water_QP374_161","class":"SFXEmitter","persistentId":"17fabe19-5187-4440-b31b-ec0c9d3736f9","__parent":"Amb_3D","position":[666.849487,-113.70723,128.539352],"fadeInTime":0,"fadeOutTime":0,"isLooping":false,"locked":true,"maxDistance":70,"referenceDistance":8,"rotationMatrix":[-0.940127313,-0.340821773,0,0.340821773,-0.940127313,0,0,0,1],"scale":[70,70,70],"track":"event:>Ambient>Maps>Utah>Water QP04 374","useTrackDescriptionOnly":true}
{"name":"Water_QP374_162","class":"SFXEmitter","persistentId":"58e36ff8-79b6-41ac-95ee-a80c98977559","__parent":"Amb_3D","position":[675.835327,-97.6161041,128.674744],"fadeInTime":0,"fadeOutTime":0,"isLooping":false,"locked":true,"maxDistance":70,"referenceDistance":8,"rotationMatrix":[-0.940127313,-0.340821773,0,0.340821773,-0.940127313,0,0,0,1],"scale":[70,70,70],"track":"event:>Ambient>Maps>Utah>Water QP04 374","useTrackDescriptionOnly":true}
{"name":"Water_QP374_163","class":"SFXEmitter","persistentId":"c7e7b72b-b335-489f-bb3e-577bc15f2715","__parent":"Amb_3D","position":[682.885071,-80.3244476,129.194748],"fadeInTime":0,"fadeOutTime":0,"isLooping":false,"locked":true,"maxDistance":70,"referenceDistance":8,"rotationMatrix":[-0.940127313,-0.340821773,0,0.340821773,-0.940127313,0,0,0,1],"scale":[70,70,70],"track":"event:>Ambient>Maps>Utah>Water QP04 374","useTrackDescriptionOnly":true}
{"name":"Water_QP374_164","class":"SFXEmitter","persistentId":"5e2b20ed-e2bf-449b-9a50-66cae1cc5bd4","__parent":"Amb_3D","position":[687.549744,-62.7292175,127.80455],"fadeInTime":0,"fadeOutTime":0,"isLooping":false,"locked":true,"maxDistance":70,"referenceDistance":8,"rotationMatrix":[-0.940127313,-0.340821773,0,0.340821773,-0.940127313,0,0,0,1],"scale":[70,70,70],"track":"event:>Ambient>Maps>Utah>Water QP04 374","useTrackDescriptionOnly":true}
{"name":"Water_QP374_165","class":"SFXEmitter","persistentId":"4120f42f-08d8-4a7f-a13c-01a4dabeb367","__parent":"Amb_3D","position":[690.360046,-44.7091599,128.278244],"fadeInTime":0,"fadeOutTime":0,"isLooping":false,"locked":true,"maxDistance":70,"referenceDistance":8,"rotationMatrix":[-0.940127313,-0.340821773,0,0.340821773,-0.940127313,0,0,0,1],"scale":[70,70,70],"track":"event:>Ambient>Maps>Utah>Water QP04 374","useTrackDescriptionOnly":true}
{"name":"Water_QP374_166","class":"SFXEmitter","persistentId":"daf9156d-abc8-429d-8960-dbce7f2cbfa8","__parent":"Amb_3D","position":[692.181213,-26.4002285,129.053116],"fadeInTime":0,"fadeOutTime":0,"isLooping":false,"locked":true,"maxDistance":70,"referenceDistance":8,"rotationMatrix":[-0.940127313,-0.340821773,0,0.340821773,-0.940127313,0,0,0,1],"scale":[70,70,70],"track":"event:>Ambient>Maps>Utah>Water QP04 374","useTrackDescriptionOnly":true}
{"name":"Water_QP374_167","class":"SFXEmitter","persistentId":"3f84c937-19f3-4f19-a20f-ac2435e82bab","__parent":"Amb_3D","position":[691.930908,-7.85874128,129.383316],"fadeInTime":0,"fadeOutTime":0,"isLooping":false,"locked":true,"maxDistance":70,"referenceDistance":8,"rotationMatrix":[-0.940127313,-0.340821773,0,0.340821773,-0.940127313,0,0,0,1],"scale":[70,70,70],"track":"event:>Ambient>Maps>Utah>Water QP04 374","useTrackDescriptionOnly":true}
{"name":"Water_QP374_168","class":"SFXEmitter","persistentId":"25ff51b3-d549-4d0f-9844-3b18be1e4e0b","__parent":"Amb_3D","position":[687.880066,9.85801411,129.150482],"fadeInTime":0,"fadeOutTime":0,"isLooping":false,"locked":true,"maxDistance":70,"referenceDistance":8,"rotationMatrix":[-0.940127313,-0.340821773,0,0.340821773,-0.940127313,0,0,0,1],"scale":[70,70,70],"track":"event:>Ambient>Maps>Utah>Water QP04 374","useTrackDescriptionOnly":true}
{"name":"Water_QP374_169","class":"SFXEmitter","persistentId":"1fd200dd-002f-4987-88d2-d5f07e5fe58d","__parent":"Amb_3D","position":[673.665955,21.2551003,129.624176],"fadeInTime":0,"fadeOutTime":0,"isLooping":false,"locked":true,"maxDistance":70,"referenceDistance":8,"rotationMatrix":[-0.940127313,-0.340821773,0,0.340821773,-0.940127313,0,0,0,1],"scale":[70,70,70],"track":"event:>Ambient>Maps>Utah>Water QP04 374","useTrackDescriptionOnly":true}
{"name":"Water_QP374_17","class":"SFXEmitter","persistentId":"3cc795c3-c80b-4758-82bc-f39ae0a5fd1d","__parent":"Amb_3D","position":[-734.680298,-854.012695,101.277458],"fadeInTime":0,"fadeOutTime":0,"isLooping":false,"locked":true,"maxDistance":70,"referenceDistance":8,"rotationMatrix":[-0.940127313,-0.340821773,0,0.340821773,-0.940127313,0,0,0,1],"scale":[70,70,70],"track":"event:>Ambient>Maps>Utah>Water QP04 374","useTrackDescriptionOnly":true}
{"name":"Water_QP374_170","class":"SFXEmitter","persistentId":"e5c28687-a1f4-4eb2-abef-be63ba0b694e","__parent":"Amb_3D","position":[657.97876,30.6192532,130.399048],"fadeInTime":0,"fadeOutTime":0,"isLooping":false,"locked":true,"maxDistance":70,"referenceDistance":8,"rotationMatrix":[-0.940127313,-0.340821773,0,0.340821773,-0.940127313,0,0,0,1],"scale":[70,70,70],"track":"event:>Ambient>Maps>Utah>Water QP04 374","useTrackDescriptionOnly":true}
{"name":"Water_QP374_171","class":"SFXEmitter","persistentId":"0f4c2bfb-26e2-42fe-9fe6-063385d49a41","__parent":"Amb_3D","position":[641.840149,39.6913528,130.074509],"fadeInTime":0,"fadeOutTime":0,"isLooping":false,"locked":true,"maxDistance":70,"referenceDistance":8,"rotationMatrix":[-0.940127313,-0.340821773,0,0.340821773,-0.940127313,0,0,0,1],"scale":[70,70,70],"track":"event:>Ambient>Maps>Utah>Water QP04 374","useTrackDescriptionOnly":true}
{"name":"Water_QP374_172","class":"SFXEmitter","persistentId":"c2344423-aef9-4112-92f7-fcda3e54c378","__parent":"Amb_3D","position":[626.095703,49.1034203,129.675064],"fadeInTime":0,"fadeOutTime":0,"isLooping":false,"locked":true,"maxDistance":70,"referenceDistance":8,"rotationMatrix":[-0.940127313,-0.340821773,0,0.340821773,-0.940127313,0,0,0,1],"scale":[70,70,70],"track":"event:>Ambient>Maps>Utah>Water QP04 374","useTrackDescriptionOnly":true}
{"name":"Water_QP374_173","class":"SFXEmitter","persistentId":"842e60d3-f7a8-420b-a529-25ad76748865","__parent":"Amb_3D","position":[611.98468,60.5019455,129.44223],"fadeInTime":0,"fadeOutTime":0,"isLooping":false,"locked":true,"maxDistance":70,"referenceDistance":8,"rotationMatrix":[-0.940127313,-0.340821773,0,0.340821773,-0.940127313,0,0,0,1],"scale":[70,70,70],"track":"event:>Ambient>Maps>Utah>Water QP04 374","useTrackDescriptionOnly":true}
{"name":"Water_QP374_174","class":"SFXEmitter","persistentId":"aecd423a-60d3-4394-a3a4-6627348028af","__parent":"Amb_3D","position":[600.133301,74.2858047,129.915924],"fadeInTime":0,"fadeOutTime":0,"isLooping":false,"locked":true,"maxDistance":70,"referenceDistance":8,"rotationMatrix":[-0.940127313,-0.340821773,0,0.340821773,-0.940127313,0,0,0,1],"scale":[70,70,70],"track":"event:>Ambient>Maps>Utah>Water QP04 374","useTrackDescriptionOnly":true}
{"name":"Water_QP374_175","class":"SFXEmitter","persistentId":"b4b69961-ce5b-46e1-8984-c1e4b7e76956","__parent":"Amb_3D","position":[591.758484,90.3890991,130.690796],"fadeInTime":0,"fadeOutTime":0,"isLooping":false,"locked":true,"maxDistance":70,"referenceDistance":8,"rotationMatrix":[-0.940127313,-0.340821773,0,0.340821773,-0.940127313,0,0,0,1],"scale":[70,70,70],"track":"event:>Ambient>Maps>Utah>Water QP04 374","useTrackDescriptionOnly":true}
{"name":"Water_QP374_176","class":"SFXEmitter","persistentId":"dbd54483-a800-4079-9b5d-1955d86f1079","__parent":"Amb_3D","position":[589.150452,108.066765,131.765488],"fadeInTime":0,"fadeOutTime":0,"isLooping":false,"locked":true,"maxDistance":70,"referenceDistance":8,"rotationMatrix":[-0.940127313,-0.340821773,0,0.340821773,-0.940127313,0,0,0,1],"scale":[70,70,70],"track":"event:>Ambient>Maps>Utah>Water QP04 374","useTrackDescriptionOnly":true}
{"name":"Water_QP374_177","class":"SFXEmitter","persistentId":"caef2bf4-cee2-4517-8300-7b9eebf8172a","__parent":"Amb_3D","position":[592.098022,126.021919,130.618546],"fadeInTime":0,"fadeOutTime":0,"isLooping":false,"locked":true,"maxDistance":70,"referenceDistance":8,"rotationMatrix":[-0.940127313,-0.340821773,0,0.340821773,-0.940127313,0,0,0,1],"scale":[70,70,70],"track":"event:>Ambient>Maps>Utah>Water QP04 374","useTrackDescriptionOnly":true}
{"name":"Water_QP374_178","class":"SFXEmitter","persistentId":"bba055d4-67a7-45c8-bf5d-847ed51106c7","__parent":"Amb_3D","position":[596.948364,143.353775,131.092239],"fadeInTime":0,"fadeOutTime":0,"isLooping":false,"locked":true,"maxDistance":70,"referenceDistance":8,"rotationMatrix":[-0.940127313,-0.340821773,0,0.340821773,-0.940127313,0,0,0,1],"scale":[70,70,70],"track":"event:>Ambient>Maps>Utah>Water QP04 374","useTrackDescriptionOnly":true}
{"name":"Water_QP374_179","class":"SFXEmitter","persistentId":"b8b5b26e-17d0-4bd9-a920-bb0219f30c91","__parent":"Amb_3D","position":[604.727356,160.144043,131.300476],"fadeInTime":0,"fadeOutTime":0,"isLooping":false,"locked":true,"maxDistance":70,"referenceDistance":8,"rotationMatrix":[-0.940127313,-0.340821773,0,0.340821773,-0.940127313,0,0,0,1],"scale":[70,70,70],"track":"event:>Ambient>Maps>Utah>Water QP04 374","useTrackDescriptionOnly":true}
{"name":"Water_QP374_18","class":"SFXEmitter","persistentId":"229ec0bc-5ddb-46a3-8d31-1b2fb8f25b94","__parent":"Amb_3D","position":[-716.188843,-853.476379,101.069908],"fadeInTime":0,"fadeOutTime":0,"isLooping":false,"locked":true,"maxDistance":70,"referenceDistance":8,"rotationMatrix":[-0.940127313,-0.340821773,0,0.340821773,-0.940127313,0,0,0,1],"scale":[70,70,70],"track":"event:>Ambient>Maps>Utah>Water QP04 374","useTrackDescriptionOnly":true}
{"name":"Water_QP374_180","class":"SFXEmitter","persistentId":"32c8ba15-c809-4be2-800d-80d4ae2dceb1","__parent":"Amb_3D","position":[616.058044,174.518829,131.419922],"fadeInTime":0,"fadeOutTime":0,"isLooping":false,"locked":true,"maxDistance":70,"referenceDistance":8,"rotationMatrix":[-0.940127313,-0.340821773,0,0.340821773,-0.940127313,0,0,0,1],"scale":[70,70,70],"track":"event:>Ambient>Maps>Utah>Water QP04 374","useTrackDescriptionOnly":true}
{"name":"Water_QP374_181","class":"SFXEmitter","persistentId":"4f248ed9-e140-4635-8d8d-c597ecbffa32","__parent":"Amb_3D","position":[631.954834,183.667648,132.203491],"fadeInTime":0,"fadeOutTime":0,"isLooping":false,"locked":true,"maxDistance":70,"referenceDistance":8,"rotationMatrix":[-0.940127313,-0.340821773,0,0.340821773,-0.940127313,0,0,0,1],"scale":[70,70,70],"track":"event:>Ambient>Maps>Utah>Water QP04 374","useTrackDescriptionOnly":true}
{"name":"Water_QP374_182","class":"SFXEmitter","persistentId":"4d587dec-8f58-4c27-b2f6-08882cbd533d","__parent":"Amb_3D","position":[649.430786,189.372467,131.056549],"fadeInTime":0,"fadeOutTime":0,"isLooping":false,"locked":true,"maxDistance":70,"referenceDistance":8,"rotationMatrix":[-0.940127313,-0.340821773,0,0.340821773,-0.940127313,0,0,0,1],"scale":[70,70,70],"track":"event:>Ambient>Maps>Utah>Water QP04 374","useTrackDescriptionOnly":true}
{"name":"Water_QP374_183","class":"SFXEmitter","persistentId":"b57e18b3-e7d4-4ffb-b132-d0716be41c51","__parent":"Amb_3D","position":[666.009155,196.18338,131.530243],"fadeInTime":0,"fadeOutTime":0,"isLooping":false,"locked":true,"maxDistance":70,"referenceDistance":8,"rotationMatrix":[-0.940127313,-0.340821773,0,0.340821773,-0.940127313,0,0,0,1],"scale":[70,70,70],"track":"event:>Ambient>Maps>Utah>Water QP04 374","useTrackDescriptionOnly":true}
{"name":"Water_QP374_184","class":"SFXEmitter","persistentId":"9aef18f1-7654-4c77-99a3-724cf22d6953","__parent":"Amb_3D","position":[680.995239,205.870499,131.738495],"fadeInTime":0,"fadeOutTime":0,"isLooping":false,"locked":true,"maxDistance":70,"referenceDistance":8,"rotationMatrix":[-0.940127313,-0.340821773,0,0.340821773,-0.940127313,0,0,0,1],"scale":[70,70,70],"track":"event:>Ambient>Maps>Utah>Water QP04 374","useTrackDescriptionOnly":true}
{"name":"Water_QP374_185","class":"SFXEmitter","persistentId":"32b6ae29-cafa-4554-8f93-ad6868fde836","__parent":"Amb_3D","position":[694.345398,218.039047,132.947906],"fadeInTime":0,"fadeOutTime":0,"isLooping":false,"locked":true,"maxDistance":70,"referenceDistance":8,"rotationMatrix":[-0.940127313,-0.340821773,0,0.340821773,-0.940127313,0,0,0,1],"scale":[70,70,70],"track":"event:>Ambient>Maps>Utah>Water QP04 374","useTrackDescriptionOnly":true}
{"name":"Water_QP374_186","class":"SFXEmitter","persistentId":"3f8a79a5-5525-4ab8-8f7a-ea23aab0cab6","__parent":"Amb_3D","position":[705.760437,232.142181,131.962097],"fadeInTime":0,"fadeOutTime":0,"isLooping":false,"locked":true,"maxDistance":70,"referenceDistance":8,"rotationMatrix":[-0.940127313,-0.340821773,0,0.340821773,-0.940127313,0,0,0,1],"scale":[70,70,70],"track":"event:>Ambient>Maps>Utah>Water QP04 374","useTrackDescriptionOnly":true}
{"name":"Water_QP374_187","class":"SFXEmitter","persistentId":"52ab2ac1-d249-4cff-b023-89ddb45c05e3","__parent":"Amb_3D","position":[716.056824,246.89682,132.435791],"fadeInTime":0,"fadeOutTime":0,"isLooping":false,"locked":true,"maxDistance":70,"referenceDistance":8,"rotationMatrix":[-0.940127313,-0.340821773,0,0.340821773,-0.940127313,0,0,0,1],"scale":[70,70,70],"track":"event:>Ambient>Maps>Utah>Water QP04 374","useTrackDescriptionOnly":true}
{"name":"Water_QP374_188","class":"SFXEmitter","persistentId":"385a7e4b-8365-4594-8cc1-14aa18ed6df3","__parent":"Amb_3D","position":[723.944702,263.517792,132.644043],"fadeInTime":0,"fadeOutTime":0,"isLooping":false,"locked":true,"maxDistance":70,"referenceDistance":8,"rotationMatrix":[-0.940127313,-0.340821773,0,0.340821773,-0.940127313,0,0,0,1],"scale":[70,70,70],"track":"event:>Ambient>Maps>Utah>Water QP04 374","useTrackDescriptionOnly":true}
{"name":"Water_QP374_189","class":"SFXEmitter","persistentId":"abee0408-9c36-4106-b720-9c8fa0f78007","__parent":"Amb_3D","position":[731.515503,280.256409,133.16922],"fadeInTime":0,"fadeOutTime":0,"isLooping":false,"locked":true,"maxDistance":70,"referenceDistance":8,"rotationMatrix":[-0.940127313,-0.340821773,0,0.340821773,-0.940127313,0,0,0,1],"scale":[70,70,70],"track":"event:>Ambient>Maps>Utah>Water QP04 374","useTrackDescriptionOnly":true}
{"name":"Water_QP374_19","class":"SFXEmitter","persistentId":"5f0c4f15-4800-4cda-8f09-a5b4a7f4e371","__parent":"Amb_3D","position":[-698.103394,-849.617432,101.751907],"fadeInTime":0,"fadeOutTime":0,"isLooping":false,"locked":true,"maxDistance":70,"referenceDistance":8,"rotationMatrix":[-0.940127313,-0.340821773,0,0.340821773,-0.940127313,0,0,0,1],"scale":[70,70,70],"track":"event:>Ambient>Maps>Utah>Water QP04 374","useTrackDescriptionOnly":true}
{"name":"Water_QP374_2","class":"SFXEmitter","persistentId":"9b4cff98-04d5-43b4-b05f-5bdbafb739dc","__parent":"Amb_3D","position":[-1000.94006,-780.929626,100.696877],"fadeInTime":0,"fadeOutTime":0,"isLooping":false,"locked":true,"maxDistance":70,"referenceDistance":8,"rotationMatrix":[-0.940127313,-0.340821773,0,0.340821773,-0.940127313,0,0,0,1],"scale":[70,70,70],"track":"event:>Ambient>Maps>Utah>Water QP04 374","useTrackDescriptionOnly":true}
{"name":"Water_QP374_20","class":"SFXEmitter","persistentId":"4b86c830-e424-4b96-b9fe-5cd86f5b3eb1","__parent":"Amb_3D","position":[-680.642517,-843.318115,101.140694],"fadeInTime":0,"fadeOutTime":0,"isLooping":false,"locked":true,"maxDistance":70,"referenceDistance":8,"rotationMatrix":[-0.940127313,-0.340821773,0,0.340821773,-0.940127313,0,0,0,1],"scale":[70,70,70],"track":"event:>Ambient>Maps>Utah>Water QP04 374","useTrackDescriptionOnly":true}
{"name":"Water_QP374_21","class":"SFXEmitter","persistentId":"1f3fdd27-4fc7-478d-80f1-d84f6ef0fb28","__parent":"Amb_3D","position":[-666.066772,-831.641418,101.115585],"fadeInTime":0,"fadeOutTime":0,"isLooping":false,"locked":true,"maxDistance":70,"referenceDistance":8,"rotationMatrix":[-0.940127313,-0.340821773,0,0.340821773,-0.940127313,0,0,0,1],"scale":[70,70,70],"track":"event:>Ambient>Maps>Utah>Water QP04 374","useTrackDescriptionOnly":true}
{"name":"Water_QP374_22","class":"SFXEmitter","persistentId":"c639522c-8d0b-41f2-9ad0-2743747e2ee6","__parent":"Amb_3D","position":[-654.681335,-817.303223,101.138344],"fadeInTime":0,"fadeOutTime":0,"isLooping":false,"locked":true,"maxDistance":70,"referenceDistance":8,"rotationMatrix":[-0.940127313,-0.340821773,0,0.340821773,-0.940127313,0,0,0,1],"scale":[70,70,70],"track":"event:>Ambient>Maps>Utah>Water QP04 374","useTrackDescriptionOnly":true}
{"name":"Water_QP374_23","class":"SFXEmitter","persistentId":"4b9ef99e-0e9a-43cc-8e05-51f2007d3942","__parent":"Amb_3D","position":[-644.259583,-802.195679,101.427933],"fadeInTime":0,"fadeOutTime":0,"isLooping":false,"locked":true,"maxDistance":70,"referenceDistance":8,"rotationMatrix":[-0.940127313,-0.340821773,0,0.340821773,-0.940127313,0,0,0,1],"scale":[70,70,70],"track":"event:>Ambient>Maps>Utah>Water QP04 374","useTrackDescriptionOnly":true}
{"name":"Water_QP374_24","class":"SFXEmitter","persistentId":"b193c44e-a2a9-4337-872b-68def3018d68","__parent":"Amb_3D","position":[-630.938477,-789.128479,100.9692],"fadeInTime":0,"fadeOutTime":0,"isLooping":false,"locked":true,"maxDistance":70,"referenceDistance":8,"rotationMatrix":[-0.940127313,-0.340821773,0,0.340821773,-0.940127313,0,0,0,1],"scale":[70,70,70],"track":"event:>Ambient>Maps>Utah>Water QP04 374","useTrackDescriptionOnly":true}
{"name":"Water_QP374_25","class":"SFXEmitter","persistentId":"4cca96eb-be18-4bfb-a94e-25028562ce87","__parent":"Amb_3D","position":[-614.518982,-780.68042,101.345192],"fadeInTime":0,"fadeOutTime":0,"isLooping":false,"locked":true,"maxDistance":70,"referenceDistance":8,"rotationMatrix":[-0.940127313,-0.340821773,0,0.340821773,-0.940127313,0,0,0,1],"scale":[70,70,70],"track":"event:>Ambient>Maps>Utah>Water QP04 374","useTrackDescriptionOnly":true}
{"name":"Water_QP374_26","class":"SFXEmitter","persistentId":"e44e70d1-347c-4692-a4c5-0f0a5c1e784b","__parent":"Amb_3D","position":[-597.219604,-774.140442,101.367691],"fadeInTime":0,"fadeOutTime":0,"isLooping":false,"locked":true,"maxDistance":70,"referenceDistance":8,"rotationMatrix":[-0.940127313,-0.340821773,0,0.340821773,-0.940127313,0,0,0,1],"scale":[70,70,70],"track":"event:>Ambient>Maps>Utah>Water QP04 374","useTrackDescriptionOnly":true}
{"name":"Water_QP374_27","class":"SFXEmitter","persistentId":"dfd0d932-253f-4aa8-aaf6-8306072c89d2","__parent":"Amb_3D","position":[-579.888855,-768.252136,101.720306],"fadeInTime":0,"fadeOutTime":0,"isLooping":false,"locked":true,"maxDistance":70,"referenceDistance":8,"rotationMatrix":[-0.940127313,-0.340821773,0,0.340821773,-0.940127313,0,0,0,1],"scale":[70,70,70],"track":"event:>Ambient>Maps>Utah>Water QP04 374","useTrackDescriptionOnly":true}
{"name":"Water_QP374_28","class":"SFXEmitter","persistentId":"f7e988a6-4574-46de-a55f-9610419a1759","__parent":"Amb_3D","position":[-561.962219,-763.413513,101.685745],"fadeInTime":0,"fadeOutTime":0,"isLooping":false,"locked":true,"maxDistance":70,"referenceDistance":8,"rotationMatrix":[-0.940127313,-0.340821773,0,0.340821773,-0.940127313,0,0,0,1],"scale":[70,70,70],"track":"event:>Ambient>Maps>Utah>Water QP04 374","useTrackDescriptionOnly":true}
{"name":"Water_QP374_29","class":"SFXEmitter","persistentId":"ba9b2374-e4e7-47c6-ba70-1c257b09b998","__parent":"Amb_3D","position":[-543.766235,-760.13269,101.975327],"fadeInTime":0,"fadeOutTime":0,"isLooping":false,"locked":true,"maxDistance":70,"referenceDistance":8,"rotationMatrix":[-0.940127313,-0.340821773,0,0.340821773,-0.940127313,0,0,0,1],"scale":[70,70,70],"track":"event:>Ambient>Maps>Utah>Water QP04 374","useTrackDescriptionOnly":true}
{"name":"Water_QP374_3","class":"SFXEmitter","persistentId":"34395650-591b-4609-a5f6-3482212d6bf2","__parent":"Amb_3D","position":[-982.952087,-786.015564,100.199974],"fadeInTime":0,"fadeOutTime":0,"isLooping":false,"locked":true,"maxDistance":70,"referenceDistance":8,"rotationMatrix":[-0.940127313,-0.340821773,0,0.340821773,-0.940127313,0,0,0,1],"scale":[70,70,70],"track":"event:>Ambient>Maps>Utah>Water QP04 374","useTrackDescriptionOnly":true}
{"name":"Water_QP374_30","class":"SFXEmitter","persistentId":"4d61549e-c875-4d37-94d1-14168853f09c","__parent":"Amb_3D","position":[-525.47229,-758.094238,101.516602],"fadeInTime":0,"fadeOutTime":0,"isLooping":false,"locked":true,"maxDistance":70,"referenceDistance":8,"rotationMatrix":[-0.940127313,-0.340821773,0,0.340821773,-0.940127313,0,0,0,1],"scale":[70,70,70],"track":"event:>Ambient>Maps>Utah>Water QP04 374","useTrackDescriptionOnly":true}
{"name":"Water_QP374_31","class":"SFXEmitter","persistentId":"ff173b9b-5d70-4982-b83d-755b008f0447","__parent":"Amb_3D","position":[-507.548187,-761.308777,101.892593],"fadeInTime":0,"fadeOutTime":0,"isLooping":false,"locked":true,"maxDistance":70,"referenceDistance":8,"rotationMatrix":[-0.940127313,-0.340821773,0,0.340821773,-0.940127313,0,0,0,1],"scale":[70,70,70],"track":"event:>Ambient>Maps>Utah>Water QP04 374","useTrackDescriptionOnly":true}
{"name":"Water_QP374_32","class":"SFXEmitter","persistentId":"799aa8a0-137e-4d0f-b9d9-9d584172d19c","__parent":"Amb_3D","position":[-494.817993,-761.221619,102.470184],"fadeInTime":0,"fadeOutTime":0,"isLooping":false,"locked":true,"maxDistance":70,"referenceDistance":8,"rotationMatrix":[-0.940127313,-0.340821773,0,0.340821773,-0.940127313,0,0,0,1],"scale":[70,70,70],"track":"event:>Ambient>Maps>Utah>Water QP04 374","useTrackDescriptionOnly":true}
{"name":"Water_QP374_33","class":"SFXEmitter","persistentId":"2e76d31a-8778-4ba2-a69c-5fe3cbdea537","__parent":"Amb_3D","position":[-477.38681,-767.171692,102.108521],"fadeInTime":0,"fadeOutTime":0,"isLooping":false,"locked":true,"maxDistance":70,"referenceDistance":8,"rotationMatrix":[-0.940127313,-0.340821773,0,0.340821773,-0.940127313,0,0,0,1],"scale":[70,70,70],"track":"event:>Ambient>Maps>Utah>Water QP04 374","useTrackDescriptionOnly":true}
{"name":"Water_QP374_34","class":"SFXEmitter","persistentId":"ce134021-9a3c-44aa-9073-3e656cf0bda0","__parent":"Amb_3D","position":[-459.979492,-773.583496,102.073959],"fadeInTime":0,"fadeOutTime":0,"isLooping":false,"locked":true,"maxDistance":70,"referenceDistance":8,"rotationMatrix":[-0.940127313,-0.340821773,0,0.340821773,-0.940127313,0,0,0,1],"scale":[70,70,70],"track":"event:>Ambient>Maps>Utah>Water QP04 374","useTrackDescriptionOnly":true}
{"name":"Water_QP374_35","class":"SFXEmitter","persistentId":"ef79f5ff-7b5f-4090-ba63-8154e1902110","__parent":"Amb_3D","position":[-446.249115,-785.74762,102.363541],"fadeInTime":0,"fadeOutTime":0,"isLooping":false,"locked":true,"maxDistance":70,"referenceDistance":8,"rotationMatrix":[-0.940127313,-0.340821773,0,0.340821773,-0.940127313,0,0,0,1],"scale":[70,70,70],"track":"event:>Ambient>Maps>Utah>Water QP04 374","useTrackDescriptionOnly":true}
{"name":"Water_QP374_36","class":"SFXEmitter","persistentId":"2b93fbab-18fd-4c5f-9232-facff35ffa1a","__parent":"Amb_3D","position":[-434.315125,-799.732544,101.904816],"fadeInTime":0,"fadeOutTime":0,"isLooping":false,"locked":true,"maxDistance":70,"referenceDistance":8,"rotationMatrix":[-0.940127313,-0.340821773,0,0.340821773,-0.940127313,0,0,0,1],"scale":[70,70,70],"track":"event:>Ambient>Maps>Utah>Water QP04 374","useTrackDescriptionOnly":true}
{"name":"Water_QP374_37","class":"SFXEmitter","persistentId":"0bdd1167-12ae-4060-a558-e94ce67d75d9","__parent":"Amb_3D","position":[-423.626892,-814.571228,102.280807],"fadeInTime":0,"fadeOutTime":0,"isLooping":false,"locked":true,"maxDistance":70,"referenceDistance":8,"rotationMatrix":[-0.940127313,-0.340821773,0,0.340821773,-0.940127313,0,0,0,1],"scale":[70,70,70],"track":"event:>Ambient>Maps>Utah>Water QP04 374","useTrackDescriptionOnly":true}
{"name":"Water_QP374_38","class":"SFXEmitter","persistentId":"eb6934d2-2cc5-4b4b-aef3-5ef5e2baa943","__parent":"Amb_3D","position":[-407.591125,-823.392029,102.861229],"fadeInTime":0,"fadeOutTime":0,"isLooping":false,"locked":true,"maxDistance":70,"referenceDistance":8,"rotationMatrix":[-0.940127313,-0.340821773,0,0.340821773,-0.940127313,0,0,0,1],"scale":[70,70,70],"track":"event:>Ambient>Maps>Utah>Water QP04 374","useTrackDescriptionOnly":true}
{"name":"Water_QP374_39","class":"SFXEmitter","persistentId":"c86484bf-508e-4f43-a904-ceae72460a44","__parent":"Amb_3D","position":[-389.25412,-821.147278,102.707497],"fadeInTime":0,"fadeOutTime":0,"isLooping":false,"locked":true,"maxDistance":70,"referenceDistance":8,"rotationMatrix":[-0.940127313,-0.340821773,0,0.340821773,-0.940127313,0,0,0,1],"scale":[70,70,70],"track":"event:>Ambient>Maps>Utah>Water QP04 374","useTrackDescriptionOnly":true}
{"name":"Water_QP374_4","class":"SFXEmitter","persistentId":"b90c06e0-fe1e-447f-848f-f899328ff3e4","__parent":"Amb_3D","position":[-965.25293,-791.350342,100.201271],"fadeInTime":0,"fadeOutTime":0,"isLooping":false,"locked":true,"maxDistance":70,"referenceDistance":8,"rotationMatrix":[-0.940127313,-0.340821773,0,0.340821773,-0.940127313,0,0,0,1],"scale":[70,70,70],"track":"event:>Ambient>Maps>Utah>Water QP04 374","useTrackDescriptionOnly":true}
{"name":"Water_QP374_40","class":"SFXEmitter","persistentId":"421fa843-f741-4fb0-b7ff-c51b17d3ebea","__parent":"Amb_3D","position":[-371.930664,-814.965088,102.997078],"fadeInTime":0,"fadeOutTime":0,"isLooping":false,"locked":true,"maxDistance":70,"referenceDistance":8,"rotationMatrix":[-0.940127313,-0.340821773,0,0.340821773,-0.940127313,0,0,0,1],"scale":[70,70,70],"track":"event:>Ambient>Maps>Utah>Water QP04 374","useTrackDescriptionOnly":true}
{"name":"Water_QP374_41","class":"SFXEmitter","persistentId":"498f14a6-1122-4eb0-aa6e-8fe1d92c621c","__parent":"Amb_3D","position":[-355.405914,-807.317444,102.538353],"fadeInTime":0,"fadeOutTime":0,"isLooping":false,"locked":true,"maxDistance":70,"referenceDistance":8,"rotationMatrix":[-0.940127313,-0.340821773,0,0.340821773,-0.940127313,0,0,0,1],"scale":[70,70,70],"track":"event:>Ambient>Maps>Utah>Water QP04 374","useTrackDescriptionOnly":true}
{"name":"Water_QP374_42","class":"SFXEmitter","persistentId":"5935b56c-4196-4834-ada2-28acd6ce90f5","__parent":"Amb_3D","position":[-340.032928,-797.855774,102.914345],"fadeInTime":0,"fadeOutTime":0,"isLooping":false,"locked":true,"maxDistance":70,"referenceDistance":8,"rotationMatrix":[-0.940127313,-0.340821773,0,0.340821773,-0.940127313,0,0,0,1],"scale":[70,70,70],"track":"event:>Ambient>Maps>Utah>Water QP04 374","useTrackDescriptionOnly":true}
{"name":"Water_QP374_43","class":"SFXEmitter","persistentId":"f9a3960b-677a-47c5-880a-a26f24057a0a","__parent":"Amb_3D","position":[-326.070465,-786.161316,104.000908],"fadeInTime":0,"fadeOutTime":0,"isLooping":false,"locked":true,"maxDistance":70,"referenceDistance":8,"rotationMatrix":[-0.940127313,-0.340821773,0,0.340821773,-0.940127313,0,0,0,1],"scale":[70,70,70],"track":"event:>Ambient>Maps>Utah>Water QP04 374","useTrackDescriptionOnly":true}
{"name":"Water_QP374_44","class":"SFXEmitter","persistentId":"cee48752-8af4-4faa-b579-79cdd0873a43","__parent":"Amb_3D","position":[-317.221832,-770.019104,103.775452],"fadeInTime":0,"fadeOutTime":0,"isLooping":false,"locked":true,"maxDistance":70,"referenceDistance":8,"rotationMatrix":[-0.940127313,-0.340821773,0,0.340821773,-0.940127313,0,0,0,1],"scale":[70,70,70],"track":"event:>Ambient>Maps>Utah>Water QP04 374","useTrackDescriptionOnly":true}
{"name":"Water_QP374_45","class":"SFXEmitter","persistentId":"5fa0b88e-7b85-4746-a87e-0ddd242adac3","__parent":"Amb_3D","position":[-319.349243,-752.007202,104.065033],"fadeInTime":0,"fadeOutTime":0,"isLooping":false,"locked":true,"maxDistance":70,"referenceDistance":8,"rotationMatrix":[-0.940127313,-0.340821773,0,0.340821773,-0.940127313,0,0,0,1],"scale":[70,70,70],"track":"event:>Ambient>Maps>Utah>Water QP04 374","useTrackDescriptionOnly":true}
{"name":"Water_QP374_46","class":"SFXEmitter","persistentId":"c32ced43-952b-42ea-8119-8c8e1c2615ab","__parent":"Amb_3D","position":[-321.499115,-734.192261,103.606308],"fadeInTime":0,"fadeOutTime":0,"isLooping":false,"locked":true,"maxDistance":70,"referenceDistance":8,"rotationMatrix":[-0.940127313,-0.340821773,0,0.340821773,-0.940127313,0,0,0,1],"scale":[70,70,70],"track":"event:>Ambient>Maps>Utah>Water QP04 374","useTrackDescriptionOnly":true}
{"name":"Water_QP374_47","class":"SFXEmitter","persistentId":"56416cbe-12cf-4cc8-b66b-1a9476ee9db6","__parent":"Amb_3D","position":[-312.908539,-718.5177,103.9823],"fadeInTime":0,"fadeOutTime":0,"isLooping":false,"locked":true,"maxDistance":70,"referenceDistance":8,"rotationMatrix":[-0.940127313,-0.340821773,0,0.340821773,-0.940127313,0,0,0,1],"scale":[70,70,70],"track":"event:>Ambient>Maps>Utah>Water QP04 374","useTrackDescriptionOnly":true}
{"name":"Water_QP374_48","class":"SFXEmitter","persistentId":"3aad9df3-b2af-4c48-99e5-c765feb89482","__parent":"Amb_3D","position":[-298.44989,-707.584778,105.068863],"fadeInTime":0,"fadeOutTime":0,"isLooping":false,"locked":true,"maxDistance":70,"referenceDistance":8,"rotationMatrix":[-0.940127313,-0.340821773,0,0.340821773,-0.940127313,0,0,0,1],"scale":[70,70,70],"track":"event:>Ambient>Maps>Utah>Water QP04 374","useTrackDescriptionOnly":true}
{"name":"Water_QP374_49","class":"SFXEmitter","persistentId":"94ab49fd-f1e2-4b32-a194-f3d12fcf4586","__parent":"Amb_3D","position":[-282.074554,-699.255737,105.678764],"fadeInTime":0,"fadeOutTime":0,"isLooping":false,"locked":true,"maxDistance":70,"referenceDistance":8,"rotationMatrix":[-0.940127313,-0.340821773,0,0.340821773,-0.940127313,0,0,0,1],"scale":[70,70,70],"track":"event:>Ambient>Maps>Utah>Water QP04 374","useTrackDescriptionOnly":true}
{"name":"Water_QP374_5","class":"SFXEmitter","persistentId":"68f8b46c-5d2f-4be7-bd08-4ad832ee0a7c","__parent":"Amb_3D","position":[-947.633606,-796.272461,100.131783],"fadeInTime":0,"fadeOutTime":0,"isLooping":false,"locked":true,"maxDistance":70,"referenceDistance":8,"rotationMatrix":[-0.940127313,-0.340821773,0,0.340821773,-0.940127313,0,0,0,1],"scale":[70,70,70],"track":"event:>Ambient>Maps>Utah>Water QP04 374","useTrackDescriptionOnly":true}
{"name":"Water_QP374_50","class":"SFXEmitter","persistentId":"6caee10a-746e-43f5-8d3b-3957aba5eb29","__parent":"Amb_3D","position":[-264.796631,-692.513367,105.968346],"fadeInTime":0,"fadeOutTime":0,"isLooping":false,"locked":true,"maxDistance":70,"referenceDistance":8,"rotationMatrix":[-0.940127313,-0.340821773,0,0.340821773,-0.940127313,0,0,0,1],"scale":[70,70,70],"track":"event:>Ambient>Maps>Utah>Water QP04 374","useTrackDescriptionOnly":true}
{"name":"Water_QP374_51","class":"SFXEmitter","persistentId":"c095d3f4-c63b-4647-9013-b456c0b0f134","__parent":"Amb_3D","position":[-246.965637,-688.434204,105.509621],"fadeInTime":0,"fadeOutTime":0,"isLooping":false,"locked":true,"maxDistance":70,"referenceDistance":8,"rotationMatrix":[-0.940127313,-0.340821773,0,0.340821773,-0.940127313,0,0,0,1],"scale":[70,70,70],"track":"event:>Ambient>Maps>Utah>Water QP04 374","useTrackDescriptionOnly":true}
{"name":"Water_QP374_52","class":"SFXEmitter","persistentId":"9527dc63-e212-499d-a049-3f35bea4eb27","__parent":"Amb_3D","position":[-229.014801,-687.493591,105.885612],"fadeInTime":0,"fadeOutTime":0,"isLooping":false,"locked":true,"maxDistance":70,"referenceDistance":8,"rotationMatrix":[-0.940127313,-0.340821773,0,0.340821773,-0.940127313,0,0,0,1],"scale":[70,70,70],"track":"event:>Ambient>Maps>Utah>Water QP04 374","useTrackDescriptionOnly":true}
{"name":"Water_QP374_53","class":"SFXEmitter","persistentId":"1b22d751-ae61-4610-9cee-123350677f0e","__parent":"Amb_3D","position":[-210.740646,-689.055969,109.014549],"fadeInTime":0,"fadeOutTime":0,"isLooping":false,"locked":true,"maxDistance":70,"referenceDistance":8,"rotationMatrix":[-0.940127313,-0.340821773,0,0.340821773,-0.940127313,0,0,0,1],"scale":[70,70,70],"track":"event:>Ambient>Maps>Utah>Water QP04 374","useTrackDescriptionOnly":true}
{"name":"Water_QP374_54","class":"SFXEmitter","persistentId":"78c8675e-c714-4680-8a26-bea8ff88356e","__parent":"Amb_3D","position":[-192.895248,-692.82373,108.109192],"fadeInTime":0,"fadeOutTime":0,"isLooping":false,"locked":true,"maxDistance":70,"referenceDistance":8,"rotationMatrix":[-0.940127313,-0.340821773,0,0.340821773,-0.940127313,0,0,0,1],"scale":[70,70,70],"track":"event:>Ambient>Maps>Utah>Water QP04 374","useTrackDescriptionOnly":true}
{"name":"Water_QP374_55","class":"SFXEmitter","persistentId":"3dea34b9-a155-4ac9-abcc-6b89bc606dcd","__parent":"Amb_3D","position":[-175.57579,-697.615906,108.398773],"fadeInTime":0,"fadeOutTime":0,"isLooping":false,"locked":true,"maxDistance":70,"referenceDistance":8,"rotationMatrix":[-0.940127313,-0.340821773,0,0.340821773,-0.940127313,0,0,0,1],"scale":[70,70,70],"track":"event:>Ambient>Maps>Utah>Water QP04 374","useTrackDescriptionOnly":true}
{"name":"Water_QP374_56","class":"SFXEmitter","persistentId":"6f6262ea-13d1-419f-8a13-f1f98c9ae81c","__parent":"Amb_3D","position":[-159.512283,-704.908508,107.940048],"fadeInTime":0,"fadeOutTime":0,"isLooping":false,"locked":true,"maxDistance":70,"referenceDistance":8,"rotationMatrix":[-0.940127313,-0.340821773,0,0.340821773,-0.940127313,0,0,0,1],"scale":[70,70,70],"track":"event:>Ambient>Maps>Utah>Water QP04 374","useTrackDescriptionOnly":true}
{"name":"Water_QP374_57","class":"SFXEmitter","persistentId":"37fbd6a7-fa02-4c2f-89d8-19d2c3de1127","__parent":"Amb_3D","position":[-143.657272,-712.065979,108.31604],"fadeInTime":0,"fadeOutTime":0,"isLooping":false,"locked":true,"maxDistance":70,"referenceDistance":8,"rotationMatrix":[-0.940127313,-0.340821773,0,0.340821773,-0.940127313,0,0,0,1],"scale":[70,70,70],"track":"event:>Ambient>Maps>Utah>Water QP04 374","useTrackDescriptionOnly":true}
{"name":"Water_QP374_58","class":"SFXEmitter","persistentId":"a80d04d7-4f40-4b29-bde3-e776c946052d","__parent":"Amb_3D","position":[-127.808044,-720.492249,110.940529],"fadeInTime":0,"fadeOutTime":0,"isLooping":false,"locked":true,"maxDistance":70,"referenceDistance":8,"rotationMatrix":[-0.940127313,-0.340821773,0,0.340821773,-0.940127313,0,0,0,1],"scale":[70,70,70],"track":"event:>Ambient>Maps>Utah>Water QP04 374","useTrackDescriptionOnly":true}
{"name":"Water_QP374_59","class":"SFXEmitter","persistentId":"50a13369-79fa-407d-ab86-aeb5007c9d43","__parent":"Amb_3D","position":[-113.042824,-730.926819,109.662987],"fadeInTime":0,"fadeOutTime":0,"isLooping":false,"locked":true,"maxDistance":70,"referenceDistance":8,"rotationMatrix":[-0.940127313,-0.340821773,0,0.340821773,-0.940127313,0,0,0,1],"scale":[70,70,70],"track":"event:>Ambient>Maps>Utah>Water QP04 374","useTrackDescriptionOnly":true}
{"name":"Water_QP374_6","class":"SFXEmitter","persistentId":"2b157d00-442e-47e2-a807-016114ea2326","__parent":"Amb_3D","position":[-929.550842,-800.374573,100.571815],"fadeInTime":0,"fadeOutTime":0,"isLooping":false,"locked":true,"maxDistance":70,"referenceDistance":8,"rotationMatrix":[-0.940127313,-0.340821773,0,0.340821773,-0.940127313,0,0,0,1],"scale":[70,70,70],"track":"event:>Ambient>Maps>Utah>Water QP04 374","useTrackDescriptionOnly":true}
{"name":"Water_QP374_60","class":"SFXEmitter","persistentId":"8ed52785-41d1-4e0a-8a2f-5bc9bd558a38","__parent":"Amb_3D","position":[-97.0281754,-738.714661,109.952568],"fadeInTime":0,"fadeOutTime":0,"isLooping":false,"locked":true,"maxDistance":70,"referenceDistance":8,"rotationMatrix":[-0.940127313,-0.340821773,0,0.340821773,-0.940127313,0,0,0,1],"scale":[70,70,70],"track":"event:>Ambient>Maps>Utah>Water QP04 374","useTrackDescriptionOnly":true}
{"name":"Water_QP374_61","class":"SFXEmitter","persistentId":"0b37f0dc-66c1-44a1-9b7a-6152998d4e6a","__parent":"Amb_3D","position":[-82.8154602,-749.445496,109.493843],"fadeInTime":0,"fadeOutTime":0,"isLooping":false,"locked":true,"maxDistance":70,"referenceDistance":8,"rotationMatrix":[-0.940127313,-0.340821773,0,0.340821773,-0.940127313,0,0,0,1],"scale":[70,70,70],"track":"event:>Ambient>Maps>Utah>Water QP04 374","useTrackDescriptionOnly":true}
{"name":"Water_QP374_62","class":"SFXEmitter","persistentId":"7e016163-e2cf-4f98-8a4f-24fa3005cbb6","__parent":"Amb_3D","position":[-68.9646606,-760.537354,111.150887],"fadeInTime":0,"fadeOutTime":0,"isLooping":false,"locked":true,"maxDistance":70,"referenceDistance":8,"rotationMatrix":[-0.940127313,-0.340821773,0,0.340821773,-0.940127313,0,0,0,1],"scale":[70,70,70],"track":"event:>Ambient>Maps>Utah>Water QP04 374","useTrackDescriptionOnly":true}
{"name":"Water_QP374_63","class":"SFXEmitter","persistentId":"179775bf-a2f1-4cc3-be5e-f1da1d50c290","__parent":"Amb_3D","position":[-54.9491196,-772.752014,111.255074],"fadeInTime":0,"fadeOutTime":0,"isLooping":false,"locked":true,"maxDistance":70,"referenceDistance":8,"rotationMatrix":[-0.940127313,-0.340821773,0,0.340821773,-0.940127313,0,0,0,1],"scale":[70,70,70],"track":"event:>Ambient>Maps>Utah>Water QP04 374","useTrackDescriptionOnly":true}
{"name":"Water_QP374_64","class":"SFXEmitter","persistentId":"08614621-c0ea-4bf7-94e8-53affda33f5b","__parent":"Amb_3D","position":[-40.526413,-784.01239,110.600067],"fadeInTime":0,"fadeOutTime":0,"isLooping":false,"locked":true,"maxDistance":70,"referenceDistance":8,"rotationMatrix":[-0.940127313,-0.340821773,0,0.340821773,-0.940127313,0,0,0,1],"scale":[70,70,70],"track":"event:>Ambient>Maps>Utah>Water QP04 374","useTrackDescriptionOnly":true}
{"name":"Water_QP374_65","class":"SFXEmitter","persistentId":"d0f9df1e-fe9a-4e14-af13-6f869ebf901d","__parent":"Amb_3D","position":[-26.4304314,-795.632629,110.889648],"fadeInTime":0,"fadeOutTime":0,"isLooping":false,"locked":true,"maxDistance":70,"referenceDistance":8,"rotationMatrix":[-0.940127313,-0.340821773,0,0.340821773,-0.940127313,0,0,0,1],"scale":[70,70,70],"track":"event:>Ambient>Maps>Utah>Water QP04 374","useTrackDescriptionOnly":true}
{"name":"Water_QP374_66","class":"SFXEmitter","persistentId":"14fbca5e-e001-4727-ba9b-a9cb411f28f1","__parent":"Amb_3D","position":[-12.386858,-807.355225,110.430923],"fadeInTime":0,"fadeOutTime":0,"isLooping":false,"locked":true,"maxDistance":70,"referenceDistance":8,"rotationMatrix":[-0.940127313,-0.340821773,0,0.340821773,-0.940127313,0,0,0,1],"scale":[70,70,70],"track":"event:>Ambient>Maps>Utah>Water QP04 374","useTrackDescriptionOnly":true}
{"name":"Water_QP374_67","class":"SFXEmitter","persistentId":"5d4a21b9-b44a-433f-b1b8-dd8c5503e233","__parent":"Amb_3D","position":[2.26191092,-819.049133,112.087967],"fadeInTime":0,"fadeOutTime":0,"isLooping":false,"locked":true,"maxDistance":70,"referenceDistance":8,"rotationMatrix":[-0.940127313,-0.340821773,0,0.340821773,-0.940127313,0,0,0,1],"scale":[70,70,70],"track":"event:>Ambient>Maps>Utah>Water QP04 374","useTrackDescriptionOnly":true}
{"name":"Water_QP374_68","class":"SFXEmitter","persistentId":"7b3df26b-d91c-4dcb-b520-f794cad2bf12","__parent":"Amb_3D","position":[17.3400917,-829.612,111.834236],"fadeInTime":0,"fadeOutTime":0,"isLooping":false,"locked":true,"maxDistance":70,"referenceDistance":8,"rotationMatrix":[-0.940127313,-0.340821773,0,0.340821773,-0.940127313,0,0,0,1],"scale":[70,70,70],"track":"event:>Ambient>Maps>Utah>Water QP04 374","useTrackDescriptionOnly":true}
{"name":"Water_QP374_69","class":"SFXEmitter","persistentId":"db255a78-e364-42ef-b78a-c377443b2169","__parent":"Amb_3D","position":[32.3861656,-840.258972,111.812538],"fadeInTime":0,"fadeOutTime":0,"isLooping":false,"locked":true,"maxDistance":70,"referenceDistance":8,"rotationMatrix":[-0.940127313,-0.340821773,0,0.340821773,-0.940127313,0,0,0,1],"scale":[70,70,70],"track":"event:>Ambient>Maps>Utah>Water QP04 374","useTrackDescriptionOnly":true}
{"name":"Water_QP374_7","class":"SFXEmitter","persistentId":"221ba706-8fd0-4e9f-8524-de979e3e8b7e","__parent":"Amb_3D","position":[-911.448364,-803.794006,100.074913],"fadeInTime":0,"fadeOutTime":0,"isLooping":false,"locked":true,"maxDistance":70,"referenceDistance":8,"rotationMatrix":[-0.940127313,-0.340821773,0,0.340821773,-0.940127313,0,0,0,1],"scale":[70,70,70],"track":"event:>Ambient>Maps>Utah>Water QP04 374","useTrackDescriptionOnly":true}
{"name":"Water_QP374_70","class":"SFXEmitter","persistentId":"86ee71f8-5d1e-454a-b378-45acd51ce192","__parent":"Amb_3D","position":[48.3287582,-849.652954,112.102119],"fadeInTime":0,"fadeOutTime":0,"isLooping":false,"locked":true,"maxDistance":70,"referenceDistance":8,"rotationMatrix":[-0.940127313,-0.340821773,0,0.340821773,-0.940127313,0,0,0,1],"scale":[70,70,70],"track":"event:>Ambient>Maps>Utah>Water QP04 374","useTrackDescriptionOnly":true}
{"name":"Water_QP374_71","class":"SFXEmitter","persistentId":"3f0d90ba-97df-4a8a-ab68-b8431d909aec","__parent":"Amb_3D","position":[65.2005539,-856.967773,111.481667],"fadeInTime":0,"fadeOutTime":0,"isLooping":false,"locked":true,"maxDistance":70,"referenceDistance":8,"rotationMatrix":[-0.940127313,-0.340821773,0,0.340821773,-0.940127313,0,0,0,1],"scale":[70,70,70],"track":"event:>Ambient>Maps>Utah>Water QP04 374","useTrackDescriptionOnly":true}
{"name":"Water_QP374_72","class":"SFXEmitter","persistentId":"5c9dbd47-6844-4819-9ecd-e895a0bbc3f3","__parent":"Amb_3D","position":[82.8963699,-861.624268,112.35585],"fadeInTime":0,"fadeOutTime":0,"isLooping":false,"locked":true,"maxDistance":70,"referenceDistance":8,"rotationMatrix":[-0.940127313,-0.340821773,0,0.340821773,-0.940127313,0,0,0,1],"scale":[70,70,70],"track":"event:>Ambient>Maps>Utah>Water QP04 374","useTrackDescriptionOnly":true}
{"name":"Water_QP374_73","class":"SFXEmitter","persistentId":"bf3f72ba-6902-4abf-90d4-718632516b47","__parent":"Amb_3D","position":[101.304268,-862.973389,112.429649],"fadeInTime":0,"fadeOutTime":0,"isLooping":false,"locked":true,"maxDistance":70,"referenceDistance":8,"rotationMatrix":[-0.940127313,-0.340821773,0,0.340821773,-0.940127313,0,0,0,1],"scale":[70,70,70],"track":"event:>Ambient>Maps>Utah>Water QP04 374","useTrackDescriptionOnly":true}
{"name":"Water_QP374_74","class":"SFXEmitter","persistentId":"5ddcf596-276f-4057-ba6a-a677a9c718a3","__parent":"Amb_3D","position":[119.434074,-860.036316,112.626785],"fadeInTime":0,"fadeOutTime":0,"isLooping":false,"locked":true,"maxDistance":70,"referenceDistance":8,"rotationMatrix":[-0.940127313,-0.340821773,0,0.340821773,-0.940127313,0,0,0,1],"scale":[70,70,70],"track":"event:>Ambient>Maps>Utah>Water QP04 374","useTrackDescriptionOnly":true}
{"name":"Water_QP374_75","class":"SFXEmitter","persistentId":"064c8aaa-5a30-4845-860d-47e278e0435e","__parent":"Amb_3D","position":[135.417007,-850.880554,112.916367],"fadeInTime":0,"fadeOutTime":0,"isLooping":false,"locked":true,"maxDistance":70,"referenceDistance":8,"rotationMatrix":[-0.940127313,-0.340821773,0,0.340821773,-0.940127313,0,0,0,1],"scale":[70,70,70],"track":"event:>Ambient>Maps>Utah>Water QP04 374","useTrackDescriptionOnly":true}
{"name":"Water_QP374_76","class":"SFXEmitter","persistentId":"6fb0cb6c-188f-429c-803a-ad6666e66c50","__parent":"Amb_3D","position":[146.705505,-836.558594,112.295914],"fadeInTime":0,"fadeOutTime":0,"isLooping":false,"locked":true,"maxDistance":70,"referenceDistance":8,"rotationMatrix":[-0.940127313,-0.340821773,0,0.340821773,-0.940127313,0,0,0,1],"scale":[70,70,70],"track":"event:>Ambient>Maps>Utah>Water QP04 374","useTrackDescriptionOnly":true}
{"name":"Water_QP374_77","class":"SFXEmitter","persistentId":"d2f0c523-7e70-456b-9937-7508cca752da","__parent":"Amb_3D","position":[153.692749,-819.452026,113.170097],"fadeInTime":0,"fadeOutTime":0,"isLooping":false,"locked":true,"maxDistance":70,"referenceDistance":8,"rotationMatrix":[-0.940127313,-0.340821773,0,0.340821773,-0.940127313,0,0,0,1],"scale":[70,70,70],"track":"event:>Ambient>Maps>Utah>Water QP04 374","useTrackDescriptionOnly":true}
{"name":"Water_QP374_78","class":"SFXEmitter","persistentId":"d5ec7be5-db43-4aab-9fd3-381c94378578","__parent":"Amb_3D","position":[159.106537,-801.781372,113.243896],"fadeInTime":0,"fadeOutTime":0,"isLooping":false,"locked":true,"maxDistance":70,"referenceDistance":8,"rotationMatrix":[-0.940127313,-0.340821773,0,0.340821773,-0.940127313,0,0,0,1],"scale":[70,70,70],"track":"event:>Ambient>Maps>Utah>Water QP04 374","useTrackDescriptionOnly":true}
{"name":"Water_QP374_79","class":"SFXEmitter","persistentId":"d21058ca-02f4-4b8c-afd9-f130297be71c","__parent":"Amb_3D","position":[163.175003,-783.674194,113.45961],"fadeInTime":0,"fadeOutTime":0,"isLooping":false,"locked":true,"maxDistance":70,"referenceDistance":8,"rotationMatrix":[-0.940127313,-0.340821773,0,0.340821773,-0.940127313,0,0,0,1],"scale":[70,70,70],"track":"event:>Ambient>Maps>Utah>Water QP04 374","useTrackDescriptionOnly":true}
{"name":"Water_QP374_8","class":"SFXEmitter","persistentId":"64f20a4d-c61c-490d-95b3-95236739edf3","__parent":"Amb_3D","position":[-893.50769,-807.679565,100.783127],"fadeInTime":0,"fadeOutTime":0,"isLooping":false,"locked":true,"maxDistance":70,"referenceDistance":8,"rotationMatrix":[-0.940127313,-0.340821773,0,0.340821773,-0.940127313,0,0,0,1],"scale":[70,70,70],"track":"event:>Ambient>Maps>Utah>Water QP04 374","useTrackDescriptionOnly":true}
{"name":"Water_QP374_80","class":"SFXEmitter","persistentId":"a4813d73-e58b-43ee-ac11-8739547da7ca","__parent":"Amb_3D","position":[167.458084,-765.850098,112.839157],"fadeInTime":0,"fadeOutTime":0,"isLooping":false,"locked":true,"maxDistance":70,"referenceDistance":8,"rotationMatrix":[-0.940127313,-0.340821773,0,0.340821773,-0.940127313,0,0,0,1],"scale":[70,70,70],"track":"event:>Ambient>Maps>Utah>Water QP04 374","useTrackDescriptionOnly":true}
{"name":"Water_QP374_81","class":"SFXEmitter","persistentId":"685ffd91-a2ad-499e-87ff-d5b3b8c37977","__parent":"Amb_3D","position":[171.856033,-748.130432,113.713341],"fadeInTime":0,"fadeOutTime":0,"isLooping":false,"locked":true,"maxDistance":70,"referenceDistance":8,"rotationMatrix":[-0.940127313,-0.340821773,0,0.340821773,-0.940127313,0,0,0,1],"scale":[70,70,70],"track":"event:>Ambient>Maps>Utah>Water QP04 374","useTrackDescriptionOnly":true}
{"name":"Water_QP374_82","class":"SFXEmitter","persistentId":"c2d11521-45d6-4609-b4ef-04c5dc5b3e92","__parent":"Amb_3D","position":[178.818878,-731.002747,113.672997],"fadeInTime":0,"fadeOutTime":0,"isLooping":false,"locked":true,"maxDistance":70,"referenceDistance":8,"rotationMatrix":[-0.940127313,-0.340821773,0,0.340821773,-0.940127313,0,0,0,1],"scale":[70,70,70],"track":"event:>Ambient>Maps>Utah>Water QP04 374","useTrackDescriptionOnly":true}
{"name":"Water_QP374_83","class":"SFXEmitter","persistentId":"28f326de-992b-49bf-8a13-b160ab00c999","__parent":"Amb_3D","position":[189.523346,-716.055115,114.046173],"fadeInTime":0,"fadeOutTime":0,"isLooping":false,"locked":true,"maxDistance":70,"referenceDistance":8,"rotationMatrix":[-0.940127313,-0.340821773,0,0.340821773,-0.940127313,0,0,0,1],"scale":[70,70,70],"track":"event:>Ambient>Maps>Utah>Water QP04 374","useTrackDescriptionOnly":true}
{"name":"Water_QP374_84","class":"SFXEmitter","persistentId":"0074c081-5ec7-4711-817c-c0f4ea4970dd","__parent":"Amb_3D","position":[203.564499,-703.737976,114.261887],"fadeInTime":0,"fadeOutTime":0,"isLooping":false,"locked":true,"maxDistance":70,"referenceDistance":8,"rotationMatrix":[-0.940127313,-0.340821773,0,0.340821773,-0.940127313,0,0,0,1],"scale":[70,70,70],"track":"event:>Ambient>Maps>Utah>Water QP04 374","useTrackDescriptionOnly":true}
{"name":"Water_QP374_85","class":"SFXEmitter","persistentId":"f095f2ee-f1cb-4697-b968-212a0b369293","__parent":"Amb_3D","position":[219.569611,-695.228455,113.641434],"fadeInTime":0,"fadeOutTime":0,"isLooping":false,"locked":true,"maxDistance":70,"referenceDistance":8,"rotationMatrix":[-0.940127313,-0.340821773,0,0.340821773,-0.940127313,0,0,0,1],"scale":[70,70,70],"track":"event:>Ambient>Maps>Utah>Water QP04 374","useTrackDescriptionOnly":true}
{"name":"Water_QP374_86","class":"SFXEmitter","persistentId":"492c82c5-2fcc-4d15-aec4-6563f46e535f","__parent":"Amb_3D","position":[236.191467,-687.808472,114.51561],"fadeInTime":0,"fadeOutTime":0,"isLooping":false,"locked":true,"maxDistance":70,"referenceDistance":8,"rotationMatrix":[-0.940127313,-0.340821773,0,0.340821773,-0.940127313,0,0,0,1],"scale":[70,70,70],"track":"event:>Ambient>Maps>Utah>Water QP04 374","useTrackDescriptionOnly":true}
{"name":"Water_QP374_87","class":"SFXEmitter","persistentId":"c137a3b5-af54-4b00-91f8-74aa312fa58f","__parent":"Amb_3D","position":[253.034561,-680.036499,114.475266],"fadeInTime":0,"fadeOutTime":0,"isLooping":false,"locked":true,"maxDistance":70,"referenceDistance":8,"rotationMatrix":[-0.940127313,-0.340821773,0,0.340821773,-0.940127313,0,0,0,1],"scale":[70,70,70],"track":"event:>Ambient>Maps>Utah>Water QP04 374","useTrackDescriptionOnly":true}
{"name":"Water_QP374_88","class":"SFXEmitter","persistentId":"f5f26960-96dd-472f-8d1f-029ce373db99","__parent":"Amb_3D","position":[270.345978,-673.214539,114.324409],"fadeInTime":0,"fadeOutTime":0,"isLooping":false,"locked":true,"maxDistance":70,"referenceDistance":8,"rotationMatrix":[-0.940127313,-0.340821773,0,0.340821773,-0.940127313,0,0,0,1],"scale":[70,70,70],"track":"event:>Ambient>Maps>Utah>Water QP04 374","useTrackDescriptionOnly":true}
{"name":"Water_QP374_89","class":"SFXEmitter","persistentId":"5765d34d-7eef-41d3-a1d5-368c7dc50b89","__parent":"Amb_3D","position":[287.797058,-666.549988,114.697586],"fadeInTime":0,"fadeOutTime":0,"isLooping":false,"locked":true,"maxDistance":70,"referenceDistance":8,"rotationMatrix":[-0.940127313,-0.340821773,0,0.340821773,-0.940127313,0,0,0,1],"scale":[70,70,70],"track":"event:>Ambient>Maps>Utah>Water QP04 374","useTrackDescriptionOnly":true}
{"name":"Water_QP374_9","class":"SFXEmitter","persistentId":"2da7363d-ca55-4639-af73-a34df5eee7f0","__parent":"Amb_3D","position":[-875.514526,-811.043274,100.460419],"fadeInTime":0,"fadeOutTime":0,"isLooping":false,"locked":true,"maxDistance":70,"referenceDistance":8,"rotationMatrix":[-0.940127313,-0.340821773,0,0.340821773,-0.940127313,0,0,0,1],"scale":[70,70,70],"track":"event:>Ambient>Maps>Utah>Water QP04 374","useTrackDescriptionOnly":true}
{"name":"Water_QP374_90","class":"SFXEmitter","persistentId":"26793c35-fabb-4099-8ae6-4ac70b5ac32a","__parent":"Amb_3D","position":[305.293182,-659.986511,114.9133],"fadeInTime":0,"fadeOutTime":0,"isLooping":false,"locked":true,"maxDistance":70,"referenceDistance":8,"rotationMatrix":[-0.940127313,-0.340821773,0,0.340821773,-0.940127313,0,0,0,1],"scale":[70,70,70],"track":"event:>Ambient>Maps>Utah>Water QP04 374","useTrackDescriptionOnly":true}
{"name":"Water_QP374_91","class":"SFXEmitter","persistentId":"126f5e96-f0d1-42bd-b636-583b512c6820","__parent":"Amb_3D","position":[322.99057,-655.535278,114.292847],"fadeInTime":0,"fadeOutTime":0,"isLooping":false,"locked":true,"maxDistance":70,"referenceDistance":8,"rotationMatrix":[-0.940127313,-0.340821773,0,0.340821773,-0.940127313,0,0,0,1],"scale":[70,70,70],"track":"event:>Ambient>Maps>Utah>Water QP04 374","useTrackDescriptionOnly":true}
{"name":"Water_QP374_92","class":"SFXEmitter","persistentId":"2744e73c-d479-4c4d-a934-9bd7c1df9846","__parent":"Amb_3D","position":[340.600372,-650.890991,115.167023],"fadeInTime":0,"fadeOutTime":0,"isLooping":false,"locked":true,"maxDistance":70,"referenceDistance":8,"rotationMatrix":[-0.940127313,-0.340821773,0,0.340821773,-0.940127313,0,0,0,1],"scale":[70,70,70],"track":"event:>Ambient>Maps>Utah>Water QP04 374","useTrackDescriptionOnly":true}
{"name":"Water_QP374_93","class":"SFXEmitter","persistentId":"74f1943d-1d69-4e3c-9530-a64c8fb7b505","__parent":"Amb_3D","position":[358.502411,-646.546997,115.461021],"fadeInTime":0,"fadeOutTime":0,"isLooping":false,"locked":true,"maxDistance":70,"referenceDistance":8,"rotationMatrix":[-0.940127313,-0.340821773,0,0.340821773,-0.940127313,0,0,0,1],"scale":[70,70,70],"track":"event:>Ambient>Maps>Utah>Water QP04 374","useTrackDescriptionOnly":true}
{"name":"Water_QP374_94","class":"SFXEmitter","persistentId":"94b7d8e1-a151-48c8-9476-20fd42beb363","__parent":"Amb_3D","position":[376.709045,-643.100647,116.170006],"fadeInTime":0,"fadeOutTime":0,"isLooping":false,"locked":true,"maxDistance":70,"referenceDistance":8,"rotationMatrix":[-0.940127313,-0.340821773,0,0.340821773,-0.940127313,0,0,0,1],"scale":[70,70,70],"track":"event:>Ambient>Maps>Utah>Water QP04 374","useTrackDescriptionOnly":true}
{"name":"Water_QP374_95","class":"SFXEmitter","persistentId":"3b36422f-bdca-4368-be72-3a13f4e1a183","__parent":"Amb_3D","position":[394.838562,-639.752197,116.385719],"fadeInTime":0,"fadeOutTime":0,"isLooping":false,"locked":true,"maxDistance":70,"referenceDistance":8,"rotationMatrix":[-0.940127313,-0.340821773,0,0.340821773,-0.940127313,0,0,0,1],"scale":[70,70,70],"track":"event:>Ambient>Maps>Utah>Water QP04 374","useTrackDescriptionOnly":true}
{"name":"Water_QP374_96","class":"SFXEmitter","persistentId":"06b42772-2a4f-4f94-ae39-c61aa537efb8","__parent":"Amb_3D","position":[412.90155,-637.17865,115.765266],"fadeInTime":0,"fadeOutTime":0,"isLooping":false,"locked":true,"maxDistance":70,"referenceDistance":8,"rotationMatrix":[-0.940127313,-0.340821773,0,0.340821773,-0.940127313,0,0,0,1],"scale":[70,70,70],"track":"event:>Ambient>Maps>Utah>Water QP04 374","useTrackDescriptionOnly":true}
{"name":"Water_QP374_97","class":"SFXEmitter","persistentId":"4b6435f9-459d-48d6-9372-e1a7d4005a99","__parent":"Amb_3D","position":[431.20813,-635.989502,116.639442],"fadeInTime":0,"fadeOutTime":0,"isLooping":false,"locked":true,"maxDistance":70,"referenceDistance":8,"rotationMatrix":[-0.940127313,-0.340821773,0,0.340821773,-0.940127313,0,0,0,1],"scale":[70,70,70],"track":"event:>Ambient>Maps>Utah>Water QP04 374","useTrackDescriptionOnly":true}
{"name":"Water_QP374_98","class":"SFXEmitter","persistentId":"9a406870-0675-4eb2-b1b9-bd7d656cd6f8","__parent":"Amb_3D","position":[449.790558,-636.399292,117.001633],"fadeInTime":0,"fadeOutTime":0,"isLooping":false,"locked":true,"maxDistance":70,"referenceDistance":8,"rotationMatrix":[-0.940127313,-0.340821773,0,0.340821773,-0.940127313,0,0,0,1],"scale":[70,70,70],"track":"event:>Ambient>Maps>Utah>Water QP04 374","useTrackDescriptionOnly":true}
{"name":"Water_QP374_99","class":"SFXEmitter","persistentId":"eb7a95e5-c47d-4f97-95eb-25b2c6be6fe7","__parent":"Amb_3D","position":[467.592957,-641.512451,116.992661],"fadeInTime":0,"fadeOutTime":0,"isLooping":false,"locked":true,"maxDistance":70,"referenceDistance":8,"rotationMatrix":[-0.940127313,-0.340821773,0,0.340821773,-0.940127313,0,0,0,1],"scale":[70,70,70],"track":"event:>Ambient>Maps>Utah>Water QP04 374","useTrackDescriptionOnly":true}
{"name":"Water_QP374_Small","class":"SFXEmitter","persistentId":"166ce1bc-d622-4dfc-b087-768d96d32f80","__parent":"Amb_3D","position":[735.060425,293.636627,133.159225],"fadeInTime":0,"fadeOutTime":0,"isLooping":false,"locked":true,"maxDistance":70,"referenceDistance":4,"rotationMatrix":[-0.940127313,-0.340821773,0,0.340821773,-0.940127313,0,0,0,1],"scale":[70,70,70],"track":"event:>Ambient>Maps>Utah>Water QP04 374_Small","useTrackDescriptionOnly":true}
