{"name":"BeamLRTrigger_JumpTarget","class":"BeamNGTrigger","persistentId":"c459bd78-98a1-4661-b261-333bd31cbdd9","__parent":"Triggers","position":[484.014648,226.952988,175.78537],"luaFunction":"onBeamNGTrigger","rotationMatrix":[0.932620823,0.360857844,-3.7252903e-09,-0.357329905,0.923502982,0.13949053,0.0503362678,-0.130091771,0.990223408],"scale":[12.5197649,18.0346088,9.62225151],"triggerMode":"Overlaps","triggerTestType":"Bounding box"}
{"name":"BeamNGTrigger_AirfieldRoadIntersect","class":"BeamNGTrigger","persistentId":"02164bba-8cea-4f0a-a5d5-72028b0b77f9","__parent":"Triggers","position":[-333.452698,-434.583038,134.592789],"luaFunction":"onBeamNGTrigger","rotationMatrix":[0.809082985,-0.587694407,0,0.587694407,0.809082985,0,0,0,1],"scale":[6.34841824,7.81304455,4.21784592],"triggerMode":"Overlaps","triggerTestType":"Bounding box"}
{"name":"MissionTrigger_CaravanArea","class":"BeamNGTrigger","persistentId":"ae0958b9-cdb6-4385-ad11-f4a032e73852","__parent":"Triggers","position":[636.274414,-518.212585,135.18895],"luaFunction":"onBeamNGTrigger","scale":[6.25844717,6.25844717,6.25844717],"triggerMode":"Overlaps","triggerTestType":"Bounding box","triggerType":"Sphere"}
{"name":"BeamNGTrigger_HighwayDragFinish","class":"BeamNGTrigger","persistentId":"b6748a25-1ac7-44b3-9aa0-e442d87da5ac","__parent":"Triggers","position":[-549.077332,-903.401855,134.480316],"luaFunction":"onBeamNGTrigger","scale":[9.54843807,11.1030273,6.63845205],"triggerMode":"Overlaps","triggerTestType":"Bounding box"}
{"name":"BeamNGTrigger_HighwayRaceClub","class":"BeamNGTrigger","persistentId":"67f148d9-08c1-4c73-8722-6598ebdba911","__parent":"Triggers","position":[801.746338,-642.438904,149.347427],"luaFunction":"onBeamNGTrigger","rotationMatrix":[0.719030976,0.694977999,0,-0.694977999,0.719030976,0,0,0,1],"scale":[12.4414768,6.18765163,5.219841],"triggerMode":"Overlaps","triggerTestType":"Bounding box"}
{"name":"BeamNGTrigger_GasStation","class":"BeamNGTrigger","persistentId":"6a6b8982-4e7c-4456-8f42-270d75830689","__parent":"Triggers","position":[810.377014,-154.025131,145.721695],"luaFunction":"onBeamNGTrigger","rotationMatrix":[0.984750569,0.173972279,0,-0.173972279,0.984750569,0,0,0,1],"scale":[9.1798172,12.4514875,3.24760723],"triggerMode":"Overlaps","triggerTestType":"Bounding box"}
{"name":"BeamNGTrigger_RepairShop","class":"BeamNGTrigger","persistentId":"de70053f-f4a9-4498-acd8-54c4ee1e4d02","__parent":"Triggers","position":[798.149536,-181.045395,145.721695],"luaFunction":"onBeamNGTrigger","rotationMatrix":[0.984750569,0.173972279,0,-0.173972279,0.984750569,0,0,0,1],"scale":[10.4170494,7.02154589,3.24760723],"triggerMode":"Overlaps","triggerTestType":"Bounding box"}
{"name":"BeamNGTrigger_CarStore","class":"BeamNGTrigger","persistentId":"519e4b6d-f32c-4701-a003-266bc90422c1","__parent":"Triggers","position":[790.022888,7.97632408,149.141953],"luaFunction":"onBeamNGTrigger","rotationMatrix":[0.920825839,0.389974058,0,-0.389974058,0.920825839,0,0,0,1],"scale":[6.72734785,16.607193,3.24760723],"triggerMode":"Overlaps","triggerTestType":"Bounding box"}
{"name":"BeamNGTrigger_MissionGiver","class":"BeamNGTrigger","persistentId":"ecf71780-70ed-4b01-9e25-68b00744178c","__parent":"Triggers","position":[764.990356,-126.187164,145.679916],"luaFunction":"onBeamNGTrigger","rotationMatrix":[0.984750569,0.173972279,0,-0.173972279,0.984750569,0,0,0,1],"scale":[15.1667175,24.6663437,3.24760723],"triggerMode":"Overlaps","triggerTestType":"Bounding box"}
{"name":"BeamNGTrigger_PlayerGarage","class":"BeamNGTrigger","persistentId":"1cc7e2d0-3df0-49fc-8f5c-d7fc7e60c386","__parent":"Triggers","position":[755.880066,-144.50499,145.679916],"luaFunction":"onBeamNGTrigger","rotationMatrix":[0.984750569,0.173972279,0,-0.173972279,0.984750569,0,0,0,1],"scale":[8.27142525,11.8655329,3.24760723],"triggerMode":"Overlaps","triggerTestType":"Bounding box"}
{"name":"BeamNGTrigger_AirfieldFinish","class":"BeamNGTrigger","persistentId":"3233cf99-88b9-48c7-b4a0-5cad861645b6","__parent":"Triggers","position":[-344.741333,-551.727356,129.679001],"luaFunction":"onBeamNGTrigger","rotationMatrix":[0.980135202,-0.198330507,0,0.198330507,0.980135202,0,0,0,1],"scale":[12.3726063,12.3726063,12.3726063],"triggerMode":"Overlaps","triggerTestType":"Bounding box"}
{"name":"BeamNGTrigger_TopShopFinish","class":"BeamNGTrigger","persistentId":"a5f093ad-4056-431b-8ae9-e6aa88b8f2cf","__parent":"Triggers","position":[-779.944885,-106.411919,296.468414],"luaFunction":"onBeamNGTrigger","rotationMatrix":[0.974119186,-0.226035088,0,0.226035088,0.974119186,0,0,0,1],"scale":[11.1938477,11.1938477,11.1938477],"triggerMode":"Overlaps","triggerTestType":"Bounding box"}
{"name":"BeamNGTrigger_RaceStart","class":"BeamNGTrigger","persistentId":"f55b4d25-a175-4508-9d3c-c80a35cbdc8d","__parent":"Triggers","position":[797.894043,-651.085388,149.347427],"luaFunction":"onBeamNGTrigger","rotationMatrix":[0.839773476,0.542936921,0,-0.542936921,0.839773476,0,0,0,1],"scale":[0.948968887,4.39048481,5.219841],"triggerMode":"Overlaps","triggerTestType":"Bounding box"}
{"name":"BeamNGTrigger_RaceEnd","class":"BeamNGTrigger","persistentId":"194583f6-a37e-4b8f-9ad2-ff5f6ca4bca6","__parent":"Triggers","position":[791.391663,-661.757996,149.347427],"luaFunction":"onBeamNGTrigger","rotationMatrix":[0.839773476,0.542936921,0,-0.542936921,0.839773476,0,0,0,1],"scale":[8.38051987,25.2105904,5.219841],"triggerMode":"Overlaps","triggerTestType":"Bounding box"}
{"name":"BeamNGTrigger_HighwayExit","class":"BeamNGTrigger","persistentId":"f299b75f-fd98-4f40-9f6e-6526904bb0d3","__parent":"Triggers","position":[-334.055908,-875.378479,134.956772],"luaFunction":"onBeamNGTrigger","scale":[17.4107437,8.78945541,6.60080576],"triggerMode":"Overlaps","triggerTestType":"Bounding box"}
{"name":"BeamNGTrigger_BusStopIntersect","class":"BeamNGTrigger","persistentId":"c0f92565-1ed1-403f-8ba0-425dc49f1b68","__parent":"Triggers","position":[-603.639771,-631.811401,164.789688],"luaFunction":"onBeamNGTrigger","rotationMatrix":[0.979599893,0.200957835,0,-0.200957835,0.979599893,0,0,0,1],"scale":[11.965004,13.9513702,5.69765615],"triggerMode":"Overlaps","triggerTestType":"Bounding box"}
{"name":"BeamNGTrigger_RoadToAirfield","class":"BeamNGTrigger","persistentId":"7e112519-1bd7-44f8-a1af-ef5de162fee3","__parent":"Triggers","position":[120.929787,-729.426392,129.899811],"luaFunction":"onBeamNGTrigger","rotationMatrix":[0.746419549,0.665475547,0,-0.665475547,0.746419549,0,0,0,1],"scale":[8.59436321,6.93161774,4.14116192],"triggerMode":"Overlaps","triggerTestType":"Bounding box"}
{"name":"BeamNGTrigger_CaravanAreaEntrance","class":"BeamNGTrigger","persistentId":"68579900-4a02-4103-825f-f0f6e622e096","__parent":"Triggers","position":[557.982117,-545.705383,136.284744],"luaFunction":"onBeamNGTrigger","rotationMatrix":[0.57664907,0.816991925,0,-0.816991925,0.57664907,0,0,0,1],"scale":[11.9367008,11.2098427,6.11532974],"triggerMode":"Overlaps","triggerTestType":"Bounding box"}
{"name":"BeamNGTrigger_BridgeCarZoneIntersect","class":"BeamNGTrigger","persistentId":"0280d9e6-7ed1-42c2-aa1d-7695dbef3a30","__parent":"Triggers","position":[839.440796,-248.84581,143.912231],"luaFunction":"onBeamNGTrigger","rotationMatrix":[0.97468549,0.223580375,0,-0.223580375,0.97468549,0,0,0,1],"scale":[9.0338459,8.43405533,8.12395],"triggerMode":"Overlaps","triggerTestType":"Bounding box","triggerType":"Sphere"}
{"name":"BeamLRTrigger_TopGasStation","class":"BeamNGTrigger","persistentId":"45b34afd-d403-48e6-88c1-42fb8d92ec2e","__parent":"Triggers","position":[-798.144165,-84.8126221,298.453827],"luaFunction":"onBeamNGTrigger","rotationMatrix":[0.964600801,-0.263714284,0,0.263714284,0.964600801,0,0,0,1],"scale":[12.0159302,9.44165802,4.30131817],"triggerMode":"Overlaps","triggerTestType":"Bounding box"}
{"name":"BeamLRTrigger_NewCarShop","class":"BeamNGTrigger","persistentId":"5ba1f502-a3d5-4493-8960-f76c0cbee63c","__parent":"Triggers","position":[-796.934082,-130.395859,300.304718],"luaFunction":"onBeamNGTrigger","rotationMatrix":[0.952216625,-0.305423439,0,0.305423439,0.952216625,0,0,0,1],"scale":[8.64814472,25.3444366,8.64814472],"triggerMode":"Overlaps","triggerTestType":"Bounding box"}
{"name":"BeamLRTrigger_OffroadStart","class":"BeamNGTrigger","persistentId":"9abb75ca-6388-4861-831b-2987601a7f35","__parent":"Triggers","position":[692.870667,290.948212,144.701324],"luaFunction":"onBeamNGTrigger","rotationMatrix":[0.860196888,-0.509962022,0,0.509962022,0.860196888,0,0,0,1],"scale":[3.83618784,1,3.62736797],"triggerMode":"Overlaps","triggerTestType":"Bounding box"}
{"name":"BeamLRTrigger_RangerCabin","class":"BeamNGTrigger","persistentId":"f5448083-ee9b-4075-97fe-bd516a0c0f4b","__parent":"Triggers","position":[111.425179,0.767052293,173.76976],"luaFunction":"onBeamNGTrigger","rotationMatrix":[0.896039784,-0.44397378,0,0.44397378,0.896039784,0,0,0,1],"scale":[7.56185198,9.9984684,6.2998538],"triggerMode":"Overlaps","triggerTestType":"Bounding box"}
{"name":"BeamLRTrigger_OffroadRaceClub","class":"BeamNGTrigger","persistentId":"23ce9d8a-0ba8-4b7a-a375-00d614c1e46f","__parent":"Triggers","position":[707.018127,311.358093,146.771759],"luaFunction":"onBeamNGTrigger","rotationMatrix":[0.996624649,-0.0820936486,0,0.0820936486,0.996624649,0,0,0,1],"scale":[7.28927422,12.1150227,7.47910261],"triggerMode":"Overlaps","triggerTestType":"Bounding box"}
{"name":"BeamLRTrigger_OffroadCP1","class":"BeamNGTrigger","persistentId":"89158561-ca21-4d51-a748-9c602b4f2290","__parent":"Triggers","position":[403.812592,171.376083,148.444168],"luaFunction":"onBeamNGTrigger","scale":[7.07071877,7.07071877,6.5154376],"triggerMode":"Overlaps","triggerTestType":"Bounding box","triggerType":"Sphere"}
{"name":"BeamLRTrigger_OffroadCP2","class":"BeamNGTrigger","persistentId":"c1cbb9cf-fbc9-473e-bd32-9668d8f74edf","__parent":"Triggers","position":[236.870255,-86.6336517,149.37085],"luaFunction":"onBeamNGTrigger","scale":[6.9312501,6.9312501,6.9312501],"triggerMode":"Overlaps","triggerTestType":"Bounding box","triggerType":"Sphere"}
{"name":"BeamLRTrigger_ConstructionZone","class":"BeamNGTrigger","persistentId":"b6e3b47f-3556-40ac-9770-29bc2fca728a","__parent":"Triggers","position":[-893.64093,615.930664,263.879608],"luaFunction":"onBeamNGTrigger","scale":[8.0847702,8.0847702,8.0847702],"triggerMode":"Overlaps","triggerTestType":"Bounding box","triggerType":"Sphere"}
{"name":"BeamLRTrigger_ChallengeArea","class":"BeamNGTrigger","persistentId":"a329e54b-a559-416d-8d8c-11cf6ce98d90","__parent":"Triggers","position":[790.3797,-163.631042,146.998947],"luaFunction":"onBeamNGTrigger","rotationMatrix":[0.948132038,-0.317876756,0,0.317876756,0.948132038,0,0,0,1],"scale":[12.0662718,12.7050133,5.83100605],"triggerMode":"Overlaps","triggerTestType":"Bounding box"}
{"name":"BeamLRTRigger_Offroad2CP1","class":"BeamNGTrigger","persistentId":"8f4c827f-8056-48df-870a-158632cea7fd","__parent":"Triggers","position":[570.015564,114.11673,135.640915],"luaFunction":"onBeamNGTrigger","scale":[15.2646503,7.87289858,6.79299355],"triggerMode":"Overlaps","triggerTestType":"Bounding box"}
{"name":"BeamLRTrigger_Offroad2CP2","class":"BeamNGTrigger","persistentId":"c3dc139d-7a8b-49cb-a23f-07dc83cd9517","__parent":"Triggers","position":[756.674744,-419.450775,128.667923],"luaFunction":"onBeamNGTrigger","rotationMatrix":[0.471328795,-0.881957531,0,0.881957531,0.471328795,0,0,0,1],"scale":[8.6060009,15.0037718,6.64765644],"triggerMode":"Overlaps","triggerTestType":"Bounding box"}
{"name":"BeamLRTrigger_Offroad2ACP3","class":"BeamNGTrigger","persistentId":"c50a8134-1f78-4688-9a52-e8fd3615e7df","__parent":"Triggers","position":[554.908936,-735.898621,126.526199],"luaFunction":"onBeamNGTrigger","rotationMatrix":[0.94133693,0.337468237,0,-0.337468237,0.94133693,0,0,0,1],"scale":[10.2167492,11.892108,4.86949444],"triggerMode":"Overlaps","triggerTestType":"Bounding box"}
{"name":"BeamLRTrigger_Offroad2ACP4","class":"BeamNGTrigger","persistentId":"446cd1e3-15a7-4543-a5a0-99cc2f0b9d58","__parent":"Triggers","position":[336.3367,-669.630249,118.901924],"rotationMatrix":[0.940174639,0.340692967,0,-0.340692967,0.940174639,0,0,0,1],"scale":[7.0312767,11.1822243,5.32457447],"triggerMode":"Overlaps","triggerTestType":"Bounding box"}
{"name":"BeamLRTrigger_OffroadHighwayFinish","class":"BeamNGTrigger","persistentId":"a3dd9f3b-dd30-440b-b4d4-f5b6350789a4","__parent":"Triggers","position":[-274.228577,-865.717224,131.945297],"rotationMatrix":[0.675378799,-0.737470984,0,0.737470984,0.675378799,0,0,0,1],"scale":[11.4285221,6.69041491,4.36591816],"triggerMode":"Overlaps","triggerTestType":"Bounding box"}
{"name":"BeamLRTrigger_Offroad2A2CP4","class":"BeamNGTrigger","persistentId":"91a3320f-1997-42e3-9df7-3c1bed3f411b","__parent":"Triggers","position":[481.804413,-827.630371,139.941772],"luaFunction":"onBeamNGTrigger","rotationMatrix":[0.913994849,0.405725747,0,-0.405725747,0.913994849,0,0,0,1],"scale":[7.58060312,13.6314173,5.54169941],"triggerMode":"Overlaps","triggerTestType":"Bounding box"}
{"name":"BeamLRTrigger_Offroad2BCP3","class":"BeamNGTrigger","persistentId":"765ead77-7a87-4c47-80e0-51dd6f2684ce","__parent":"Triggers","position":[432.205414,-604.723511,127.478683],"luaFunction":"onBeamNGTrigger","rotationMatrix":[0.920963585,-0.389648587,0,0.389648587,0.920963585,0,0,0,1],"scale":[6.30581141,9.33749676,5.43181181],"triggerMode":"Overlaps","triggerTestType":"Bounding box"}
{"name":"BeamLRTrigger_Offroad2CP6","class":"BeamNGTrigger","persistentId":"98091662-8c04-4b79-9498-a62e9d7dcb04","__parent":"Triggers","position":[-524.740356,-774.134155,105.200294],"luaFunction":"onBeamNGTrigger","rotationMatrix":[0.912652612,0.40873605,0,-0.40873605,0.912652612,0,0,0,1],"scale":[6.2973628,10.6847677,4.47893047],"triggerMode":"Overlaps","triggerTestType":"Bounding box"}
{"name":"BeamLRTrigger_OffroadHighwayFarEnd","class":"BeamNGTrigger","persistentId":"3bee2653-2853-4a10-9bfe-de84ff522205","__parent":"Triggers","position":[-820.864807,-891.435364,136.583328],"luaFunction":"onBeamNGTrigger","rotationMatrix":[0.811728597,0.58403486,0,-0.58403486,0.811728597,0,0,0,1],"scale":[11.7039061,8.12669849,6.30051327],"triggerMode":"Overlaps","triggerTestType":"Bounding box"}
{"name":"BeamLRTrigger_Offroad2CP5","class":"BeamNGTrigger","persistentId":"ebb2a220-a032-4add-ace1-af60f5a4f5e1","__parent":"Triggers","position":[-105.971786,-717.027954,114.510872],"luaFunction":"onBeamNGTrigger","rotationMatrix":[0.893244505,0.449571162,0,-0.449571162,0.893244505,0,0,0,1],"scale":[9.44141865,6.34141779,4.40516329],"triggerMode":"Overlaps","triggerTestType":"Bounding box"}
{"name":"BeamLRTrigger_CurvyRoadCP2","class":"BeamNGTrigger","persistentId":"0ee62f54-47c7-427d-a585-71b416080df7","__parent":"Triggers","position":[437.982269,223.040695,162.467789],"luaFunction":"onBeamNGTrigger","rotationMatrix":[0.933047473,-0.359753221,0,0.359753221,0.933047473,0,0,0,1],"scale":[7.61888695,12.5263777,5.24360371],"triggerMode":"Overlaps","triggerTestType":"Bounding box"}
{"name":"BeamLRTrigger_CurvyRoadCP1","class":"BeamNGTrigger","persistentId":"339694ea-026f-491d-9e99-e72caebfc02b","__parent":"Triggers","position":[-41.2613754,-188.919159,141.082748],"luaFunction":"onBeamNGTrigger","rotationMatrix":[0.789446771,0.613819063,0,-0.613819063,0.789446771,0,0,0,1],"scale":[10.7870016,13.3245277,5.75815487],"triggerMode":"Overlaps","triggerTestType":"Bounding box"}
{"name":"BeamLRTrigger_NearShopCP1","class":"BeamNGTrigger","persistentId":"f661c622-4a56-4124-aca7-cd8e4f6c9c77","__parent":"Triggers","position":[756.361267,156.257599,147.709442],"luaFunction":"onBeamNGTrigger","rotationMatrix":[0.988660455,-0.150168255,0,0.150168255,0.988660455,0,0,0,1],"scale":[11.6434574,7.73723221,4.70617676],"triggerMode":"Overlaps","triggerTestType":"Bounding box"}
{"name":"BeamLRTrigger_PureDragClub","class":"BeamNGTrigger","persistentId":"326e4aa0-ceeb-4490-b501-fc0d0fcfc07d","__parent":"Triggers","position":[-891.802673,-929.170044,139.130142],"luaFunction":"onBeamNGTrigger","rotationMatrix":[0.981659412,0.190643206,0,-0.190643206,0.981659412,0,0,0,1],"scale":[9.12920189,6.14501953,7.9342289],"triggerMode":"Overlaps","triggerTestType":"Bounding box"}
{"name":"BeamLRTrigger_PureDragStart","class":"BeamNGTrigger","persistentId":"03c3f4c1-bc6a-402e-b5e4-c0be38b4ca71","__parent":"Triggers","position":[-878.258667,-921.581177,137.82637],"luaFunction":"onBeamNGTrigger","rotationMatrix":[0.991979837,0.126396105,0,-0.126396105,0.991979837,0,0,0,1],"scale":[1,4.59277344,5.26945829],"triggerMode":"Overlaps","triggerTestType":"Bounding box"}
{"name":"BeamLRTrigger_PureDragFinish","class":"BeamNGTrigger","persistentId":"58171b1b-b025-4a77-b1b6-989843131fdb","__parent":"Triggers","position":[-16.4856777,-930.754883,143.365387],"luaFunction":"onBeamNGTrigger","rotationMatrix":[0.993810952,-0.111084841,0,0.111084841,0.993810952,0,0,0,1],"scale":[6.03820229,10.9749451,6.44160175],"triggerMode":"Overlaps","triggerTestType":"Bounding box"}
{"name":"BeamLRTrigger_TopShopIntersect","class":"BeamNGTrigger","persistentId":"e1c4fd75-3675-4c87-95b5-674fb1051cb9","__parent":"Triggers","position":[-757.670959,-65.6643372,299.087463],"luaFunction":"onBeamNGTrigger","rotationMatrix":[0.971306682,-0.23783052,0,0.23783052,0.971306682,0,0,0,1],"scale":[19.7646294,8.86376286,7.33980656],"triggerMode":"Overlaps","triggerTestType":"Bounding box"}
{"name":"BeamLRTrigger_ConstructionRoadCP1","class":"BeamNGTrigger","persistentId":"1181c94f-ccdd-40e9-b7e3-a3df94057914","__parent":"Triggers","position":[-915.403503,221.913788,259.577881],"luaFunction":"onBeamNGTrigger","scale":[10.5287609,6.32399893,5.57568359],"triggerMode":"Overlaps","triggerTestType":"Bounding box"}
{"name":"BeamLRTrigger_ConstructionRoadCP2","class":"BeamNGTrigger","persistentId":"7a36cc20-1d57-4a53-a1de-088a6079fab4","__parent":"Triggers","position":[-612.391663,869.152344,270.758148],"luaFunction":"onBeamNGTrigger","rotationMatrix":[0.756220102,-0.65431726,0,0.65431726,0.756220102,0,0,0,1],"scale":[5.38671875,10.6099596,5.38671875],"triggerMode":"Overlaps","triggerTestType":"Bounding box"}
{"name":"BeamLRTrigger_ConstructionRoadCP3","class":"BeamNGTrigger","persistentId":"9d613cf1-646a-41b9-8c32-4c584c3f0840","__parent":"Triggers","position":[77.5554886,689.491699,262.903748],"luaFunction":"onBeamNGTrigger","scale":[8.16436768,5.07363272,4.58979511],"triggerMode":"Overlaps","triggerTestType":"Bounding box"}
{"name":"BeamLRTrigger_ConstructionRoadCP4","class":"BeamNGTrigger","persistentId":"546e117a-3316-4585-aad3-57468497e9da","__parent":"Triggers","position":[750.546753,950.802979,260.603302],"luaFunction":"onBeamNGTrigger","rotationMatrix":[0.97033304,0.241772249,0,-0.241772249,0.97033304,0,0,0,1],"scale":[4.8275671,9.28923416,4.03298378],"triggerMode":"Overlaps","triggerTestType":"Bounding box"}
{"name":"BeamLRTrigger_ConstructionRoadCP5","class":"BeamNGTrigger","persistentId":"6b9143cf-2918-4391-9191-d62682e45a3b","__parent":"Triggers","position":[660.547974,799.171814,177.597153],"luaFunction":"onBeamNGTrigger","rotationMatrix":[0.790464997,0.612507224,0,-0.612507224,0.790464997,0,0,0,1],"scale":[4.80724382,8.67452812,4.62143564],"triggerMode":"Overlaps","triggerTestType":"Bounding box"}
{"name":"BeamLRTrigger_ConstructionRoadCP6","class":"BeamNGTrigger","persistentId":"05e2ba8c-0102-4b0d-8c6e-0a5693982a1c","__parent":"Triggers","position":[415.092194,441.642181,180.56813],"rotationMatrix":[0.953864634,-0.30023697,0,0.30023697,0.953864634,0,0,0,1],"scale":[8.86362267,6.21982431,5.4163332],"triggerMode":"Overlaps","triggerTestType":"Bounding box"}
