{
  "additionalAttributes":{},
  "author":"BeamLR",
  "careerSetup":{
    "defaultStarKeys":{},
    "showInFreeroam":true,
    "starOutroTexts":{},
    "starRewards":{},
    "starsActive":{}
  },
  "customAdditionalAttributes":{},
  "description":"Beam Legal Racing Career",
  "grouping":{
    "id":"",
    "label":""
  },
  "missionType":"flowgraph",
  "missionTypeData":{},
  "name":"BeamLR",
  "retryBehaviour":"infiniteRetries",
  "setupModules":{
    "timeOfDay":{
      "enabled":false
    },
    "traffic":{
      "enabled":false
    }
  },
  "startCondition":{
    "type":"always"
  },
  "startTrigger":{
    "level":"east_coast_usa",
    "pos":[
      -794.4298706,
      491.7331238,
      23.24655533
    ],
    "radius":3,
    "rot":[
      0,
      0,
      0,
      1
    ],
    "type":"coordinates"
  },
  "visibleCondition":{
    "type":"always"
  }
}