{"name":"BLRMarker_GreenGarage","class":"ParticleEmitterNode","__parent":"Markers","position":[275.621063,1033.74255,67.2006378],"active":false,"dataBlock":"lightExampleEmitterNodeData1","emitter":"BNGP_1","rotationMatrix":[-0.650017381,-0.759919167,-2.98023188e-08,0.759919107,-0.650017262,-1.54654172e-05,1.17191394e-05,-1.00704046e-05,0.999999821]}
{"name":"BLRMarker_BlueGarage","class":"ParticleEmitterNode","__parent":"Markers","position":[-372.485077,398.364014,58.2334709],"active":false,"dataBlock":"lightExampleEmitterNodeData1","emitter":"BNGP_1","rotationMatrix":[-1,0,0,0,-0.999999821,-1.00413963e-05,0,-1.02202102e-05,0.999999821]}
{"name":"BLRMarker_RedGarage","class":"ParticleEmitterNode","__parent":"Markers","position":[528.254028,-151.104477,61.1926231],"active":false,"dataBlock":"lightExampleEmitterNodeData1","emitter":"BNGP_1","rotationMatrix":[-0.999827981,-0.0185404345,0,0.0185404345,-0.999827921,-1.0101001e-05,1.86954011e-07,-1.01009864e-05,0.999999821]}
