{
  "data":[
    {
      "config":"t75_mixer",
      "model":"semi"
    },
    {
      "model":"citybus"
    },
    {
      "config":"t65_cargobox",
      "model":"semi"
    },
    {
      "config":"t65_rollback",
      "model":"semi"
    },
    {
      "config":"deliverytruck",
      "model":"van"
    },
    {
      "config":"t75_sleeper",
      "model":"semi"
    },
    {
      "config":"t75_mixer",
      "model":"semi"
    },
    {
      "config":"t75_dumptruck",
      "model":"semi"
    }
  ],
  "name":"Trucks",
  "type":"custom"
}