{"class":"TSStatic","persistentId":"0255aa9c-f32f-4ad7-acfd-01c3970aaf38","__parent":"hookup_closed","position":[644.379333,-581.036255,139.220764],"isRenderEnabled":false,"rotationMatrix":[-0.983453751,0.181159452,0,-0.181159452,-0.983453751,0,0,0,1],"shapeName":"/levels/utah/art/shapes/buildings/ut_hookup_tap.DAE"}
{"class":"TSStatic","persistentId":"0fd9eacf-64ea-4b1e-b48d-6b64ad40a396","__parent":"hookup_closed","position":[590.326172,-546.149353,135.208847],"isRenderEnabled":false,"rotationMatrix":[-0.0393674411,0.999224842,0,-0.999224842,-0.0393674411,0,0,0,1],"shapeName":"/levels/utah/art/shapes/buildings/ut_RV_hookupbump.DAE"}
{"class":"TSStatic","persistentId":"17ff3632-a176-40dd-a3c8-581640206dd6","__parent":"hookup_closed","position":[529.820679,-479.241058,135.155075],"isRenderEnabled":false,"rotationMatrix":[0.998777211,-0.0494383313,0,0.0494383313,0.998777211,0,0,0,1],"shapeName":"/levels/utah/art/shapes/buildings/ut_hookup_close.DAE"}
{"class":"TSStatic","persistentId":"1961e5d8-ba79-49c6-bf3a-4167aa5cedf1","__parent":"hookup_closed","position":[607.42572,-550.724182,135.203491],"isRenderEnabled":false,"rotationMatrix":[-0.999800444,-0.0199750382,0,0.0199750382,-0.999800444,0,0,0,1],"shapeName":"/levels/utah/art/shapes/buildings/ut_hookup_close.DAE"}
{"class":"TSStatic","persistentId":"42b430c3-3e4b-4870-bada-41dbeceda8cf","__parent":"hookup_closed","position":[612.843079,-529.486145,135.218994],"isRenderEnabled":false,"rotationMatrix":[-0.749954939,-0.66148901,0,0.66148901,-0.749954939,0,0,0,1],"shapeName":"/levels/utah/art/shapes/buildings/ut_hookup_tap.DAE"}
{"class":"TSStatic","persistentId":"48daa385-dff9-428c-b319-cbb71631378e","__parent":"hookup_closed","position":[529.700195,-479.950287,135.170761],"isRenderEnabled":false,"rotationMatrix":[0.999989212,0.00465699518,0,-0.00465699518,0.999989212,0,0,0,1],"shapeName":"/levels/utah/art/shapes/buildings/ut_hookup_tap.DAE"}
{"class":"TSStatic","persistentId":"4ff69bd5-f1f2-4221-afd9-34bf3cb042c4","__parent":"hookup_closed","position":[644.309998,-581.433411,139.212067],"isRenderEnabled":false,"rotationMatrix":[-0.976573884,0.215182707,0,-0.215182707,-0.976573884,0,0,0,1],"shapeName":"/levels/utah/art/shapes/buildings/ut_RV_hookupbump.DAE"}
{"class":"TSStatic","persistentId":"52dd25e1-2ab9-460c-aa40-075d1f1db23c","__parent":"hookup_closed","position":[667.72699,-494.859161,136.197998],"isRenderEnabled":false,"rotationMatrix":[0.973396182,-0.229128569,0,0.229128584,0.973396182,0,0,0,1],"shapeName":"/levels/utah/art/shapes/buildings/ut_RV_hookupbump.DAE"}
{"class":"TSStatic","persistentId":"55dbfe14-1a9e-462a-abba-ff8cb88b83b3","__parent":"hookup_closed","position":[607.496765,-550.008484,135.219177],"isRenderEnabled":false,"rotationMatrix":[-0.997256517,-0.0740242004,0,0.0740242004,-0.997256517,0,0,0,1],"shapeName":"/levels/utah/art/shapes/buildings/ut_hookup_tap.DAE"}
{"class":"TSStatic","persistentId":"5736fd13-94a3-4853-a376-1d4f41318535","__parent":"hookup_closed","position":[644.129395,-581.710266,139.205078],"isRenderEnabled":false,"rotationMatrix":[-0.972215533,0.23408787,0,-0.234087855,-0.972215474,0,0,0,1],"shapeName":"/levels/utah/art/shapes/buildings/ut_hookup_close.DAE"}
{"class":"TSStatic","persistentId":"601c9f4f-920e-4ce0-973c-b14870620797","__parent":"hookup_closed","position":[613.218872,-530.099121,135.200287],"isRenderEnabled":false,"rotationMatrix":[-0.784636319,-0.619956374,0,0.619956374,-0.784636319,0,0,0,1],"shapeName":"/levels/utah/art/shapes/buildings/ut_hookup_close.DAE"}
{"class":"TSStatic","persistentId":"706b8c56-145d-4d6e-9c68-82e86ba3b3c5","__parent":"hookup_closed","position":[607.530029,-550.410522,135.21048],"isRenderEnabled":false,"rotationMatrix":[-0.999224782,-0.0393675007,0,0.0393675007,-0.999224782,0,0,0,1],"shapeName":"/levels/utah/art/shapes/buildings/ut_RV_hookupbump.DAE"}
{"class":"TSStatic","persistentId":"75e798a9-05d8-4644-b266-818b4cdb2f0c","__parent":"hookup_closed","position":[590.353271,-579.051819,135.219177],"isRenderEnabled":false,"rotationMatrix":[0.968909681,0.247414693,0,-0.247414693,0.968909681,0,0,0,1],"shapeName":"/levels/utah/art/shapes/buildings/ut_hookup_tap.DAE"}
{"class":"TSStatic","persistentId":"842782fc-9174-421f-aa08-03122e07be16","__parent":"hookup_closed","position":[667.911011,-494.584778,136.19101],"isRenderEnabled":false,"rotationMatrix":[0.968767881,-0.247969329,0,0.247969329,0.968767881,0,0,0,1],"shapeName":"/levels/utah/art/shapes/buildings/ut_hookup_close.DAE"}
{"class":"TSStatic","persistentId":"9594816b-c971-4577-866f-20685f088816","__parent":"hookup_closed","position":[667.651367,-495.255157,136.209717],"isRenderEnabled":false,"rotationMatrix":[0.980762243,-0.195206568,0,0.195206553,0.980762184,0,0,0,1],"shapeName":"/levels/utah/art/shapes/buildings/ut_hookup_tap.DAE"}
{"class":"TSStatic","persistentId":"998f7b27-1e9d-4804-a5a8-87e87459dc30","__parent":"hookup_closed","position":[590.012451,-546.044983,135.201859],"isRenderEnabled":false,"rotationMatrix":[-0.0199745297,0.999800503,0,-0.999800503,-0.0199745297,0,0,0,1],"shapeName":"/levels/utah/art/shapes/buildings/ut_hookup_close.DAE"}
{"class":"TSStatic","persistentId":"eac4a064-2d12-4526-bb3f-d72414272858","__parent":"hookup_closed","position":[659.923523,-542.588074,139.212067],"isRenderEnabled":false,"rotationMatrix":[-0.373779476,-0.927517653,0,0.927517712,-0.373779476,0,0,0,1],"shapeName":"/levels/utah/art/shapes/buildings/ut_RV_hookupbump.DAE"}
{"class":"TSStatic","persistentId":"f28838ab-c8f3-454b-9d4b-ad09c3f1183a","__parent":"hookup_closed","position":[590.728088,-546.116089,135.217545],"isRenderEnabled":false,"rotationMatrix":[-0.0740241855,0.997256517,0,-0.997256517,-0.0740241855,0,0,0,1],"shapeName":"/levels/utah/art/shapes/buildings/ut_hookup_tap.DAE"}
{"class":"TSStatic","persistentId":"f4e2f1b0-f26a-4185-b65f-bae081a10764","__parent":"hookup_closed","position":[659.543213,-542.453674,139.220764],"isRenderEnabled":false,"rotationMatrix":[-0.341363281,-0.939931512,0,0.939931452,-0.341363221,0,0,0,1],"shapeName":"/levels/utah/art/shapes/buildings/ut_hookup_tap.DAE"}
{"class":"TSStatic","persistentId":"f8ea4e34-48e3-42dd-a802-cabee45a43b9","__parent":"hookup_closed","position":[613.112,-529.786377,135.207275],"isRenderEnabled":false,"rotationMatrix":[-0.772461534,-0.635061622,0,0.635061622,-0.772461534,0,0,0,1],"shapeName":"/levels/utah/art/shapes/buildings/ut_RV_hookupbump.DAE"}
{"class":"TSStatic","persistentId":"fa848212-a3af-454b-8140-6769494cc846","__parent":"hookup_closed","position":[529.694946,-479.546906,135.162064],"isRenderEnabled":false,"rotationMatrix":[0.999548316,-0.0300525427,0,0.0300525427,0.999548316,0,0,0,1],"shapeName":"/levels/utah/art/shapes/buildings/ut_RV_hookupbump.DAE"}
{"class":"TSStatic","persistentId":"fab1a72c-051c-4ef4-b165-505b212babd7","__parent":"hookup_closed","position":[590.298157,-578.334595,135.203491],"isRenderEnabled":false,"rotationMatrix":[0.980873764,0.194644973,0,-0.194644973,0.980873764,0,0,0,1],"shapeName":"/levels/utah/art/shapes/buildings/ut_hookup_close.DAE"}
{"class":"TSStatic","persistentId":"fc9e69cd-282a-4114-b041-4d7a8d00caa2","__parent":"hookup_closed","position":[660.166687,-542.81189,139.205078],"isRenderEnabled":false,"rotationMatrix":[-0.391703486,-0.92009151,0,0.92009151,-0.391703516,0,0,0,1],"shapeName":"/levels/utah/art/shapes/buildings/ut_hookup_close.DAE"}
{"class":"TSStatic","persistentId":"ffbac7ff-48a7-42f7-955c-cd98d8f0ffc9","__parent":"hookup_closed","position":[590.250183,-578.662109,135.21048],"isRenderEnabled":false,"rotationMatrix":[0.976912916,0.213637844,0,-0.213637844,0.976912916,0,0,0,1],"shapeName":"/levels/utah/art/shapes/buildings/ut_RV_hookupbump.DAE"}
