{"name":"vegetation","class":"SimGroup","persistentId":"8d024f85-4986-42fd-ae5e-9db6e93354ce","__parent":"Level_objects","locked":true}
{"name":"mudbog1","class":"WaterBlock","persistentId":"9c4831e4-3330-4b2f-8277-b65c041df8fa","__parent":"Level_objects","position":[731.9552,-689.983826,2.06083918],"Foam":[{},{}],"Ripples (texture animation)":[{"rippleDir":[0,1],"rippleSpeed":0.0649999976,"rippleTexScale":[7.13999987,7.13999987]},{"rippleDir":[0.707000017,0.707000017],"rippleSpeed":0.0900000036,"rippleTexScale":[6.25,12.5]},{"rippleDir":[0.5,0.860000014],"rippleSpeed":0.0399999991,"rippleTexScale":[50,50]}],"Waves (vertex undulation)":[{"waveDir":[0,1],"waveMagnitude":0.200000003,"waveSpeed":1},{"waveDir":[0.707000017,0.707000017],"waveMagnitude":0.200000003,"waveSpeed":1},{"waveDir":[0.5,0.860000014],"waveMagnitude":0.200000003,"waveSpeed":1}],"baseColor":[74,56,14,255],"cubemap":"BNG_Sky_01_cubemap","depthGradientMax":2,"depthGradientTex":"core/art/water/depthcolor_ramp.png","distortEndDist":9,"foamAmbientLerp":1,"foamMaxDepth":1.5,"foamRippleInfluence":0.550000012,"foamTex":"core/art/water/foam.dds","fresnelBias":1,"fresnelPower":1,"fullReflect":false,"gridElementSize":12,"gridSize":12,"locked":true,"overallFoamOpacity":1.5,"overallRippleMagnitude":0.00999999978,"overallWaveMagnitude":0.0599999987,"reflectivity":0.400000006,"rippleTex":"core/art/water/ripple.dds","rotationMatrix":[1,1.89478001e-14,-5.48786919e-11,1.89478035e-14,0.999999762,0.000690533896,5.48786919e-11,-0.000690533896,0.999999762],"scale":[60,30,0.100000001],"soundAmbience":"Amb_EC_Forest_Main","specularColor":[0.392305851,0.292778552,0.178566143,1],"specularPower":44,"underwaterColor":[82,44,10,240],"waterFogDensity":2,"waterFogDensityOffset":0.25,"wetDarkening":0.5,"wetDepth":2}
{"name":"rampmud","class":"River","persistentId":"b76baecb-5e5d-4716-9786-375b22fff0a4","__parent":"Level_objects","Foam":[{"foamDir":[0.800000012,0.300000012],"foamSpeed":1.49011612e-08,"foamTexScale":[1.13,1.13]},{"foamDir":null,"foamSpeed":null,"foamTexScale":null}],"Ripples (texture animation)":[{"rippleDir":[0,1],"rippleSpeed":-0.0149999997,"rippleTexScale":[7.13999987,7.13999987]},{"rippleDir":[0.707000017,0.707000017],"rippleSpeed":0.00899999961,"rippleTexScale":[6.25,12.5]},{"rippleDir":[0.5,0.860000014],"rippleSpeed":0.00700000022,"rippleTexScale":[50,50]}],"Waves (vertex undulation)":[{"waveDir":[0,1],"waveMagnitude":0.100000001,"waveSpeed":1},{"waveDir":[0.707000017,0.707000017],"waveMagnitude":0.100000001,"waveSpeed":1},{"waveDir":[0.5,0.860000014],"waveMagnitude":0.200000003,"waveSpeed":1}],"baseColor":[240,176,48,255],"clarity":0.25,"cubemap":"BNG_Sky_02_cubemap","depthGradientMax":1,"depthGradientTex":"/core/art/water/mud_depthcolor_ramp.png","distortEndDist":8,"foamAmbientLerp":1,"foamMaxDepth":1,"foamRippleInfluence":2,"foamTex":"core/art/water/foam.dds","fresnelBias":2,"fresnelPower":2,"fullReflect":false,"locked":true,"nodes":[[359.611176,-720.595154,10,69,5,0,0,1],[315.547668,-723.275452,10,72,5,0,0,1],[258.643127,-734.286987,10,62.5204773,5,0,0,1],[153.418274,-747.151978,10,35.0836563,5,0,0,1]],"overallFoamOpacity":2,"overallRippleMagnitude":0.25,"overallWaveMagnitude":0.100000001,"reflectivity":0.25,"rippleTex":"core/art/water/ripple.dds","segmentLength":25,"specularColor":[0.897666812,0.735448003,0.489803433,1],"specularPower":77,"subdivideLength":5,"waterFogDensity":1,"waterFogDensityOffset":0.25,"wetDarkening":0.349999964,"wetDepth":0.5}
{"name":"NewRiver","class":"River","persistentId":"1e5930f0-0165-4576-9589-28b5cab35a86","__parent":"Level_objects","Foam":[{},{}],"Ripples (texture animation)":[{"rippleDir":[0,1],"rippleSpeed":-0.0181000009,"rippleTexScale":[7.13999987,7.13999987]},{"rippleDir":[0.707000017,0.507000029],"rippleSpeed":0.0209999997,"rippleTexScale":[6.25,12.5]},{"rippleDir":[0.5,0.860000014],"rippleSpeed":0.0399999991,"rippleTexScale":[50,50]}],"Waves (vertex undulation)":[{"waveDir":[0,1],"waveSpeed":1},{"waveDir":[0.707000017,0.707000017],"waveSpeed":1},{"waveDir":[0.5,0.860000014],"waveSpeed":1}],"baseColor":[60,34,2,255],"cubemap":"BNG_Sky_01_cubemap","density":750,"depthGradientMax":2,"depthGradientTex":"core/art/water/depthcolor_ramp.png","flowMagnitudePhysics":0.400000006,"foamAmbientLerp":0.330000013,"foamMaxDepth":0.400000006,"foamRippleInfluence":0.200000003,"foamTex":"core/art/water/foam.dds","fresnelBias":0.200000003,"fresnelPower":1,"fullReflect":false,"locked":true,"nodes":[[1329,-1233.05225,27,20,5,0,0,1],[1322,-1182,20.0135307,20,5,0,0,1],[1297,-1144,14.3670807,20,5,0,0,1],[1229.88135,-1061.36292,6,20,5,0,0,1],[1208,-1015,6,70,5,0,0,1],[1143,-999,6,30,5,0,0,1],[984,-999.724854,6,19.28368,5,0,0,1],[857.957275,-1002.36621,6,14.3192463,5,0,0,1],[625.365173,-1001.38812,6,11.3948441,5,0,0,1],[500.59259,-993.665649,6,12.9831018,5,0,0,1],[359.076599,-978,6,12.3482695,5,0,0,1],[263.748199,-975.278992,6,11.3469553,5,0,0,1],[179.903549,-976.772095,6,12.8198833,5,0,0,1],[45,-990.229553,6,25,5,0,0,1],[-41.0998306,-994.193237,6,20,5,0,0,1],[-119.473083,-979.479492,6,20.4929562,5,0,0,1],[-205.67569,-973.317505,6,19.6833916,5,0,0,1],[-292.37085,-968.25,6,14.3733311,5,0,0,1],[-369.504028,-971.01532,6,15,5,0,0,1],[-467.758942,-978.578918,6,11.5750179,5,0,0,1],[-552.864807,-985.606506,6,15,5,0,0,1],[-623.998535,-995,6,25,5,0,0,1],[-740,-983,6,15,5,0,0,1],[-839,-975,6,15.8776331,5,0,0,1],[-892,-971,6,20.9004993,5,0,0,1],[-972,-964,6,25,5,0,0,1],[-1015,-953.389709,4,35,5,0,0,1]],"overallWaveMagnitude":0.0599999987,"reflectivity":1,"rippleTex":"core/art/water/ripple.dds","specularColor":[0.525891542,0.33671096,0.117268011,1],"waterFogDensity":1,"waterFogDensityOffset":0.100000001,"wetDarkening":1,"wetDepth":1}
{"name":"sunsky","class":"ScatterSky","persistentId":"25209345-9b9c-4a93-acda-789aec4adc2e","__parent":"Level_objects","position":[70.3971024,4.53920984,5],"ambientScale":[0.988235295,0.882352948,0.772549033,1],"ambientScaleGradientFile":"art/sky_gradients/default/gradient_ambient.png","attenuationRatio":[1,1,1],"azimuth":64.8704147,"brightness":3.49999905,"colorize":[0.280057609,0.713678002,1,1],"elevation":16.708847,"enableFogFallBack":false,"flareScale":0,"fogScale":[0.396078438,0.666666687,1,1],"fogScaleGradientFile":"/art/sky_gradients/default/gradient_fog.png","groundAlbedo":[0.135191143,0.1221347,0.1221347,1],"lastSplitTerrainOnly":true,"logWeight":0.995999992,"mieScattering":2.21024729e-05,"moonElevation":75,"moonLightColor":[0.0869023204,0.0869014487,0.0869014487,1],"moonMat":"Moon_Glow_Mat","moonScale":0.0299999993,"nightColor":[0.988235295,0.882352948,0.772549033,1],"nightCubemap":"EmeryNightCubemap","nightFogColor":[0.396078438,0.666666687,1,1],"nightFogGradientFile":"/levels/motorsports_playground/art/skies/gradient_fog_revise.png","nightGradientFile":"art/sky_gradients/default/gradient_ambient.png","occlusionScale":0.0100000054,"overDarkFactor":[999999,999999,9999,4000],"shadowDarkenColor":[0,0,0,0],"shadowDistance":1600,"skyBrightness":40,"sunScale":[0.996078432,0.737254918,0.521568656,1],"sunScaleGradientFile":"/art/sky_gradients/default/gradient_sunscale.png","sunSize":0.100000001,"texSize":1024,"useNightCubemap":true}
{"name":"theLevelInfo","class":"LevelInfo","persistentId":"51503d80-c3bd-4b1c-9816-df5b00581617","__parent":"Level_objects","ambientLightBlendPhase":0.5,"bigMapTimeOfDay":0.144999996,"canvasClearColor":[1,1,1,255],"desc0":"MOTORSPORTS Playground","fogAtmosphereHeight":1250,"fogColor":[0.996078014,0.992156982,0.992156982,1],"fogDensity":0.000300000014,"fogDensityOffset":35,"globalEnviromentMap":"EmeryDayCubemap","gravity":-9.81000042,"locked":true,"soundAmbience":"Amb_EC_Field","temperatureCurveC":[0,25,0.215000004,31,0.5,12,0.74000001,10,1,25],"visibleDistance":20000}
{"name":"theTerrain","class":"TerrainBlock","persistentId":"7e239921-0dea-47a9-abca-ab7324156bdc","__parent":"Level_objects","position":[-1024,-1024,1],"baseTexSize":4096,"isSelectionEnabled":false,"lightMapSize":512,"locked":true,"materialTextureSet":"bsports_playgroundTerrainMaterialTextureSet","maxHeight":24.1000004,"squareSize":1.10000002,"terrainFile":"/levels/motorsports_playground/theTerrain.ter"}
{"name":"clouds","class":"CloudLayer","persistentId":"8b8a4d70-4305-4574-839b-5cb2524c2de9","__parent":"Level_objects","position":[0,0,400],"Textures":[{"texDirection":[1,0.400000006],"texScale":7,"texSpeed":0.000209999998},{"texDirection":[-0.800000012,0.200000003],"texScale":null,"texSpeed":0.000549999997},{"texDirection":[0.200000003,-0.5],"texScale":4,"texSpeed":0.00109999999}],"baseColor":[0.952880442,0.959066749,0.754926443,1],"coverage":0.0500000007,"exposure":9,"height":1,"locked":true,"texture":"levels/motorsports_playground/art/skies/SkyNormals_05.dds","windSpeed":1.00000012}
{"name":"Mud","class":"WaterBlock","persistentId":"1b4888cb-406f-4003-9454-1a5b461d659c","__parent":"Level_objects","position":[-127.466904,-575.203186,1.15962553],"Foam":[{},{}],"Ripples (texture animation)":[{"rippleDir":[0,1],"rippleMagnitude":null,"rippleSpeed":0.0649999976,"rippleTexScale":[7.13999987,7.13999987]},{"rippleDir":[0.707000017,0.707000017],"rippleMagnitude":null,"rippleSpeed":0.0900000036,"rippleTexScale":[6.25,12.5]},{"rippleDir":[0.5,0.860000014],"rippleMagnitude":44,"rippleSpeed":0.00999999978,"rippleTexScale":[50,50]}],"Waves (vertex undulation)":[{"waveDir":[0,1],"waveMagnitude":0.200000003,"waveSpeed":1},{"waveDir":[0.707000017,0.707000017],"waveMagnitude":0.200000003,"waveSpeed":1},{"waveDir":[0.5,0.860000014],"waveMagnitude":0.200000003,"waveSpeed":1}],"baseColor":[49,40,22,255],"cubemap":"BNG_Sky_01_cubemap","depthGradientMax":1,"depthGradientTex":"core/art/water/depthcolor_ramp.png","distortEndDist":9,"foamAmbientLerp":0.330000013,"foamMaxDepth":0.25,"foamRippleInfluence":0.200000003,"foamTex":"core/art/water/foam.dds","fresnelBias":2,"fresnelPower":2,"fullReflect":false,"gridElementSize":12,"gridSize":12,"locked":true,"overallFoamOpacity":1.5,"overallWaveMagnitude":0.0299999993,"reflectivity":0.400000006,"rippleTex":"core/art/water/ripple.dds","rotationMatrix":[0.49999997,0.866025448,0,-0.866025269,0.499999851,-0.000690533896,-0.00059801992,0.000345266919,0.999999762],"scale":[120,50,0.100000001],"soundAmbience":"Amb_EC_Forest_Main","specularColor":[0.392305851,0.292778552,0.178566143,1],"waterFogDensity":3,"waterFogDensityOffset":-0.100000001,"wetDarkening":0.5,"wetDepth":2}
{"name":"bigwater","class":"WaterBlock","persistentId":"b055ac77-f6d7-47ec-9b81-582ce37fbff0","__parent":"Level_objects","position":[-2990,0,4.5],"Foam":[{},{}],"Ripples (texture animation)":[{"rippleDir":[0,1],"rippleSpeed":0.0649999976,"rippleTexScale":[7.13999987,7.13999987]},{"rippleDir":[0.707000017,0.707000017],"rippleSpeed":0.0900000036,"rippleTexScale":[6.25,12.5]},{"rippleDir":[1,0.860000014],"rippleSpeed":0.00249999994,"rippleTexScale":[125,200]}],"Waves (vertex undulation)":[{"waveDir":[0.100000001,-0.629999995],"waveMagnitude":0.200000003,"waveSpeed":0.200000003},{"waveDir":[0.200000003,1],"waveMagnitude":0.499999911,"waveSpeed":0.170000017},{"waveDir":[-0.100000001,0.100000001],"waveMagnitude":0.5,"waveSpeed":-0.127000004}],"baseColor":[16,88,107,255],"clarity":1,"cubemap":"BNG_Sky_01_cubemap","depthGradientMax":6,"depthGradientTex":"core/art/water/depthcolor_ramp.png","distortEndDist":9,"foamAmbientLerp":0.330000013,"foamRippleInfluence":0.400000006,"foamTex":"core/art/water/foam.dds","gridElementSize":100,"gridSize":100,"overallRippleMagnitude":0.399999917,"overallWaveMagnitude":0.349999994,"reflectMaxRateMs":1,"rippleTex":"core/art/water/ripple.dds","rotationMatrix":[0.999998808,-0.00154408044,-1.85660755e-16,0.00154408044,0.999998808,1.14763383e-13,8.45662474e-18,-1.14763545e-13,1],"scale":[4000,2800,500],"soundAmbience":"Amb_EC_Forest_Main","specularColor":[1,0.980454564,0.850743651,1],"underwaterColor":[66,53,39,240],"waterFogDensity":1,"waterFogDensityOffset":0.5,"wetDarkening":0.5,"wetDepth":2}
{"name":"Lake","class":"WaterBlock","persistentId":"6431577a-c27e-4d4d-91ba-7936e5574d80","__parent":"Level_objects","position":[-132.62616,335,7.52553654],"Foam":[{},{}],"Ripples (texture animation)":[{"rippleDir":[0,1],"rippleMagnitude":0.499999911,"rippleSpeed":0.00700000022,"rippleTexScale":[7.13999987,7.13999987]},{"rippleDir":[0.707000017,0.707000017],"rippleMagnitude":2,"rippleSpeed":0.00200000009,"rippleTexScale":[6.25,12.5]},{"rippleDir":[0.400000006,0.25999999],"rippleMagnitude":1,"rippleSpeed":0.00800000038,"rippleTexScale":[150,150]}],"Waves (vertex undulation)":[{"waveDir":[0,1],"waveMagnitude":0.200000003,"waveSpeed":1},{"waveDir":[0.707000017,0.707000017],"waveMagnitude":0.200000003,"waveSpeed":1},{"waveDir":[0.5,0.860000014],"waveMagnitude":0.200000003,"waveSpeed":1}],"baseColor":[54,69,69,255],"cubemap":"DefaultSkyCubemap","depthGradientMax":10,"depthGradientTex":"core/art/water/depthcolor_ramp.png","distortEndDist":9,"foamMaxDepth":1,"foamTex":"core/art/water/foam.dds","fresnelBias":0.100000001,"fresnelPower":1,"fullReflect":false,"gridElementSize":6,"gridSize":6,"locked":true,"overallFoamOpacity":1.25,"overallRippleMagnitude":0.199999928,"overallWaveMagnitude":0.0500000045,"rippleTex":"core/art/water/ripple.dds","rotationMatrix":[1,0,0,0,0.999999762,-0.000690533896,0,0.000690533896,0.999999762],"scale":[450,80,7],"specularColor":[0.867115319,0.893573463,0.718004405,1],"specularPower":33,"underwaterColor":[203,233,233,240],"waterFogDensity":0.5,"waterFogDensityOffset":-1,"wetDepth":3}
{"name":"mudbog","class":"WaterBlock","persistentId":"738d099f-28e5-40ff-b06e-d2446a2a691a","__parent":"Level_objects","position":[-100.750824,-732.078003,10.6636915],"Foam":[{},{}],"Ripples (texture animation)":[{"rippleDir":[0,1],"rippleSpeed":0.0649999976,"rippleTexScale":[7.13999987,7.13999987]},{"rippleDir":[0.707000017,0.707000017],"rippleSpeed":0.0900000036,"rippleTexScale":[6.25,12.5]},{"rippleDir":[0.5,0.860000014],"rippleSpeed":0.0399999991,"rippleTexScale":[50,50]}],"Waves (vertex undulation)":[{"waveDir":[0,1],"waveMagnitude":0.200000003,"waveSpeed":1},{"waveDir":[0.707000017,0.707000017],"waveMagnitude":0.200000003,"waveSpeed":1},{"waveDir":[0.5,0.860000014],"waveMagnitude":0.200000003,"waveSpeed":1}],"baseColor":[49,40,22,255],"cubemap":"BNG_Sky_01_cubemap","depthGradientMax":1,"depthGradientTex":"core/art/water/depthcolor_ramp.png","distortEndDist":9,"foamAmbientLerp":0.330000013,"foamMaxDepth":0.25,"foamRippleInfluence":0.200000003,"foamTex":"core/art/water/foam.dds","fresnelBias":1,"fresnelPower":2,"fullReflect":false,"gridElementSize":12,"gridSize":12,"locked":true,"overallFoamOpacity":1.5,"overallRippleMagnitude":0.00999999978,"overallWaveMagnitude":0.0599999987,"reflectivity":0.400000006,"rippleTex":"core/art/water/ripple.dds","rotationMatrix":[1,1.89478001e-14,-5.48786919e-11,1.89478035e-14,0.999999762,0.000690533896,5.48786919e-11,-0.000690533896,0.999999762],"scale":[210,25,0.100000001],"soundAmbience":"Amb_EC_Forest_Main","specularColor":[0.392305851,0.292778552,0.178566143,1],"waterFogDensity":3,"waterFogDensityOffset":-0.100000001,"wetDarkening":0.5,"wetDepth":2}
{"name":"cornerlake","class":"WaterBlock","persistentId":"33f92026-ffca-4f3a-bb0c-807567f1ccf1","__parent":"Level_objects","position":[1288,-1332,27],"Foam":[{},{}],"Ripples (texture animation)":[{"rippleDir":[0,1],"rippleSpeed":0.0649999976,"rippleTexScale":[7.13999987,7.13999987]},{"rippleDir":[0.707000017,0.707000017],"rippleSpeed":0.0900000036,"rippleTexScale":[6.25,12.5]},{"rippleDir":[0.5,0.860000014],"rippleSpeed":0.0399999991,"rippleTexScale":[50,50]}],"Waves (vertex undulation)":[{"waveDir":[0,1],"waveMagnitude":0.200000003,"waveSpeed":1},{"waveDir":[0.707000017,0.707000017],"waveMagnitude":0.200000003,"waveSpeed":1},{"waveDir":[0.5,0.860000014],"waveMagnitude":0.200000003,"waveSpeed":1}],"baseColor":[49,40,22,255],"cubemap":"BNG_Sky_01_cubemap","depthGradientMax":5,"depthGradientTex":"core/art/water/depthcolor_ramp.png","distortEndDist":9,"foamAmbientLerp":0.330000013,"foamMaxDepth":0.25,"foamRippleInfluence":0.200000003,"foamTex":"core/art/water/foam.dds","fresnelBias":0.5,"fresnelPower":3,"fullReflect":false,"gridElementSize":12,"gridSize":12,"locked":true,"overallFoamOpacity":1.5,"overallRippleMagnitude":0.00999999978,"overallWaveMagnitude":0.0599999987,"reflectNormalUp":false,"reflectivity":0.400000006,"rippleTex":"core/art/water/ripple.dds","scale":[200,200,10],"soundAmbience":"Amb_EC_Forest_Main","specularColor":[0.392305851,0.292778552,0.178566143,1],"waterFogDensity":3,"waterFogDensityOffset":-0.100000001,"wetDarkening":0.5,"wetDepth":2}
{"class":"ForestWindEmitter","persistentId":"c76d5eef-eabf-4124-a0e1-85b3a2f8a82a","__parent":"Level_objects","position":[203.111694,-177.412048,8.84904385],"gustFrequency":8,"gustStrength":0.499999911,"locked":true,"radius":2,"strength":0.150000006,"turbulenceFrequency":0.999999762}
{"name":"theForest","class":"Forest","persistentId":"5b1656d2-b8fd-41ea-8498-2a46f84055b5","__parent":"Level_objects","position":[0.0204925537,0.199066162,0],"locked":true,"lodReflectScalar":1}
{"class":"TSStatic","persistentId":"064f23ec-0371-4f1b-86a7-4d3127420543","__parent":"Level_objects","position":[2247.8208,2224.70117,-8.31207275],"collisionType":"Visible Mesh Final","isRenderEnabled":false,"locked":true,"playAmbient":false,"prebuildCollisionData":true,"rotationMatrix":[1,0,0,0,0.999999762,-0.000690533896,0,0.000690533896,0.999999762],"shapeName":"/levels/motorsports_playground/art_v2/road/backdrop_mesh.dae"}
{"class":"TSStatic","persistentId":"487a5daf-b7fc-47dd-b3fe-82b75bbc33e2","__parent":"Level_objects","position":[2247.8208,-1967.19189,-13.0489578],"collisionType":"Visible Mesh Final","isRenderEnabled":false,"locked":true,"playAmbient":false,"prebuildCollisionData":true,"rotationMatrix":[-1,-1.58932565e-08,0,1.58932565e-08,-1,0,0,0,1],"shapeName":"/levels/motorsports_playground/art_v2/road/backdrop_mesh.dae"}
{"class":"TSStatic","persistentId":"95b803f9-b1b7-4e27-85b0-188d85f95aca","__parent":"Level_objects","position":[-5772.74561,-2478.94702,-8],"collisionType":"Visible Mesh Final","isRenderEnabled":false,"locked":true,"playAmbient":false,"prebuildCollisionData":true,"rotationMatrix":[3.09948121e-07,1,0,-1,3.09948121e-07,0,0,0,1],"scale":[1,1,0.75],"shapeName":"/levels/motorsports_playground/art_v2/road/backdrop_mesh.dae"}
{"class":"TSStatic","persistentId":"686e21ab-80d6-40b9-807a-9bb571e95e5a","__parent":"Level_objects","position":[-1828,20,2],"collisionType":"Visible Mesh Final","isRenderEnabled":false,"locked":true,"playAmbient":false,"prebuildCollisionData":true,"rotationMatrix":[1.1603064e-06,0.99999994,-4.47034907e-08,-0.99999994,1.1603064e-06,-3.73034936e-14,1.63426046e-14,4.47034907e-08,1],"scale":[0.300000012,0.5,0],"shapeName":"/levels/motorsports_playground/art_v2/road/backdrop_mesh.dae"}
{"class":"TSStatic","persistentId":"a5677fdf-9a18-464c-a9eb-22e70a038092","__parent":"Level_objects","position":[2210,398.013916,-8.31207275],"collisionType":"Visible Mesh Final","isRenderEnabled":false,"locked":true,"playAmbient":false,"prebuildCollisionData":true,"rotationMatrix":[-4.37113883e-08,-1,0,1,-4.37113883e-08,0,0,0,1],"shapeName":"/levels/motorsports_playground/art_v2/road/backdrop_mesh.dae"}
{"class":"SFXSpace","persistentId":"5ab0af51-d942-4daf-9cdf-da5cd8ecb493","__parent":"Level_objects","position":[169.709076,526.502441,8.84926987],"locked":true,"rotationMatrix":[0.999999762,1.1627814e-10,0.000690533838,1.16438761e-10,1,-3.37010079e-07,-0.000690533838,3.37010079e-07,0.999999762],"scale":[950,80,50],"soundAmbience":"Level_Building_Reverb_Medium"}
{"class":"SFXSpace","persistentId":"c423c8d9-0c33-47cd-a096-642c9b201964","__parent":"Level_objects","position":[720.580627,499.066467,10.842433],"locked":true,"rotationMatrix":[0.999967933,0.00800577551,-4.54747351e-13,-0.00798871089,0.997836471,0.0652571842,0.000522434362,-0.0652550906,0.997868478],"scale":[27.0257416,63.0561218,13.053772],"soundAmbience":"Level_Tunnel_Closed"}
{"name":"tod","class":"TimeOfDay","persistentId":"ef23559e-0795-48b0-9f9a-bea9596c9215","__parent":"Level_objects","animate":"0","axisTilt":24,"azimuthOverride":0,"dayLength":8640,"dayScale":0.100000001,"enableStartTimeFallBack":false,"locked":true,"nightScale":1,"startTime":0.800000012,"time":0.800954819}
{"name":"mud1","class":"WaterBlock","persistentId":"e35fd9e0-6236-4ec6-af6d-44115abfefab","__parent":"Level_objects","position":[-555.818054,164.495758,3.19666052],"Foam":[{},{}],"Ripples (texture animation)":[{"rippleDir":[0,1],"rippleSpeed":0.0649999976,"rippleTexScale":[7.13999987,7.13999987]},{"rippleDir":[0.707000017,0.707000017],"rippleSpeed":0.0900000036,"rippleTexScale":[6.25,12.5]},{"rippleDir":[0.5,0.860000014],"rippleSpeed":0.0399999991,"rippleTexScale":[50,50]}],"Waves (vertex undulation)":[{"waveDir":[0,1],"waveMagnitude":0.200000003,"waveSpeed":1},{"waveDir":[0.707000017,0.707000017],"waveMagnitude":0.200000003,"waveSpeed":1},{"waveDir":[0.5,0.860000014],"waveMagnitude":0.200000003,"waveSpeed":1}],"baseColor":[49,40,22,255],"cubemap":"BNG_Sky_01_cubemap","depthGradientMax":1,"depthGradientTex":"core/art/water/depthcolor_ramp.png","distortEndDist":9,"foamAmbientLerp":0.330000013,"foamMaxDepth":0.25,"foamRippleInfluence":0.200000003,"foamTex":"core/art/water/foam.dds","fresnelBias":2,"fresnelPower":2,"fullReflect":false,"gridElementSize":12,"gridSize":12,"locked":true,"overallFoamOpacity":1.5,"overallRippleMagnitude":0.00999999978,"overallWaveMagnitude":0.0299999993,"reflectivity":0.400000006,"rippleTex":"core/art/water/ripple.dds","rotationMatrix":[-0.24339667,0.969926834,0,-0.969926596,-0.24339664,-0.000690533896,-0.000669767323,-0.00016807366,0.999999762],"scale":[60,30,0.100000001],"soundAmbience":"Amb_EC_Forest_Main","specularColor":[0.392305851,0.292778552,0.178566143,1],"waterFogDensity":3,"waterFogDensityOffset":-0.100000001,"wetDarkening":0.5,"wetDepth":2}
