{"name":"ut_wp_57","class":"BeamNGWaypoint","persistentId":"000961f4-3822-42c3-9332-ead5a435b56f","__parent":"waypoints","position":[921.647461,-585.30835,147.967102],"cloneOrigin":"ut_wp_46","scale":[4.14923477,4.14923477,4.14923477]}
{"name":"ut_wp_4","class":"BeamNGWaypoint","persistentId":"022a5d90-ba08-4859-9a63-727f839445a6","__parent":"waypoints","position":[735.755005,340.981995,143.261276],"cloneOrigin":"ut_wp_3","scale":[3.64808083,3.64808083,3.64808083]}
{"name":"ut_wp_84","class":"BeamNGWaypoint","persistentId":"061a6704-b2f1-4258-89b1-f2c0a55e8b65","__parent":"waypoints","position":[-1079.78003,-1074.48999,142.214996],"cloneOrigin":"ut_wp_83","scale":[4.18666029,4.18666029,4.18666029]}
{"name":"ut_wp_36","class":"BeamNGWaypoint","persistentId":"0841e664-8748-48a4-a613-1a76bbf19bbf","__parent":"waypoints","position":[-851.614014,57.0680313,249.633469],"cloneOrigin":"ut_wp_35","rotationMatrix":[0.998914838,-0.0465734974,0,0.0465734974,0.998914838,0,0,0,1],"scale":[2.11202478,2.11202478,2.11202478]}
{"name":"ut_wp_23","class":"BeamNGWaypoint","persistentId":"0f65f418-93cc-452a-a5d0-44f8ec19a37d","__parent":"waypoints","position":[-885.086487,-275.444,265.953461],"cloneOrigin":"ut_wp_20","scale":[3.68282533,3.68282533,3.68282533]}
{"name":"ut_wp_87","class":"BeamNGWaypoint","persistentId":"11de778b-f6ed-4d45-b2b2-5efc8ac8bb05","__parent":"waypoints","position":[-1040.93005,-976.557007,135.800995],"cloneOrigin":"ut_wp_86","scale":[4.33767986,4.33767986,4.33767986]}
{"name":"ut_wp_62","class":"BeamNGWaypoint","persistentId":"12c13fd3-74a7-4f54-a4a6-0ccd21fe7d92","__parent":"waypoints","position":[1147.22583,-569.006897,148.223007],"cloneOrigin":"ut_wp_61","scale":[3.73262548,3.73262548,3.73262548]}
{"name":"ut_wp_97","class":"BeamNGWaypoint","persistentId":"13de0551-c42b-4ba2-8a31-79c9a3372d4d","__parent":"waypoints","position":[-1062.52893,-1043.82434,139.702667],"cloneOrigin":"ut_wp_79","scale":[4.19288731,4.19288731,4.19288731]}
{"name":"ut_wp_95","class":"BeamNGWaypoint","persistentId":"14b39cc2-b0b5-4f19-8dc9-cd0e71417c10","__parent":"waypoints","position":[-1054.01001,-1097.65002,145.028],"cloneOrigin":"ut_wp_79","scale":[4.05698538,4.05698538,4.05698538]}
{"name":"ut_wp_81","class":"BeamNGWaypoint","persistentId":"15453026-136d-487b-b500-e2b63331292c","__parent":"waypoints","position":[-1024.42004,-1146.82996,148.751007],"cloneOrigin":"ut_wp_80","scale":[3.8657887,3.8657887,3.8657887]}
{"name":"ut_wp_53","class":"BeamNGWaypoint","persistentId":"15b4d74b-bb95-429f-ae7a-dc2ef39550c1","__parent":"waypoints","position":[-549.078979,-903.250977,134.528656],"cloneOrigin":"ut_wp_52","scale":[3.80664396,3.80664396,3.80664396]}
{"name":"ut_wp_35","class":"BeamNGWaypoint","persistentId":"1666c34e-8dd3-4819-ad24-e82986f351c6","__parent":"waypoints","position":[-841.203979,58.6114998,250.349518],"cloneOrigin":"ut_wp_34","rotationMatrix":[0.998914838,-0.0465734974,0,0.0465734974,0.998914838,0,0,0,1],"scale":[2.17636991,2.17636991,2.17636991]}
{"name":"ut_wp_105","class":"BeamNGWaypoint","persistentId":"1787418f-b98a-4f67-abc1-b1efa1d02cd0","__parent":"waypoints","position":[1175.50281,-1071.88074,149.183243],"cloneOrigin":"ut_wp_68","scale":[3.99413538,3.99413538,3.99413538]}
{"name":"ut_wp_90","class":"BeamNGWaypoint","persistentId":"19b101d2-ff07-426b-9e7c-7e13dc0e39e8","__parent":"waypoints","position":[883.864014,-605.518005,147.938995],"cloneOrigin":"ut_wp_57","scale":[4.19715023,4.19715023,4.19715023]}
{"name":"ut_wp_74","class":"BeamNGWaypoint","persistentId":"1a8f592a-0254-4c34-9380-b747e293e8dc","__parent":"waypoints","position":[1128.10291,-1140.29602,149.622238],"cloneOrigin":"ut_wp_73","scale":[3.84922791,3.84922791,3.84922791]}
{"name":"ut_wp_117","class":"BeamNGWaypoint","persistentId":"1aead023-0021-4b07-a58c-d4a8b9c412f7","__parent":"waypoints","position":[1106.15894,-567.78125,148.139755],"cloneOrigin":"ut_wp_67","scale":[3.7159543,3.7159543,3.7159543]}
{"name":"ut_wp_76","class":"BeamNGWaypoint","persistentId":"1c1def3e-383d-4799-9ef9-4bb031754443","__parent":"waypoints","position":[1066.46997,-1157.37,149.621994],"cloneOrigin":"ut_wp_75","scale":[3.8206892,3.8206892,3.8206892]}
{"name":"ut_wp_99","class":"BeamNGWaypoint","persistentId":"1d7d4b1f-d033-4a20-b164-92e44e9babc9","__parent":"waypoints","position":[-1030.70996,-989.398987,135.800995],"cloneOrigin":"ut_wp_79","scale":[4.33767986,4.33767986,4.33767986]}
{"name":"ut_wp_64","class":"BeamNGWaypoint","persistentId":"1dbee9a9-eb47-49a7-bbe9-ecb6f3e20ef2","__parent":"waypoints","position":[1199.45361,-627.948059,148.190277],"cloneOrigin":"ut_wp_63","scale":[3.67878008,3.67878008,3.67878008]}
{"name":"ut_wp_38","class":"BeamNGWaypoint","persistentId":"1dc1c198-6fe8-4e72-a6d7-035651655467","__parent":"waypoints","position":[-874.586975,61.0237923,249.27327],"cloneOrigin":"ut_wp_37","rotationMatrix":[0.998914838,-0.0465734974,0,0.0465734974,0.998914838,0,0,0,1],"scale":[2.10725021,2.10725021,2.10725021]}
{"name":"ut_wp_15","class":"BeamNGWaypoint","persistentId":"1e1d843b-c83c-4577-b5fb-a0ab31335d26","__parent":"waypoints","position":[-683.856506,-252.642975,219.375015],"cloneOrigin":"ut_wp_14","scale":[3.76117945,3.76117945,3.76117945]}
{"name":"ut_wp_7","class":"BeamNGWaypoint","persistentId":"1e58e42e-3f9e-4470-9150-0458da51e2f6","__parent":"waypoints","position":[671.011536,-404.710205,143.045471],"cloneOrigin":"ut_wp_6","scale":[2.25002098,2.25002098,2.25002098]}
{"name":"ut_wp_103","class":"BeamNGWaypoint","persistentId":"2177683a-4c51-4e7c-9e3b-014b1027e82e","__parent":"waypoints","position":[1196.10364,-1010.16455,148.757309],"cloneOrigin":"ut_wp_68","scale":[3.88928628,3.88928628,3.88928628]}
{"name":"ut_wp_67","class":"BeamNGWaypoint","persistentId":"229c80f3-6a4e-4315-982f-9a215bb68ea3","__parent":"waypoints","position":[1220.14539,-727.531128,148.29895],"cloneOrigin":"ut_wp_66","scale":[3.62091589,3.62091589,3.62091589]}
{"name":"ut_wp_83","class":"BeamNGWaypoint","persistentId":"264f02bf-23b9-48f2-b7f9-d64ebe9b23fa","__parent":"waypoints","position":[-1068.51001,-1106.37,145.028],"cloneOrigin":"ut_wp_82","scale":[4.09985399,4.09985399,4.09985399]}
{"name":"ut_wp_115","class":"BeamNGWaypoint","persistentId":"27269a09-4d72-40b6-a4a7-4a302e09ced0","__parent":"waypoints","position":[1022.43573,-565.580933,148.038376],"cloneOrigin":"ut_wp_67","scale":[3.97576451,3.97576451,3.97576451]}
{"name":"ut_wp_124","class":"BeamNGWaypoint","persistentId":"2973d2c5-eb51-4363-9c83-f90fa00e1cfa","__parent":"waypoints","position":[-561.651978,293.045013,298.02301],"cloneOrigin":"ut_wp_34","rotationMatrix":[0.998914838,-0.0465734974,0,0.0465734974,0.998914838,0,0,0,1],"scale":[3.5,3.5,3.5]}
{"name":"ut_wp_121","class":"BeamNGWaypoint","persistentId":"2f59146e-d877-4b2b-8a68-dc5ff5110296","__parent":"waypoints","position":[1192.2948,-659.264099,148.227814],"cloneOrigin":"ut_wp_67","scale":[3.67447209,3.67447209,3.67447209]}
{"name":"ut_wp_61","class":"BeamNGWaypoint","persistentId":"3501cfec-c5f9-4e23-9291-2c7b310d1e06","__parent":"waypoints","position":[1109.23706,-551.721313,148.192566],"cloneOrigin":"ut_wp_60","scale":[3.89709663,3.89709663,3.89709663]}
{"name":"ut_wp_19","class":"BeamNGWaypoint","persistentId":"3858fc77-715c-410f-b5cf-589ed3c746e7","__parent":"waypoints","position":[-729.479004,-253.934006,226.956009],"cloneOrigin":"ut_wp_18","scale":[3.62055826,3.62055826,3.62055826]}
{"name":"ut_wp_37","class":"BeamNGWaypoint","persistentId":"38f30720-8f1c-4b23-9e9e-17eab9d45bec","__parent":"waypoints","position":[-863.690002,57.7013855,249.277283],"cloneOrigin":"ut_wp_36","rotationMatrix":[0.998914838,-0.0465734974,0,0.0465734974,0.998914838,0,0,0,1],"scale":[2.05234051,2.05234051,2.05234051]}
{"name":"ut_wp_110","class":"BeamNGWaypoint","persistentId":"3a0da6d8-7adc-4c0e-bc6c-af858ff9b463","__parent":"waypoints","position":[1064.83997,-1141.40002,149.621994],"cloneOrigin":"ut_wp_68","scale":[3.936656,3.936656,3.936656]}
{"name":"ut_wp_20","class":"BeamNGWaypoint","persistentId":"3b42cf72-9abe-4d6b-9382-bb527fb7f1d4","__parent":"waypoints","position":[-825.197021,-339.315002,237.522354],"cloneOrigin":"ut_wp_10","scale":[4.1950798,4.1950798,4.1950798]}
{"name":"ut_wp_42","class":"BeamNGWaypoint","persistentId":"3e0972f8-0598-4a77-87cc-47076895f040","__parent":"waypoints","position":[624.668518,762.472534,175.247284],"cloneOrigin":"ut_wp_41","rotationMatrix":[0.998914838,-0.0465734974,0,0.0465734974,0.998914838,0,0,0,1],"scale":[2.1951952,2.1951952,2.1951952]}
{"name":"ut_wp_63","class":"BeamNGWaypoint","persistentId":"400e2399-fc62-4d3e-9fb4-91d1b3330ccc","__parent":"waypoints","position":[1177.98132,-595.556946,148.151108],"cloneOrigin":"ut_wp_62","scale":[3.70526648,3.70526648,3.70526648]}
{"name":"ut_wp_77","class":"BeamNGWaypoint","persistentId":"4182bf34-7ce6-436e-8264-03b87095702b","__parent":"waypoints","position":[1031.42004,-1159.89001,149.740997],"cloneOrigin":"ut_wp_76","scale":[3.82281017,3.82281017,3.82281017]}
{"name":"ut_wp_96","class":"BeamNGWaypoint","persistentId":"427256d0-9357-41db-a797-4d16fa8cc6b3","__parent":"waypoints","position":[-1063.13,-1071.57996,142.214996],"cloneOrigin":"ut_wp_79","scale":[4.2021184,4.2021184,4.2021184]}
{"name":"ut_wp_2","class":"BeamNGWaypoint","persistentId":"4b1a86a8-4b43-4766-800e-c387d82cd596","__parent":"waypoints","position":[759.437012,316.359985,140.92215],"cloneOrigin":"ut_wp_1","scale":[3.56869698,3.56869698,3.56869698]}
{"name":"ut_wp_94","class":"BeamNGWaypoint","persistentId":"4d249857-a2a4-4d2d-b65f-6cf96430d342","__parent":"waypoints","position":[-1037.54004,-1117.92004,146.934006],"cloneOrigin":"ut_wp_79","scale":[4.08718014,4.08718014,4.08718014]}
{"name":"ut_wp_91","class":"BeamNGWaypoint","persistentId":"5232f537-29f7-4cf1-9f01-a5ace0e69915","__parent":"waypoints","position":[-963.857971,-1144.05005,149.740997],"cloneOrigin":"ut_wp_79","scale":[3.99415255,3.99415255,3.99415255]}
{"name":"ut_wp_58","class":"BeamNGWaypoint","persistentId":"5c3faeb9-c688-44cc-b037-6c01dd560eb1","__parent":"waypoints","position":[961.178406,-567.487366,148.014084],"cloneOrigin":"ut_wp_57","scale":[4.08946943,4.08946943,4.08946943]}
{"name":"ut_wp_29","class":"BeamNGWaypoint","persistentId":"5e792696-987c-4e7b-a625-6a6799b8387a","__parent":"waypoints","position":[-797.674561,-198.826355,284.335724],"cloneOrigin":"ut_wp_28","rotationMatrix":[0.998914838,-0.0465734974,0,0.0465734974,0.998914838,0,0,0,1],"scale":[3.74401784,3.74401784,3.74401784]}
{"name":"cliffJuncWp1","class":"BeamNGWaypoint","persistentId":"60ea16b3-d07d-4833-9656-2151cc779e7b","__parent":"waypoints","position":[836.769043,-115.011703,144.726562],"cloneOrigin":"ut_wp_68","scale":[2.5,2.5,2.5]}
{"name":"ut_wp_106","class":"BeamNGWaypoint","persistentId":"62c37815-1119-4611-9974-b14c05623498","__parent":"waypoints","position":[1160.82202,-1093.30359,149.46666],"cloneOrigin":"ut_wp_68","scale":[3.88138103,3.88138103,3.88138103]}
{"name":"ut_wp_102","class":"BeamNGWaypoint","persistentId":"64d56fc0-af98-4c21-9ee2-bd53c9d387f4","__parent":"waypoints","position":[1201.46484,-956.378662,148.299271],"cloneOrigin":"ut_wp_68","scale":[3.86790752,3.86790752,3.86790752]}
{"name":"riverJuncWp2","class":"BeamNGWaypoint","persistentId":"688ed7cc-6ade-4932-92b6-395f16c535e6","__parent":"waypoints","position":[848.789978,-256.23999,144.061005],"cloneOrigin":"ut_wp_46","scale":[4.69999981,4.69999981,4.69999981]}
{"name":"ut_wp_31","class":"BeamNGWaypoint","persistentId":"68e9d222-8f7f-4d5a-b412-5eeb4047f844","__parent":"waypoints","position":[-777.804016,-146.261993,292.640106],"cloneOrigin":"ut_wp_30","rotationMatrix":[0.998914838,-0.0465734974,0,0.0465734974,0.998914838,0,0,0,1],"scale":[3.75389934,3.75389934,3.75389934]}
{"name":"ut_wp_69","class":"BeamNGWaypoint","persistentId":"6d3164e3-efdd-41ef-ac77-9f33c1a59b91","__parent":"waypoints","position":[1215.15784,-1013.57574,148.750626],"cloneOrigin":"ut_wp_68","scale":[3.78828835,3.78828835,3.78828835]}
{"name":"ut_wp_54","class":"BeamNGWaypoint","persistentId":"6fd2a01b-2da5-4b8c-b574-84b21459d508","__parent":"waypoints","position":[-803.54303,-904.450989,135.567993],"cloneOrigin":"ut_wp_53","scale":[3.74944639,3.74944639,3.74944639]}
{"name":"ut_wp_1","class":"BeamNGWaypoint","persistentId":"71fc1357-a116-4f99-842c-32b7f1baf4e5","__parent":"waypoints","position":[764.343994,301.57901,140.389389],"scale":[3.65926814,3.65926814,3.65926814]}
{"name":"ut_wp_118","class":"BeamNGWaypoint","persistentId":"735a07c5-2ec4-429c-89b6-bfa8f1f837f3","__parent":"waypoints","position":[1138.62073,-583.830383,148.314102],"cloneOrigin":"ut_wp_67","scale":[3.63795304,3.63795304,3.63795304]}
{"name":"ut_wp_8","class":"BeamNGWaypoint","persistentId":"7622f9ee-b868-4c5d-82d9-43371c5e94d3","__parent":"waypoints","position":[-525.805176,-822.485962,141.607986],"cloneOrigin":"ut_wp_1","scale":[3.70047855,3.70047855,3.70047855]}
{"name":"ut_wp_101","class":"BeamNGWaypoint","persistentId":"765731bd-3dea-4225-a8ce-026f0fed5f5e","__parent":"waypoints","position":[-978.226013,-955.255981,135.031998],"cloneOrigin":"ut_wp_79","scale":[4.36544323,4.36544323,4.36544323]}
{"name":"riverJuncWp1","class":"BeamNGWaypoint","persistentId":"792ee536-4a18-4bf4-821c-3e64915833d6","__parent":"waypoints","position":[839.427979,-249.179001,143.852997],"cloneOrigin":"ut_wp_68","scale":[5,5,5]}
{"name":"ut_wp_13","class":"BeamNGWaypoint","persistentId":"7a978c12-d0f3-4ac0-b03c-cb003e3a0c94","__parent":"waypoints","position":[-681.739746,-269.675354,216.14978],"cloneOrigin":"ut_wp_12","scale":[3.71974993,3.71974993,3.71974993]}
{"name":"ut_wp_80","class":"BeamNGWaypoint","persistentId":"7f5a48e5-8178-49bb-80ee-94a22a8f44d6","__parent":"waypoints","position":[-1001.29999,-1155.29004,149.274994],"cloneOrigin":"ut_wp_79","scale":[3.87146473,3.87146473,3.87146473]}
{"name":"ut_wp_126","class":"BeamNGWaypoint","persistentId":"80213b16-f097-4892-8e41-aa6aa070cb5c","__parent":"waypoints","position":[-535.72998,273.528992,298.048004],"cloneOrigin":"ut_wp_125","rotationMatrix":[0.998914838,-0.0465734974,0,0.0465734974,0.998914838,0,0,0,1],"scale":[25,25,25]}
{"name":"ut_wp_100","class":"BeamNGWaypoint","persistentId":"80b8c5d4-4db0-4771-b49b-c71bdff26b42","__parent":"waypoints","position":[-1004.28003,-969.252014,135.322998],"cloneOrigin":"ut_wp_79","scale":[4.33767986,4.33767986,4.33767986]}
{"name":"ut_wp_16","class":"BeamNGWaypoint","persistentId":"823fa669-bddf-480c-a388-d38d1387d0cd","__parent":"waypoints","position":[-690.062683,-247.397308,220.796173],"cloneOrigin":"ut_wp_15","scale":[3.81527305,3.81527305,3.81527305]}
{"name":"ut_wp_32","class":"BeamNGWaypoint","persistentId":"88333e34-da76-4250-ba97-9b7ee7fde038","__parent":"waypoints","position":[-826.242004,-36.5382996,292.803986],"cloneOrigin":"ut_wp_31","rotationMatrix":[0.998914838,-0.0465734974,0,0.0465734974,0.998914838,0,0,0,1],"scale":[4.64846992,4.64846992,4.64846992]}
{"name":"ut_wp_89","class":"BeamNGWaypoint","persistentId":"8a3a1106-3e02-46e6-b942-bdbd56985550","__parent":"waypoints","position":[-983.616028,-940.142029,135.031998],"cloneOrigin":"ut_wp_88","scale":[4.12417459,4.12417459,4.12417459]}
{"name":"ut_wp_85","class":"BeamNGWaypoint","persistentId":"8b4962b4-83ce-4762-a9c3-dbf2af1bfb38","__parent":"waypoints","position":[-1079.01001,-1041.27002,139.774994],"cloneOrigin":"ut_wp_84","scale":[4.20766068,4.20766068,4.20766068]}
{"name":"ut_wp_86","class":"BeamNGWaypoint","persistentId":"8c5f1842-741b-4ad4-b92c-8ec55e8f2b90","__parent":"waypoints","position":[-1065.42004,-1006.20001,137.464996],"cloneOrigin":"ut_wp_85","scale":[4.33767986,4.33767986,4.33767986]}
{"name":"ut_wp_104","class":"BeamNGWaypoint","persistentId":"8e130cd4-bc00-4441-bd81-8d6e9f51e447","__parent":"waypoints","position":[1186.77393,-1046.0907,148.941116],"cloneOrigin":"ut_wp_68","scale":[3.92304564,3.92304564,3.92304564]}
{"name":"ut_wp_70","class":"BeamNGWaypoint","persistentId":"8e38d44e-ef32-486d-ad95-56897f6e4e3a","__parent":"waypoints","position":[1206.14001,-1049.97998,148.744003],"cloneOrigin":"ut_wp_69","scale":[3.849998,3.849998,3.849998]}
{"name":"ut_wp_44","class":"BeamNGWaypoint","persistentId":"8fb6d207-d36d-44a1-848f-b29ed2aa0f54","__parent":"waypoints","position":[168.998993,443.15799,174.589996],"cloneOrigin":"ut_wp_43","rotationMatrix":[0.998914838,-0.0465734974,0,0.0465734974,0.998914838,0,0,0,1],"scale":[2.33287001,2.33287001,2.33287001]}
{"name":"ut_wp_41","class":"BeamNGWaypoint","persistentId":"9209f137-2a69-4310-9ef8-acfa54c28d76","__parent":"waypoints","position":[594.724976,726.434021,177.895996],"cloneOrigin":"ut_wp_39","rotationMatrix":[0.998914838,-0.0465734974,0,0.0465734974,0.998914838,0,0,0,1],"scale":[2.10016131,2.10016131,2.10016131]}
{"name":"ut_wp_122","class":"BeamNGWaypoint","persistentId":"936826f1-3a4d-48dd-93a6-4eadb1f23f36","__parent":"waypoints","position":[1198.17053,-686.08844,148.213516],"cloneOrigin":"ut_wp_67","scale":[3.66665578,3.66665578,3.66665578]}
{"name":"ut_wp_45","class":"BeamNGWaypoint","persistentId":"9495d369-8f92-487b-8720-5cd11427cd31","__parent":"waypoints","position":[164.352997,502.196014,174.852997],"cloneOrigin":"ut_wp_44","rotationMatrix":[0.998914838,-0.0465734974,0,0.0465734974,0.998914838,0,0,0,1],"scale":[2.33287001,2.33287001,2.33287001]}
{"name":"ut_wp_9","class":"BeamNGWaypoint","persistentId":"97de2f03-56b5-4e05-b94b-d4bf756f40f1","__parent":"waypoints","position":[-600.079285,-676.980469,157.755997],"cloneOrigin":"ut_wp_8","scale":[3.71249151,3.71249151,3.71249151]}
{"name":"ut_wp_26","class":"BeamNGWaypoint","persistentId":"99d274ce-9588-43ba-9d33-c225aaa55b2b","__parent":"waypoints","position":[-843.019226,-248.778137,272.628326],"cloneOrigin":"ut_wp_25","scale":[3.68932629,3.68932629,3.68932629]}
{"name":"ut_wp_25","class":"BeamNGWaypoint","persistentId":"9c4022bf-3e80-4f2f-bd50-236a082f8595","__parent":"waypoints","position":[-858.788025,-260.627014,269.693481],"cloneOrigin":"ut_wp_24","scale":[3.84253454,3.84253454,3.84253454]}
{"name":"ut_wp_79","class":"BeamNGWaypoint","persistentId":"9dc4e775-5c41-431b-89f7-b03050ed29e3","__parent":"waypoints","position":[-966.570984,-1159.89001,149.740997],"cloneOrigin":"ut_wp_78","scale":[3.89420438,3.89420438,3.89420438]}
{"name":"ut_wp_6","class":"BeamNGWaypoint","persistentId":"9ea17c9d-da40-432f-99e8-57127680c5f1","__parent":"waypoints","position":[775.460144,-306.422058,143.009293],"cloneOrigin":"ut_wp_1","scale":[2.31089044,2.31089044,2.31089044]}
{"name":"ut_wp_56","class":"BeamNGWaypoint","persistentId":"9f267ffb-8024-4ea0-a620-241586600eb1","__parent":"waypoints","position":[-668.862,-903.255005,135.105331],"cloneOrigin":"ut_wp_54","scale":[3.83375382,3.83375382,3.83375382]}
{"name":"ut_wp_68","class":"BeamNGWaypoint","persistentId":"a1a58d3a-9d9a-4894-a63c-dfaeda0a1bf1","__parent":"waypoints","position":[1219.9126,-961.460571,148.446213],"cloneOrigin":"ut_wp_67","scale":[3.82089877,3.82089877,3.82089877]}
{"name":"cliffJuncWp2","class":"BeamNGWaypoint","persistentId":"a1ca1dc6-67b7-463b-ac18-90cd0aa78e82","__parent":"waypoints","position":[828.492676,-126.722931,144.648438],"cloneOrigin":"ut_wp_46","scale":[4.69999981,4.69999981,4.69999981]}
{"name":"ut_wp_22","class":"BeamNGWaypoint","persistentId":"a421afd7-edf4-405d-b47e-f01d045143a0","__parent":"waypoints","position":[-861.273987,-363.204987,240.513123],"cloneOrigin":"ut_wp_21","scale":[4.1950798,4.1950798,4.1950798]}
{"name":"ut_wp_59","class":"BeamNGWaypoint","persistentId":"a59b614e-e303-41d8-8dd6-4863332402a2","__parent":"waypoints","position":[1019.67236,-549.677063,148.031448],"cloneOrigin":"ut_wp_58","scale":[3.90641594,3.90641594,3.90641594]}
{"name":"ut_wp_107","class":"BeamNGWaypoint","persistentId":"a6fa1cb6-cd0c-4796-8baf-ffc1ad54c959","__parent":"waypoints","position":[1143.87146,-1109.94714,149.461578],"cloneOrigin":"ut_wp_68","scale":[3.9234314,3.9234314,3.9234314]}
{"name":"ut_wp_109","class":"BeamNGWaypoint","persistentId":"a78be47a-2ec5-4702-884c-0b3afbc9b3ed","__parent":"waypoints","position":[1095.55762,-1134.46924,149.59642],"cloneOrigin":"ut_wp_68","scale":[3.90192413,3.90192413,3.90192413]}
{"name":"ut_wp_98","class":"BeamNGWaypoint","persistentId":"ad597c26-b144-4462-8d3e-02a3292ac575","__parent":"waypoints","position":[-1052.39001,-1016.79999,137.464996],"cloneOrigin":"ut_wp_79","scale":[4.33767986,4.33767986,4.33767986]}
{"name":"ut_wp_112","class":"BeamNGWaypoint","persistentId":"b37187f4-f676-4cec-852e-6662cdf7e40e","__parent":"waypoints","position":[1201.61841,-727.632935,148.296677],"cloneOrigin":"ut_wp_67","scale":[3.66526675,3.66526675,3.66526675]}
{"name":"ut_wp_3","class":"BeamNGWaypoint","persistentId":"b5857086-a480-4926-8804-7c7ab2ff635c","__parent":"waypoints","position":[749.789001,330.048004,142.026794],"cloneOrigin":"ut_wp_2","scale":[3.66322756,3.66322756,3.66322756]}
{"name":"ut_wp_11","class":"BeamNGWaypoint","persistentId":"b585ada2-b5c5-4231-a323-57d26a72f361","__parent":"waypoints","position":[-716.252991,-303.071014,208.823196],"cloneOrigin":"ut_wp_10","scale":[3.63702154,3.63702154,3.63702154]}
{"name":"ut_wp_39","class":"BeamNGWaypoint","persistentId":"b8f6c50d-d420-441b-a16c-63627c2ed241","__parent":"waypoints","position":[-883.019836,65.1725464,249.566269],"cloneOrigin":"ut_wp_38","rotationMatrix":[0.998914838,-0.0465734974,0,0.0465734974,0.998914838,0,0,0,1],"scale":[2.14471793,2.14471793,2.14471793]}
{"name":"ut_wp_17","class":"BeamNGWaypoint","persistentId":"bbd4e2ab-93e3-4c2d-b363-7e004892daa3","__parent":"waypoints","position":[-698.026978,-245.406448,222.143097],"cloneOrigin":"ut_wp_16","scale":[3.6747818,3.6747818,3.6747818]}
{"name":"ut_wp_116","class":"BeamNGWaypoint","persistentId":"be1620fa-2bbd-4930-aa00-ce8e4e77944d","__parent":"waypoints","position":[1067.86719,-561.275452,148.111954],"cloneOrigin":"ut_wp_67","scale":[3.89881563,3.89881563,3.89881563]}
{"name":"ut_wp_40","class":"BeamNGWaypoint","persistentId":"be5f75b1-daaa-45aa-8683-66ab20c6b251","__parent":"waypoints","position":[-891.929016,71.3347015,250.611511],"cloneOrigin":"ut_wp_39","rotationMatrix":[0.998914838,-0.0465734974,0,0.0465734974,0.998914838,0,0,0,1],"scale":[2.13158679,2.13158679,2.13158679]}
{"name":"ut_wp_125","class":"BeamNGWaypoint","persistentId":"bf39759a-9dc3-47c5-87d1-14d1d875f93f","__parent":"waypoints","position":[-552.84198,291.574005,298.048004],"cloneOrigin":"ut_wp_124","rotationMatrix":[0.998914838,-0.0465734974,0,0.0465734974,0.998914838,0,0,0,1],"scale":[3.5,3.5,3.5]}
{"name":"ut_wp_82","class":"BeamNGWaypoint","persistentId":"c0c8412f-bdd1-43e2-bfeb-836d32d55e83","__parent":"waypoints","position":[-1048.41003,-1130.76001,146.934006],"cloneOrigin":"ut_wp_81","scale":[3.90777588,3.90777588,3.90777588]}
{"name":"ut_wp_60","class":"BeamNGWaypoint","persistentId":"c1616a39-5d18-4871-ac17-16fbc0915bff","__parent":"waypoints","position":[1066.40845,-545.329407,148.282745],"cloneOrigin":"ut_wp_59","scale":[3.83777523,3.83777523,3.83777523]}
{"name":"ut_wp_73","class":"BeamNGWaypoint","persistentId":"c246a746-f139-40d3-a351-e0afe4027670","__parent":"waypoints","position":[1153.94995,-1124.91003,149.395996],"cloneOrigin":"ut_wp_72","scale":[3.81499124,3.81499124,3.81499124]}
{"name":"ut_wp_65","class":"BeamNGWaypoint","persistentId":"c2e858ab-f019-41e8-ac93-6076601882da","__parent":"waypoints","position":[1210.8811,-658.665649,148.230148],"cloneOrigin":"ut_wp_64","scale":[3.63030815,3.63030815,3.63030815]}
{"name":"ut_wp_52","class":"BeamNGWaypoint","persistentId":"c39e7195-6060-4131-a1b0-d96ae2367922","__parent":"waypoints","position":[-549.343994,-918.072998,134.58728],"cloneOrigin":"ut_wp_51","scale":[3.82659364,3.82659364,3.82659364]}
{"name":"ut_wp_5","class":"BeamNGWaypoint","persistentId":"c4b7f255-8e86-4058-b7c3-580a8311cb45","__parent":"waypoints","position":[720.838989,347.835999,143.87294],"cloneOrigin":"ut_wp_4","scale":[3.49589252,3.49589252,3.49589252]}
{"name":"ut_wp_34","class":"BeamNGWaypoint","persistentId":"c6767323-ef05-4362-8320-e5b1ed4fb532","__parent":"waypoints","position":[-830.027039,62.427124,251.492294],"cloneOrigin":"ut_wp_33","rotationMatrix":[0.998914838,-0.0465734974,0,0.0465734974,0.998914838,0,0,0,1],"scale":[2.04969096,2.04969096,2.04969096]}
{"name":"ut_wp_30","class":"BeamNGWaypoint","persistentId":"c8c34b6c-5d3c-4604-90fc-e74fa06a1abd","__parent":"waypoints","position":[-789.060852,-181.583389,287.495911],"cloneOrigin":"ut_wp_29","rotationMatrix":[0.998914838,-0.0465734974,0,0.0465734974,0.998914838,0,0,0,1],"scale":[3.72798991,3.72798991,3.72798991]}
{"name":"ut_wp_14","class":"BeamNGWaypoint","persistentId":"c92d6aef-880f-4405-89be-2470d07de13f","__parent":"waypoints","position":[-680.975525,-260.322998,218.06543],"cloneOrigin":"ut_wp_13","scale":[3.71631789,3.71631789,3.71631789]}
{"name":"ut_wp_78","class":"BeamNGWaypoint","persistentId":"c96ffe77-9e3d-43c7-af24-ba49ca559e79","__parent":"waypoints","position":[-269.072266,-1160.07678,149.834351],"cloneOrigin":"ut_wp_77","scale":[3.86261058,3.86261058,3.86261058]}
{"name":"ut_wp_108","class":"BeamNGWaypoint","persistentId":"ccb75cde-5d76-4382-95d0-147846f459a3","__parent":"waypoints","position":[1125.08997,-1122.27002,149.522995],"cloneOrigin":"ut_wp_68","scale":[3.93037629,3.93037629,3.93037629]}
{"name":"ut_wp_28","class":"BeamNGWaypoint","persistentId":"cf5671ed-98a8-4276-aedf-788b18707c17","__parent":"waypoints","position":[-808.448059,-214.188995,280.907043],"cloneOrigin":"ut_wp_27","rotationMatrix":[0.998914838,-0.0465734974,0,0.0465734974,0.998914838,0,0,0,1],"scale":[3.73783255,3.73783255,3.73783255]}
{"name":"ut_wp_93","class":"BeamNGWaypoint","persistentId":"d1d4c4d6-be48-4c08-a885-b823fcd30c50","__parent":"waypoints","position":[-1017.94,-1131.48999,148.751007],"cloneOrigin":"ut_wp_79","scale":[4.08718014,4.08718014,4.08718014]}
{"name":"ut_wp_10","class":"BeamNGWaypoint","persistentId":"d2f72352-985e-41a2-952e-dd6e1689e573","__parent":"waypoints","position":[-726.054016,-313.912994,207.50943],"cloneOrigin":"ut_wp_9","scale":[3.89208293,3.89208293,3.89208293]}
{"name":"ut_wp_71","class":"BeamNGWaypoint","persistentId":"d3092952-28d2-42e7-bed9-c3bf6c036526","__parent":"waypoints","position":[1192.32153,-1080.76062,149.230087],"cloneOrigin":"ut_wp_70","scale":[3.88308716,3.88308716,3.88308716]}
{"name":"ut_wp_43","class":"BeamNGWaypoint","persistentId":"d30ee48e-b359-4066-9cea-318a0074e14d","__parent":"waypoints","position":[644.565002,784.731018,175.021225],"cloneOrigin":"ut_wp_42","rotationMatrix":[0.998914838,-0.0465734974,0,0.0465734974,0.998914838,0,0,0,1],"scale":[2.17585158,2.17585158,2.17585158]}
{"name":"ut_wp_113","class":"BeamNGWaypoint","persistentId":"d46bafe6-3433-4407-9da5-65a59f4d531d","__parent":"waypoints","position":[930.731506,-599.38855,148.046875],"cloneOrigin":"ut_wp_67","scale":[3.94113302,3.94113302,3.94113302]}
{"name":"ut_wp_123","class":"BeamNGWaypoint","persistentId":"d79906eb-33d2-4c24-a643-6752f33a5241","__parent":"waypoints","position":[892.236023,-619.007996,147.938995],"cloneOrigin":"ut_wp_90","scale":[3.98288822,3.98288822,3.98288822]}
{"name":"ut_wp_119","class":"BeamNGWaypoint","persistentId":"d8833294-4311-4f07-aa0f-3ffd8ede3c14","__parent":"waypoints","position":[1160.5061,-602.374695,148.336685],"cloneOrigin":"ut_wp_67","scale":[3.69339228,3.69339228,3.69339228]}
{"name":"ut_wp_92","class":"BeamNGWaypoint","persistentId":"df18567f-4a87-47e8-9d16-561068db5800","__parent":"waypoints","position":[-997.48999,-1139.43994,149.274994],"cloneOrigin":"ut_wp_79","scale":[4.08718014,4.08718014,4.08718014]}
{"name":"ut_wp_18","class":"BeamNGWaypoint","persistentId":"e12abdab-5fd5-481b-93b6-a0fd3042cbfe","__parent":"waypoints","position":[-709.377991,-246.404587,223.98378],"cloneOrigin":"ut_wp_17","scale":[3.75277114,3.75277114,3.75277114]}
{"name":"ut_wp_66","class":"BeamNGWaypoint","persistentId":"e1856507-b8e0-42d7-b6d4-4df28a90236d","__parent":"waypoints","position":[1216.61853,-685.817505,148.276474],"cloneOrigin":"ut_wp_65","scale":[3.57445812,3.57445812,3.57445812]}
{"name":"ut_wp_27","class":"BeamNGWaypoint","persistentId":"e49e9d10-c4b5-4ba4-bb86-0e19445d6f0a","__parent":"waypoints","position":[-824.18634,-231.758408,276.649414],"cloneOrigin":"ut_wp_26","scale":[3.72089267,3.72089267,3.72089267]}
{"name":"ut_wp_24","class":"BeamNGWaypoint","persistentId":"e5554f91-1890-4d02-a284-bcdcc6be6d72","__parent":"waypoints","position":[-872.865051,-269.441315,267.504028],"cloneOrigin":"ut_wp_23","scale":[3.74499106,3.74499106,3.74499106]}
{"name":"ut_wp_55","class":"BeamNGWaypoint","persistentId":"e94be731-e9fb-4585-825e-7f27075215c5","__parent":"waypoints","position":[-804.028992,-916.098022,135.404007],"cloneOrigin":"ut_wp_53","scale":[3.81810379,3.81810379,3.81810379]}
{"name":"ut_wp_111","class":"BeamNGWaypoint","persistentId":"e9c5a082-b873-433c-bd5a-09a75e28c62c","__parent":"waypoints","position":[1029.90002,-1143.94995,149.740997],"cloneOrigin":"ut_wp_68","scale":[3.86425638,3.86425638,3.86425638]}
{"name":"ut_wp_12","class":"BeamNGWaypoint","persistentId":"ecdcd586-3804-4d51-b112-44ef10c76c00","__parent":"waypoints","position":[-691.836975,-282.683014,212.888611],"cloneOrigin":"ut_wp_11","scale":[3.89357829,3.89357829,3.89357829]}
{"name":"ut_wp_114","class":"BeamNGWaypoint","persistentId":"ee59d173-b2e8-4556-b6eb-8df3e94fde12","__parent":"waypoints","position":[968.257263,-582.69397,148.026108],"cloneOrigin":"ut_wp_67","scale":[3.94200921,3.94200921,3.94200921]}
{"name":"ut_wp_72","class":"BeamNGWaypoint","persistentId":"f1194197-f179-42fe-802e-880b54dbac6a","__parent":"waypoints","position":[1175.76038,-1104.38074,149.294632],"cloneOrigin":"ut_wp_71","scale":[3.90364742,3.90364742,3.90364742]}
{"name":"ut_wp_88","class":"BeamNGWaypoint","persistentId":"f75668b4-14c5-432c-8a53-116fc82039dd","__parent":"waypoints","position":[-1009.78998,-953.565002,135.322998],"cloneOrigin":"ut_wp_87","scale":[4.33767986,4.33767986,4.33767986]}
{"name":"wp_canyon","class":"BeamNGWaypoint","persistentId":"f908df86-43c6-45fb-88e1-5280786638ad","__parent":"waypoints","position":[-32.6791763,-106.906609,149.280197],"rotationMatrix":[1,0,0,0,0.999999762,-0.000690533896,0,0.000690533896,0.999999762],"scale":[2.50039625,2.50039625,2.50039625]}
{"name":"ut_wp_75","class":"BeamNGWaypoint","persistentId":"f953b8c0-bb6f-4b95-9cfd-6ef07a95deab","__parent":"waypoints","position":[1097.59998,-1151.26001,149.621994],"cloneOrigin":"ut_wp_74","scale":[3.93053818,3.93053818,3.93053818]}
{"name":"ut_wp_120","class":"BeamNGWaypoint","persistentId":"fb0e1cd1-4ca4-48ee-ba58-31a13f6c21b5","__parent":"waypoints","position":[1179.44861,-628.354187,148.292328],"cloneOrigin":"ut_wp_67","scale":[3.69560766,3.69560766,3.69560766]}
{"name":"ut_wp_33","class":"BeamNGWaypoint","persistentId":"fbe1b650-1f60-499f-b80e-5b051199cccd","__parent":"waypoints","position":[-876.565002,-14.1307001,292.803986],"cloneOrigin":"ut_wp_32","rotationMatrix":[0.998914838,-0.0465734974,0,0.0465734974,0.998914838,0,0,0,1],"scale":[4.64846992,4.64846992,4.64846992]}
{"name":"ut_wp_21","class":"BeamNGWaypoint","persistentId":"fe3fdb74-256d-4341-87ab-42eaad475763","__parent":"waypoints","position":[-840.525024,-352.389008,238.565948],"cloneOrigin":"ut_wp_20","scale":[4.1950798,4.1950798,4.1950798]}
