{"name":"theLevelInfo","class":"LevelInfo","persistentId":"4518f091-969a-4dfd-b8cb-23c11ed08cda","__parent":"infos","canvasClearColor":"Black","enabled":"1","fogAtmosphereHeight":2500,"fogColor":[0.745097995,0.815685987,0.949020028,1],"fogDensity":0.000199999995,"fogDensityOffset":8,"globalEnviromentMap":"cubemap_eca_reflection","gravity":-9.81000042,"temperatureCurveC":[0,22,0.300000012,23,0.5,17,0.800000012,16,1,22],"visibleDistance":12000}
{"class":"TSStatic","persistentId":"94a8712c-f7de-48e6-8856-791a3577596d","__parent":"infos","position":[-552.847778,770.41394,27.7694149],"collisionType":"Visible Mesh Final","isRenderEnabled":false,"rotationMatrix":[0.831384718,0.555697262,0,-0.555697262,0.831384718,0,0,0,1],"shapeName":"/levels/east_coast_usa/art/shapes/misc/mono/mono.dae","useInstanceRenderData":true}
