{"name":"prestageTrigR4","class":"BeamNGTrigger","persistentId":"ce09737d-0add-41f1-9854-beba1b4e96a8","__parent":"DragTriggers4","position":[1140.08691,-800.279968,13.7133865],"locked":true,"luaFunction":"onBeamNGTrigger","scale":[1.20878911,3.75,4.19927454]}
{"name":"startTrigR4","class":"BeamNGTrigger","persistentId":"73340a20-e8ba-4e50-a82b-7596f1077b53","__parent":"DragTriggers4","position":[1139.65381,-800.279968,13.7133865],"locked":true,"luaFunction":"onBeamNGTrigger","scale":[0.963378906,3.75,4.19927454]}
{"name":"finishTrig4","class":"BeamNGTrigger","persistentId":"90b72be7-fc73-4727-aa6a-fb9fb09d6dd1","__parent":"DragTriggers4","position":[747.803223,-802.417297,12.446497],"locked":true,"luaFunction":"onBeamNGTrigger","scale":[0.739941359,19.6288071,4.1019268]}
{"name":"falseStartTrigL4","class":"BeamNGTrigger","persistentId":"0da62eac-af9f-41fe-8b2a-d9ba950a2348","__parent":"DragTriggers4","position":[1136.47266,-804.096985,13.7376356],"locked":true,"luaFunction":"onBeamNGTrigger","scale":[4.65859413,3.75,4.86588669]}
{"name":"falseStartTrigR4","class":"BeamNGTrigger","persistentId":"655bc978-2deb-439b-9784-aae130f1a02e","__parent":"DragTriggers4","position":[1136.47266,-800.299194,13.7376356],"locked":true,"luaFunction":"onBeamNGTrigger","scale":[4.65859413,3.75,4.86588669]}
{"name":"prestageTrigL4","class":"BeamNGTrigger","persistentId":"466d36cf-920d-4ff5-96bd-310c66b0fa35","__parent":"DragTriggers4","position":[1140.17065,-804.093384,13.7133865],"locked":true,"luaFunction":"onBeamNGTrigger","scale":[0.963378906,3.75,4.19927454]}
{"name":"laneTrigR4","class":"BeamNGTrigger","persistentId":"c95cefe5-e8d8-4d2d-8de9-17e10a550e8e","__parent":"DragTriggers4","position":[942.357727,-800.257629,13.7133875],"locked":true,"luaFunction":"onBeamNGTrigger","scale":[395.537292,5,7.45670176]}
{"name":"startTrigL4","class":"BeamNGTrigger","persistentId":"f0ef2a8f-9ef7-41f5-8d58-2ed74a0e3fb7","__parent":"DragTriggers4","position":[1139.63257,-804.093384,13.7133865],"locked":true,"luaFunction":"onBeamNGTrigger","scale":[0.963378906,3.75,4.19927454]}
{"name":"laneTrigL4","class":"BeamNGTrigger","persistentId":"03dba20d-1d05-4553-9ed4-2500f0abb390","__parent":"DragTriggers4","position":[942.357727,-804.212158,13.7133875],"locked":true,"luaFunction":"onBeamNGTrigger","scale":[395.537292,5,7.45670176]}
