{"name":"Bridge_Del_1","class":"SFXEmitter","persistentId":"086f4642-7902-40aa-a8a7-145434abc820","__parent":"Snapshots","position":[417.569733,-766.499573,40.6539536],"cloneOrigin":"Animal_QP639_3","fadeInTime":0,"fadeOutTime":0,"isLooping":false,"locked":true,"maxDistance":20,"scale":[20,20,20],"track":"event:>Special>Slap Delays>Delay_11","useTrackDescriptionOnly":true}
{"name":"Bridge_Del_2","class":"SFXEmitter","persistentId":"cc56e208-877e-40dd-ad98-3cfe456b3c40","__parent":"Snapshots","position":[398.976196,-778.183533,40.5866203],"cloneOrigin":"Animal_QP639_3","fadeInTime":0,"fadeOutTime":0,"isLooping":false,"locked":true,"maxDistance":20,"scale":[20,20,20],"track":"event:>Special>Slap Delays>Delay_11","useTrackDescriptionOnly":true}
{"name":"Level_Building_Open_1","class":"SFXSpace","persistentId":"3cd22792-afab-49c3-bc69-f9a9af4fd09a","__parent":"Snapshots","position":[-144.223312,-875.135193,-4.92500257],"locked":true,"rotationMatrix":[0.90341115,0.428777874,0,-0.428777874,0.90341115,0,0,0,1],"scale":[15.7935162,7.93103552,36.8403854],"soundAmbience":"Level_Building_Filter_Only"}
