{"name":"timeDispR16","class":"TSStatic","persistentId":"81ed3404-806d-406a-9798-32a921aeb16f","__parent":"ScoreboardR3","position":[-291.331024,-716.045959,18.892271],"allowPlayerStep0":"1","instanceColor":[1,1,1,0],"isRenderEnabled":false,"locked":true,"rotationMatrix":[5.96046448e-08,-1,0,1,5.96046448e-08,0,0,0,1],"scale":[7.01394749,7.01394749,7.01394749],"shapeName":"/art/shapes/quarter_mile_display/display_7.dae","useInstanceRenderData":true}
{"name":"speedDispR16","class":"TSStatic","persistentId":"45b29e47-1bbb-4d8b-a61a-17d5580f5718","__parent":"ScoreboardR3","position":[-291.327728,-719.515259,17.1052723],"allowPlayerStep0":"1","instanceColor":[1,1,1,0],"isRenderEnabled":false,"locked":true,"rotationMatrix":[5.96046448e-08,-1,0,1,5.96046448e-08,0,0,0,1],"scale":[7.01394749,7.01394749,7.01394749],"shapeName":"/art/shapes/quarter_mile_display/display_1.dae","useInstanceRenderData":true}
{"name":"timeDispR17","class":"TSStatic","persistentId":"1c4338d6-ef0a-4d88-9a70-f6133bc0e1b4","__parent":"ScoreboardR3","position":[-291.296661,-718.885315,18.892271],"allowPlayerStep0":"1","instanceColor":[1,1,1,0],"isRenderEnabled":false,"locked":true,"rotationMatrix":[5.96046448e-08,-1,0,1,5.96046448e-08,0,0,0,1],"scale":[7.01394749,7.01394749,7.01394749],"shapeName":"/art/shapes/quarter_mile_display/display_6.dae","useInstanceRenderData":true}
{"name":"speedDispR17","class":"TSStatic","persistentId":"cb92e196-fedb-4347-b566-8f4e185d959f","__parent":"ScoreboardR3","position":[-291.331024,-716.767822,17.1052723],"allowPlayerStep0":"1","instanceColor":[1,1,1,0],"isRenderEnabled":false,"locked":true,"rotationMatrix":[5.96046448e-08,-1,0,1,5.96046448e-08,0,0,0,1],"scale":[7.01394749,7.01394749,7.01394749],"shapeName":"/art/shapes/quarter_mile_display/display_2.dae","useInstanceRenderData":true}
{"name":"timeDispR18","class":"TSStatic","persistentId":"12e7a006-6e0d-4ab4-8064-15530b31d8d3","__parent":"ScoreboardR3","position":[-291.331024,-717.754639,18.892271],"allowPlayerStep0":"1","instanceColor":[1,1,1,0],"isRenderEnabled":false,"locked":true,"rotationMatrix":[5.96046448e-08,-1,0,1,5.96046448e-08,0,0,0,1],"scale":[7.01394749,7.01394749,7.01394749],"shapeName":"/art/shapes/quarter_mile_display/display_6.dae","useInstanceRenderData":true}
{"name":"timeDispR19","class":"TSStatic","persistentId":"262de059-a88d-4a5d-8673-c308e6a8c110","__parent":"ScoreboardR3","position":[-291.327728,-719.619507,18.892271],"allowPlayerStep0":"1","instanceColor":[1,1,1,0],"isRenderEnabled":false,"locked":true,"rotationMatrix":[5.96046448e-08,-1,0,1,5.96046448e-08,0,0,0,1],"scale":[7.01394749,7.01394749,7.01394749],"shapeName":"/art/shapes/quarter_mile_display/display_1.dae","useInstanceRenderData":true}
{"name":"speedDispRDot3","class":"TSStatic","persistentId":"6a367099-4d62-4571-82e2-ffc70bc275cb","__parent":"ScoreboardR3","position":[-291.331024,-717.102844,17.1052723],"allowPlayerStep0":"1","instanceColor":[1,1,1,0],"isRenderEnabled":false,"locked":true,"rotationMatrix":[5.96046448e-08,-1,0,1,5.96046448e-08,0,0,0,1],"scale":[7.01394749,7.01394749,7.01394749],"shapeName":"/art/shapes/quarter_mile_display/display_period.dae","useInstanceRenderData":true}
{"name":"speedDispR18","class":"TSStatic","persistentId":"c87908c6-231e-4638-99bf-908a4b72a0a2","__parent":"ScoreboardR3","position":[-291.331024,-715.935486,17.1052723],"allowPlayerStep0":"1","instanceColor":[1,1,1,0],"isRenderEnabled":false,"locked":true,"rotationMatrix":[5.96046448e-08,-1,0,1,5.96046448e-08,0,0,0,1],"scale":[7.01394749,7.01394749,7.01394749],"shapeName":"/art/shapes/quarter_mile_display/display_7.dae","useInstanceRenderData":true}
{"name":"speedDispR19","class":"TSStatic","persistentId":"2ffc8d18-eb54-454a-a471-9f96b8afbfe3","__parent":"ScoreboardR3","position":[-291.296661,-718.764221,17.1052723],"allowPlayerStep0":"1","instanceColor":[1,1,1,0],"isRenderEnabled":false,"locked":true,"rotationMatrix":[5.96046448e-08,-1,0,1,5.96046448e-08,0,0,0,1],"scale":[7.01394749,7.01394749,7.01394749],"shapeName":"/art/shapes/quarter_mile_display/display_8.dae","useInstanceRenderData":true}
{"name":"speedDispR20","class":"TSStatic","persistentId":"4ac55cce-685d-4370-a338-c09c3409cfd7","__parent":"ScoreboardR3","position":[-291.327728,-718.092102,17.1052723],"allowPlayerStep0":"1","instanceColor":[1,1,1,0],"isRenderEnabled":false,"locked":true,"rotationMatrix":[5.96046448e-08,-1,0,1,5.96046448e-08,0,0,0,1],"scale":[7.01394749,7.01394749,6.71758175],"shapeName":"/art/shapes/quarter_mile_display/display_4.dae","useInstanceRenderData":true}
{"name":"timeDispR20","class":"TSStatic","persistentId":"936614b9-b9cf-4c81-8eaf-5588d016af79","__parent":"ScoreboardR3","position":[-291.331024,-716.910828,18.892271],"allowPlayerStep0":"1","instanceColor":[1,1,1,0],"isRenderEnabled":false,"locked":true,"rotationMatrix":[5.96046448e-08,-1,0,1,5.96046448e-08,0,0,0,1],"scale":[7.01394749,7.01394749,7.01394749],"shapeName":"/art/shapes/quarter_mile_display/display_9.dae","useInstanceRenderData":true}
{"name":"timeDispRDot3","class":"TSStatic","persistentId":"fccf2f7b-8c7b-4884-8ad4-1ab368069da6","__parent":"ScoreboardR3","position":[-291.327728,-717.88916,18.9372692],"allowPlayerStep0":"1","instanceColor":[1,1,1,0],"isRenderEnabled":false,"locked":true,"rotationMatrix":[5.96046448e-08,-1,0,1,5.96046448e-08,0,0,0,1],"scale":[7.01394749,7.01394749,6.71758175],"shapeName":"/art/shapes/quarter_mile_display/display_period.dae","useInstanceRenderData":true}
