{"name":"enduro_rolling_spawn","class":"SpawnSphere","persistentId":"e1eabc4f-3a6c-4877-bbde-2b82d090b2ce","__parent":"TTObjs","position":[-916.202026,-1852.09216,438.690979],"dataBlock":"SpawnSphereMarker","mode":"Ignore","radius":1,"rotationMatrix":[0.521229863,-0.853416324,0,0.853416324,0.521229863,0,0,0,1],"spawnClass":"Player","sphereWeight0":"1"}
{"name":"gp_rolling_spawn","class":"SpawnSphere","persistentId":"4fe297c4-3188-499b-90d1-1c9606f8c806","__parent":"TTObjs","position":[-1058.5321,-1830.40161,437.080627],"dataBlock":"SpawnSphereMarker","mode":"Ignore","radius":1,"rotationMatrix":[-0.205781609,0.978597641,0,-0.978597641,-0.205781609,0,0,0,1],"spawnClass":"Player","sphereWeight0":"1"}
{"name":"enduro_cut2","class":"BeamNGWaypoint","persistentId":"4dc7278d-e747-4cf4-8bd7-d64fe5970be5","__parent":"TTObjs","position":[-1221.2843,-1915.14539,428.842926],"mode":"Ignore","rotationMatrix":[0.981352687,-0.192215428,0,0.192215428,0.981352687,0,0,0,1],"scale":[6.53103256,6.53103256,6.53103256]}
{"name":"gp4","class":"BeamNGWaypoint","persistentId":"27e33861-dab6-49b1-8244-fc68af159dfb","__parent":"TTObjs","position":[-1256.39209,-1917.62244,425.864349],"mode":"Ignore","rotationMatrix":[0.981352687,-0.192215428,0,0.192215428,0.981352687,0,0,0,1],"scale":[8.54607391,8.54607391,8.54607391]}
{"name":"gp3","class":"BeamNGWaypoint","persistentId":"1e65094e-1dad-4e5d-a2c7-a32d92a27b8c","__parent":"TTObjs","position":[-1876.46399,-2274.88599,413.374512],"mode":"Ignore","rotationMatrix":[0.981352687,-0.192215428,0,0.192215428,0.981352687,0,0,0,1],"scale":[6.2790432,6.2790432,6.2790432]}
{"name":"gp2","class":"BeamNGWaypoint","persistentId":"fbb9c164-b0f2-408b-a60e-0b7fffe96801","__parent":"TTObjs","position":[-1759.64709,-2748.86597,422.296295],"mode":"Ignore","rotationMatrix":[0.981352687,-0.192215428,0,0.192215428,0.981352687,0,0,0,1],"scale":[4.8909626,4.8909626,4.8909626]}
{"name":"sprint_cut1","class":"BeamNGWaypoint","persistentId":"a612134e-20fa-4735-9748-0f8c77746ffc","__parent":"TTObjs","position":[-1802.66968,-2768.35327,420.263367],"mode":"Ignore","scale":[6.80449772,6.80449772,6.80449772]}
{"name":"gp1","class":"BeamNGWaypoint","persistentId":"e4a99273-77fe-4a40-b3f6-f0c8c9ee9b5d","__parent":"TTObjs","position":[-1670.53113,-2283.03857,427.058258],"mode":"Ignore","scale":[7.95376492,7.95376492,7.95376492]}
{"name":"enduro_cut1","class":"BeamNGWaypoint","persistentId":"eda6e956-96cf-4054-8136-a027dbc874be","__parent":"TTObjs","position":[-1646.79321,-2436.29883,425.529205],"mode":"Ignore","scale":[9.0435133,9.0435133,9.0435133]}
{"name":"gp_start_finish","class":"BeamNGWaypoint","persistentId":"f811e9ba-759e-4b29-98ff-35a0dfb6e84f","__parent":"TTObjs","position":[-1136.66418,-2058.15771,438.12323],"directionalWaypoint":true,"mode":"Ignore","rotationMatrix":[-0.705973625,-0.708238125,0,0.708238125,-0.705973625,0,0,0,1],"scale":[7.89834023,7.89834023,7.89834023]}
{"name":"bridge","class":"BeamNGWaypoint","persistentId":"400ffc80-fb8a-4298-818b-2d83684a972b","__parent":"TTObjs","position":[-241.017075,-1200.21472,405.532135],"directionalWaypoint":true,"mode":"Ignore","rotationMatrix":[-0.868444264,-0.495787024,0,0.495787024,-0.868444264,0,0,0,1],"scale":[6.72119141,6.72119141,6.72119141]}
{"name":"gantry","class":"BeamNGWaypoint","persistentId":"598fcad9-e516-44f9-be5f-f8d56810cbf9","__parent":"TTObjs","position":[1254.3999,-331.62793,371.033142],"directionalWaypoint":true,"mode":"Ignore","rotationMatrix":[-0.872776508,-0.48811996,0,0.48811996,-0.872776508,0,0,0,1],"scale":[6.93886709,6.93886709,6.93886709]}
{"name":"cp9","class":"BeamNGWaypoint","persistentId":"aba0a4eb-c543-40a8-b429-3dfc7ea5934a","__parent":"TTObjs","position":[2152.61035,526.104004,355.798706],"directionalWaypoint":true,"mode":"Ignore","rotationMatrix":[-0.917493045,-0.397751808,0,0.397751808,-0.917493045,0,0,0,1],"scale":[4.57041025,4.57041025,4.57041025]}
{"name":"cp8","class":"BeamNGWaypoint","persistentId":"5c0ad41f-90b3-4414-bf05-0e5462d6573c","__parent":"TTObjs","position":[3015.87378,1506.55273,365.71991],"directionalWaypoint":true,"mode":"Ignore","rotationMatrix":[-0.99924171,0.0389363915,0,-0.0389363915,-0.99924171,0,0,0,1],"scale":[6.582129,6.582129,6.582129]}
{"name":"cp6","class":"BeamNGWaypoint","persistentId":"1d87759c-64e4-40da-869b-98428b1b30fe","__parent":"TTObjs","position":[1454.86914,2039.89136,323.433777],"directionalWaypoint":true,"mode":"Ignore","rotationMatrix":[0.814216256,0.580561519,0,-0.580561519,0.814216256,0,0,0,1],"scale":[4.39096594,4.39096594,4.39096594]}
{"name":"cp5","class":"BeamNGWaypoint","persistentId":"b86ca1e5-9b5b-443e-bea1-98e5a7fe6f31","__parent":"TTObjs","position":[-48.9069443,2569.1167,201.218857],"directionalWaypoint":true,"mode":"Ignore","rotationMatrix":[0.0928696692,-0.995678246,0,0.995678246,0.0928696692,0,0,0,1],"scale":[4.01289082,4.01289082,4.01289082]}
{"name":"cp4","class":"BeamNGWaypoint","persistentId":"10eeb905-f31c-432a-901d-a485f3322dda","__parent":"TTObjs","position":[-1211.79773,2518.56323,183.239548],"directionalWaypoint":true,"mode":"Ignore","scale":[4.35664082,4.35664082,4.35664082]}
{"name":"cp3","class":"BeamNGWaypoint","persistentId":"0f5bde45-7865-4e47-af73-80c6539cdfe2","__parent":"TTObjs","position":[-2142.02148,1532.25256,293.973938],"directionalWaypoint":true,"mode":"Ignore","rotationMatrix":[0.809972048,0.586468577,0,-0.586468577,0.809972048,0,0,0,1],"scale":[4.02335453,4.02335453,4.02335453]}
{"name":"cp2","class":"BeamNGWaypoint","persistentId":"b505f444-31ed-4c37-8a15-2fbee3a06fcd","__parent":"TTObjs","position":[-2943.33618,549.765991,337.817047],"directionalWaypoint":true,"mode":"Ignore","rotationMatrix":[0.927897394,0.372834563,0,-0.372834563,0.927897394,0,0,0,1],"scale":[4.33691502,4.33691502,4.33691502]}
{"name":"cp1","class":"BeamNGWaypoint","persistentId":"c8cf1b10-80e6-440d-a143-aeee0cea36ab","__parent":"TTObjs","position":[-2481.95703,-1150.74927,376.057709],"directionalWaypoint":true,"mode":"Ignore","rotationMatrix":[-0.61152339,0.791226268,0,-0.791226268,-0.61152339,0,0,0,1],"scale":[4.10664082,4.10664082,4.10664082]}
{"name":"nord_start_finish","class":"BeamNGWaypoint","persistentId":"5e3b8f7e-a9df-46bb-9842-f420532d864a","__parent":"TTObjs","position":[-925.964661,-1820.74194,439.216858],"directionalWaypoint":true,"mode":"Ignore","rotationMatrix":[-0.790696859,0.612207949,0,-0.612207949,-0.790696859,0,0,0,1],"scale":[6.10273409,6.10273409,6.10273409]}
{"name":"cp7","class":"BeamNGWaypoint","persistentId":"1c041759-7886-4e26-8c51-1731d8d36695","__parent":"TTObjs","position":[2466.0603,2399.02686,432.731262],"directionalWaypoint":true,"mode":"Ignore","rotationMatrix":[0.947087228,-0.320976168,0,0.320976168,0.947087228,0,0,0,1],"scale":[4.62421894,4.62421894,4.62421894]}
{"name":"gp_standing_spawn","class":"SpawnSphere","persistentId":"65a3a69f-8cdb-4bf6-ac1b-62fbd213d137","__parent":"TTObjs","position":[-1129.104,-2055.04883,438.207855],"dataBlock":"SpawnSphereMarker","mode":"Ignore","radius":1,"rotationMatrix":[0.705701411,-0.708509088,0,0.708509088,0.705701411,0,0,0,1],"spawnClass":"Player","sphereWeight0":"1"}
{"name":"nord_rolling_spawn","class":"SpawnSphere","persistentId":"f8253e8c-e90c-4601-8af3-91bb1fb893b7","__parent":"TTObjs","position":[-850.937927,-1806.77356,436.569],"dataBlock":"SpawnSphereMarker","mode":"Ignore","radius":1,"rotationMatrix":[0.521229863,-0.853416324,0,0.853416324,0.521229863,0,0,0,1],"spawnClass":"Player","sphereWeight0":"1"}
{"name":"nord_standing_spawn","class":"SpawnSphere","persistentId":"8b9d75fd-53db-4ce3-b7ca-fa0facf3c956","__parent":"TTObjs","position":[-919.237671,-1826.12366,438.929535],"dataBlock":"SpawnSphereMarker","mode":"Ignore","radius":1,"rotationMatrix":[-0.633649766,-0.773620009,0,0.773620009,-0.633649766,0,0,0,1],"spawnClass":"Player","sphereWeight0":"1"}
{"name":"btg_standing_spawn","class":"SpawnSphere","persistentId":"1cf149fc-bf43-480a-822e-616c8746b8df","__parent":"TTObjs","position":[127.579369,-973.500916,393.099945],"dataBlock":"SpawnSphereMarker","mode":"Ignore","radius":1,"rotationMatrix":[0.528436303,-0.848972917,0,0.848972917,0.528436303,0,0,0,1],"spawnClass":"Player","sphereWeight0":"1"}
{"name":"btg_rolling_spawn","class":"SpawnSphere","persistentId":"f5ed05fe-6d39-4cab-a909-0034704a0ebf","__parent":"TTObjs","position":[289.958832,-885.801453,384.707642],"dataBlock":"SpawnSphereMarker","mode":"Ignore","radius":1,"rotationMatrix":[0.528436303,-0.848972917,0,0.848972917,0.528436303,0,0,0,1],"spawnClass":"Player","sphereWeight0":"1"}
{"name":"nord_short_start","class":"BeamNGWaypoint","persistentId":"155d6595-3b8e-43f3-bf61-adf2aee34203","__parent":"TTObjs","position":[-1044.32007,-1700.65906,446.585632],"directionalWaypoint":true,"mode":"Ignore","rotationMatrix":[-0.605303168,0.795994818,0,-0.795994818,-0.605303168,0,0,0,1],"scale":[4.53902721,4.53902721,4.53902721]}
