{"class":"TSStatic","persistentId":"121d66b6-a956-43a5-b6c0-e7ce9c797709","__parent":"traffic_lights","position":[724.615601,-100.28157,52.6275024],"annotation":"TRAFFIC_SIGNALS","dynamic":true,"instanceColor":[0,0,0,1],"instanceColor1":[0,0,0,1],"intersection":"intersection3","rotationMatrix":[-0.999727547,-0.0233241264,0,0.0233241264,-0.999727547,0,0,0,1],"shapeName":"/levels/east_coast_usa/art/shapes/buildings/eca_traffic_high_ew_right.dae","signalNum":"1"}
{"class":"TSStatic","persistentId":"3c13a99b-830f-4a3d-b78f-35a1b64bbca5","__parent":"traffic_lights","position":[730.195984,-252.242584,53.370266],"annotation":"TRAFFIC_SIGNALS","dynamic":true,"instanceColor":[0,0,0,1],"instanceColor1":[0,0,0,1],"intersection":"intersection1","rotationMatrix":[-0.707106769,-0.707106948,0,0.707106948,-0.707106769,0,0,0,1],"shapeName":"/levels/east_coast_usa/art/shapes/buildings/eca_traffic_high_ns_right.dae","signalNum":"1"}
{"class":"TSStatic","persistentId":"5f9df1a8-31ac-4e2b-86da-0fc6c5c9d513","__parent":"traffic_lights","position":[738.415649,-150.60849,53.3553505],"annotation":"TRAFFIC_SIGNALS","dynamic":true,"instanceColor":[0,0,0,1],"instanceColor1":[0,0,0,1],"intersection":"intersection2","rotationMatrix":[0.999727488,0.0233242512,0,-0.0233242512,0.999727488,0,0,0,1],"shapeName":"/levels/east_coast_usa/art/shapes/buildings/eca_traffic_high_ew_right.dae","signalNum":"1"}
{"class":"TSStatic","persistentId":"62781c3d-ea1e-4da4-b749-94e8b6a3577a","__parent":"traffic_lights","position":[720.079163,-223.085739,53.3619843],"annotation":"TRAFFIC_SIGNALS","dynamic":true,"instanceColor":[0,0,0,1],"instanceColor1":[0,0,0,1],"intersection":"intersection1","rotationMatrix":[0.683641672,0.729817629,0,-0.729817629,0.683641672,0,0,0,1],"shapeName":"/levels/east_coast_usa/art/shapes/buildings/eca_traffic_high_ns_right.dae","signalNum":"1"}
{"class":"TSStatic","persistentId":"670dc763-2368-4ced-b5b8-04b8ccc2f4fc","__parent":"traffic_lights","position":[722.233215,-151.954041,53.3619843],"annotation":"TRAFFIC_SIGNALS","dynamic":true,"instanceColor1":[0,0,0,1],"instanceColor2":[0,0,0,1],"intersection":"intersection2","rotationMatrix":[0.70366919,0.710526824,0,-0.710526824,0.70366919,0,0,0,1],"shapeName":"/levels/east_coast_usa/art/shapes/buildings/eca_traffic_high_ns_right.dae","signalNum":"2"}
{"class":"TSStatic","persistentId":"a36d382c-d10c-4895-bf7c-9150930da29a","__parent":"traffic_lights","position":[721.692261,-166.712448,53.3619843],"annotation":"TRAFFIC_SIGNALS","dynamic":true,"instanceColor1":[0,0,0,1],"instanceColor2":[0,0,0,1],"intersection":"intersection2","rotationMatrix":[-0.703669488,-0.710527003,0,0.710527003,-0.703669488,0,0,0,1],"shapeName":"/levels/east_coast_usa/art/shapes/buildings/eca_traffic_high_ns_right.dae","signalNum":"2"}
{"class":"TSStatic","persistentId":"c0cb2c6b-2e71-4fd8-9a91-1755725e2986","__parent":"traffic_lights","position":[738.347595,-79.6254654,52.4000015],"annotation":"TRAFFIC_SIGNALS","dynamic":true,"instanceColor":[0,0,0,1],"instanceColor1":[0,0,0,1],"intersection":"intersection3","rotationMatrix":[0.999727488,0.0233242512,0,-0.0233242512,0.999727488,0,0,0,1],"shapeName":"/levels/east_coast_usa/art/shapes/buildings/eca_traffic_high_ew_right.dae","signalNum":"1"}
{"class":"TSStatic","persistentId":"d2767470-6925-48cc-a8ea-8d0e15cb2a4a","__parent":"traffic_lights","position":[716.356262,-238.888672,53.3553505],"annotation":"TRAFFIC_SIGNALS","dynamic":true,"instanceColor1":[0,0,0,1],"instanceColor2":[0,0,0,1],"intersection":"intersection1","rotationMatrix":[-0.715949118,0.698152423,0,-0.698152423,-0.715949118,0,0,0,1],"shapeName":"/levels/east_coast_usa/art/shapes/buildings/eca_traffic_high_ew_right.dae","signalNum":"2"}
{"class":"TSStatic","persistentId":"ecad09b8-5fc5-4917-9884-be7e0d27dff5","__parent":"traffic_lights","position":[722.545959,-96.9017334,52.6051178],"annotation":"TRAFFIC_SIGNALS","dynamic":true,"instanceColor1":[0,0,0,1],"instanceColor2":[0,0,0,1],"intersection":"intersection3","rotationMatrix":[-0.703669488,-0.710527003,0,0.710527003,-0.703669488,0,0,0,1],"shapeName":"/levels/east_coast_usa/art/shapes/buildings/eca_traffic_high_ns_right.dae","signalNum":"2"}
{"class":"TSStatic","persistentId":"f3aba990-7f40-4cb2-bbb6-cc3c1093660a","__parent":"traffic_lights","position":[724.680725,-170.629349,53.3553505],"annotation":"TRAFFIC_SIGNALS","dynamic":true,"instanceColor":[0,0,0,1],"instanceColor1":[0,0,0,1],"intersection":"intersection2","rotationMatrix":[-0.999727547,-0.0233241264,0,0.0233241264,-0.999727547,0,0,0,1],"shapeName":"/levels/east_coast_usa/art/shapes/buildings/eca_traffic_high_ew_right.dae","signalNum":"1"}
{"class":"TSStatic","persistentId":"faed8f71-4b15-4147-bddf-85adc21bbaa7","__parent":"traffic_lights","position":[721.138184,-80.4276123,52.6509857],"annotation":"TRAFFIC_SIGNALS","dynamic":true,"instanceColor1":[0,0,0,1],"instanceColor2":[0,0,0,1],"intersection":"intersection3","rotationMatrix":[0.592267692,0.805740118,0,-0.805740118,0.592267692,0,0,0,1],"shapeName":"/levels/east_coast_usa/art/shapes/buildings/eca_traffic_high_ns_right.dae","signalNum":"2"}
