{"name":"BeamLRTrigger_PlayerGarage","class":"BeamNGTrigger","persistentId":"5da24561-174a-47b2-bbc4-ca4772a3a1cb","__parent":"Triggers","position":[309.412537,-251.008392,197.379944],"luaFunction":"onBeamNGTrigger","rotationMatrix":[0.783681393,0.621163011,0,-0.621163011,0.783681393,0,0,0,1],"scale":[9.22267818,10.7415924,5.01955557],"triggerMode":"Overlaps","triggerTestType":"Bounding box"}
{"name":"BeamLRTrigger_GasStationA","class":"BeamNGTrigger","persistentId":"2b7c09a5-c577-4343-970d-ecf76779c89e","__parent":"Triggers","position":[135.512802,-268.285248,196.189896],"luaFunction":"onBeamNGTrigger","rotationMatrix":[0.999321222,0.0368389189,0,-0.0368389189,0.999321222,0,0,0,1],"scale":[9.22267818,10.7415924,5.01955557],"triggerMode":"Overlaps","triggerTestType":"Bounding box"}
{"name":"BeamLRTrigger_GasStationB","class":"BeamNGTrigger","persistentId":"000d853e-63fc-4c61-886f-ddd397c71adb","__parent":"Triggers","position":[-543.09906,-206.817749,233.114349],"luaFunction":"onBeamNGTrigger","rotationMatrix":[0.768232703,-0.640170693,0,0.640170693,0.768232703,0,0,0,1],"scale":[6.32655811,7.98303175,5.01955557],"triggerMode":"Overlaps","triggerTestType":"Bounding box"}
{"name":"BeamLRTrigger_GasStationC","class":"BeamNGTrigger","persistentId":"3d2f5ecd-a1b3-480d-98e7-c10b230bf34d","__parent":"Triggers","position":[680.32251,586.668579,177.272491],"luaFunction":"onBeamNGTrigger","rotationMatrix":[0.723121166,-0.690721154,0,0.690721154,0.723121166,0,0,0,1],"scale":[15.0269871,13.5458822,9.32368183],"triggerMode":"Overlaps","triggerTestType":"Bounding box"}
{"name":"BeamLRTrigger_RepairShopA","class":"BeamNGTrigger","persistentId":"677e5fdf-eb41-4385-97ba-3116841cc17d","__parent":"Triggers","position":[665.344543,579.71106,176.808868],"luaFunction":"onBeamNGTrigger","rotationMatrix":[0.710109472,-0.704091251,0,0.704091251,0.710109472,0,0,0,1],"scale":[3.91924977,8.15816498,5.89394569],"triggerMode":"Overlaps","triggerTestType":"Bounding box"}
{"name":"BeamLRTrigger_RepairShopB","class":"BeamNGTrigger","persistentId":"630245c4-da0c-4462-aff3-7704501a3996","__parent":"Triggers","position":[-554.243286,-205.921494,232.711349],"luaFunction":"onBeamNGTrigger","rotationMatrix":[0.768232703,-0.640170693,0,0.640170693,0.768232703,0,0,0,1],"scale":[5.55442715,4.09212923,3.46235394],"triggerMode":"Overlaps","triggerTestType":"Bounding box"}
{"name":"BeamLRTrigger_GasStationD","class":"BeamNGTrigger","persistentId":"98b74f85-c2cd-4285-8076-0e433ce6639e","__parent":"Triggers","position":[-1619.11987,1525.93384,166.447662],"luaFunction":"onBeamNGTrigger","rotationMatrix":[0.832950175,-0.553347945,0,0.553347945,0.832950175,0,0,0,1],"scale":[16.5169926,12.9491091,8.09677696],"triggerMode":"Overlaps","triggerTestType":"Bounding box"}
{"name":"BeamLRTrigger_GasStationE","class":"BeamNGTrigger","persistentId":"2789d85b-8d34-484b-8500-43f7dea05339","__parent":"Triggers","position":[-1760.28247,1328.24927,142.842163],"rotationMatrix":[-0.16062665,-0.987015307,0,0.987015307,-0.16062665,0,0,0,1],"scale":[10.3931189,6.36102962,8.03129959],"triggerMode":"Overlaps","triggerTestType":"Bounding box"}
{"name":"BeamLRTrigger_GasStationF","class":"BeamNGTrigger","persistentId":"7e6502f7-3edc-431b-b69c-1b77f6fad5d5","__parent":"Triggers","position":[-1116.65637,771.368164,380.902863],"rotationMatrix":[-0.073861599,-0.99726826,0,0.99726826,-0.073861599,0,0,0,1],"scale":[12.8929234,14.2591295,8.09677696],"triggerMode":"Overlaps","triggerTestType":"Bounding box"}
{"name":"BeamLRTrigger_GasStationG","class":"BeamNGTrigger","persistentId":"d4a76bc2-71ec-4f38-afd7-e02647470ac6","__parent":"Triggers","position":[-1067.30823,-1356.13721,326.942291],"luaFunction":"onBeamNGTrigger","scale":[9.11933613,7.71054649,6.98574066],"triggerMode":"Overlaps","triggerTestType":"Bounding box"}
{"name":"BeamLRTrigger_GasStationH","class":"BeamNGTrigger","persistentId":"350e4eac-8a17-4408-bb64-9bf10883944f","__parent":"Triggers","position":[1215.57678,-805.412231,148.951981],"luaFunction":"onBeamNGTrigger","rotationMatrix":[0.837645888,-0.546213627,0,0.546213627,0.837645888,0,0,0,1],"scale":[14.1075296,12.3004446,8.10334682],"triggerMode":"Overlaps","triggerTestType":"Bounding box"}
{"name":"BeamLRTrigger_RepairShopC","class":"BeamNGTrigger","persistentId":"16f15b92-1a68-4f95-a218-18a8decf1df4","__parent":"Triggers","position":[1197.43616,-831.917664,149.844879],"rotationMatrix":[0.837645888,-0.546213627,0,0.546213627,0.837645888,0,0,0,1],"scale":[11.7947311,8.740345,8.10334682],"triggerMode":"Overlaps","triggerTestType":"Bounding box"}
{"name":"BeamLRTrigger_GasStationI","class":"BeamNGTrigger","persistentId":"6bf2f013-8a9b-462f-8fe5-e4a1da74f30b","__parent":"Triggers","position":[1450.99731,1351.51306,149.7892],"rotationMatrix":[0.982936442,0.183945566,0,-0.183945566,0.982936442,0,0,0,1],"scale":[9.69882584,8.2236805,6.49648428],"triggerMode":"Overlaps","triggerTestType":"Bounding box"}
{"name":"BeamLRTrigger_RepairShopD","class":"BeamNGTrigger","persistentId":"0608b723-54a4-4852-a8e5-959305c00f60","__parent":"Triggers","position":[1438.93542,1357.41394,149.017365],"luaFunction":"onBeamNGTrigger","rotationMatrix":[0.982936442,0.183945566,0,-0.183945566,0.982936442,0,0,0,1],"scale":[4.19615746,5.83409739,4.19406605],"triggerMode":"Overlaps","triggerTestType":"Bounding box"}
{"name":"BeamLRTrigger_GasStationJ","class":"BeamNGTrigger","persistentId":"c9c74a7c-77f7-4e2e-a374-8377bd25814c","__parent":"Triggers","position":[464.443512,1273.72778,174.704437],"rotationMatrix":[0.965036273,-0.262116373,0,0.262116373,0.965036273,0,0,0,1],"scale":[12.0591946,8.2236805,6.49648428],"triggerMode":"Overlaps","triggerTestType":"Bounding box"}
{"name":"BeamLRTrigger_NewShopA","class":"BeamNGTrigger","persistentId":"11e13e9e-7797-4c28-a275-b316aac46e47","__parent":"Triggers","position":[-1123.02234,928.813171,386.241425],"rotationMatrix":[-0.0240933895,-0.999709606,0,0.999709606,-0.0240933895,0,0,0,1],"scale":[12.8929234,14.2591295,8.09677696],"triggerMode":"Overlaps","triggerTestType":"Bounding box"}
{"name":"BeamLRTrigger_UsedShopA","class":"BeamNGTrigger","persistentId":"5ffcc9eb-72c0-4389-b3f1-dff40c6089bc","__parent":"Triggers","position":[897.763855,1300.60815,147.150726],"rotationMatrix":[0.999991238,-0.00418687565,0,0.00418687565,0.999991238,0,0,0,1],"scale":[15.8293495,20.108942,6.49648428],"triggerMode":"Overlaps","triggerTestType":"Bounding box"}
{"name":"BeamLRTrigger_ScrapyardA","class":"BeamNGTrigger","persistentId":"e9aa363b-90f6-481d-9544-2c53b2408324","__parent":"Triggers","position":[-1796.65308,1518.67871,148.514679],"rotationMatrix":[-0.0220614672,-0.999756455,0,0.999756455,-0.0220614672,0,0,0,1],"scale":[10.7237062,8.1874342,12.5877914],"triggerMode":"Overlaps","triggerTestType":"Bounding box"}
{"name":"BeamLRTrigger_UsedShopB","class":"BeamNGTrigger","persistentId":"61b38178-d96a-4fe8-bfb5-217c4abfcde3","__parent":"Triggers","position":[221.96904,-319.810364,197.363983],"luaFunction":"onBeamNGTrigger","rotationMatrix":[0.999321222,0.0368389189,0,-0.0368389189,0.999321222,0,0,0,1],"scale":[11.2690248,13.1249561,10.9790287],"triggerMode":"Overlaps","triggerTestType":"Bounding box"}
{"name":"BeamLRTrigger_PartShopA","class":"BeamNGTrigger","persistentId":"8cb2a724-da54-46c8-bfe5-fd8ea55f9067","__parent":"Triggers","position":[754.127197,406.954834,182.369568],"luaFunction":"onBeamNGTrigger","rotationMatrix":[0.723121166,-0.690721154,0,0.690721154,0.723121166,0,0,0,1],"scale":[8.03926849,10.2445679,9.32368183],"triggerMode":"Overlaps","triggerTestType":"Bounding box"}
{"name":"BeamLRTrigger_PartShopB","class":"BeamNGTrigger","persistentId":"29a8514f-0fac-4c0f-bdd9-7ff4b81a8fa0","__parent":"Triggers","position":[-703.025696,-1327.31824,147.244156],"luaFunction":"onBeamNGTrigger","rotationMatrix":[0.902584732,0.43051219,0,-0.43051219,0.902584732,0,0,0,1],"scale":[13.2350826,7.41516447,14.5019264],"triggerMode":"Overlaps","triggerTestType":"Bounding box"}
{"name":"BeamLRTrigger_PartShopC","class":"BeamNGTrigger","persistentId":"eec6ec3b-0165-4f60-922c-e28077d81936","__parent":"Triggers","position":[479.119049,1557.99683,142.401581],"luaFunction":"onBeamNGTrigger","scale":[3.5329473,7.25491667,6.88049316],"triggerMode":"Overlaps","triggerTestType":"Bounding box"}
{"name":"BeamLRTrigger_PortFactory","class":"BeamNGTrigger","persistentId":"892c2aa5-9992-48b4-ac3d-2993f8716ed8","__parent":"Triggers","position":[366.1875,1443.58569,160.877533],"luaFunction":"onBeamNGTrigger","scale":[6.72230291,7.25491667,6.88049316],"triggerMode":"Overlaps","triggerTestType":"Bounding box"}
{"name":"BeamLRTrigger_PortOffice","class":"BeamNGTrigger","persistentId":"12c798b8-5500-4455-92c4-8edcf281c4fa","__parent":"Triggers","position":[440.27124,1757.86743,142.401581],"scale":[6.70101404,7.25491667,6.88049316],"triggerMode":"Overlaps","triggerTestType":"Bounding box"}
{"name":"BeamLRTrigger_Hospital","class":"BeamNGTrigger","persistentId":"c9df7c1c-c030-48a2-a4bd-1b76ecb9184f","__parent":"Triggers","position":[175.221207,1389.87122,189.866028],"rotationMatrix":[0.697667241,0.716421902,0,-0.716421902,0.697667241,0,0,0,1],"scale":[6.72230291,7.25491667,6.88049316],"triggerMode":"Overlaps","triggerTestType":"Bounding box"}
{"name":"BeamLRTrigger_Fortress","class":"BeamNGTrigger","persistentId":"db8e1df3-021d-47dc-a457-c1193d8c9b14","__parent":"Triggers","position":[308.955597,1794.96619,210.191391],"luaFunction":"onBeamNGTrigger","rotationMatrix":[0.989528894,-0.144334912,0,0.144334912,0.989528894,0,0,0,1],"scale":[6.72230291,7.25491667,6.88049316],"triggerMode":"Overlaps","triggerTestType":"Bounding box"}
{"name":"BeamLRTrigger_CityPark","class":"BeamNGTrigger","persistentId":"c8315fce-2147-4ae0-ab7c-debb5dca325a","__parent":"Triggers","position":[1129.71802,1270.5896,147.150726],"rotationMatrix":[0.999991238,-0.00418687565,0,0.00418687565,0.999991238,0,0,0,1],"scale":[6.71392584,8.52908802,6.49648428],"triggerMode":"Overlaps","triggerTestType":"Bounding box"}
{"name":"BeamLRTrigger_Firefighters","class":"BeamNGTrigger","persistentId":"520cdbe3-3de5-4e9f-ac2d-f8cdc2543585","__parent":"Triggers","position":[1488.01428,1357.18372,149.7892],"rotationMatrix":[0.141531825,0.98993367,0,-0.98993367,0.141531825,0,0,0,1],"scale":[9.69882584,8.2236805,6.49648428],"triggerMode":"Overlaps","triggerTestType":"Bounding box"}
{"name":"BeamLRTrigger_CityApartments","class":"BeamNGTrigger","persistentId":"56cce82d-36fa-4579-94d0-eb4aa10fec27","__parent":"Triggers","position":[1122.70312,1031.06567,162.575577],"rotationMatrix":[0.999997556,0.00219872617,0,-0.00219872617,0.999997556,0,0,0,1],"scale":[9.69882584,8.2236805,6.49648428],"triggerMode":"Overlaps","triggerTestType":"Bounding box"}
{"name":"BeamLRTrigger_BayTownDock","class":"BeamNGTrigger","persistentId":"eb8283f9-3325-4699-ab90-e1fecdaddb40","__parent":"Triggers","position":[1158.87085,-410.526367,141.292603],"rotationMatrix":[0.837645888,-0.546213627,0,0.546213627,0.837645888,0,0,0,1],"scale":[5.41949654,4.76867628,8.10334682],"triggerMode":"Overlaps","triggerTestType":"Bounding box"}
{"name":"BeamLRTrigger_BayTownCenter","class":"BeamNGTrigger","persistentId":"9f98ad10-8fe7-4163-b302-09e90eac3360","__parent":"Triggers","position":[1120.8894,-685.699768,148.951981],"rotationMatrix":[0.999409139,0.034371376,0,-0.034371376,0.999409139,0,0,0,1],"scale":[14.1075296,12.3004446,8.10334682],"triggerMode":"Overlaps","triggerTestType":"Bounding box"}
{"name":"BeamLRTrigger_MountainVillageCastle","class":"BeamNGTrigger","persistentId":"33f73ab5-c476-48c5-87cf-0025f9a133c1","__parent":"Triggers","position":[251.553925,-799.591492,241.323334],"luaFunction":"onBeamNGTrigger","rotationMatrix":[0.731176972,-0.682187796,0,0.682187796,0.731176972,0,0,0,1],"scale":[6.21809101,8.55107498,7.3092041],"triggerMode":"Overlaps","triggerTestType":"Bounding box"}
{"name":"BeamLRTrigger_MountainVillageChurch","class":"BeamNGTrigger","persistentId":"500a8243-0f04-44f9-9d29-047edfa85f6a","__parent":"Triggers","position":[160.838684,-913.572388,281.144287],"luaFunction":"onBeamNGTrigger","rotationMatrix":[0.749328494,0.662198424,0,-0.662198424,0.749328494,0,0,0,1],"scale":[6.21809101,8.55107498,7.3092041],"triggerMode":"Overlaps","triggerTestType":"Bounding box"}
{"name":"BeamLRTrigger_VineyardConstruction","class":"BeamNGTrigger","persistentId":"9d9af50d-e00d-49b9-84b4-c8dfbad952bb","__parent":"Triggers","position":[193.741791,-304.727325,194.923645],"rotationMatrix":[0.999990404,0.00438693212,0,-0.00438693212,0.999990404,0,0,0,1],"scale":[6.21809101,8.55107498,7.3092041],"triggerMode":"Overlaps","triggerTestType":"Bounding box"}
{"name":"BeamLRTrigger_VineyardHouse","class":"BeamNGTrigger","persistentId":"2963002e-3229-4ca6-979f-d8efa2de4fe9","__parent":"Triggers","position":[232.043732,-397.143494,210.88414],"rotationMatrix":[0.883437872,-0.468548328,0,0.468548328,0.883437872,0,0,0,1],"scale":[6.21809101,8.55107498,7.3092041],"triggerMode":"Overlaps","triggerTestType":"Bounding box"}
{"name":"BeamLRTrigger_CrossroadsTownHouseA","class":"BeamNGTrigger","persistentId":"c173058d-d37e-4d4c-b972-fcb310440397","__parent":"Triggers","position":[760.883362,380.165314,179.746872],"luaFunction":"onBeamNGTrigger","rotationMatrix":[0.723121166,-0.690721154,0,0.690721154,0.723121166,0,0,0,1],"scale":[8.03926849,10.2445679,9.32368183],"triggerMode":"Overlaps","triggerTestType":"Bounding box"}
{"name":"BeamLRTrigger_CrossroadsTownHouseB","class":"BeamNGTrigger","persistentId":"3dab3449-9055-4815-b0e1-cd46abd3764a","__parent":"Triggers","position":[970.702393,494.230499,183.72467],"luaFunction":"onBeamNGTrigger","rotationMatrix":[0.86658752,-0.499025017,0,0.499025017,0.86658752,0,0,0,1],"scale":[8.03926849,10.2445679,9.32368183],"triggerMode":"Overlaps","triggerTestType":"Bounding box"}
{"name":"BeamLRTrigger_CrossroadsTownHouseC","class":"BeamNGTrigger","persistentId":"a180ed8e-5fd9-4c9e-983b-c0e87ba34875","__parent":"Triggers","position":[753.157959,903.95874,182.608139],"luaFunction":"onBeamNGTrigger","rotationMatrix":[0.998992801,-0.0448703766,0,0.0448703766,0.998992801,0,0,0,1],"scale":[8.03926849,10.2445679,9.32368183],"triggerMode":"Overlaps","triggerTestType":"Bounding box"}
{"name":"BeamLRTrigger_SeasideHouse","class":"BeamNGTrigger","persistentId":"06705ea8-6a07-4180-8b95-0dd93ce1dcd8","__parent":"Triggers","position":[1823.14783,-816.276367,157.043686],"rotationMatrix":[0.755046129,-0.655671597,0,0.655671597,0.755046129,0,0,0,1],"scale":[6.65530777,6.0063324,8.10334682],"triggerMode":"Overlaps","triggerTestType":"Bounding box"}
{"name":"BeamLRTrigger_SeasideVillage","class":"BeamNGTrigger","persistentId":"332dd5dc-a107-4515-b6d5-1ff1096a249c","__parent":"Triggers","position":[1820.77466,-1344.77808,165.778549],"rotationMatrix":[0.999241889,0.034919139,0.0172119867,-0.035236109,0.999208331,0.0184697974,-0.0165534113,-0.0190622788,0.999681234],"scale":[8.88472748,9.4422493,8.10334682],"triggerMode":"Overlaps","triggerTestType":"Bounding box"}
{"name":"BeamLRTrigger_IsolatedBeach","class":"BeamNGTrigger","persistentId":"a66f83f6-ee9f-41f3-b530-e7a757c7fa90","__parent":"Triggers","position":[999.13031,-1756.0415,144.331131],"rotationMatrix":[0.999241889,0.034919139,0.0172119867,-0.035236109,0.999208331,0.0184697974,-0.0165534113,-0.0190622788,0.999681234],"scale":[8.88472748,9.4422493,8.10334682],"triggerMode":"Overlaps","triggerTestType":"Bounding box"}
{"name":"BeamLRTrigger_SmallBayTownParking","class":"BeamNGTrigger","persistentId":"8ce19497-aef5-484c-acb5-0d99dba9b9b8","__parent":"Triggers","position":[-786.557983,-1367.79187,147.244156],"luaFunction":"onBeamNGTrigger","rotationMatrix":[0.902584732,0.43051219,0,-0.43051219,0.902584732,0,0,0,1],"scale":[13.2350826,12.670043,14.5019264],"triggerMode":"Overlaps","triggerTestType":"Bounding box"}
{"name":"BeamLRTrigger_SeasideFarmhouse","class":"BeamNGTrigger","persistentId":"ca26d3de-9f5d-492f-a1fb-c5bb0a5a457a","__parent":"Triggers","position":[-1773.48608,-93.8539047,155.68959],"luaFunction":"onBeamNGTrigger","scale":[11.9738283,14.1669312,8.27851582],"triggerMode":"Overlaps","triggerTestType":"Bounding box"}
{"name":"BeamLRTrigger_RoadsideBeach","class":"BeamNGTrigger","persistentId":"a13d93c2-89a6-49da-b815-aa2e64541d37","__parent":"Triggers","position":[-1626.76721,638.7771,141.919373],"luaFunction":"onBeamNGTrigger","rotationMatrix":[0.99458164,0.103958465,0,-0.103958465,0.99458164,0,0,0,1],"scale":[11.9738283,10.0362606,8.27851582],"triggerMode":"Overlaps","triggerTestType":"Bounding box"}
{"name":"BeamLRTrigger_AirportTownBeachParking","class":"BeamNGTrigger","persistentId":"d48bf030-08ae-4cf0-bedd-17adbf08c5e5","__parent":"Triggers","position":[-1773.65417,1406.73914,141.33696],"luaFunction":"onBeamNGTrigger","rotationMatrix":[-0.0220614672,-0.999756455,0,0.999756455,-0.0220614672,0,0,0,1],"scale":[13.8143063,14.8683567,12.5877914],"triggerMode":"Overlaps","triggerTestType":"Bounding box"}
{"name":"BeamLRTrigger_AirportArrival","class":"BeamNGTrigger","persistentId":"67bc8805-92ad-47f5-8706-ba7a1282befe","__parent":"Triggers","position":[-1023.70422,1645.91907,154.244812],"rotationMatrix":[0.20091486,-0.979608715,0,0.979608715,0.20091486,0,0,0,1],"scale":[13.8143063,14.8683567,5.6308074],"triggerMode":"Overlaps","triggerTestType":"Bounding box"}
{"name":"BeamLRTrigger_AirportHangar","class":"BeamNGTrigger","persistentId":"8ca683c0-cfe4-47ae-b67c-e8254a2308bd","__parent":"Triggers","position":[-807.911804,1688.12036,154.244812],"rotationMatrix":[0.20091486,-0.979608715,0,0.979608715,0.20091486,0,0,0,1],"scale":[13.8143063,14.8683567,5.6308074],"triggerMode":"Overlaps","triggerTestType":"Bounding box"}
{"name":"BeamLRTrigger_CastleTownParking","class":"BeamNGTrigger","persistentId":"f67f30c4-8159-47e7-8be1-f693882ea6b1","__parent":"Triggers","position":[-992.873474,987.427917,389.2995],"rotationMatrix":[-0.0240933895,-0.999709606,0,0.999709606,-0.0240933895,0,0,0,1],"scale":[9.54018974,8.90767288,8.09677696],"triggerMode":"Overlaps","triggerTestType":"Bounding box"}
{"name":"BeamLRTrigger_CastleTownGasStation","class":"BeamNGTrigger","persistentId":"69ad4856-d378-4c1c-89df-2db78d657e37","__parent":"Triggers","position":[-1117.18604,788.494446,381.356812],"rotationMatrix":[-0.0240933895,-0.999709606,0,0.999709606,-0.0240933895,0,0,0,1],"scale":[5.51851463,5.84096241,8.09677696],"triggerMode":"Overlaps","triggerTestType":"Bounding box"}
{"name":"BeamLRTrigger_CliffsideManor","class":"BeamNGTrigger","persistentId":"71ca278d-ca6a-4675-968b-645b110e9018","__parent":"Triggers","position":[-496.264038,713.928955,308.054565],"luaFunction":"onBeamNGTrigger","rotationMatrix":[-0.0240933895,-0.999709606,0,0.999709606,-0.0240933895,0,0,0,1],"scale":[9.54018974,8.90767288,8.09677696],"triggerMode":"Overlaps","triggerTestType":"Bounding box"}
{"name":"BeamLRTrigger_CellTower","class":"BeamNGTrigger","persistentId":"a20ac662-d6fb-41e0-ac11-6d41c12d3130","__parent":"Triggers","position":[-1254.54761,-1105.80884,591.939941],"luaFunction":"onBeamNGTrigger","scale":[11.5837889,9.03417969,7.33593702],"triggerMode":"Overlaps","triggerTestType":"Bounding box"}
{"name":"BeamLRTrigger_RaceClubHighwayDragA","class":"BeamNGTrigger","persistentId":"692912d4-30df-42e3-873e-603186d03150","__parent":"Triggers","position":[650.686646,1179.57239,167.743774],"luaFunction":"onBeamNGTrigger","rotationMatrix":[-0.990881324,0.134542242,-0.00724933716,-0.134655759,-0.990719199,0.0185244177,-0.00468974141,0.0193316657,0.999802113],"scale":[11.4451323,2.83522558,9.85656738],"triggerMode":"Overlaps","triggerTestType":"Bounding box"}
{"name":"BeamLRTrigger_RaceClubVineyard","class":"BeamNGTrigger","persistentId":"71eea193-23e5-4016-a2f2-2d14c3f2ca4b","__parent":"Triggers","position":[131.821701,-317.914917,198.531906],"luaFunction":"onBeamNGTrigger","rotationMatrix":[0.999990404,0.00438693212,0,-0.00438693212,0.999990404,0,0,0,1],"scale":[3.67441368,10.8426018,13.4446049],"triggerMode":"Overlaps","triggerTestType":"Bounding box"}
{"name":"BeamLRTrigger_RaceClubHighwayDragB","class":"BeamNGTrigger","persistentId":"bce4db5a-9f8d-43f7-acc0-f9667dff05c4","__parent":"Triggers","position":[-1364.3501,1504.9104,169.106628],"luaFunction":"onBeamNGTrigger","rotationMatrix":[-0.998460412,-0.0549935848,-0.00724933716,0.0548515022,-0.998322606,0.0185244195,-0.00825590175,0.0180982612,0.999802113],"scale":[13.4863625,1.49978387,9.85656738],"triggerMode":"Overlaps","triggerTestType":"Bounding box"}
{"name":"BeamLRTrigger_RaceClubAirportDrag","class":"BeamNGTrigger","persistentId":"450bc8c4-5480-481b-8f1e-9e74b65722fc","__parent":"Triggers","position":[-621.829102,1871.92749,159.539261],"luaFunction":"onBeamNGTrigger","rotationMatrix":[-0.976059914,-0.217379063,-0.00724933622,0.217216402,-0.975947261,0.0185244158,-0.0111017935,0.0165062733,0.999802113],"scale":[18.2092705,10.9493427,14.8538704],"triggerMode":"Overlaps","triggerTestType":"Bounding box"}
{"name":"BeamLRTrigger_RaceClubCrossroads","class":"BeamNGTrigger","persistentId":"11b56f49-fef5-4eb0-ab32-1557be7e2c0e","__parent":"Triggers","position":[652.98407,909.87677,183.521576],"luaFunction":"onBeamNGTrigger","rotationMatrix":[0.719279766,-0.694682717,-0.00724934367,0.694678307,0.719081938,0.0185244158,-0.00765571883,-0.0183602013,0.999802113],"scale":[9.37599373,10.9004154,13.3809013],"triggerMode":"Overlaps","triggerTestType":"Bounding box"}
{"name":"BeamLRTrigger_ChallengeA","class":"BeamNGTrigger","persistentId":"981eeff1-1a1e-4a2b-be4e-a842b13e972c","__parent":"Triggers","position":[-179.695206,-639.163696,483.913086],"luaFunction":"onBeamNGTrigger","rotationMatrix":[0.73767662,0.675154209,0,-0.675154209,0.73767662,0,0,0,1],"scale":[12.4886532,12.4886532,15.1160126],"triggerMode":"Overlaps","triggerTestType":"Bounding box"}
{"name":"BeamLRTrigger_ChallengeB","class":"BeamNGTrigger","persistentId":"95e666fb-3e1e-41c4-bc2e-ad1347fecacf","__parent":"Triggers","position":[975.554199,1171.78003,155.830032],"luaFunction":"onBeamNGTrigger","rotationMatrix":[0.0764052868,-0.996976733,0.0141401878,0.996963739,0.0766026974,0.0139915058,-0.0150323836,0.013028224,0.999802113],"scale":[13.4986267,14.1686783,12.0185642],"triggerMode":"Overlaps","triggerTestType":"Bounding box"}
