{"name":"spawns_sawmill","class":"SpawnSphere","persistentId":"16f185e6-e609-45e3-bcfd-de6f24132b7d","__parent":"PlayerDropPoints","position":[261.329987,-774.903992,46.3109016],"autoplaceOnSpawn":"0","cloneOrigin":"spawns_farmhouse","dataBlock":"SpawnSphereMarker","enabled":"1","homingCount":"0","indoorWeight":"1","isAIControlled":"0","lockCount":"0","outdoorWeight":"1","radius":5,"rotationMatrix":[-0.806527138,0.591197252,0,-0.591197252,-0.806527138,0,0,0,1],"sphereWeight":"1"}
{"name":"spawns_townindustrial","class":"SpawnSphere","persistentId":"35fb9514-2818-4d3c-b48e-14e665fdd0b5","__parent":"PlayerDropPoints","position":[714.338013,-4.76092243,52.0771866],"autoplaceOnSpawn":"0","dataBlock":"SpawnSphereMarker","enabled":"1","homingCount":"0","indoorWeight":"1","isAIControlled":"0","lockCount":"0","outdoorWeight":"1","radius":5,"rotationMatrix":[0.865663052,0.500627398,0,-0.500627398,0.865663052,0,0,0,1],"sphereWeight":"1"}
{"name":"spawns_highway","class":"SpawnSphere","persistentId":"4beeac33-4c03-4dec-8bcc-122fa49a9127","__parent":"PlayerDropPoints","position":[900.632019,-226.268005,39.9494019],"autoplaceOnSpawn":"0","dataBlock":"SpawnSphereMarker","enabled":"1","homingCount":"0","indoorWeight":"1","isAIControlled":"0","lockCount":"0","outdoorWeight":"1","radius":5,"rotationMatrix":[0.996344566,0.0854254067,0,-0.0854254067,0.996344566,0,0,0,1],"sphereWeight":"1"}
{"name":"spawns_gasstation","class":"SpawnSphere","persistentId":"86c66022-b42c-434a-af0b-2b5259fbf619","__parent":"PlayerDropPoints","position":[-792.133728,489.444519,23.6532993],"autoplaceOnSpawn":"0","cloneOrigin":"spawns_townindustrial","dataBlock":"SpawnSphereMarker","enabled":"1","homingCount":"0","indoorWeight":"1","isAIControlled":"0","lockCount":"0","outdoorWeight":"1","radius":5,"rotationMatrix":[-0.821905375,0.569624245,0,-0.569624245,-0.821905375,0,0,0,1],"sphereWeight":"1"}
{"name":"spawns_farmhouse","class":"SpawnSphere","persistentId":"fa32413d-da82-472b-a61d-0226d486d2f1","__parent":"PlayerDropPoints","position":[-607.900024,-354.438995,34.5363007],"autoplaceOnSpawn":"0","cloneOrigin":"spawns_gasstation","dataBlock":"SpawnSphereMarker","enabled":"1","homingCount":"0","indoorWeight":"1","isAIControlled":"0","lockCount":"0","outdoorWeight":"1","radius":5,"rotationMatrix":[-0.844655037,0.535311282,0,-0.535311282,-0.844655037,0,0,0,1],"sphereWeight":"1"}
