{"name":"fuel_node_city_pump_icon_1","class":"BeamNGPointOfInterest","persistentId":"5fc00c94-79bd-4594-a21a-bd846f4e5f37","__parent":"Gas_Station","position":[719.327087,-24.4220009,53.8601761],"rotationMatrix":[0.995698392,-0.0926537365,0,0.0926537365,0.995698392,0,0,0,1],"scale":[0.100000001,0.100000001,0.100000001]}
{"name":"fuel_node_city_pump_area_1","class":"BeamNGGameplayArea","persistentId":"db5a0eda-beaf-4881-a899-46188ae6a569","__parent":"Gas_Station","position":[719.337036,-24.4063091,52.10075],"rotationMatrix":[0.996623218,-0.0821109936,0,0.0821109936,0.996623218,0,0,0,1],"scale":[2,0.5,1]}
{"name":"fuel_node_city_pump_icon_2","class":"BeamNGPointOfInterest","persistentId":"54bd4b53-22e1-4045-bd16-0d8eb34c3725","__parent":"Gas_Station","position":[712.848755,-23.9698715,53.8600006],"rotationMatrix":[0.997348905,-0.0727679655,0,0.0727679655,0.997348905,0,0,0,1],"scale":[0.100000001,0.100000001,0.100000001]}
{"name":"fuel_node_city_pump_area_2","class":"BeamNGGameplayArea","persistentId":"33d67526-d837-45ff-b1df-fa4d24a67fed","__parent":"Gas_Station","position":[712.861511,-23.9325123,52.10075],"rotationMatrix":[0.996623218,-0.0821109936,0,0.0821109936,0.996623218,0,0,0,1],"scale":[2,0.5,1]}
{"name":"fuel_node_city_pump_icon_3","class":"BeamNGPointOfInterest","persistentId":"d2174341-d4da-40de-932c-b3ea4cf2bd59","__parent":"Gas_Station","position":[706.401489,-23.4716854,53.8600006],"rotationMatrix":[0.995472074,-0.0950544849,0,0.0950544849,0.995472074,0,0,0,1],"scale":[0.100000001,0.100000001,0.100000001]}
{"name":"fuel_node_city_pump_area_3","class":"BeamNGGameplayArea","persistentId":"99da1411-0e58-4e35-9224-18c4574b3924","__parent":"Gas_Station","position":[706.430176,-23.4522572,52.10075],"rotationMatrix":[0.996623218,-0.0821109936,0,0.0821109936,0.996623218,0,0,0,1],"scale":[2,0.5,1]}
{"class":"TSStatic","persistentId":"0d979d5d-1573-4c2c-89b4-2cf2d60cb4c9","__parent":"Gas_Station","position":[731.108582,1.43259656,52.9026031],"isRenderEnabled":false,"rotationMatrix":[-0.375398904,0.926863194,0,-0.926863194,-0.375398904,0,0,0,1],"shapeName":"/levels/east_coast_usa/art/shapes/buildings/eca_guardrail1.dae"}
{"class":"TSStatic","persistentId":"0f607655-cd63-4dcb-b264-6836cd08c04a","__parent":"Gas_Station","position":[720.776978,10.7810163,52.9238892],"isRenderEnabled":false,"rotationMatrix":[-0.756122947,0.654429376,0,-0.654429376,-0.756122947,0,0,0,1],"shapeName":"/levels/east_coast_usa/art/shapes/buildings/eca_guardrail2.dae"}
{"class":"TSStatic","persistentId":"17974641-d9e9-4ef7-b024-62d77764e48d","__parent":"Gas_Station","position":[731.175232,0.511093974,51.9510345],"isRenderEnabled":false,"rotationMatrix":[-0.347467422,0.937691152,0,-0.937691152,-0.347467422,0,0,0,1],"shapeName":"/levels/east_coast_usa/art/shapes/buildings/eca_guardrailpost.dae"}
{"class":"TSStatic","persistentId":"18d3cb5e-3907-4b4c-8a18-fa73ee8c2a3f","__parent":"Gas_Station","position":[731.775085,-1.45435643,52.9079704],"isRenderEnabled":false,"rotationMatrix":[-0.632699788,-0.774397254,0,0.774397254,-0.632699788,0,0,0,1],"shapeName":"/levels/east_coast_usa/art/shapes/buildings/eca_guardrail_endcap_R.dae"}
{"class":"TSStatic","persistentId":"1a0ed3cd-cf5d-4fb6-b6c8-5ab9d893ef6f","__parent":"Gas_Station","position":[719.461243,-72.1147003,52.210495],"annotation":"OBSTACLES","decalType":"Visible Mesh","isRenderEnabled":false,"rotationMatrix":[0.848118961,0.529804587,0,-0.529804587,0.848118961,0,0,0,1],"scale":[1.5,1.5,1.5],"shapeName":"/levels/east_coast_usa/art/shapes/buildings/eca_gastation_pricedisplay.DAE"}
{"class":"TSStatic","persistentId":"1adbf97d-0ca5-43aa-a751-eda33167bc91","__parent":"Gas_Station","position":[718.394409,12.5647268,51.9730225],"isRenderEnabled":false,"rotationMatrix":[-0.709625781,0.70457679,0,-0.70457679,-0.709625781,0,0,0,1],"shapeName":"/levels/east_coast_usa/art/shapes/buildings/eca_guardrailpost.dae"}
{"class":"TSStatic","persistentId":"1bdd3f6c-d906-4ec3-9906-0425837a8d74","__parent":"Gas_Station","position":[722.891785,8.72398949,51.9866486],"isRenderEnabled":false,"rotationMatrix":[-0.792817652,0.609457135,0,-0.609457135,-0.792817652,0,0,0,1],"shapeName":"/levels/east_coast_usa/art/shapes/buildings/eca_guardrailpost.dae"}
{"class":"TSStatic","persistentId":"1cf6a633-be28-426a-818e-7e2b7060f744","__parent":"Gas_Station","position":[720.346802,-71.5517578,51.3940392],"annotation":"OBSTACLES","isRenderEnabled":false,"scale":[1.5,1.5,1],"shapeName":"/levels/east_coast_usa/art/shapes/clutter/clutter_city_bollard_concrete.dae"}
{"class":"TSStatic","persistentId":"205c1c3c-2185-41fe-a1c2-b95a3fae1f07","__parent":"Gas_Station","position":[725.687561,7.1654253,52.9292336],"isRenderEnabled":false,"rotationMatrix":[-0.821834445,0.569726825,0,-0.569726825,-0.821834445,0,0,0,1],"shapeName":"/levels/east_coast_usa/art/shapes/buildings/eca_guardrail1.dae"}
{"class":"TSStatic","persistentId":"3140f0bc-973c-4ff7-8216-b4d893b81700","__parent":"Gas_Station","position":[619.849182,-195.176926,53.3276405],"isRenderEnabled":false,"rotationMatrix":[-0.707106352,-0.707106352,0,0.707106352,-0.707106352,0,0,0,1],"shapeName":"/levels/east_coast_usa/art/shapes/buildings/eca_charging_station.DAE"}
{"class":"TSStatic","persistentId":"3dfc0a16-f25f-43ac-bdea-20c53766cf18","__parent":"Gas_Station","position":[628.193665,-186.462418,53.3276405],"isRenderEnabled":false,"rotationMatrix":[-0.707106352,-0.707106352,0,0.707106352,-0.707106352,0,0,0,1],"shapeName":"/levels/east_coast_usa/art/shapes/buildings/eca_charging_station.DAE"}
{"class":"TSStatic","persistentId":"41afd264-cbd2-453c-a461-c6d6b7f810be","__parent":"Gas_Station","position":[721.594177,6.21459961,51.967186],"annotation":"OBSTACLES","isRenderEnabled":false,"shapeName":"/levels/east_coast_usa/art/shapes/clutter/clutter_city_bin_round.dae"}
{"class":"TSStatic","persistentId":"481d0328-ac50-483a-8d3b-4ccdf33b89a8","__parent":"Gas_Station","position":[731.494263,-1.44814897,51.9539146],"isRenderEnabled":false,"rotationMatrix":[-0.129402906,0.991591156,0,-0.991591156,-0.129402906,0,0,0,1],"shapeName":"/levels/east_coast_usa/art/shapes/buildings/eca_guardrailpost.dae"}
{"class":"TSStatic","persistentId":"4f3d5667-812b-4ae8-9ecc-086beac4faf3","__parent":"Gas_Station","position":[726.109924,-26.7843189,51.9356308],"decalType":"Visible Mesh","isRenderEnabled":false,"rotationMatrix":[-0.10508474,-0.994463503,0,0.994463503,-0.10508474,0,0,0,1],"shapeName":"/levels/east_coast_usa/art/shapes/buildings/eca_gastation_concretebase.DAE"}
{"class":"TSStatic","persistentId":"524184b3-ff1a-4ea2-810b-82150fe8765a","__parent":"Gas_Station","position":[727.352356,6.01976252,52.9229546],"isRenderEnabled":false,"rotationMatrix":[-0.821834445,0.569726825,0,-0.569726825,-0.821834445,0,0,0,1],"shapeName":"/levels/east_coast_usa/art/shapes/buildings/eca_guardrail1.dae"}
{"class":"TSStatic","persistentId":"57f35a91-be21-429d-af8b-c5b5df340fa8","__parent":"Gas_Station","position":[701.899048,-50.0600166,51.7845802],"annotation":"BUILDINGS","isRenderEnabled":false,"rotationMatrix":[-0.789061368,0.614316463,0,-0.614316463,-0.789061368,0,0,0,1],"shapeName":"/levels/east_coast_usa/art/shapes/buildings/eca_gastation_store.DAE"}
{"class":"TSStatic","persistentId":"665dfb59-228a-4cde-a419-ee7479e2ba9a","__parent":"Gas_Station","position":[718.576782,12.7777519,52.9225655],"isRenderEnabled":false,"shapeName":"/levels/east_coast_usa/art/shapes/buildings/eca_guardrail_endcap_L.dae"}
{"class":"TSStatic","persistentId":"69e8413b-1973-4b50-8ce5-8420904e5530","__parent":"Gas_Station","position":[718.070374,-73.004364,51.3919144],"annotation":"OBSTACLES","isRenderEnabled":false,"scale":[1.5,1.5,1],"shapeName":"/levels/east_coast_usa/art/shapes/clutter/clutter_city_bollard_concrete.dae"}
{"class":"TSStatic","persistentId":"7499d08e-94d8-4920-a2a2-edbe2ced85de","__parent":"Gas_Station","position":[730.196899,3.23207641,52.9104195],"isRenderEnabled":false,"rotationMatrix":[-0.519158185,0.854677796,0,-0.854677796,-0.519158185,0,0,0,1],"shapeName":"/levels/east_coast_usa/art/shapes/buildings/eca_guardrail2.dae"}
{"class":"TSStatic","persistentId":"79234b8f-8bdd-4d03-a692-9073d651aeac","__parent":"Gas_Station","position":[791.140503,-233.918213,53.0682297],"decalType":"Visible Mesh","isRenderEnabled":false,"rotationMatrix":[-0.0274760965,0.999622822,0,-0.999622822,-0.0274760965,0,0,0,1],"shapeName":"/levels/east_coast_usa/art/shapes/buildings/eca_gastation_concretebase.DAE"}
{"class":"TSStatic","persistentId":"7b7bb83b-5057-4c40-b1b8-0464c69e3f38","__parent":"Gas_Station","position":[712.178894,-15.9005594,51.9010925],"annotation":"BUILDINGS","decalType":"Visible Mesh","isRenderEnabled":false,"rotationMatrix":[0.997424304,-0.0717283115,1.18234311e-11,0.0717283189,0.997424066,-0.000690534187,4.95310378e-05,0.000688756234,0.999999762],"shapeName":"/levels/east_coast_usa/art/shapes/buildings/eca_gastation_pumps.DAE"}
{"class":"TSStatic","persistentId":"829cd78e-803f-400c-93b2-231577de0bdb","__parent":"Gas_Station","position":[724.174988,4.58899975,51.9838715],"annotation":"OBSTACLES","isRenderEnabled":false,"rotationMatrix":[0.725895643,-0.687804163,0,0.687804163,0.725895643,0,0,0,1],"shapeName":"/levels/east_coast_usa/art/shapes/clutter/clutter_city_bench_wood.dae"}
{"class":"TSStatic","persistentId":"83bb4f3a-c496-4898-a707-b4b44fd82b9a","__parent":"Gas_Station","position":[730.410095,2.28608179,51.9354858],"isRenderEnabled":false,"rotationMatrix":[-0.484135807,0.874992371,0,-0.874992371,-0.484135807,0,0,0,1],"shapeName":"/levels/east_coast_usa/art/shapes/buildings/eca_guardrailpost.dae"}
{"class":"TSStatic","persistentId":"88f979ee-d627-4857-98c4-89028e1a7836","__parent":"Gas_Station","position":[728.919556,4.78021574,52.9141159],"isRenderEnabled":false,"rotationMatrix":[-0.738661051,0.674076855,0,-0.674076855,-0.738661051,0,0,0,1],"shapeName":"/levels/east_coast_usa/art/shapes/buildings/eca_guardrail2.dae"}
{"class":"TSStatic","persistentId":"8ab98f32-c467-4e60-a32b-62500fdc67fd","__parent":"Gas_Station","position":[722.368408,9.51221466,52.9262314],"isRenderEnabled":false,"rotationMatrix":[-0.805383384,0.592755556,0,-0.592755556,-0.805383384,0,0,0,1],"shapeName":"/levels/east_coast_usa/art/shapes/buildings/eca_guardrail1.dae"}
{"class":"TSStatic","persistentId":"93ba859f-9f8c-48f2-88f6-68473564a864","__parent":"Gas_Station","position":[702.419067,-47.058609,52.0773468],"annotation":"OBSTACLES","isRenderEnabled":false,"shapeName":"/levels/east_coast_usa/art/shapes/clutter/clutter_city_bin_round.dae"}
{"class":"TSStatic","persistentId":"989f3ef7-f44d-495b-bb18-d8b93e6d5bf3","__parent":"Gas_Station","position":[722.353088,-72.001709,51.9838676],"annotation":"OBSTACLES","isRenderEnabled":false,"rotationMatrix":[-0.00487623923,0.999988019,0,-0.999988019,-0.00487623923,0,0,0,1],"shapeName":"/levels/east_coast_usa/art/shapes/clutter/clutter_city_bench_wood.dae"}
{"class":"TSStatic","persistentId":"9aafbe5a-d82b-4dc8-aa6c-a9a0720c76ea","__parent":"Gas_Station","position":[721.263184,9.95166588,51.9798317],"isRenderEnabled":false,"rotationMatrix":[-0.750686944,0.660657287,0,-0.660657287,-0.750686944,0,0,0,1],"shapeName":"/levels/east_coast_usa/art/shapes/buildings/eca_guardrailpost.dae"}
{"class":"TSStatic","persistentId":"9bd01847-c91b-4568-8acd-9e79f499586e","__parent":"Gas_Station","position":[729.397827,3.9217937,51.9856529],"isRenderEnabled":false,"rotationMatrix":[-0.745700002,0.666279674,0,-0.666279674,-0.745700002,0,0,0,1],"shapeName":"/levels/east_coast_usa/art/shapes/buildings/eca_guardrailpost.dae"}
{"class":"TSStatic","persistentId":"9d1c8271-021b-42eb-a424-065a09e498c7","__parent":"Gas_Station","position":[-758.877075,498.905487,23.3550797],"decalType":"Visible Mesh","isRenderEnabled":false,"rotationMatrix":[0.636432052,0.771332383,0,-0.771332383,0.636432052,0,0,0,1],"scale":[1.20000005,1.20000005,1.20000005],"shapeName":"/levels/east_coast_usa/art/shapes/buildings/eca_gastation_pricedisplay.DAE"}
{"class":"TSStatic","persistentId":"9fe9a139-94c3-4f9e-8b90-7212221298c6","__parent":"Gas_Station","position":[-766.765442,488.344513,23.4504204],"annotation":"BUILDINGS","decalType":"Visible Mesh","isRenderEnabled":false,"rotationMatrix":[-0.62076509,-0.783997357,0,0.783997357,-0.62076509,0,0,0,1],"shapeName":"/levels/east_coast_usa/art/shapes/buildings/eca_gastation_pumps.DAE"}
{"class":"TSStatic","persistentId":"a4c5e51e-709e-453c-b29f-1e3d34e83fd8","__parent":"Gas_Station","position":[-762.003601,501.010406,23.1381855],"annotation":"BUILDINGS","decalType":"Visible Mesh","isRenderEnabled":false,"rotationMatrix":[-0.794538379,0.606698453,0.0250163823,-0.606640875,-0.794903696,0.0106934663,0.0263732746,-0.00667964155,0.999629617],"shapeName":"/levels/east_coast_usa/art/shapes/buildings/eca_gastation_concretebase.DAE"}
{"class":"TSStatic","persistentId":"a6e0c70b-e86b-4765-9bc7-14518553cef1","__parent":"Gas_Station","position":[622.654724,-192.231277,53.3276405],"isRenderEnabled":false,"rotationMatrix":[-0.707106352,-0.707106352,0,0.707106352,-0.707106352,0,0,0,1],"shapeName":"/levels/east_coast_usa/art/shapes/buildings/eca_charging_station.DAE"}
{"class":"TSStatic","persistentId":"a9e36a72-b35b-4edb-8b55-808c8bd10617","__parent":"Gas_Station","position":[724.028687,8.32844162,52.9323082],"isRenderEnabled":false,"rotationMatrix":[-0.820728302,0.571318567,0,-0.571318567,-0.820728302,0,0,0,1],"shapeName":"/levels/east_coast_usa/art/shapes/buildings/eca_guardrail2.dae"}
{"class":"TSStatic","persistentId":"ab8c1416-a2bf-4924-bf0b-261dc6a74ead","__parent":"Gas_Station","position":[723.34137,-69.1140747,51.694767],"decalType":"Visible Mesh","isRenderEnabled":false,"rotationMatrix":[0.0267657116,0.999641895,0,-0.999641895,0.0267657116,0,0,0,1],"shapeName":"/levels/east_coast_usa/art/shapes/buildings/eca_gastation_concretebase.DAE"}
{"class":"TSStatic","persistentId":"b4588eaf-092d-4005-93b4-8f1e06af091c","__parent":"Gas_Station","position":[-798.912598,489.118591,23.493206],"annotation":"BUILDINGS","isRenderEnabled":false,"rotationMatrix":[-0.786235034,0.617926955,0,-0.617926955,-0.786235034,0,0,0,1],"shapeName":"/levels/east_coast_usa/art/shapes/buildings/eca_gastation_auto_repair.DAE"}
{"class":"TSStatic","persistentId":"be89510d-faf1-4ad9-942c-5ab1d48ff9ab","__parent":"Gas_Station","position":[719.290955,12.1423225,52.9231491],"isRenderEnabled":false,"rotationMatrix":[-0.719692647,0.694292307,0,-0.694292307,-0.719692647,0,0,0,1],"shapeName":"/levels/east_coast_usa/art/shapes/buildings/eca_guardrail2.dae"}
{"class":"TSStatic","persistentId":"c2822447-4fc6-4ade-8664-5dc2d45924af","__parent":"Gas_Station","position":[690.776794,-41.2267227,51.8220634],"annotation":"BUILDINGS","decalType":"None","isRenderEnabled":false,"rotationMatrix":[-0.60249716,-0.798119962,0,0.798119962,-0.60249716,0,0,0,1],"shapeName":"/levels/east_coast_usa/art/shapes/buildings/eca_gas_tank.DAE"}
{"class":"TSStatic","persistentId":"c9698994-daf9-45fb-bf27-3f1878db41ae","__parent":"Gas_Station","position":[726.309204,-24.3325119,49.063282],"annotation":"OBSTACLES","decalType":"Visible Mesh","isRenderEnabled":false,"rotationMatrix":[0.0846815556,0.996407628,0,-0.996407628,0.0846815556,0,0,0,1],"scale":[1.5,1.5,1.5],"shapeName":"/levels/east_coast_usa/art/shapes/buildings/eca_gastation_pricedisplay.DAE"}
{"class":"TSStatic","persistentId":"d0c12e10-ebb0-4f6a-ba07-ef49a97d3995","__parent":"Gas_Station","position":[724.615784,7.54728413,51.9872246],"isRenderEnabled":false,"rotationMatrix":[-0.828303039,0.560278356,0,-0.560278356,-0.828303039,0,0,0,1],"shapeName":"/levels/east_coast_usa/art/shapes/buildings/eca_guardrailpost.dae"}
{"class":"TSStatic","persistentId":"da14fdb8-2399-4c48-9901-1245f38fe73c","__parent":"Gas_Station","position":[-850.348022,923.733337,30.9525433],"annotation":"OBSTACLES","isRenderEnabled":false,"shapeName":"/levels/east_coast_usa/art/shapes/clutter/clutter_city_bin_round.dae"}
{"class":"TSStatic","persistentId":"e009bfdc-17a3-41f1-8c65-5e43b2f9df28","__parent":"Gas_Station","position":[731.651794,-0.507798672,52.8977585],"isRenderEnabled":false,"rotationMatrix":[-0.160937771,0.986964583,0,-0.986964583,-0.160937786,0,0,0,1],"shapeName":"/levels/east_coast_usa/art/shapes/buildings/eca_guardrail2.dae"}
{"class":"TSStatic","persistentId":"e903fed8-d6fd-44fc-8308-246ae923cb1f","__parent":"Gas_Station","position":[726.229126,6.4066205,51.9756203],"isRenderEnabled":false,"rotationMatrix":[-0.808688462,0.588234842,0,-0.588234842,-0.808688462,0,0,0,1],"shapeName":"/levels/east_coast_usa/art/shapes/buildings/eca_guardrailpost.dae"}
{"class":"TSStatic","persistentId":"ed059686-1218-41d7-9d71-fa6161fa643c","__parent":"Gas_Station","position":[727.920044,5.24737644,51.9711075],"isRenderEnabled":false,"rotationMatrix":[-0.838374317,0.545093715,0,-0.545093715,-0.838374317,0,0,0,1],"shapeName":"/levels/east_coast_usa/art/shapes/buildings/eca_guardrailpost.dae"}
{"class":"TSStatic","persistentId":"f09a3719-a85b-4076-854b-9e5d816f82bb","__parent":"Gas_Station","position":[719.74054,11.2860622,51.9878044],"isRenderEnabled":false,"rotationMatrix":[-0.733974993,0.679175377,0,-0.679175377,-0.733974993,0,0,0,1],"shapeName":"/levels/east_coast_usa/art/shapes/buildings/eca_guardrailpost.dae"}
{"class":"TSStatic","persistentId":"f255df78-acad-482d-8124-916550930350","__parent":"Gas_Station","position":[-786.710632,470.123474,23.5474968],"annotation":"BUILDINGS","decalType":"None","isRenderEnabled":false,"rotationMatrix":[-0.785119593,0.619343281,0,-0.619343281,-0.785119593,0,0,0,1],"shapeName":"/levels/east_coast_usa/art/shapes/buildings/eca_gas_tank.DAE"}
{"class":"TSStatic","persistentId":"f6cd65fd-daa5-4c7d-806b-8464d9dcfb2d","__parent":"Gas_Station","position":[-774.006104,468.400818,23.5100117],"annotation":"BUILDINGS","isRenderEnabled":false,"rotationMatrix":[-0.789061368,0.614316463,0,-0.614316463,-0.789061368,0,0,0,1],"shapeName":"/levels/east_coast_usa/art/shapes/buildings/eca_gastation_store.DAE"}
{"class":"TSStatic","persistentId":"f789d563-1b29-47a7-ad66-c8df3d5b713c","__parent":"Gas_Station","position":[625.42981,-189.258331,53.3276405],"isRenderEnabled":false,"rotationMatrix":[-0.707106352,-0.707106352,0,0.707106352,-0.707106352,0,0,0,1],"shapeName":"/levels/east_coast_usa/art/shapes/buildings/eca_charging_station.DAE"}
{"name":"fuel_node_dealer_pump_icon_1","class":"BeamNGPointOfInterest","persistentId":"e4682987-014c-4772-af2c-c9eb1a578a0a","__parent":"Gas_Station","position":[-777.824036,487.220917,25.4218006],"rotationMatrix":[-0.633611321,-0.773651242,0,0.773651242,-0.633611321,0,0,0,1],"scale":[0.100000001,0.100000001,0.100000001]}
{"name":"fuel_node_dealer_pump_area_1","class":"BeamNGGameplayArea","persistentId":"737de5f2-4722-4b5a-b056-a872654b1d25","__parent":"Gas_Station","position":[-777.821838,487.218323,23.6434555],"rotationMatrix":[-0.625388384,-0.780313492,0,0.780313492,-0.625388384,0,0,0,1],"scale":[2,0.5,1]}
{"name":"fuel_node_dealer_pump_icon_2","class":"BeamNGPointOfInterest","persistentId":"40e51bdb-6681-49eb-a309-1dadac16ffbf","__parent":"Gas_Station","position":[-773.826477,492.338806,25.4216251],"rotationMatrix":[-0.61804831,-0.786139786,0,0.786139786,-0.61804831,0,0,0,1],"scale":[0.100000001,0.100000001,0.100000001]}
{"name":"fuel_node_dealer_pump_area_2","class":"BeamNGGameplayArea","persistentId":"43a79472-74a1-4afc-ac79-900f7c609cd4","__parent":"Gas_Station","position":[-773.82605,492.299194,23.6434555],"rotationMatrix":[-0.625388384,-0.780313492,0,0.780313492,-0.625388384,0,0,0,1],"scale":[2,0.5,1]}
{"name":"fuel_node_dealer_pump_icon_3","class":"BeamNGPointOfInterest","persistentId":"23ffd23f-f44a-4cb4-b7f0-9a375364e75a","__parent":"Gas_Station","position":[-769.808167,497.405182,25.4216251],"rotationMatrix":[-0.635475039,-0.772121191,0,0.772121191,-0.635475039,0,0,0,1],"scale":[0.100000001,0.100000001,0.100000001]}
{"name":"fuel_node_dealer_pump_area_3","class":"BeamNGGameplayArea","persistentId":"df2f79e4-ea03-4439-92e7-55ed27b30230","__parent":"Gas_Station","position":[-769.859314,497.327698,23.6434555],"rotationMatrix":[-0.625388384,-0.780313492,0,0.780313492,-0.625388384,0,0,0,1],"scale":[2,0.5,1]}
{"name":"fuel_charging_station_city_icon_1","class":"BeamNGPointOfInterest","persistentId":"dab21d5b-0be5-4340-b627-04ebd8e53597","__parent":"Gas_Station","position":[619.859314,-195.182373,54.9419823],"rotationMatrix":[0.728064179,-0.685509026,0,0.685509026,0.728064179,0,0,0,1],"scale":[0.100000001,0.100000001,0.100000001]}
{"name":"fuel_charging_station_city_area_1","class":"BeamNGGameplayArea","persistentId":"7d315e7a-a0d5-48e2-8e90-950f86f49a1c","__parent":"Gas_Station","position":[618.459229,-193.863312,53.3406181],"rotationMatrix":[0.724482179,-0.689293563,0,0.689293563,0.724482179,0,0,0,1],"scale":[1.5,0.300000012,1]}
{"name":"fuel_charging_station_city_icon_2","class":"BeamNGPointOfInterest","persistentId":"1e9c854f-739a-4443-9628-c3b37f76ed96","__parent":"Gas_Station","position":[622.656311,-192.250885,54.9419823],"rotationMatrix":[0.728064179,-0.685509026,0,0.685509026,0.728064179,0,0,0,1],"scale":[0.100000001,0.100000001,0.100000001]}
{"name":"fuel_charging_station_city_area_2","class":"BeamNGGameplayArea","persistentId":"8004a094-50f8-48cf-9e5a-1d90425afc44","__parent":"Gas_Station","position":[621.32312,-190.925491,53.3406181],"rotationMatrix":[0.713278532,-0.700880766,0,0.700880766,0.713278532,0,0,0,1],"scale":[1.5,0.300000012,1]}
{"name":"fuel_charging_station_city_icon_3","class":"BeamNGPointOfInterest","persistentId":"7a6ec805-11d3-4339-b51d-eb3691234095","__parent":"Gas_Station","position":[625.441589,-189.264984,54.9419823],"rotationMatrix":[0.728064179,-0.685509026,0,0.685509026,0.728064179,0,0,0,1],"scale":[0.100000001,0.100000001,0.100000001]}
{"name":"fuel_charging_station_city_area_3","class":"BeamNGGameplayArea","persistentId":"45320303-5f6c-4965-8621-1d5199d7322d","__parent":"Gas_Station","position":[624.177551,-188.075302,53.3406181],"rotationMatrix":[0.724482179,-0.689293563,0,0.689293563,0.724482179,0,0,0,1],"scale":[1.5,0.300000012,1]}
{"name":"fuel_charging_station_city_icon_4","class":"BeamNGPointOfInterest","persistentId":"ce5fb113-99fe-4165-b320-0e9a66edf4df","__parent":"Gas_Station","position":[628.207581,-186.473877,54.9419823],"rotationMatrix":[0.728064179,-0.685509026,0,0.685509026,0.728064179,0,0,0,1],"scale":[0.100000001,0.100000001,0.100000001]}
{"name":"fuel_charging_station_city_area_4","class":"BeamNGGameplayArea","persistentId":"af8d347e-3c01-4721-9683-3b9015404b09","__parent":"Gas_Station","position":[626.947632,-185.277725,53.3406181],"rotationMatrix":[0.724482179,-0.689293563,0,0.689293563,0.724482179,0,0,0,1],"scale":[1.5,0.300000012,1]}
