{"name":"theLevelInfo","class":"LevelInfo","persistentId":"aa399a62-e9f8-11e6-96ae-bcd60d6fa220","__parent":"Level_objects","canvasClearColor":"White","enabled":"1","fogAtmosphereHeight":2500,"fogColor":[0.662744999,0.886274993,0.996078014,1],"fogDensity":0.000250000012,"fogDensityOffset":8,"globalEnviromentMap":"cubemap_italy_reflection","gravity":-9.81000042,"temperatureCurveC":[0,27,0.200000003,26,0.5,23,0.800000012,24,1,27],"visibleDistance":25000}
{"name":"vegetation","class":"SimGroup","persistentId":"aa39adea-e9f8-11e6-96ae-bcd60d6fa220","__parent":"Level_objects"}
{"name":"water","class":"SimGroup","persistentId":"d2378fe5-9e18-4daf-bfcf-0266d369828d","__parent":"Level_objects"}
{"name":"tod","class":"TimeOfDay","persistentId":"aa399a6a-e9f8-11e6-96ae-bcd60d6fa220","__parent":"Level_objects","position":[552.965027,-128.326004,124.619003],"animate":"0","axisTilt":20,"azimuthOverride":0,"dayLength":86400,"nightScale":1,"startTime":0.920000017,"time":0.927270293}
{"name":"tunnel_light_1","class":"Zone","persistentId":"4dc966f7-4653-4019-8463-25ba1abb0a71","__parent":"Level_objects","position":[1381.37952,840.74884,152.75473],"ambientLightColor":[0.872693121,0.841106057,0.761593282,1],"rotationMatrix":[1,0,0,0,0.999985695,-0.00534882862,0,0.00534882862,0.999985695],"scale":[226.480591,198.8983,42.1029205],"useAmbientLightColor":true,"zoneGroup":5}
{"class":"Portal","persistentId":"48bb573e-b74c-41f5-a5c8-0f6e53f5428b","__parent":"Level_objects","position":[1267.96533,925.722595,158.080292],"rotationMatrix":[-0.00646436214,0.999979079,-3.78349796e-10,-0.99997884,-0.00646436214,-0.000690534012,-0.000690519577,-4.46347985e-06,0.999999762],"scale":[37.9189148,6.8324275,23.9408398]}
{"class":"Portal","persistentId":"bb41c945-c0cd-4865-9dab-f16909bcd210","__parent":"Level_objects","position":[1494.78601,824.72699,158.080292],"rotationMatrix":[-0.00646436214,0.999979079,-3.78349796e-10,-0.99997884,-0.00646436214,-0.000690534012,-0.000690519577,-4.46347985e-06,0.999999762],"scale":[54.0300102,1.8190403,23.9408398]}
{"name":"spawn","class":"SpawnSphere","persistentId":"aa382687-e9f8-11e6-96ae-bcd60d6fa220","__parent":"Level_objects","position":[-919.010986,1601.76001,153.104004],"dataBlock":"SpawnSphereMarker","radius":1,"spawnClass":"player","spawnDatablock":"DefaultPlayerData","sphereWeight":"1"}
{"name":"clouds1","class":"CloudLayer","persistentId":"0066e259-97dd-4dd8-b878-4f42ec7a42d0","__parent":"Level_objects","position":[-963.020386,1032.68262,-167.30658],"Textures":[{},{},{}],"coverage":0.100000001,"exposure":1.39999998,"height":8,"rotationMatrix":[1,0,0,0,0.999999762,-0.000690533896,0,0.000690533896,0.999999762],"texture":"levels/italy/art/skies/SkyNormals_05.dds","windSpeed":0.150000006}
{"name":"clouds2","class":"CloudLayer","persistentId":"8870ed07-3652-4df6-924f-7268c4ca548e","__parent":"Level_objects","position":[-1129.71399,1384.19751,551.786865],"Textures":[{"texDirection":[1,0.5]},{"texDirection":[0.5,1]},{"texDirection":null}],"coverage":0.200000003,"exposure":1.39999998,"rotationMatrix":[1,0,0,0,0.999999762,-0.000690533896,0,0.000690533896,0.999999762],"texture":"levels/italy/art/skies/SkyNormals_05.dds","windSpeed":0.0700000003}
{"class":"ForestWindEmitter","persistentId":"4eab870d-5ffc-47ad-85d8-f806e1524197","__parent":"Level_objects","rotationMatrix":[1,0,0,0,0.999999762,-0.000690533896,0,0.000690533896,0.999999762],"strength":0.5}
{"name":"rain_coverage","class":"Precipitation","persistentId":"aa399a65-e9f8-11e6-96ae-bcd60d6fa220","__parent":"Level_objects","position":[0,9.1829891e-41,306.761993],"boxHeight":10,"boxWidth":16,"dataBlock":"rain_medium","dropSize":1,"fadeDist":5,"fadeDistEnd":10,"maxMass":5,"maxSpeed":0.5,"minMass":4,"minSpeed":0.400000006,"numDrops":0,"splashMS":80,"splashSize":0.25,"useTurbulence":true,"useWind":true}
{"name":"rain","class":"SFXEmitter","persistentId":"aa399a63-e9f8-11e6-96ae-bcd60d6fa220","__parent":"Level_objects","position":[225,494,167],"fadeInTime":0,"fadeOutTime":0,"scale":[100,100,100],"volume":0}
{"name":"sunsky","class":"ScatterSky","persistentId":"25209345-9b9c-4a93-acda-789aec4adc2e","__parent":"Level_objects","position":[70.3971024,4.53920984,73.9923019],"ambientScale":[1,0.894117653,0.78039217,1],"ambientScaleGradientFile":"art/sky_gradients/default/gradient_ambient.png","azimuth":50.4810905,"colorize":[0.215686277,0.349019617,0.603921592,1],"colorizeGradientFile":"art/sky_gradients/default/gradient_colorize.png","elevation":57.4873238,"enableFogFallBack":false,"fadeStartDistance":1000,"flareScale":5,"flareType":"BNG_Sunflare_3","fogScale":[0.396078438,0.666666687,1,1],"fogScaleGradientFile":"art/sky_gradients/default/gradient_fog.png","lastSplitTerrainOnly":true,"logWeight":0.980000019,"mieScattering":0.000654873205,"moonLightColor":[0.0980392024,0.0980392024,0.0980392024,1],"moonMat":"Moon_Glow_Mat","moonScale":0.0299999993,"nightColor":[1,0.894117653,0.78039217,1],"nightCubemap":"nightCubemap","nightFogColor":[0.396078438,0.666666687,1,1],"nightFogGradientFile":"art/sky_gradients/default/gradient_fog.png","nightGradientFile":"art/sky_gradients/default/gradient_ambient.png","occlusionScale":0.0250000004,"overDarkFactor":[40000,8000,5000,650],"shadowDarkenColor":[0,0,0,0],"shadowDistance":1600,"shadowSoftness":0.200000003,"skyBrightness":40,"sunScale":[0.996078432,0.874509811,0.788235307,1],"sunScaleGradientFile":"art/sky_gradients/default/gradient_sunscale.png","texSize":1024,"useNightCubemap":true}
{"name":"theTerrain","class":"TerrainBlock","persistentId":"157d5cca-2f5f-48ca-a705-d61be90f7067","__parent":"Level_objects","position":[-2048,-2048,100],"baseTexSize":4096,"materialTextureSet":"italyTerrainMaterialTextureSet","maxHeight":500,"minimapImage":"levels/italy/italy_minimap.png","terrainFile":"/levels/italy/theTerrain.ter"}
