{"name":"sky_and_sun","class":"SimGroup","persistentId":"0669a3fa-3ff5-44d8-a530-cfdfcceb94e4","__parent":"MissionGroup"}
{"name":"vegetation","class":"SimGroup","persistentId":"1a572205-83c5-43be-9fa1-b06614e2e87d","__parent":"MissionGroup"}
{"name":"Water","class":"SimGroup","persistentId":"2386040f-0ebd-404f-bc81-c70e8ec5ccbd","__parent":"MissionGroup"}
{"name":"PlayerDropPoints","class":"SimGroup","persistentId":"2ef581c0-34b4-4a3b-a642-ed566378b9b3","__parent":"MissionGroup","enabled":"1"}
{"name":"AIDecalWaypointsGroup","class":"SimGroup","persistentId":"31a0389b-3271-4e5a-b687-bdd3a145dfc5","__parent":"MissionGroup"}
{"name":"Petrol_station","class":"SimGroup","persistentId":"3686ae59-887c-49e0-8dcb-9e8bda88ea5a","__parent":"MissionGroup"}
{"name":"CameraBookmarks","class":"SimGroup","persistentId":"40a7bd5e-ca4c-4b1f-94c7-3953a9fd239d","__parent":"MissionGroup"}
{"name":"Rocktrail_prefabs","class":"SimGroup","persistentId":"4ec93546-65ac-4b3a-9ea5-30cb1f25c98a","__parent":"MissionGroup"}
{"name":"AIWaypointsGroup","class":"SimGroup","persistentId":"4f767ff8-4d27-4701-9887-2bb7ba56406a","__parent":"MissionGroup"}
{"name":"Audio","class":"SimGroup","persistentId":"7aa73935-27aa-4eff-b2c1-f44d8b9e92fc","__parent":"MissionGroup","locked":true}
{"name":"derby_waypoints","class":"SimGroup","persistentId":"84dd17a7-ce4b-430f-a906-be7e73772ad5","__parent":"MissionGroup"}
{"name":"Clutters","class":"SimGroup","persistentId":"ba65421d-ff75-415d-bb32-25d41e09d34f","__parent":"MissionGroup"}
{"name":"Rocks","class":"SimGroup","persistentId":"d7a7a71b-2778-453f-a67c-4cd369163a00","__parent":"MissionGroup"}
{"name":"Decal_roads","class":"SimGroup","persistentId":"eb15434e-2d6f-4a0e-aed7-7f956895a17c","__parent":"MissionGroup"}
{"name":"meshroads","class":"SimGroup","persistentId":"f62deb18-dc2f-4fc5-bba9-3c419019a490","__parent":"MissionGroup"}
{"class":"TSStatic","persistentId":"f5df6ba5-26bc-4162-b707-9d546507df5e","__parent":"MissionGroup","collisionType":"Visible Mesh Final","isRenderEnabled":false,"shapeName":"/levels/hirochi_raceway/art/terrains/terrain_backdrop.dae","useInstanceRenderData":true}
{"name":"theTerrain","class":"TerrainBlock","persistentId":"87e73cbb-4e35-4e9f-b380-06868c703ad7","__parent":"MissionGroup","position":[-767.625,-767.625,2.54999995],"baseTexSize":2048,"materialTextureSet":"HirochiTerrainTextureSet","maxHeight":155,"minimapImage":"levels/hirochi_raceway/hirochi_raceway_minimap.png","squareSize":0.75,"terrainFile":"/levels/hirochi_raceway/theTerrain.ter"}
{"class":"TSStatic","persistentId":"00115c0f-98ce-4a96-8182-e26014439408","__parent":"MissionGroup","position":[-344.679504,244.676102,25.1061821],"decalType":"Visible Mesh Final","isRenderEnabled":false,"rotationMatrix":[-0.473861545,0.880598366,0,-0.880598366,-0.473861545,0,0,0,1],"scale":[0.801945925,0.801945925,0.801945925],"shapeName":"/levels/hirochi_raceway/art/shapes/buildings/hr_tent_large_white.dae"}
{"class":"TSStatic","persistentId":"0194d0c3-a765-4ca5-aba0-33a7b32fdf3b","__parent":"MissionGroup","position":[-309.920441,90.0060959,32.1781273],"isRenderEnabled":false,"rotationMatrix":[0.807359934,-0.590060115,0,0.590060115,0.807359934,0,0,0,1],"shapeName":"/levels/hirochi_raceway/art/shapes/buildings/controlbooth.dae"}
{"class":"TSStatic","persistentId":"01c388b3-0479-4b57-8250-7fe6fca6ddfe","__parent":"MissionGroup","position":[-37.3668251,414.476471,37.8697586],"isRenderEnabled":false,"shapeName":"/levels/hirochi_raceway/art/shapes/signs_usa/sign_chevron_left.dae"}
{"class":"TSStatic","persistentId":"03a9838b-1107-4e59-842a-dc50d435f4a2","__parent":"MissionGroup","position":[-120.209534,-194.201172,35.3285599],"isRenderEnabled":false,"rotationMatrix":[0.782121241,-0.623126566,0,0.623126566,0.782121241,0,0,0,1],"shapeName":"/levels/hirochi_raceway/art/shapes/signs_usa/sign_4way.dae"}
{"class":"TSStatic","persistentId":"0474524c-766b-4c61-a962-d2e8d29e2a66","__parent":"MissionGroup","position":[-30.091053,356.984283,34.4960747],"isRenderEnabled":false,"rotationMatrix":[0.390790999,0.920479178,0,-0.920479178,0.390790999,0,0,0,1],"shapeName":"/levels/hirochi_raceway/art/shapes/signs_usa/sign_chevron_right.dae"}
{"class":"TSStatic","persistentId":"04c7b02b-dadc-4ca6-b2e8-60aa60661f15","__parent":"MissionGroup","position":[-379.346832,84.2608566,26.7959938],"isRenderEnabled":false,"rotationMatrix":[-0.997035027,0.0769556612,0,-0.0769556612,-0.997035027,0,0,0,1],"shapeName":"/levels/hirochi_raceway/art/shapes/signs_usa/sign_chevron_left.dae"}
{"class":"TSStatic","persistentId":"0b91e2b8-3841-4c8f-9622-72b033fdd85d","__parent":"MissionGroup","position":[-497.840668,342.851013,28.8525009],"isRenderEnabled":false,"rotationMatrix":[-0.541997671,0.840380073,0,-0.840380073,-0.541997671,0,0,0,1],"shapeName":"/levels/hirochi_raceway/art/shapes/buildings/bleacher.dae"}
{"class":"TSStatic","persistentId":"0d2d0be3-da6c-4890-a0e6-64dcf44065af","__parent":"MissionGroup","position":[-291.391083,-16.7807198,30.8170776],"isRenderEnabled":false,"rotationMatrix":[-0.737030864,-0.675859332,0,0.675859332,-0.737030864,0,0,0,1],"shapeName":"/levels/hirochi_raceway/art/shapes/signs_usa/sign_chevron_right.dae"}
{"class":"TSStatic","persistentId":"0ddc16f6-0008-491d-962f-47fb7198bdf0","__parent":"MissionGroup","position":[192.111862,373.315613,33.4725761],"isRenderEnabled":false,"rotationMatrix":[0.235544458,0.971864223,0,-0.971864223,0.235544458,0,0,0,1],"shapeName":"/levels/hirochi_raceway/art/shapes/signs_usa/sign_chevron_left.dae"}
{"class":"TSStatic","persistentId":"1115a285-0b31-4bfe-8c58-312c2020f3e3","__parent":"MissionGroup","position":[-44.884861,421.100677,38.4175186],"isRenderEnabled":false,"rotationMatrix":[-0.0464121029,-0.998922169,0,0.998922169,-0.0464121029,0,0,0,1],"shapeName":"/levels/hirochi_raceway/art/shapes/signs_usa/sign_chevron_right.dae"}
{"class":"TSStatic","persistentId":"1473d074-3a7b-47db-9ffd-109f82e046d7","__parent":"MissionGroup","position":[364.035492,-199.773422,43.2086563],"isRenderEnabled":false,"rotationMatrix":[0.927561939,0.373669416,0,-0.373669416,0.927561939,0,0,0,1],"shapeName":"/levels/hirochi_raceway/art/shapes/signs_usa/sign_2way.dae"}
{"class":"TSStatic","persistentId":"173dc400-f688-4b79-940d-f86d2b6dba27","__parent":"MissionGroup","position":[-32.0761719,404.502106,36.9449348],"isRenderEnabled":false,"rotationMatrix":[-0.574158728,-0.818744123,0,0.818744123,-0.574158728,0,0,0,1],"shapeName":"/levels/hirochi_raceway/art/shapes/signs_usa/sign_chevron_right.dae"}
{"class":"TSStatic","persistentId":"18760588-9de7-43c1-95e5-58398568446c","__parent":"MissionGroup","position":[200.217346,374.687805,34.1168442],"isRenderEnabled":false,"rotationMatrix":[0.45655483,0.889695823,0,-0.889695823,0.45655483,0,0,0,1],"shapeName":"/levels/hirochi_raceway/art/shapes/signs_usa/sign_chevron_left.dae"}
{"class":"TSStatic","persistentId":"1b33fb97-4ee4-4cec-8323-66e7a92b89db","__parent":"MissionGroup","position":[409.447479,-196.472519,38.0167618],"isRenderEnabled":false,"rotationMatrix":[0.0627127811,-0.998032093,0,0.998032093,0.0627127811,0,0,0,1],"shapeName":"/levels/hirochi_raceway/art/shapes/signs_usa/sign_speedlimit_40.dae"}
{"class":"TSStatic","persistentId":"1b83fe5c-5059-45ab-b9c2-62a0f596cb99","__parent":"MissionGroup","position":[-106.075668,-147.539215,32.7975998],"isRenderEnabled":false,"shapeName":"/levels/hirochi_raceway/art/shapes/signs_usa/sign_chevron_right.dae"}
{"class":"TSStatic","persistentId":"1ceb9019-a632-41bd-a63e-dd344348c85c","__parent":"MissionGroup","position":[-345.823517,302.940887,25.0447826],"isRenderEnabled":false,"rotationMatrix":[0.5455814,-0.838058174,0,0.838058174,0.5455814,0,0,0,1],"shapeName":"/levels/hirochi_raceway/art/shapes/buildings/hr_tent_large_white.dae"}
{"class":"TSStatic","persistentId":"1d5ed13f-3026-4ef4-9660-85c50ce3040f","__parent":"MissionGroup","position":[317.600433,203.176758,32.1125374],"decalType":"Visible Mesh Final","isRenderEnabled":false,"rotationMatrix":[-0.383305341,0.923617363,0.00305185351,-0.923544407,-0.383228123,-0.0142844589,-0.0120238196,-0.00829382986,0.99989301],"shapeName":"/levels/hirochi_raceway/art/shapes/buildings/farm_barn.dae"}
{"class":"TSStatic","persistentId":"1d7057e8-9a51-48d9-b3bc-37c1ab088a49","__parent":"MissionGroup","position":[531.901672,127.076767,34.1005898],"isRenderEnabled":false,"rotationMatrix":[0.708109796,0.706102729,0,-0.706102729,0.708109796,0,0,0,1],"shapeName":"/levels/hirochi_raceway/art/shapes/signs_usa/sign_chevron_left.dae"}
{"class":"TSStatic","persistentId":"1e865df6-5bf8-4c49-a09a-81abcf8d365b","__parent":"MissionGroup","position":[301.586761,316.017426,37.2882462],"isRenderEnabled":false,"rotationMatrix":[-0.660539269,-0.750791192,0,0.750791192,-0.660539269,0,0,0,1],"shapeName":"/levels/hirochi_raceway/art/shapes/signs_usa/sign_chevron_right.dae"}
{"class":"TSStatic","persistentId":"1f7de7c4-f7b3-4b73-81e3-0b993682704b","__parent":"MissionGroup","position":[-27.340023,353.215698,34.2137222],"isRenderEnabled":false,"rotationMatrix":[-0.999701858,0.024417337,0,-0.024417337,-0.999701858,0,0,0,1],"shapeName":"/levels/hirochi_raceway/art/shapes/signs_usa/sign_chevron_left.dae"}
{"class":"TSStatic","persistentId":"2210dc3e-3d30-4f09-a9a3-68976d7bdf58","__parent":"MissionGroup","position":[295.434662,325.809418,37.2763138],"isRenderEnabled":false,"rotationMatrix":[0.993075311,0.117479339,0,-0.117479339,0.993075311,0,0,0,1],"shapeName":"/levels/hirochi_raceway/art/shapes/signs_usa/sign_chevron_left.dae"}
{"class":"TSStatic","persistentId":"230d1c0c-724a-4ad1-a29d-a31c20543985","__parent":"MissionGroup","position":[213.521896,374.066711,34.8714943],"isRenderEnabled":false,"rotationMatrix":[0.651314735,0.758808434,0,-0.758808434,0.651314735,0,0,0,1],"shapeName":"/levels/hirochi_raceway/art/shapes/signs_usa/sign_chevron_left.dae"}
{"class":"TSStatic","persistentId":"25761910-06ac-4f7e-a9ce-0d55c4ecd92c","__parent":"MissionGroup","position":[386.015656,-261.30954,43.6039963],"isRenderEnabled":false,"rotationMatrix":[0.99928844,-0.0377183557,0,0.0377183557,0.99928844,0,0,0,1],"shapeName":"/levels/hirochi_raceway/art/shapes/signs_usa/sign_t-intersection.dae"}
{"class":"TSStatic","persistentId":"25b5cf16-6a7a-4280-a52c-783cf58ecc7f","__parent":"MissionGroup","position":[136.557877,-109.600105,25.1640186],"decalType":"Visible Mesh Final","isRenderEnabled":false,"rotationMatrix":[0.0614952371,0.998106718,0,-0.998106718,0.0614952371,0,0,0,1],"shapeName":"/levels/hirochi_raceway/art/shapes/buildings/hr_tent_large_white.dae"}
{"class":"TSStatic","persistentId":"28259914-32c4-49d9-9cbb-f17edcbf65ec","__parent":"MissionGroup","position":[-151.423569,-239.90538,36.8486557],"isRenderEnabled":false,"rotationMatrix":[0.143825158,-0.989602923,0,0.989602923,0.143825158,0,0,0,1],"shapeName":"/levels/hirochi_raceway/art/shapes/signs_usa/sign_chevron_left.dae"}
{"class":"TSStatic","persistentId":"2a128f7e-86f4-4602-a443-ffa0bb54afde","__parent":"MissionGroup","position":[-509.144836,359.782471,28.8525009],"isRenderEnabled":false,"rotationMatrix":[-0.541997671,0.840380073,0,-0.840380073,-0.541997671,0,0,0,1],"shapeName":"/levels/hirochi_raceway/art/shapes/buildings/bleacher.dae"}
{"class":"TSStatic","persistentId":"2a79f456-d002-4036-b4df-6c166b6a3159","__parent":"MissionGroup","position":[-344.218994,261.576996,25.0244007],"annotation":"OBSTACLES","decalType":"Visible Mesh Final","isRenderEnabled":false,"shapeName":"/levels/hirochi_raceway/art/shapes/buildings/leaderboard.dae"}
{"class":"TSStatic","persistentId":"2b62065d-bdaf-497f-a7fb-a764a299e242","__parent":"MissionGroup","position":[326.695007,68.8076019,30.0405006],"isRenderEnabled":false,"rotationMatrix":[0.725374341,-0.688354611,0,0.688354611,0.725374341,0,0,0,1],"shapeName":"/levels/hirochi_raceway/art/shapes/buildings/pedestrianbridge.dae"}
{"class":"TSStatic","persistentId":"2c6c0c60-46c8-48d8-b546-c0e10c42877a","__parent":"MissionGroup","position":[-424.532776,229.045929,28.8525009],"annotation":"BUILDINGS","isRenderEnabled":false,"rotationMatrix":[-0.541997671,0.840380073,0,-0.840380073,-0.541997671,0,0,0,1],"shapeName":"/levels/hirochi_raceway/art/shapes/buildings/bleacher.dae"}
{"class":"TSStatic","persistentId":"2cee0055-e580-43b3-9348-1c19a436f89a","__parent":"MissionGroup","position":[-143.385605,-233.822998,36.3147469],"isRenderEnabled":false,"rotationMatrix":[0.300373197,-0.95382148,0,0.95382148,0.300373197,0,0,0,1],"shapeName":"/levels/hirochi_raceway/art/shapes/signs_usa/sign_chevron_left.dae"}
{"class":"TSStatic","persistentId":"2f108217-5449-4dd8-af39-5b12508cb958","__parent":"MissionGroup","position":[146.433182,-26.3220196,20.0950642],"annotation":"STREET","isRenderEnabled":false,"shapeName":"/levels/hirochi_raceway/art/shapes/buildings/derby_crossramp.dae"}
{"class":"TSStatic","persistentId":"30da9d5e-c272-42fc-8943-5dd6df7f5538","__parent":"MissionGroup","position":[212.912964,374.111664,34.9140434],"isRenderEnabled":false,"rotationMatrix":[0.505147815,-0.863032997,0,0.863032997,0.505147815,0,0,0,1],"shapeName":"/levels/hirochi_raceway/art/shapes/signs_usa/sign_chevron_right.dae"}
{"class":"TSStatic","persistentId":"31a7ae2e-7ed9-4a56-884e-88e31e6c8200","__parent":"MissionGroup","position":[-117.093994,413.458618,32.8626938],"isRenderEnabled":false,"rotationMatrix":[-0.34204942,-0.939682603,0,0.939682603,-0.34204942,0,0,0,1],"shapeName":"/levels/hirochi_raceway/art/shapes/signs_usa/sign_sbend_right.dae"}
{"class":"TSStatic","persistentId":"33466e57-0e1f-44c1-9f6c-a72fd081bd72","__parent":"MissionGroup","position":[598.3302,14.1057625,45.6025581],"isRenderEnabled":false,"rotationMatrix":[0.832359076,-0.554235816,0,0.554235816,0.832359076,0,0,0,1],"shapeName":"/levels/hirochi_raceway/art/shapes/signs_usa/sign_corner_left25.dae"}
{"class":"TSStatic","persistentId":"3456a8d6-4533-421a-b685-12369e1b27a3","__parent":"MissionGroup","position":[383.85025,149.337128,26.3425789],"isRenderEnabled":false,"rotationMatrix":[0.880157351,0.474681467,0,-0.474681467,0.880157351,0,0,0,1],"shapeName":"/levels/hirochi_raceway/art/shapes/signs_usa/sign_speedlimit_40.dae"}
{"class":"TSStatic","persistentId":"3883b73d-eaad-4ebd-a3c9-fe1970eb0002","__parent":"MissionGroup","annotation":"OBSTACLES","decalType":"Visible Mesh Final","isRenderEnabled":false,"shapeName":"/levels/hirochi_raceway/art/shapes/objects/hr_advertising.dae"}
{"class":"TSStatic","persistentId":"38ed293a-2ac5-4851-965a-15d096193567","__parent":"MissionGroup","position":[-607.671021,-112.545998,24.4389],"collisionType":"Visible Mesh Final","decalType":"Visible Mesh Final","isRenderEnabled":false,"shapeName":"/levels/hirochi_raceway/art/shapes/roads/tunnel.dae"}
{"class":"TSStatic","persistentId":"3e791b2a-1e3b-4de8-be34-7bc4fd834045","__parent":"MissionGroup","position":[-421.432892,8.19154549,30.9129028],"isRenderEnabled":false,"shapeName":"/levels/hirochi_raceway/art/shapes/signs_usa/sign_yield.dae"}
{"class":"TSStatic","persistentId":"45229ee0-f3f8-41cb-80c3-2876cfa6fb63","__parent":"MissionGroup","position":[173.878876,-120.321159,25.1357841],"decalType":"Visible Mesh Final","isRenderEnabled":false,"rotationMatrix":[0.996949852,-0.0780432597,0,0.0780432597,0.996949852,0,0,0,1],"shapeName":"/levels/hirochi_raceway/art/shapes/buildings/hr_tent_large_red.dae"}
{"class":"TSStatic","persistentId":"4a714e04-aa5e-4844-b420-d8be9a2ae2d7","__parent":"MissionGroup","position":[-192.750244,-245.508743,37.2116737],"isRenderEnabled":false,"rotationMatrix":[-0.291257352,0.956645906,0,-0.956645906,-0.291257352,0,0,0,1],"shapeName":"/levels/hirochi_raceway/art/shapes/signs_usa/sign_chevron_right.dae"}
{"class":"TSStatic","persistentId":"4b9d9039-3cd8-4434-9f09-adf16f44e146","__parent":"MissionGroup","position":[-25.0660896,350.543365,33.9761505],"isRenderEnabled":false,"rotationMatrix":[0.0863417536,0.996265531,0,-0.996265531,0.0863417536,0,0,0,1],"shapeName":"/levels/hirochi_raceway/art/shapes/signs_usa/sign_chevron_right.dae"}
{"class":"TSStatic","persistentId":"4bd0a931-f05d-4d3b-9d86-bbfa170290b0","__parent":"MissionGroup","position":[-158.768112,-243.514053,37.2568474],"isRenderEnabled":false,"rotationMatrix":[-0.0451739691,-0.998978972,0,0.998978972,-0.0451739691,0,0,0,1],"shapeName":"/levels/hirochi_raceway/art/shapes/signs_usa/sign_chevron_left.dae"}
{"class":"TSStatic","persistentId":"4def57dc-30f6-4204-951c-a01938b40479","__parent":"MissionGroup","position":[281.327271,340.54834,36.8959808],"isRenderEnabled":false,"rotationMatrix":[0.840829611,0.54129982,0,-0.54129982,0.840829611,0,0,0,1],"shapeName":"/levels/hirochi_raceway/art/shapes/signs_usa/sign_chevron_left.dae"}
{"class":"TSStatic","persistentId":"51b3a9e9-46a3-4b0f-bd52-26ddf63b593f","__parent":"MissionGroup","position":[-44.6650085,420.842316,38.4302025],"isRenderEnabled":false,"rotationMatrix":[0.98494792,0.17285265,0,-0.17285265,0.98494792,0,0,0,1],"shapeName":"/levels/hirochi_raceway/art/shapes/signs_usa/sign_chevron_left.dae"}
{"class":"TSStatic","persistentId":"52eedc55-7343-4ecb-a138-e57fbdec04a1","__parent":"MissionGroup","position":[-323.68512,-105.436218,37.2417603],"isRenderEnabled":false,"rotationMatrix":[-0.413360715,-0.910567105,0,0.910567105,-0.413360715,0,0,0,1],"shapeName":"/levels/hirochi_raceway/art/shapes/signs_usa/sign_yield.dae"}
{"class":"TSStatic","persistentId":"5a75e8c4-016f-41f7-a6b4-6cd68140587d","__parent":"MissionGroup","position":[449.26236,120.943184,26.0916767],"isRenderEnabled":false,"rotationMatrix":[0.261985391,0.965071917,0,-0.965071917,0.261985391,0,0,0,1],"shapeName":"/levels/hirochi_raceway/art/shapes/signs_usa/sign_t-intersection.dae"}
{"class":"TSStatic","persistentId":"5db40b98-0fd8-4052-a425-9e54e1f27b90","__parent":"MissionGroup","position":[-193.033173,-245.459854,37.0397377],"isRenderEnabled":false,"rotationMatrix":[-0.621137023,-0.783701539,0,0.783701539,-0.621137023,0,0,0,1],"shapeName":"/levels/hirochi_raceway/art/shapes/signs_usa/sign_chevron_left.dae"}
{"class":"TSStatic","persistentId":"5db5592f-e570-4788-ade7-9f4816f30ad0","__parent":"MissionGroup","position":[500.988861,127.072701,31.2488117],"isRenderEnabled":false,"rotationMatrix":[0.419844031,0.907596052,0,-0.907596052,0.419844031,0,0,0,1],"shapeName":"/levels/hirochi_raceway/art/shapes/signs_usa/sign_yield_ahead.dae"}
{"class":"TSStatic","persistentId":"5eaca483-56e5-4936-b489-9dc885402a9f","__parent":"MissionGroup","position":[135.632294,-124.506775,25.1665802],"decalType":"Visible Mesh Final","isRenderEnabled":false,"rotationMatrix":[0.0614952371,0.998106718,0,-0.998106718,0.0614952371,0,0,0,1],"shapeName":"/levels/hirochi_raceway/art/shapes/buildings/hr_tent_large_blue.dae"}
{"class":"TSStatic","persistentId":"6083105c-5c9b-4053-a6b8-a6a385f3d3cf","__parent":"MissionGroup","position":[-182.094116,-247.165527,37.1963806],"isRenderEnabled":false,"rotationMatrix":[-0.583865583,-0.811850011,0,0.811850011,-0.583865583,0,0,0,1],"shapeName":"/levels/hirochi_raceway/art/shapes/signs_usa/sign_chevron_left.dae"}
{"class":"TSStatic","persistentId":"626c80f3-94a7-424d-a91b-fc17ad50a4b6","__parent":"MissionGroup","position":[520.381348,128.331161,33.2834549],"isRenderEnabled":false,"rotationMatrix":[0.379897058,0.92502898,0,-0.92502898,0.379897058,0,0,0,1],"shapeName":"/levels/hirochi_raceway/art/shapes/signs_usa/sign_chevron_left.dae"}
{"class":"TSStatic","persistentId":"64a302b2-e076-49ea-95ee-83268500b82a","__parent":"MissionGroup","position":[316.359039,286.111694,36.9728203],"isRenderEnabled":false,"shapeName":"/levels/hirochi_raceway/art/shapes/signs_usa/sign_bend_left.dae"}
{"class":"TSStatic","persistentId":"654a6b74-36e4-4a1c-ad8f-ea2605c2c9c6","__parent":"MissionGroup","position":[-169.084076,-246.537323,37.3509102],"isRenderEnabled":false,"rotationMatrix":[-0.340822041,-0.940127611,0,0.940127611,-0.340822041,0,0,0,1],"shapeName":"/levels/hirochi_raceway/art/shapes/signs_usa/sign_chevron_left.dae"}
{"class":"TSStatic","persistentId":"66303d3e-a11d-446c-89f0-5610c26cd989","__parent":"MissionGroup","position":[-359.218994,218.886002,25.0151005],"annotation":"BUILDINGS","decalType":"Visible Mesh Final","isRenderEnabled":false,"rotationMatrix":[0.544638991,-0.838670552,0,0.838670552,0.544638991,0,0,0,1],"shapeName":"/levels/hirochi_raceway/art/shapes/buildings/controltower.dae"}
{"class":"TSStatic","persistentId":"665cc9c5-c237-4da3-b694-cfe57501369b","__parent":"MissionGroup","position":[55.3348808,343.400757,27.7711773],"isRenderEnabled":false,"rotationMatrix":[0.335478157,0.942047715,0,-0.942047715,0.335478157,0,0,0,1],"shapeName":"/levels/hirochi_raceway/art/shapes/signs_usa/sign_sbend_right.dae"}
{"class":"TSStatic","persistentId":"6c3baf04-1c22-4879-9ac6-10000f6dfd97","__parent":"MissionGroup","position":[434.488708,120.858345,25.3140717],"isRenderEnabled":false,"rotationMatrix":[0.560653567,0.828050613,0,-0.828050613,0.560653567,0,0,0,1],"shapeName":"/levels/hirochi_raceway/art/shapes/signs_usa/sign_yield.dae"}
{"class":"TSStatic","persistentId":"746480fb-77a4-4f53-bf02-fae92ae9f61c","__parent":"MissionGroup","position":[-270.6138,-205.891052,40.0967484],"isRenderEnabled":false,"rotationMatrix":[-0.808896601,-0.587950289,0,0.587950289,-0.808896601,0,0,0,1],"shapeName":"/levels/hirochi_raceway/art/shapes/signs_usa/sign_speedlimit_40.dae"}
{"class":"TSStatic","persistentId":"79cacea5-9b56-4392-94a0-ed6746aadb5b","__parent":"MissionGroup","position":[373.880646,-214.410461,43.4805756],"isRenderEnabled":false,"rotationMatrix":[0.994197369,0.107571289,0,-0.107571289,0.994197369,0,0,0,1],"shapeName":"/levels/hirochi_raceway/art/shapes/signs_usa/sign_yield.dae"}
{"class":"TSStatic","persistentId":"7e1c77a0-4787-4eb1-9e10-e789e8011c18","__parent":"MissionGroup","position":[-21.0858059,347.467072,33.7628441],"isRenderEnabled":false,"rotationMatrix":[-0.898382604,-0.439213574,0,0.439213574,-0.898382604,0,0,0,1],"shapeName":"/levels/hirochi_raceway/art/shapes/signs_usa/sign_chevron_left.dae"}
{"class":"TSStatic","persistentId":"7e2c31b0-785d-4972-9b06-040ceda10201","__parent":"MissionGroup","position":[-12.399931,342.172607,32.8243904],"isRenderEnabled":false,"rotationMatrix":[-0.665970385,-0.745978296,0,0.745978296,-0.665970385,0,0,0,1],"shapeName":"/levels/hirochi_raceway/art/shapes/signs_usa/sign_chevron_left.dae"}
{"class":"TSStatic","persistentId":"87da5d45-0068-4d8e-9890-51c00d843f80","__parent":"MissionGroup","position":[-236.103897,-223.878281,38.8690948],"isRenderEnabled":false,"rotationMatrix":[-0.539460778,-0.842010319,0,0.842010319,-0.539460778,0,0,0,1],"shapeName":"/levels/hirochi_raceway/art/shapes/signs_usa/sign_corner_left25.dae"}
{"class":"TSStatic","persistentId":"88065768-baa8-4fdc-9ff2-eecb89563730","__parent":"MissionGroup","position":[-390.970001,250.014008,25.0020008],"annotation":"OBSTACLES","isRenderEnabled":false,"rotationMatrix":[0.839619815,0.543174505,0,-0.543174505,0.839619815,0,0,0,1],"shapeName":"/levels/hirochi_raceway/art/shapes/buildings/gantry.dae"}
{"class":"TSStatic","persistentId":"881bd988-0831-451f-b430-dbcaaebd9ba7","__parent":"MissionGroup","position":[-371.185425,295.482361,25.00947],"decalType":"Visible Mesh Final","isRenderEnabled":false,"rotationMatrix":[0.84361887,0.536941409,0,-0.536941409,0.84361887,0,0,0,1],"scale":[0.793726087,0.793726087,0.793726087],"shapeName":"/levels/hirochi_raceway/art/shapes/buildings/hr_tent_large_blue.dae"}
{"class":"TSStatic","persistentId":"894407bf-2f9d-4d26-a5eb-1c7f479c0fe9","__parent":"MissionGroup","position":[221.682938,371.540131,35.1312904],"isRenderEnabled":false,"rotationMatrix":[0.399349779,-0.916798711,0,0.916798711,0.399349779,0,0,0,1],"shapeName":"/levels/hirochi_raceway/art/shapes/signs_usa/sign_chevron_right.dae"}
{"class":"TSStatic","persistentId":"8a7d695d-a1a4-4bc1-85d8-443e8b00ca53","__parent":"MissionGroup","position":[-291.351959,-17.3576965,30.8795834],"isRenderEnabled":false,"rotationMatrix":[0.91122824,-0.411902368,0,0.411902368,0.91122824,0,0,0,1],"shapeName":"/levels/hirochi_raceway/art/shapes/signs_usa/sign_chevron_left.dae"}
{"class":"TSStatic","persistentId":"8bcdf10a-ef5e-40d9-b0cf-db97958938c0","__parent":"MissionGroup","position":[-416.667328,216.720154,28.8525009],"annotation":"BUILDINGS","isRenderEnabled":false,"rotationMatrix":[-0.541997671,0.840380073,0,-0.840380073,-0.541997671,0,0,0,1],"shapeName":"/levels/hirochi_raceway/art/shapes/buildings/bleacher.dae"}
{"class":"TSStatic","persistentId":"8d82b311-ce36-4c0b-a8ca-ad13880edac9","__parent":"MissionGroup","position":[379.65509,-323.987823,43.91185],"isRenderEnabled":false,"rotationMatrix":[0.928012729,-0.372546881,0,0.372546881,0.928012729,0,0,0,1],"shapeName":"/levels/hirochi_raceway/art/shapes/signs_usa/sign_yield_ahead.dae"}
{"class":"TSStatic","persistentId":"8f8f476e-2fd2-40c9-b842-3a1ec845d39e","__parent":"MissionGroup","position":[-52.772728,424.735657,38.586586],"isRenderEnabled":false,"rotationMatrix":[0.85860008,0.51264596,0,-0.51264596,0.85860008,0,0,0,1],"shapeName":"/levels/hirochi_raceway/art/shapes/signs_usa/sign_chevron_left.dae"}
{"class":"TSStatic","persistentId":"9104f035-915c-4264-95c7-ca1ca30769f1","__parent":"MissionGroup","position":[-291.440918,-23.1541138,31.0765877],"isRenderEnabled":false,"rotationMatrix":[-0.861562431,-0.507652044,0,0.507652044,-0.861562431,0,0,0,1],"shapeName":"/levels/hirochi_raceway/art/shapes/signs_usa/sign_chevron_right.dae"}
{"class":"TSStatic","persistentId":"93422349-93c0-4b63-baed-ce2cb4c4903f","__parent":"MissionGroup","position":[-168.746002,-246.486435,37.2116737],"isRenderEnabled":false,"rotationMatrix":[-0.686206579,0.72740823,0,-0.72740823,-0.686206579,0,0,0,1],"shapeName":"/levels/hirochi_raceway/art/shapes/signs_usa/sign_chevron_right.dae"}
{"class":"TSStatic","persistentId":"977bbb00-6b43-446e-b652-3a8f8e92b1e8","__parent":"MissionGroup","position":[407.515839,112.899002,24.200798],"isRenderEnabled":false,"rotationMatrix":[-0.354644477,0.935001135,0,-0.935001135,-0.354644477,0,0,0,1],"shapeName":"/levels/hirochi_raceway/art/shapes/signs_usa/sign_2way.dae"}
{"class":"TSStatic","persistentId":"990933ff-df99-40a3-9194-97741051cab7","__parent":"MissionGroup","position":[288.626007,334.164673,37.23806],"isRenderEnabled":false,"rotationMatrix":[0.942755461,0.333484292,0,-0.333484292,0.942755461,0,0,0,1],"shapeName":"/levels/hirochi_raceway/art/shapes/signs_usa/sign_chevron_left.dae"}
{"class":"TSStatic","persistentId":"9b3bdc23-91d6-487d-822b-4b25dad70506","__parent":"MissionGroup","position":[-143.170898,-233.606064,36.3253975],"isRenderEnabled":false,"rotationMatrix":[-0.974893928,0.222670555,0,-0.222670555,-0.974893928,0,0,0,1],"shapeName":"/levels/hirochi_raceway/art/shapes/signs_usa/sign_chevron_right.dae"}
{"class":"TSStatic","persistentId":"a03b59b8-9872-446c-aa7b-005e8b8138d3","__parent":"MissionGroup","position":[306.297241,306.789673,36.9374504],"isRenderEnabled":false,"rotationMatrix":[-0.660539269,-0.750791192,0,0.750791192,-0.660539269,0,0,0,1],"shapeName":"/levels/hirochi_raceway/art/shapes/signs_usa/sign_chevron_right.dae"}
{"class":"TSStatic","persistentId":"aa00c5ce-813e-4698-91ec-267160c9ec8f","__parent":"MissionGroup","position":[-294.942688,-30.3532734,31.5150032],"isRenderEnabled":false,"rotationMatrix":[-0.999278128,-0.0380090699,0,0.0380090699,-0.999278128,0,0,0,1],"shapeName":"/levels/hirochi_raceway/art/shapes/signs_usa/sign_chevron_right.dae"}
{"class":"TSStatic","persistentId":"ab0e02a7-54b0-4576-9d71-7021e4b0ab68","__parent":"MissionGroup","position":[-458.377014,276.041992,33.3790016],"annotation":"BUILDINGS","isRenderEnabled":false,"rotationMatrix":[0.543174505,-0.839619875,0,0.839619875,0.543174505,0,0,0,1],"shapeName":"/levels/hirochi_raceway/art/shapes/buildings/grandstand.dae"}
{"class":"TSStatic","persistentId":"ab2318e1-b656-40cb-bb83-3ba49b8948fa","__parent":"MissionGroup","position":[-362.356232,-88.2619324,34.4318657],"isRenderEnabled":false,"rotationMatrix":[-0.796892524,-0.604120851,0,0.604120851,-0.796892524,0,0,0,1],"shapeName":"/levels/hirochi_raceway/art/shapes/signs_usa/sign_t-intersection.dae"}
{"class":"TSStatic","persistentId":"ae981bd8-75db-4412-a22e-b64bf411e9a2","__parent":"MissionGroup","position":[206.97139,374.946228,34.5742607],"isRenderEnabled":false,"rotationMatrix":[0.541013122,0.841014743,0,-0.841014743,0.541013122,0,0,0,1],"shapeName":"/levels/hirochi_raceway/art/shapes/signs_usa/sign_chevron_left.dae"}
{"class":"TSStatic","persistentId":"b3cbbee5-0ca0-4b34-9616-c94183bbbcd3","__parent":"MissionGroup","position":[164.928726,349.019714,31.9356632],"isRenderEnabled":false,"rotationMatrix":[0.019133389,-0.999816895,0,0.999816895,0.019133389,0,0,0,1],"shapeName":"/levels/hirochi_raceway/art/shapes/signs_usa/sign_bend_right.dae"}
{"class":"TSStatic","persistentId":"b78b81d1-3e75-4141-9f7e-f4938b37087d","__parent":"MissionGroup","position":[230.444412,367.30777,35.2560463],"isRenderEnabled":false,"rotationMatrix":[0.026755143,-0.999642134,0,0.999642134,0.026755143,0,0,0,1],"shapeName":"/levels/hirochi_raceway/art/shapes/signs_usa/sign_chevron_right.dae"}
{"class":"TSStatic","persistentId":"ba335540-9791-4f5f-9d96-c5c47ce2f0d0","__parent":"MissionGroup","position":[-517.018982,372.093994,28.8525009],"isRenderEnabled":false,"rotationMatrix":[-0.541997671,0.840380073,0,-0.840380073,-0.541997671,0,0,0,1],"shapeName":"/levels/hirochi_raceway/art/shapes/buildings/bleacher.dae"}
{"class":"TSStatic","persistentId":"bae1a22d-b298-44c3-91f1-d638c4b77bef","__parent":"MissionGroup","position":[540.243347,125.626022,35.0768127],"isRenderEnabled":false,"rotationMatrix":[0.730278075,0.683150351,0,-0.683150351,0.730278075,0,0,0,1],"shapeName":"/levels/hirochi_raceway/art/shapes/signs_usa/sign_chevron_left.dae"}
{"class":"TSStatic","persistentId":"bbb7a6e9-2cf5-4b91-bc6c-b4091fa4000d","__parent":"MissionGroup","position":[605.035156,39.5382729,43.6955795],"isRenderEnabled":false,"rotationMatrix":[0.947193861,-0.320664465,0,0.320664465,0.947193861,0,0,0,1],"shapeName":"/levels/hirochi_raceway/art/shapes/signs_usa/sign_chevron_left.dae"}
{"class":"TSStatic","persistentId":"bd623eab-fa38-4e6f-b9e7-4d13b9a11afe","__parent":"MissionGroup","position":[-318.828522,-125.484398,38.6581116],"isRenderEnabled":false,"rotationMatrix":[-0.977272213,0.211988837,0,-0.211988837,-0.977272213,0,0,0,1],"shapeName":"/levels/hirochi_raceway/art/shapes/signs_usa/sign_corner_left25.dae"}
{"class":"TSStatic","persistentId":"bf19bbd7-6113-4f9c-a938-f79af4aca096","__parent":"MissionGroup","position":[-383.5914,103.42395,28.1305885],"isRenderEnabled":false,"rotationMatrix":[-0.977226794,0.212199464,0,-0.212199464,-0.977226794,0,0,0,1],"shapeName":"/levels/hirochi_raceway/art/shapes/signs_usa/sign_chevron_left.dae"}
{"class":"TSStatic","persistentId":"c0ad4858-5b8b-43af-b04a-b5bb0e9c9e62","__parent":"MissionGroup","position":[-38.0698586,415.043304,37.9672585],"isRenderEnabled":false,"rotationMatrix":[-0.190242693,-0.981736839,0,0.981736839,-0.190242693,0,0,0,1],"shapeName":"/levels/hirochi_raceway/art/shapes/signs_usa/sign_chevron_right.dae"}
{"class":"TSStatic","persistentId":"c28723f1-1230-4681-b288-c342b56f296d","__parent":"MissionGroup","isRenderEnabled":false,"shapeName":"/levels/hirochi_raceway/art/shapes/mockup/track_rubber.dae"}
{"class":"TSStatic","persistentId":"c581356b-75d4-4e41-befc-0e2f23ae9a30","__parent":"MissionGroup","position":[-364.173035,56.2691612,25.6056004],"isRenderEnabled":false,"rotationMatrix":[-0.923535407,-0.383512795,0,0.383512795,-0.923535407,0,0,0,1],"shapeName":"/levels/hirochi_raceway/art/shapes/signs_usa/sign_corner_right25.dae"}
{"class":"TSStatic","persistentId":"c65c9a19-7b7b-4550-83ae-5638af47c6ab","__parent":"MissionGroup","position":[-352.713074,313.581299,25.0447845],"isRenderEnabled":false,"rotationMatrix":[0.5455814,-0.838058174,0,0.838058174,0.5455814,0,0,0,1],"shapeName":"/levels/hirochi_raceway/art/shapes/buildings/hr_tent_large_white.dae"}
{"class":"TSStatic","persistentId":"c7e693c6-0156-4e31-a6cf-65d286f63ef5","__parent":"MissionGroup","position":[190.532593,-121.632713,24.7542877],"isRenderEnabled":false,"rotationMatrix":[0.996493697,-0.0836679637,0,0.0836679637,0.996493697,0,0,0,1],"shapeName":"/levels/hirochi_raceway/art/shapes/buildings/hr_tent_large_white.dae"}
{"class":"TSStatic","persistentId":"c832ee66-2894-4d3f-ab23-b917f7448dfc","__parent":"MissionGroup","position":[-158.413727,-243.33667,37.2116737],"isRenderEnabled":false,"rotationMatrix":[-0.899625421,0.436662674,0,-0.436662674,-0.899625421,0,0,0,1],"shapeName":"/levels/hirochi_raceway/art/shapes/signs_usa/sign_chevron_right.dae"}
{"class":"TSStatic","persistentId":"d0a691fe-1b55-4d97-90a6-979dafb239df","__parent":"MissionGroup","position":[-19.0711765,345.789612,33.5271072],"isRenderEnabled":false,"rotationMatrix":[-0.150578678,0.988597929,0,-0.988597929,-0.150578678,0,0,0,1],"shapeName":"/levels/hirochi_raceway/art/shapes/signs_usa/sign_chevron_right.dae"}
{"class":"TSStatic","persistentId":"d0fb5ca9-2885-44d8-bd0c-e48f7d674930","__parent":"MissionGroup","position":[-99.4818344,-142.189651,31.7155952],"isRenderEnabled":false,"rotationMatrix":[0.959622085,-0.281292737,0,0.281292737,0.959622085,0,0,0,1],"shapeName":"/levels/hirochi_raceway/art/shapes/signs_usa/sign_chevron_right.dae"}
{"class":"TSStatic","persistentId":"d1881f7b-a3a0-4731-884d-2e43a77366a5","__parent":"MissionGroup","position":[-181.780869,-247.178497,37.2116737],"isRenderEnabled":false,"rotationMatrix":[-0.42886883,0.903367996,0,-0.903367996,-0.42886883,0,0,0,1],"shapeName":"/levels/hirochi_raceway/art/shapes/signs_usa/sign_chevron_right.dae"}
{"class":"TSStatic","persistentId":"d492a495-ed05-4e75-a847-c7af92369933","__parent":"MissionGroup","position":[-488.802246,2.20128536,27.482151],"eca_bld_metalbeams":"eca_bld_metalbeams_mat","isRenderEnabled":false,"rotationMatrix":[0.12083856,-0.992672443,0,0.992672443,0.12083856,0,0,0,1],"shapeName":"/levels/hirochi_raceway/art/shapes/signs_usa/sign_intersection_offset_left.dae"}
{"class":"TSStatic","persistentId":"d6d3bada-ccb2-491c-8c5a-05085cee83d4","__parent":"MissionGroup","position":[-33.2627182,364.246643,34.7702827],"isRenderEnabled":false,"rotationMatrix":[0.536152244,0.844120979,0,-0.844120979,0.536152244,0,0,0,1],"shapeName":"/levels/hirochi_raceway/art/shapes/signs_usa/sign_chevron_right.dae"}
{"class":"TSStatic","persistentId":"d79faefb-4581-4d21-819f-4feb241f36fa","__parent":"MissionGroup","position":[-294.108398,-11.0444698,30.4636002],"isRenderEnabled":false,"rotationMatrix":[0.974502861,-0.22437349,0,0.22437349,0.974502861,0,0,0,1],"shapeName":"/levels/hirochi_raceway/art/shapes/signs_usa/sign_chevron_left.dae"}
{"class":"TSStatic","persistentId":"d80c2255-39ea-4d03-9506-6decf8f99e4b","__parent":"MissionGroup","position":[327.723358,225.796143,32.9269753],"isRenderEnabled":false,"rotationMatrix":[-0.994811118,-0.101739921,0,0.101739921,-0.994811118,0,0,0,1],"shapeName":"/levels/hirochi_raceway/art/shapes/signs_usa/sign_speedlimit_40.dae"}
{"class":"TSStatic","persistentId":"d9681e97-89c0-4310-ba06-58d7375ae957","__parent":"MissionGroup","position":[-65.4029846,-145.404648,28.6384945],"isRenderEnabled":false,"rotationMatrix":[0.935631752,0.352978021,0,-0.352978021,0.935631752,0,0,0,1],"shapeName":"/levels/hirochi_raceway/art/shapes/signs_usa/sign_yield.dae"}
{"class":"TSStatic","persistentId":"dc20bca5-025d-4395-af73-35539ef916e0","__parent":"MissionGroup","position":[-292.866302,-26.835146,31.2983742],"isRenderEnabled":false,"rotationMatrix":[-0.985793173,-0.167964861,0,0.167964861,-0.985793173,0,0,0,1],"shapeName":"/levels/hirochi_raceway/art/shapes/signs_usa/sign_chevron_right.dae"}
{"class":"TSStatic","persistentId":"de3978ad-e224-4fa3-9260-6e4f841c8378","__parent":"MissionGroup","position":[295.159393,326.188507,37.2882462],"isRenderEnabled":false,"rotationMatrix":[-0.31016317,-0.950683177,0,0.950683177,-0.31016317,0,0,0,1],"shapeName":"/levels/hirochi_raceway/art/shapes/signs_usa/sign_chevron_right.dae"}
{"class":"TSStatic","persistentId":"df1e6023-f621-4a9c-b479-8841663f0980","__parent":"MissionGroup","position":[-151.125168,-239.797714,36.8247871],"isRenderEnabled":false,"rotationMatrix":[-0.974893928,0.222670555,0,-0.222670555,-0.974893928,0,0,0,1],"shapeName":"/levels/hirochi_raceway/art/shapes/signs_usa/sign_chevron_right.dae"}
{"class":"TSStatic","persistentId":"e634f78c-a3a4-4002-94d2-4db82b87e0c7","__parent":"MissionGroup","position":[605.612427,61.493885,42.9560127],"isRenderEnabled":false,"rotationMatrix":[0.906703651,-0.421770155,0,0.421770155,0.906703651,0,0,0,1],"shapeName":"/levels/hirochi_raceway/art/shapes/signs_usa/sign_chevron_left.dae"}
{"class":"TSStatic","persistentId":"ec26df1f-d7ee-4a53-9052-231eb31bad49","__parent":"MissionGroup","position":[596.664734,84.9090042,41.6784096],"isRenderEnabled":false,"rotationMatrix":[0.972277761,-0.233831808,0,0.233831808,0.972277761,0,0,0,1],"shapeName":"/levels/hirochi_raceway/art/shapes/signs_usa/sign_chevron_left.dae"}
{"class":"TSStatic","persistentId":"ec5cb948-5e48-4fb0-8cb8-141b49d94bb3","__parent":"MissionGroup","position":[-450.58429,65.7560501,29.4697227],"isRenderEnabled":false,"rotationMatrix":[0.99862504,-0.0524213128,0,0.0524213128,0.99862504,0,0,0,1],"shapeName":"/levels/hirochi_raceway/art/shapes/buildings/controlbooth.dae"}
{"class":"TSStatic","persistentId":"edfd65a7-0654-4a37-a73e-d2dd0b5ab890","__parent":"MissionGroup","position":[-489.919525,330.522461,28.8525009],"isRenderEnabled":false,"rotationMatrix":[-0.541997671,0.840380073,0,-0.840380073,-0.541997671,0,0,0,1],"shapeName":"/levels/hirochi_raceway/art/shapes/buildings/bleacher.dae"}
{"class":"TSStatic","persistentId":"f885e168-6f1a-4e99-aac6-7727ece0c612","__parent":"MissionGroup","position":[-291.476013,-23.6044521,31.1280231],"isRenderEnabled":false,"rotationMatrix":[0.815323651,-0.57900548,0,0.57900548,0.815323651,0,0,0,1],"shapeName":"/levels/hirochi_raceway/art/shapes/signs_usa/sign_chevron_left.dae"}
{"class":"TSStatic","persistentId":"f8c65e28-8869-4db2-8726-cdb5493f8ec9","__parent":"MissionGroup","position":[-427.019806,25.6199665,30.3921165],"isRenderEnabled":false,"shapeName":"/levels/hirochi_raceway/art/shapes/signs_usa/sign_2way.dae"}
{"class":"Prefab","persistentId":"0d4954e2-a468-41db-b2e0-71dd257e04c7","__parent":"MissionGroup","annotation":"BUILDINGS","fileName":"levels/hirochi_raceway/art/prefabs/hr_building1.prefab"}
{"class":"Prefab","persistentId":"15fbd250-4fbd-4417-ae44-925a6f857d1e","__parent":"MissionGroup","annotation":"OBSTACLES","fileName":"/levels/hirochi_raceway/art/prefabs/barriers_red_track.prefab"}
{"class":"Prefab","persistentId":"1cbf034c-548e-4c48-8a62-7d486580ce1b","__parent":"MissionGroup","annotation":"OBSTACLES","fileName":"/levels/hirochi_raceway/art/prefabs/arrowboard_L.prefab"}
{"name":"flag_hirochi","class":"Prefab","persistentId":"1153bfbd-ebb7-4e56-89bc-ea9a63eeb9bd","__parent":"MissionGroup","fileName":"levels/hirochi_raceway/art/prefabs/flag_hirochi.prefab"}
{"class":"Prefab","persistentId":"24977737-dafa-4569-91d7-32e8ac6b5840","__parent":"MissionGroup","annotation":"OBSTACLES","fileName":"/levels/hirochi_raceway/art/prefabs/constructionbarrier.prefab"}
{"class":"Prefab","persistentId":"2c72bbc5-fda6-4ed9-870b-cf3fb150d176","__parent":"MissionGroup","annotation":"OBSTACLES","fileName":"levels/hirochi_raceway/art/prefabs/pit_downpipe.prefab"}
{"class":"Prefab","persistentId":"31c2835b-d34f-4f59-aa64-3222baf9af1d","__parent":"MissionGroup","annotation":"BUILDINGS","fileName":"levels/hirochi_raceway/art/prefabs/pit_garage.prefab"}
{"class":"Prefab","persistentId":"3c9bd271-97f1-44b7-99b4-91602665b5cd","__parent":"MissionGroup","annotation":"BUILDINGS","fileName":"levels/hirochi_raceway/art/prefabs/pit_upper_level.prefab"}
{"class":"Prefab","persistentId":"48365e91-3f29-43f8-9ed5-cfa3526525b9","__parent":"MissionGroup","annotation":"BUILDINGS","fileName":"/levels/hirochi_raceway/art/prefabs/acunit2.prefab"}
{"class":"Prefab","persistentId":"4939eb23-8a96-44c4-820b-df5aa7d6a18f","__parent":"MissionGroup","annotation":"OBSTACLES","fileName":"levels/hirochi_raceway/art/prefabs/boom_lift.prefab"}
{"class":"Prefab","persistentId":"8251372c-8c05-4519-99b7-48db4875d993","__parent":"MissionGroup","annotation":"OBSTACLES","fileName":"levels/hirochi_raceway/art/prefabs/gazebo_yellow.prefab"}
{"class":"Prefab","persistentId":"84173b13-388f-4e1d-90be-f90540e3bd88","__parent":"MissionGroup","annotation":"OBSTACLES","fileName":"/levels/hirochi_raceway/art/prefabs/arrowboard_R.prefab"}
{"class":"Prefab","persistentId":"85ae3774-ee8b-42c7-9b27-16cd07f8babc","__parent":"MissionGroup","annotation":"BUILDINGS","fileName":"levels/hirochi_raceway/art/prefabs/pit_garagedoor.prefab"}
{"class":"Prefab","persistentId":"9deff58e-973b-4979-b98c-afdcb9275c60","__parent":"MissionGroup","annotation":"OBSTACLES","fileName":"levels/hirochi_raceway/art/prefabs/marshal_tower.prefab"}
{"class":"Prefab","persistentId":"a4447cc3-8591-4df9-810d-26b6bd108523","__parent":"MissionGroup","annotation":"OBSTACLES","fileName":"/levels/hirochi_raceway/art/prefabs/concrete_tube.prefab"}
{"class":"Prefab","persistentId":"ad52b5d7-69dd-4900-a56d-9b94c9c4cc6d","__parent":"MissionGroup","annotation":"OBSTACLES","fileName":"levels/hirochi_raceway/art/prefabs/billboard_10x5.prefab"}
{"class":"Prefab","persistentId":"b98428ee-5e33-4e2b-9c8c-25f073a232a7","__parent":"MissionGroup","annotation":"OBSTACLES","fileName":"levels/hirochi_raceway/art/prefabs/gazebo_striped_blue.prefab"}
{"class":"Prefab","persistentId":"ccf92ddc-5976-48bf-8fb6-e10a572aac1c","__parent":"MissionGroup","annotation":"OBSTACLES","fileName":"/levels/hirochi_raceway/art/prefabs/acunit1.prefab"}
{"class":"Prefab","persistentId":"d22fc6bd-cb6e-4691-a727-dd7f1040cf1b","__parent":"MissionGroup","annotation":"OBSTACLES","fileName":"/levels/hirochi_raceway/art/prefabs/barriers_white_track.prefab"}
{"class":"Prefab","persistentId":"da37bfbe-2cf4-45fa-a5b6-7161c1f1ea04","__parent":"MissionGroup","annotation":"OBSTACLES","fileName":"/levels/hirochi_raceway/art/prefabs/excavator.prefab"}
{"class":"Prefab","persistentId":"e1aade5c-085e-494d-9d92-40f12c0b4870","__parent":"MissionGroup","annotation":"OBSTACLES","fileName":"levels/hirochi_raceway/art/prefabs/marshal_stand.prefab"}
{"class":"Prefab","persistentId":"eeb33b1d-5c19-4ed3-a1da-f08ed2533648","__parent":"MissionGroup","annotation":"BUILDINGS","fileName":"levels/hirochi_raceway/art/prefabs/pit_door_closed.prefab"}
{"class":"Prefab","persistentId":"f768254b-939d-4be5-a32e-f32f31e93b5f","__parent":"MissionGroup","annotation":"OBSTACLES","fileName":"levels/hirochi_raceway/art/prefabs/toilet.prefab"}
{"class":"Prefab","persistentId":"f7ca406b-8d67-499c-9ff4-4f8d74cd93ec","__parent":"MissionGroup","annotation":"OBSTACLES","fileName":"levels/hirochi_raceway/art/prefabs/gazebo_striped_red.prefab"}
{"class":"Prefab","persistentId":"811883f6-8c92-438a-b7ea-8ebe014a090b","__parent":"MissionGroup","annotation":"OBSTACLES","fileName":"levels/hirochi_raceway/art/prefabs/gazebo_black.prefab"}
{"class":"Prefab","persistentId":"bb0b60e7-53bc-44fc-99a3-7cae98a63bf7","__parent":"MissionGroup","annotation":"OBSTACLES","fileName":"levels/hirochi_raceway/art/prefabs/gazebo_blue.prefab"}
{"name":"floodlight_portable","class":"Prefab","persistentId":"d479dffc-97c4-4685-8464-c902b8d4d671","__parent":"MissionGroup","annotation":"OBSTACLES","fileName":"/levels/hirochi_raceway/art/prefabs/floodlight_portable.prefab"}
{"class":"Prefab","persistentId":"88a89412-4a57-410e-b260-1798a09ecb7f","__parent":"MissionGroup","annotation":"OBSTACLES","fileName":"levels/hirochi_raceway/art/prefabs/gazebo_red.prefab"}
{"class":"Prefab","persistentId":"25223a45-6a9b-4ada-9050-c70af7feadb7","__parent":"MissionGroup","annotation":"OBSTACLES","fileName":"levels/hirochi_raceway/art/prefabs/gazebo_white.prefab"}
{"class":"TSStatic","persistentId":"998a6e67-be78-4c4a-b373-9cb38da01c65","__parent":"MissionGroup","collisionType":"Visible Mesh Final","decalType":"None","isRenderEnabled":false,"shapeName":"/levels/hirochi_raceway/art/shapes/objects/catchfence_collision.dae","useInstanceRenderData":true}
{"name":"night_light","class":"SimGroup","persistentId":"86958e5e-f7de-49eb-8c8e-483ea020aa6a","__parent":"MissionGroup"}
{"name":"BeamLR","class":"SimGroup","persistentId":"ea5e36f1-6d2c-4ff3-89ac-3bf99f715ad5","__parent":"MissionGroup"}
