{"name":"theTerrain2","class":"TerrainBlock","persistentId":"6639f0ae-89f9-4134-8285-c305155e33aa","__parent":"terrain","position":[-1024,-1024,0],"baseTexSize":2048,"materialTextureSet":"east_coast_usaTerrainMaterialTextureSet","maxHeight":120,"minimapImage":"levels/east_coast_usa/east_coast_minimap.png","terrainFile":"/levels/east_coast_usa/theTerrain2.ter"}
{"class":"TSStatic","persistentId":"1d95ffab-8b7b-4880-ad3a-102560b94cbb","__parent":"terrain","position":[761.576172,-361.957336,56.2803993],"isRenderEnabled":false,"rotationMatrix":[0.998655856,0.0518315062,0,-0.0518315062,0.998655856,0,0,0,1],"shapeName":"/levels/east_coast_usa/art/shapes/buildings/eca_comsign_artisans.dae"}
{"class":"TSStatic","persistentId":"c72d2d90-651f-42b0-b9c2-37b522b63368","__parent":"terrain","position":[761.293274,-361.96228,56.994854],"isRenderEnabled":false,"rotationMatrix":[0.99864167,0.05210457,0,-0.05210457,0.99864167,0,0,0,1],"shapeName":"/levels/east_coast_usa/art/shapes/buildings/eca_comsign_mountingbracket.dae"}
{"class":"Prefab","persistentId":"a1cc4e5b-e576-4a79-9bfe-0c4aaf2eeaff","__parent":"terrain","position":[642.490845,-86.1313324,51.3159218],"filename":"levels/east_coast_usa/art/prefabs/cafe_tables_small.prefab","rotationMatrix":[-0.981076479,0.193618059,0,-0.193618059,-0.981076479,0,0,0,1]}
{"class":"Prefab","persistentId":"a75137d9-453f-4dc1-8f25-c3de32cbb151","__parent":"terrain","position":[657.321289,-104.970825,51.3159218],"filename":"levels/east_coast_usa/art/prefabs/cafe_tables_small.prefab","rotationMatrix":[-0.981076479,0.193618059,0,-0.193618059,-0.981076479,0,0,0,1]}
{"class":"Prefab","persistentId":"c1d30db3-e971-465c-a670-5ebbaf809740","__parent":"terrain","position":[662.540649,-111.784721,51.3159218],"filename":"levels/east_coast_usa/art/prefabs/cafe_tables_small.prefab","rotationMatrix":[-0.981076479,0.193618059,0,-0.193618059,-0.981076479,0,0,0,1]}
{"class":"Prefab","persistentId":"efa82a04-a311-45d4-93e5-1a2d0ecd72c0","__parent":"terrain","position":[647.226929,-92.4631729,51.3159218],"filename":"levels/east_coast_usa/art/prefabs/cafe_tables_small.prefab","rotationMatrix":[-0.981076479,0.193618059,0,-0.193618059,-0.981076479,0,0,0,1]}
