{"name":"sky_and_sun","class":"SimGroup","persistentId":"2de85853-9650-4866-8352-868478f51f93","__parent":"MissionGroup"}
{"name":"PlayerDropPoints","class":"SimGroup","persistentId":"32e427d3-2989-4d78-ae75-5c5762612f2d","__parent":"MissionGroup","enabled":"1"}
{"name":"CameraBookmarks","class":"SimGroup","persistentId":"343fa294-49c4-486e-a439-f1573e91581a","__parent":"MissionGroup"}
{"name":"Assets","class":"SimGroup","persistentId":"525adfcc-adb1-4fb7-8c2c-9eda3adcfd71","__parent":"MissionGroup"}
{"name":"Terrain","class":"SimGroup","persistentId":"d45f05d1-ba67-427b-88b4-eaa76fec1578","__parent":"MissionGroup"}
{"name":"NightLights","class":"SimGroup","persistentId":"a0b896b1-da05-465b-a9f6-f3c956c3dad4","__parent":"MissionGroup","hidden":true}
{"name":"Water1","class":"WaterBlock","persistentId":"3ee58d2f-b067-4001-9415-7d9438e19e07","__parent":"MissionGroup","position":[363.338745,-2901.29053,34.9899292],"Foam":[{},{}],"Ripples (texture animation)":[{"rippleDir":[0,1],"rippleSpeed":0.0649999976,"rippleTexScale":[7.13999987,7.13999987]},{"rippleDir":[0.707000017,0.707000017],"rippleSpeed":0.0900000036,"rippleTexScale":[6.25,12.5]},{"rippleDir":[0.5,0.860000014],"rippleSpeed":0.0399999991,"rippleTexScale":[50,50]}],"Waves (vertex undulation)":[{"waveDir":[0,1],"waveMagnitude":0.200000003,"waveSpeed":1},{"waveDir":[0.707000017,0.707000017],"waveMagnitude":0.200000003,"waveSpeed":1},{"waveDir":[0.5,0.860000014],"waveMagnitude":0.200000003,"waveSpeed":1}],"baseColor":[9,134,252,255],"clarity":0.200000003,"cubemap":"GreySkyCubemap","density":5000,"depthGradientTex":"core/art/water/depthcolor_ramp","distortStartDist":1.49011612e-08,"foamRippleInfluence":1,"foamTex":"core/art/water/foam","fresnelBias":0.5,"fresnelPower":5,"overallFoamOpacity":2,"overallRippleMagnitude":0.400000006,"overallWaveMagnitude":0.0799999982,"reflectDetailAdjust":0.099999927,"reflectMaxRateMs":16,"reflectNormalUp":false,"reflectivity":0.800000012,"rippleTex":"core/art/water/ripple","rotationMatrix":[0.997990668,0.0633587837,0.000276456558,-0.0633593798,0.997981191,0.00435454166,7.27590297e-12,-0.00436330913,0.999990404],"scale":[8000,5000,100],"specularPower":40,"useOcclusionQuery":false,"viscosity":500000,"waterFogDensity":0.5,"waterFogDensityOffset":0.200000003,"wetDarkening":0.5,"wetDepth":1}
{"name":"Canal Water","class":"WaterBlock","persistentId":"ddf05263-a653-4081-90a0-75666851d6a1","__parent":"MissionGroup","position":[76.163208,-28.695343,28.636179],"Foam":[{},{}],"Ripples (texture animation)":[{"rippleDir":[0,1],"rippleSpeed":0.0649999976,"rippleTexScale":[7.13999987,7.13999987]},{"rippleDir":[0.707000017,0.707000017],"rippleSpeed":0.0900000036,"rippleTexScale":[6.25,12.5]},{"rippleDir":[0.5,0.860000014],"rippleSpeed":0.0399999991,"rippleTexScale":[50,50]}],"Waves (vertex undulation)":[{"waveDir":[0,1],"waveMagnitude":0.200000003,"waveSpeed":1},{"waveDir":[0.707000017,0.707000017],"waveMagnitude":0.200000003,"waveSpeed":1},{"waveDir":[0.5,0.860000014],"waveMagnitude":0.200000003,"waveSpeed":1}],"baseColor":[9,134,252,255],"clarity":0.200000003,"cubemap":"GreySkyCubemap","density":600,"depthGradientTex":"core/art/water/depthcolor_ramp","distortStartDist":1.49011612e-08,"foamRippleInfluence":1,"foamTex":"core/art/water/foam","fresnelBias":0.5,"fresnelPower":5,"overallFoamOpacity":2,"overallRippleMagnitude":0.200000003,"overallWaveMagnitude":0,"reflectDetailAdjust":0.100000001,"reflectMaxRateMs":16,"reflectNormalUp":false,"reflectivity":0.200000003,"rippleTex":"core/art/water/ripple","rotationMatrix":[0.984787166,0.173764482,0,-0.173764482,0.984787166,0,0,0,0.999999881],"scale":[3000,500,100],"specularPower":40,"useOcclusionQuery":false,"viscosity":300,"waterFogDensity":0.400000006,"waterFogDensityOffset":0.200000003,"wetDarkening":0.300000012,"wetDepth":0.600000024}
{"name":"SLRR Water","class":"TSStatic","persistentId":"48a224f5-4304-4b62-a208-cdb2810eb637","__parent":"MissionGroup","position":[0,0,50],"collisionType":"Visible Mesh Final","decalType":"Visible Mesh Final","hidden":true,"isRenderEnabled":false,"rotationMatrix":[0.99999994,0,0,0,0.99999994,0,0,0,0.999999881],"scale":[1000,1000,1000],"shapeName":"/levels/valo_city/city/Water.dae","useInstanceRenderData":true}
{"name":"Traffic Lights","class":"SimGroup","persistentId":"fefcb596-8daf-4b34-bca3-d30a03df7f90","__parent":"MissionGroup"}
{"name":"GaragesLamps","class":"SimGroup","persistentId":"3fe65314-8d86-4102-8009-64345386a855","__parent":"MissionGroup"}
{"name":"DecalRoads","class":"SimGroup","__parent":"MissionGroup"}
{"name":"BeamLR","class":"SimGroup","__parent":"MissionGroup"}
