{"class":"TSStatic","persistentId":"aa84a709-8a6b-4bf2-b61d-54ddcbea7161","__parent":"Windmills","position":[1081.55054,762.346497,58.9948769],"rotationMatrix":[0.900000155,0.435889542,0,-0.435889542,0.900000155,0,0,0,1],"shapeName":"/levels/Valo_City/objects/szelmalom/szelmalom.dae","useInstanceRenderData":true}
{"class":"TSStatic","persistentId":"0e537ce8-ad69-4d09-a115-f3fb41145f88","__parent":"Windmills","position":[1091.00647,837.458496,58.9948769],"rotationMatrix":[0.900000155,0.435889542,0,-0.435889542,0.900000155,0,0,0,1],"shapeName":"/levels/Valo_City/objects/szelmalom/szelmalom.dae","useInstanceRenderData":true}
{"class":"TSStatic","persistentId":"848a2555-a002-4248-8ef8-df41b5125d3a","__parent":"Windmills","position":[1064.91138,944.03717,56.7740097],"rotationMatrix":[0.900000155,0.435889542,0,-0.435889542,0.900000155,0,0,0,1],"shapeName":"/levels/Valo_City/objects/szelmalom/szelmalom.dae","useInstanceRenderData":true}
{"class":"TSStatic","persistentId":"1101d964-9e11-4b42-86dc-6441db0714ef","__parent":"Windmills","position":[1146.23657,822.506775,58.837841],"rotationMatrix":[0.900000155,0.435889542,0,-0.435889542,0.900000155,0,0,0,1],"shapeName":"/levels/Valo_City/objects/szelmalom/szelmalom.dae","useInstanceRenderData":true}
{"class":"TSStatic","persistentId":"90709e03-699d-4970-977c-3ed261aca0e0","__parent":"Windmills","position":[1188.01965,690.39917,58.8297768],"rotationMatrix":[0.900000155,0.435889542,0,-0.435889542,0.900000155,0,0,0,1],"shapeName":"/levels/Valo_City/objects/szelmalom/szelmalom.dae","useInstanceRenderData":true}
{"class":"TSStatic","persistentId":"8a781560-d0a8-4cdb-829a-1f0d073fda89","__parent":"Windmills","position":[1289.59265,715.566528,57.7738991],"rotationMatrix":[0.900000155,0.435889542,0,-0.435889542,0.900000155,0,0,0,1],"shapeName":"/levels/Valo_City/objects/szelmalom/szelmalom.dae","useInstanceRenderData":true}
{"class":"TSStatic","persistentId":"fa83b749-e78b-422e-bb55-c85c61d5dc17","__parent":"Windmills","position":[1221.06396,844.810669,57.4525566],"rotationMatrix":[0.900000155,0.435889542,0,-0.435889542,0.900000155,0,0,0,1],"shapeName":"/levels/Valo_City/objects/szelmalom/szelmalom.dae","useInstanceRenderData":true}
{"class":"TSStatic","persistentId":"96746442-5a3d-4c37-8845-6b6d244c5166","__parent":"Windmills","position":[1051.32593,266.980957,46.6983986],"rotationMatrix":[0.900000155,0.435889542,0,-0.435889542,0.900000155,0,0,0,1],"shapeName":"/levels/Valo_City/objects/szelmalom/szelmalom.dae","useInstanceRenderData":true}
{"class":"TSStatic","persistentId":"fd09c114-fadb-4a67-8546-c2d5eb61beda","__parent":"Windmills","position":[1137.47412,301.053101,49.7614975],"rotationMatrix":[0.900000155,0.435889542,0,-0.435889542,0.900000155,0,0,0,1],"shapeName":"/levels/Valo_City/objects/szelmalom/szelmalom.dae","useInstanceRenderData":true}
{"class":"TSStatic","persistentId":"d9e9dc45-aef9-4a40-aa8e-93b845cfe436","__parent":"Windmills","position":[1041.51465,191.727631,39.0869102],"rotationMatrix":[0.900000155,0.435889542,0,-0.435889542,0.900000155,0,0,0,1],"shapeName":"/levels/Valo_City/objects/szelmalom/szelmalom.dae","useInstanceRenderData":true}
{"class":"TSStatic","persistentId":"88659417-fcb3-4c48-a6ae-e15e88ed0bc0","__parent":"Windmills","position":[1129.83472,173.988358,38.7195091],"rotationMatrix":[0.900000155,0.435889542,0,-0.435889542,0.900000155,0,0,0,1],"shapeName":"/levels/Valo_City/objects/szelmalom/szelmalom.dae","useInstanceRenderData":true}
{"class":"TSStatic","persistentId":"2ed3d643-bf63-4d2b-8a13-413032e8bf80","__parent":"Windmills","position":[1220.31677,208.151215,42.0442657],"rotationMatrix":[0.900000155,0.435889542,0,-0.435889542,0.900000155,0,0,0,1],"shapeName":"/levels/Valo_City/objects/szelmalom/szelmalom.dae","useInstanceRenderData":true}
{"class":"TSStatic","persistentId":"143c9914-4a24-4720-aa25-f3a087185a25","__parent":"Windmills","position":[1188.18982,153.421509,37.6863174],"rotationMatrix":[0.900000155,0.435889542,0,-0.435889542,0.900000155,0,0,0,1],"shapeName":"/levels/Valo_City/objects/szelmalom/szelmalom.dae","useInstanceRenderData":true}
