{"name":"startTrigR2","class":"BeamNGTrigger","persistentId":"3650f4e3-51bf-45df-8088-67c8859015e3","__parent":"DragTriggers2","position":[592.165894,325.018188,8.91271877],"locked":true,"luaFunction":"onBeamNGTrigger","scale":[0.963378906,9.29960918,4.19927454]}
{"name":"finishTrig2","class":"BeamNGTrigger","persistentId":"e566f948-8559-49c7-a1b6-ce784d572608","__parent":"DragTriggers2","position":[394.944885,320.385376,8.95734596],"locked":true,"luaFunction":"onBeamNGTrigger","scale":[0.739941359,19.6288071,4.1019268]}
{"name":"falseStartTrigL2","class":"BeamNGTrigger","persistentId":"9452e555-094b-43f5-8b4d-fc1cb0bb733a","__parent":"DragTriggers2","position":[589.005859,315.120087,8.93696785],"locked":true,"luaFunction":"onBeamNGTrigger","scale":[4.65859413,9.45712662,4.86588669]}
{"name":"falseStartTrigR2","class":"BeamNGTrigger","persistentId":"677507c0-344a-497f-a2eb-939006881d8c","__parent":"DragTriggers2","position":[589.005859,324.951447,8.93696785],"locked":true,"luaFunction":"onBeamNGTrigger","scale":[4.65859413,9.45712662,4.86588669]}
{"name":"prestageTrigL2","class":"BeamNGTrigger","persistentId":"1d1fead1-6da1-418d-a071-b425ba5ebd27","__parent":"DragTriggers2","position":[592.725403,315.0242,8.91271877],"locked":true,"luaFunction":"onBeamNGTrigger","scale":[0.963378906,9.29960918,4.19927454]}
{"name":"laneTrigR2","class":"BeamNGTrigger","persistentId":"f2cecc8a-7326-43d4-9e5d-c8a27ab94528","__parent":"DragTriggers2","position":[394.8909,326.330292,8.91271973],"locked":true,"luaFunction":"onBeamNGTrigger","scale":[395.537292,11,7.45670176]}
{"name":"startTrigL2","class":"BeamNGTrigger","persistentId":"6b8a633e-6ec6-468a-98f7-6389cbad667c","__parent":"DragTriggers2","position":[592.165894,315.0242,8.91271877],"locked":true,"luaFunction":"onBeamNGTrigger","scale":[0.963378906,9.29960918,4.19927454]}
{"name":"laneTrigL2","class":"BeamNGTrigger","persistentId":"87dbad18-62f6-43a8-8f77-662774cbb07b","__parent":"DragTriggers2","position":[394.8909,313.714508,8.91271973],"locked":true,"luaFunction":"onBeamNGTrigger","scale":[395.537292,11,7.45670176]}
{"name":"prestageTrigR2","class":"BeamNGTrigger","persistentId":"5343827d-555e-40e8-904f-d2944d1ecf70","__parent":"DragTriggers2","position":[592.620117,325.018188,8.91271877],"locked":true,"luaFunction":"onBeamNGTrigger","scale":[1.20878911,9.29960918,4.19927454]}
