{"name":"speedDispL6","class":"TSStatic","persistentId":"e8a41251-cadc-4fc8-9003-9fc8ff832bda","__parent":"ScoreboardL1","position":[-866.737549,655.147705,16.2964649],"allowPlayerStep0":"1","instanceColor":[1,1,1,0],"isRenderEnabled":false,"locked":true,"rotationMatrix":[0.971963882,0.235129699,0,-0.235129699,0.971963882,0,0,0,1],"scale":[7.01394749,7.01394749,7.01394749],"shapeName":"/art/shapes/quarter_mile_display/display_6.dae","useInstanceRenderData":true}
{"name":"timeDispL6","class":"TSStatic","persistentId":"9c6bd20f-7eb3-41c5-8102-864024b3e9aa","__parent":"ScoreboardL1","position":[-867.710693,654.876953,18.0834637],"allowPlayerStep0":"1","instanceColor":[1,1,1,0],"isRenderEnabled":false,"locked":true,"rotationMatrix":[0.971963882,0.235129699,0,-0.235129699,0.971963882,0,0,0,1],"scale":[7.01394749,7.01394749,7.01394749],"shapeName":"/art/shapes/quarter_mile_display/display_4.dae","useInstanceRenderData":true}
{"name":"timeDispLDot1","class":"TSStatic","persistentId":"b8ab0985-1b1c-4427-a433-18025d3b414b","__parent":"ScoreboardL1","position":[-867.58075,654.911743,18.1284618],"allowPlayerStep0":"1","instanceColor":[1,1,1,0],"isRenderEnabled":false,"locked":true,"rotationMatrix":[0.971963882,0.235129699,0,-0.235129699,0.971963882,0,0,0,1],"scale":[7.01394749,7.01394749,6.71758175],"shapeName":"/art/shapes/quarter_mile_display/display_period.dae","useInstanceRenderData":true}
{"name":"speedDispL7","class":"TSStatic","persistentId":"be64d00a-82ec-4805-b528-0258062cbd53","__parent":"ScoreboardL1","position":[-867.383545,654.959534,16.2964649],"allowPlayerStep0":"1","instanceColor":[1,1,1,0],"isRenderEnabled":false,"locked":true,"rotationMatrix":[0.971963882,0.235129699,0,-0.235129699,0.971963882,0,0,0,1],"scale":[7.01394749,7.01394749,6.71758175],"shapeName":"/art/shapes/quarter_mile_display/display_2.dae","useInstanceRenderData":true}
{"name":"timeDispL7","class":"TSStatic","persistentId":"895511f6-410f-4151-8e33-deba35135a00","__parent":"ScoreboardL1","position":[-869.37146,654.475159,18.0834637],"allowPlayerStep0":"1","instanceColor":[1,1,1,0],"isRenderEnabled":false,"locked":true,"rotationMatrix":[0.971963882,0.235129699,0,-0.235129699,0.971963882,0,0,0,1],"scale":[7.01394749,7.01394749,7.01394749],"shapeName":"/art/shapes/quarter_mile_display/display_3.dae","useInstanceRenderData":true}
{"name":"speedDispL8","class":"TSStatic","persistentId":"5d54c32e-2cee-43b7-9c86-2f8ec7cf61fb","__parent":"ScoreboardL1","position":[-869.478882,654.449219,16.2964649],"allowPlayerStep0":"1","instanceColor":[1,1,1,0],"isRenderEnabled":false,"locked":true,"rotationMatrix":[0.971963882,0.235129699,0,-0.235129699,0.971963882,0,0,0,1],"scale":[7.01394749,7.01394749,7.01394749],"shapeName":"/art/shapes/quarter_mile_display/display_3.dae","useInstanceRenderData":true}
{"name":"timeDispL8","class":"TSStatic","persistentId":"967348fa-dd83-4bf8-ad27-d352e0232665","__parent":"ScoreboardL1","position":[-866.619812,655.176208,18.0834637],"allowPlayerStep0":"1","instanceColor":[1,1,1,0],"isRenderEnabled":false,"locked":true,"rotationMatrix":[0.971963882,0.235129699,0,-0.235129699,0.971963882,0,0,0,1],"scale":[7.01394749,7.01394749,7.01394749],"shapeName":"/art/shapes/quarter_mile_display/display_8.dae","useInstanceRenderData":true}
{"name":"speedDispL9","class":"TSStatic","persistentId":"71fb1d3c-15f4-4133-946e-f70fcfe00237","__parent":"ScoreboardL1","position":[-868.669861,654.644958,16.2964649],"allowPlayerStep0":"1","instanceColor":[1,1,1,0],"isRenderEnabled":false,"locked":true,"rotationMatrix":[0.971963882,0.235129699,0,-0.235129699,0.971963882,0,0,0,1],"scale":[7.01394749,7.01394749,7.01394749],"shapeName":"/art/shapes/quarter_mile_display/display_3.dae","useInstanceRenderData":true}
{"name":"timeDispL9","class":"TSStatic","persistentId":"3631afb3-054d-46ac-ac3f-22b007cab6ec","__parent":"ScoreboardL1","position":[-865.898865,655.318604,18.0834637],"allowPlayerStep0":"1","instanceColor":[1,1,1,0],"isRenderEnabled":false,"locked":true,"rotationMatrix":[0.971963882,0.235129699,0,-0.235129699,0.971963882,0,0,0,1],"scale":[7.01394749,7.01394749,7.01394749],"shapeName":"/art/shapes/quarter_mile_display/display_1.dae","useInstanceRenderData":true}
{"name":"speedDispLDot1","class":"TSStatic","persistentId":"2abf7307-9736-4f5d-991f-e22e5d860087","__parent":"ScoreboardL1","position":[-868.344238,654.723694,16.2964649],"allowPlayerStep0":"1","instanceColor":[1,1,1,0],"isRenderEnabled":false,"locked":true,"rotationMatrix":[0.971963882,0.235129699,0,-0.235129699,0.971963882,0,0,0,1],"scale":[7.01394749,7.01394749,7.01394749],"shapeName":"/art/shapes/quarter_mile_display/display_period.dae","useInstanceRenderData":true}
{"name":"speedDispL10","class":"TSStatic","persistentId":"a374cd61-984e-401c-bdb9-19e719a6ecc8","__parent":"ScoreboardL1","position":[-866.000305,655.294128,16.2964649],"allowPlayerStep0":"1","instanceColor":[1,1,1,0],"isRenderEnabled":false,"locked":true,"rotationMatrix":[0.971963882,0.235129699,0,-0.235129699,0.971963882,0,0,0,1],"scale":[7.01394749,7.01394749,7.01394749],"shapeName":"/art/shapes/quarter_mile_display/display_1.dae","useInstanceRenderData":true}
{"name":"timeDispL10","class":"TSStatic","persistentId":"c4aecb9f-fd0f-4e45-8746-79522ef0186d","__parent":"ScoreboardL1","position":[-868.530884,654.678528,18.0834637],"allowPlayerStep0":"1","instanceColor":[1,1,1,0],"isRenderEnabled":false,"locked":true,"rotationMatrix":[0.971963882,0.235129699,0,-0.235129699,0.971963882,0,0,0,1],"scale":[7.01394749,7.01394749,7.01394749],"shapeName":"/art/shapes/quarter_mile_display/display_7.dae","useInstanceRenderData":true}
