{"name":"timeDispR5","class":"TSStatic","persistentId":"0105d352-a811-49e6-832c-658eec58385b","__parent":"ScoreboardR","position":[128.730759,265.500214,22.976675],"allowPlayerStep0":"1","instanceColor":[1,1,1,0],"isRenderEnabled":false,"locked":true,"rotationMatrix":[5.96046448e-08,-1,0,1,5.96046448e-08,0,0,0,1],"scale":[7.01394749,7.01394749,7.01394749],"shapeName":"/art/shapes/quarter_mile_display/display_4.dae","useInstanceRenderData":true}
{"name":"speedDispR1","class":"TSStatic","persistentId":"12269ea5-8ba5-4fcb-8d81-f791a3820093","__parent":"ScoreboardR","position":[128.734055,262.030945,21.1896763],"allowPlayerStep0":"1","instanceColor":[1,1,1,0],"isRenderEnabled":false,"locked":true,"rotationMatrix":[5.96046448e-08,-1,0,1,5.96046448e-08,0,0,0,1],"scale":[7.01394749,7.01394749,7.01394749],"shapeName":"/art/shapes/quarter_mile_display/display_1.dae","useInstanceRenderData":true}
{"name":"timeDispR2","class":"TSStatic","persistentId":"18dcb4c1-0fb6-404f-ad6f-0796a3d87fe2","__parent":"ScoreboardR","position":[128.765121,262.660889,22.976675],"allowPlayerStep0":"1","instanceColor":[1,1,1,0],"isRenderEnabled":false,"locked":true,"rotationMatrix":[5.96046448e-08,-1,0,1,5.96046448e-08,0,0,0,1],"scale":[7.01394749,7.01394749,7.01394749],"shapeName":"/art/shapes/quarter_mile_display/display_5.dae","useInstanceRenderData":true}
{"name":"speedDispR4","class":"TSStatic","persistentId":"319fb984-8222-468c-a38e-a3ad6cbb44a1","__parent":"ScoreboardR","position":[128.730759,264.778381,21.1896763],"allowPlayerStep0":"1","instanceColor":[1,1,1,0],"isRenderEnabled":false,"locked":true,"rotationMatrix":[5.96046448e-08,-1,0,1,5.96046448e-08,0,0,0,1],"scale":[7.01394749,7.01394749,7.01394749],"shapeName":"/art/shapes/quarter_mile_display/display_2.dae","useInstanceRenderData":true}
{"name":"timeDispR3","class":"TSStatic","persistentId":"56598dea-d46b-42a3-909e-a1574ab2a86c","__parent":"ScoreboardR","position":[128.730759,263.791565,22.976675],"allowPlayerStep0":"1","instanceColor":[1,1,1,0],"isRenderEnabled":false,"locked":true,"rotationMatrix":[5.96046448e-08,-1,0,1,5.96046448e-08,0,0,0,1],"scale":[7.01394749,7.01394749,7.01394749],"shapeName":"/art/shapes/quarter_mile_display/display_1.dae","useInstanceRenderData":true}
{"name":"timeDispR1","class":"TSStatic","persistentId":"83464232-34d6-45e3-94c7-052b911dea8f","__parent":"ScoreboardR","position":[128.734055,261.926697,22.976675],"allowPlayerStep0":"1","instanceColor":[1,1,1,0],"isRenderEnabled":false,"locked":true,"rotationMatrix":[5.96046448e-08,-1,0,1,5.96046448e-08,0,0,0,1],"scale":[7.01394749,7.01394749,7.01394749],"shapeName":"/art/shapes/quarter_mile_display/display_1.dae","useInstanceRenderData":true}
{"name":"speedDispRDot","class":"TSStatic","persistentId":"95c1f2fc-0102-4cf2-a3f7-0354f32c972d","__parent":"ScoreboardR","position":[128.730759,264.443359,21.1896763],"allowPlayerStep0":"1","instanceColor":[1,1,1,0],"isRenderEnabled":false,"locked":true,"rotationMatrix":[5.96046448e-08,-1,0,1,5.96046448e-08,0,0,0,1],"scale":[7.01394749,7.01394749,7.01394749],"shapeName":"/art/shapes/quarter_mile_display/display_period.dae","useInstanceRenderData":true}
{"name":"speedDispR5","class":"TSStatic","persistentId":"c9c73b60-cc05-4366-b7c4-c39ad11c17d4","__parent":"ScoreboardR","position":[128.730759,265.610718,21.1896763],"allowPlayerStep0":"1","instanceColor":[1,1,1,0],"isRenderEnabled":false,"locked":true,"rotationMatrix":[5.96046448e-08,-1,0,1,5.96046448e-08,0,0,0,1],"scale":[7.01394749,7.01394749,7.01394749],"shapeName":"/art/shapes/quarter_mile_display/display_4.dae","useInstanceRenderData":true}
{"name":"speedDispR2","class":"TSStatic","persistentId":"cbafff34-7ba5-47ef-8579-7a63600c5507","__parent":"ScoreboardR","position":[128.765121,262.781982,21.1896763],"allowPlayerStep0":"1","instanceColor":[1,1,1,0],"isRenderEnabled":false,"locked":true,"rotationMatrix":[5.96046448e-08,-1,0,1,5.96046448e-08,0,0,0,1],"scale":[7.01394749,7.01394749,7.01394749],"shapeName":"/art/shapes/quarter_mile_display/display_8.dae","useInstanceRenderData":true}
{"name":"speedDispR3","class":"TSStatic","persistentId":"ce303577-4650-4291-a90c-d6454faf8311","__parent":"ScoreboardR","position":[128.734055,263.454102,21.1896763],"allowPlayerStep0":"1","instanceColor":[1,1,1,0],"isRenderEnabled":false,"locked":true,"rotationMatrix":[5.96046448e-08,-1,0,1,5.96046448e-08,0,0,0,1],"scale":[7.01394749,7.01394749,6.71758175],"shapeName":"/art/shapes/quarter_mile_display/display_8.dae","useInstanceRenderData":true}
{"name":"timeDispR4","class":"TSStatic","persistentId":"dae80275-cff8-44dd-8c3b-1bc55d73ec30","__parent":"ScoreboardR","position":[128.730759,264.635376,22.976675],"allowPlayerStep0":"1","instanceColor":[1,1,1,0],"isRenderEnabled":false,"locked":true,"rotationMatrix":[5.96046448e-08,-1,0,1,5.96046448e-08,0,0,0,1],"scale":[7.01394749,7.01394749,7.01394749],"shapeName":"/art/shapes/quarter_mile_display/display_4.dae","useInstanceRenderData":true}
{"name":"timeDispRDot","class":"TSStatic","persistentId":"ea7f3108-0cbb-42d6-bdb5-0d009a2855a7","__parent":"ScoreboardR","position":[128.734055,263.657043,23.0216732],"allowPlayerStep0":"1","instanceColor":[1,1,1,0],"isRenderEnabled":false,"locked":true,"rotationMatrix":[5.96046448e-08,-1,0,1,5.96046448e-08,0,0,0,1],"scale":[7.01394749,7.01394749,6.71758175],"shapeName":"/art/shapes/quarter_mile_display/display_period.dae","useInstanceRenderData":true}
