{"class":"TSStatic","persistentId":"01253378-4789-4b43-98cd-b70a04c49527","__parent":"Airport_Clutters","position":[-936.324158,1689.15112,152.422073],"annotation":"OBSTACLES","isRenderEnabled":false,"rotationMatrix":[-0.948059678,-0.318092853,0,0.318092853,-0.948059738,0,0,0,1],"scale":[1.5,1.5,1.5],"shapeName":"/levels/italy/art/shapes/buildings/italy_newjersey_plastic.DAE"}
{"class":"TSStatic","persistentId":"0135fd05-4bc5-4cf5-bbab-ba08280f15f9","__parent":"Airport_Clutters","position":[-929.949585,1690.4491,152.422134],"annotation":"OBSTACLES","isRenderEnabled":false,"rotationMatrix":[-0.977966845,-0.208760336,0,0.208760336,-0.977966905,0,0,0,1],"scale":[1.5,1.5,1.5],"shapeName":"/levels/italy/art/shapes/buildings/italy_newjersey_plastic.DAE"}
{"class":"TSStatic","persistentId":"01bab8b2-9813-4bac-83e7-09be4c39dc6b","__parent":"Airport_Clutters","position":[-819.531677,1683.00793,152.562866],"annotation":"OBSTACLES","isRenderEnabled":false,"rotationMatrix":[-0.180000857,0.98366648,0,-0.98366648,-0.180000857,0,0,0,1],"shapeName":"/levels/italy/art/shapes/buildings/italy_bld_boomgate_6.5m.dae"}
{"class":"TSStatic","persistentId":"030a47d8-256b-403f-b130-2590873bdfa4","__parent":"Airport_Clutters","position":[-952.154785,1685.68799,152.422073],"annotation":"OBSTACLES","isRenderEnabled":false,"rotationMatrix":[-0.946844697,-0.321691453,0,0.321691424,-0.946844757,0,0,0,1],"scale":[1.5,1.5,1.5],"shapeName":"/levels/italy/art/shapes/buildings/italy_newjersey_plastic.DAE"}
{"class":"TSStatic","persistentId":"04457a18-8202-419e-b69e-2f30e7542251","__parent":"Airport_Clutters","position":[-818.384094,1674.78406,153.0177],"annotation":"OBSTACLES","isRenderEnabled":false,"rotationMatrix":[-0.0227486603,0.999741256,0,-0.999741256,-0.0227486603,0,0,0,1],"shapeName":"/levels/italy/art/shapes/buildings/italy_clutter_pallet.DAE"}
{"class":"TSStatic","persistentId":"0452c2cb-bcea-4aad-9821-6c8c8a060157","__parent":"Airport_Clutters","position":[-966.140747,1682.67651,152.422134],"annotation":"OBSTACLES","isRenderEnabled":false,"rotationMatrix":[-0.999907792,0.0135604227,0,-0.0135604059,-0.999907851,0,0,0,1],"scale":[1.5,1.5,1.5],"shapeName":"/levels/italy/art/shapes/buildings/italy_newjersey_plastic.DAE"}
{"class":"TSStatic","persistentId":"05434185-dc6a-48f4-a254-239bb0573606","__parent":"Airport_Clutters","position":[-818.516724,1676.38599,152.619797],"annotation":"OBSTACLES","isRenderEnabled":false,"rotationMatrix":[0.187083274,-0.982344031,0,0.982344031,0.187083274,0,0,0,1],"shapeName":"/levels/italy/art/shapes/buildings/italy_clutter_pallet.DAE"}
{"class":"TSStatic","persistentId":"06cd8d27-49ae-4ef0-87e3-b7377d40e700","__parent":"Airport_Clutters","position":[-994.806152,1675.80286,152.422592],"annotation":"OBSTACLES","isRenderEnabled":false,"rotationMatrix":[0.190453291,-0.981696486,0,0.981696486,0.190453291,0,0,0,1],"shapeName":"/levels/italy/art/shapes/buildings/italy_airport_cart_b.DAE"}
{"class":"TSStatic","persistentId":"08380681-ff5c-4390-bd0f-51073c04c628","__parent":"Airport_Clutters","position":[-933.895447,1689.39575,152.422073],"annotation":"OBSTACLES","isRenderEnabled":false,"rotationMatrix":[-0.977966845,-0.208760336,0,0.208760336,-0.977966905,0,0,0,1],"scale":[1.5,1.5,1.5],"shapeName":"/levels/italy/art/shapes/buildings/italy_newjersey_plastic.DAE"}
{"class":"TSStatic","persistentId":"091fd5d0-82c6-4883-a9df-1072952d6459","__parent":"Airport_Clutters","position":[-818.05426,1673.25684,152.619797],"annotation":"OBSTACLES","isRenderEnabled":false,"rotationMatrix":[-0.174761936,0.984610736,0,-0.984610736,-0.174761936,0,0,0,1],"shapeName":"/levels/italy/art/shapes/buildings/italy_clutter_pallet.DAE"}
{"class":"TSStatic","persistentId":"092b025a-864a-41c8-98a4-421b3813451f","__parent":"Airport_Clutters","position":[-1092.23145,1688.51282,156.597],"annotation":"OBSTACLES","isRenderEnabled":false,"rotationMatrix":[-0.209744439,0.977756321,0,-0.977756202,-0.209744424,0,0,0,1],"shapeName":"/levels/italy/art/shapes/buildings/italy_airport_flag.DAE"}
{"class":"TSStatic","persistentId":"140503d8-8ca9-4449-902e-171ac7ac2e32","__parent":"Airport_Clutters","position":[-818.137146,1671.2207,152.421631],"annotation":"OBSTACLES","isRenderEnabled":false,"rotationMatrix":[-0.995978236,-0.0895975232,0,0.0895975232,-0.995978236,0,0,0,1],"shapeName":"/levels/italy/art/shapes/buildings/italy_clutter_metal_drum.DAE"}
{"class":"TSStatic","persistentId":"15bf2de4-4f2c-4756-b8f4-2047b7ef334c","__parent":"Airport_Clutters","position":[-968.312622,1678.46362,152.422073],"annotation":"OBSTACLES","isRenderEnabled":false,"rotationMatrix":[-0.138147607,-0.990411341,0,0.990411401,-0.138147682,0,0,0,1],"scale":[1.5,1.5,1.5],"shapeName":"/levels/italy/art/shapes/buildings/italy_newjersey_plastic.DAE"}
{"class":"TSStatic","persistentId":"171a4eb3-05f4-4227-834a-5c24460ca71a","__parent":"Airport_Clutters","position":[-945.920532,1679.48083,152.421631],"annotation":"OBSTACLES","isRenderEnabled":false,"rotationMatrix":[0.994497895,0.10475637,0,-0.10475637,0.994497895,0,0,0,1],"shapeName":"/levels/italy/art/shapes/buildings/italy_airport_cart_a.DAE"}
{"class":"TSStatic","persistentId":"183231dd-c850-486d-ae7c-1d26b304dd38","__parent":"Airport_Clutters","position":[-879.528503,1684.5387,152.421646],"annotation":"OBSTACLES","isRenderEnabled":false,"rotationMatrix":[0.979479253,0.201543197,0,-0.201543197,0.979479253,0,0,0,1],"shapeName":"/levels/italy/art/shapes/buildings/italy_airport_electrical_cabinet.DAE"}
{"class":"TSStatic","persistentId":"19e64b63-af1d-40b3-8e86-491fdf8d6e4b","__parent":"Airport_Clutters","position":[-891.812256,1740.97314,152.711426],"annotation":"OBSTACLES","isRenderEnabled":false,"shapeName":"/levels/italy/art/shapes/buildings/italy_clutter_pallet.DAE"}
{"class":"TSStatic","persistentId":"227f8cc4-5727-4795-aa34-57dfc802d8ef","__parent":"Airport_Clutters","position":[-758.029236,1723.92798,152.421631],"annotation":"OBSTACLES","isRenderEnabled":false,"rotationMatrix":[0.21625112,-0.97633785,0,0.97633785,0.21625112,0,0,0,1],"shapeName":"/levels/italy/art/shapes/buildings/italy_airport_testingwall.DAE"}
{"class":"TSStatic","persistentId":"2304dde4-2766-4f37-b812-3d1fdd180667","__parent":"Airport_Clutters","position":[-926.310181,1684.15112,152.421616],"annotation":"OBSTACLES","isRenderEnabled":false,"rotationMatrix":[0.538229108,-0.842798769,0,0.842798769,0.538229108,0,0,0,1],"shapeName":"/levels/italy/art/shapes/buildings/italy_airport_cart_b.DAE"}
{"class":"TSStatic","persistentId":"2572c886-c49f-48db-898b-4c8f6abe75c8","__parent":"Airport_Clutters","position":[-1071.32996,1692.86694,156.597],"annotation":"OBSTACLES","isRenderEnabled":false,"rotationMatrix":[-0.209744439,0.977756321,0,-0.977756202,-0.209744424,0,0,0,1],"shapeName":"/levels/italy/art/shapes/buildings/italy_airport_flag.DAE"}
{"class":"TSStatic","persistentId":"2b3abda8-1585-4b45-988f-3dae2b07f30f","__parent":"Airport_Clutters","position":[-1112.98315,1684.22583,156.597],"annotation":"OBSTACLES","isRenderEnabled":false,"rotationMatrix":[-0.209744439,0.977756321,0,-0.977756202,-0.209744424,0,0,0,1],"shapeName":"/levels/italy/art/shapes/buildings/italy_airport_flag.DAE"}
{"class":"TSStatic","persistentId":"320cd86f-61dd-4a1e-924a-6f9313b19a1e","__parent":"Airport_Clutters","position":[-940.659302,1688.22192,152.422073],"annotation":"OBSTACLES","isRenderEnabled":false,"rotationMatrix":[-0.977966845,-0.208760336,0,0.208760336,-0.977966905,0,0,0,1],"scale":[1.5,1.5,1.5],"shapeName":"/levels/italy/art/shapes/buildings/italy_newjersey_plastic.DAE"}
{"class":"TSStatic","persistentId":"3211050b-8a93-4384-9ab3-cd5870a573eb","__parent":"Airport_Clutters","position":[-818.737549,1683.9989,152.421631],"annotation":"OBSTACLES","isRenderEnabled":false,"rotationMatrix":[-0.976843178,-0.213955477,0,0.213955477,-0.976843178,0,0,0,1],"shapeName":"/levels/italy/art/shapes/buildings/italy_clutter_fire_hydrant.DAE"}
{"class":"TSStatic","persistentId":"3bcb2f2e-ad8e-46fb-ac8e-60888562d6a1","__parent":"Airport_Clutters","position":[-1084.90076,1807.74548,152.231766],"annotation":"POLE","isRenderEnabled":false,"rotationMatrix":[-0.980289757,-0.197561577,0,0.197561577,-0.980289757,0,0,0,1],"shapeName":"/levels/italy/art/shapes/buildings/italy_airport_lightpole.DAE"}
{"class":"TSStatic","persistentId":"3e683d7a-194b-46ec-92aa-50507ea63389","__parent":"Airport_Clutters","position":[-747.185242,1719.54712,152.648865],"annotation":"POLE","isRenderEnabled":false,"shapeName":"/levels/italy/art/shapes/buildings/italy_airport_lightpole.DAE"}
{"class":"TSStatic","persistentId":"3f1fe6b6-ed2b-484b-92ac-fe3ce46ba63e","__parent":"Airport_Clutters","position":[-818.05426,1673.25684,152.420044],"annotation":"OBSTACLES","isRenderEnabled":false,"rotationMatrix":[-0.143196434,0.989694297,0,-0.989694297,-0.143196434,0,0,0,1],"shapeName":"/levels/italy/art/shapes/buildings/italy_clutter_pallet.DAE"}
{"class":"TSStatic","persistentId":"4063a5d5-5229-4865-89ac-21746b62403c","__parent":"Airport_Clutters","position":[-964.143738,1683.10254,152.422134],"annotation":"OBSTACLES","isRenderEnabled":false,"rotationMatrix":[-0.977966845,-0.208760336,0,0.208760336,-0.977966905,0,0,0,1],"scale":[1.5,1.5,1.5],"shapeName":"/levels/italy/art/shapes/buildings/italy_newjersey_plastic.DAE"}
{"class":"TSStatic","persistentId":"45f73fb0-058c-46e8-a3f5-9165c52b28dc","__parent":"Airport_Clutters","position":[-894.286682,1742.36121,152.394882],"annotation":"BUILDINGS","isRenderEnabled":false,"rotationMatrix":[0.258819073,-0.965925276,0,0.965925276,0.258819073,0,0,0,1],"shapeName":"/levels/italy/art/shapes/buildings/ind_bld_8x8.dae"}
{"class":"TSStatic","persistentId":"47e28aa3-0afb-496f-853f-a58879d4c9f3","__parent":"Airport_Clutters","position":[-892.772827,1742.05615,152.711426],"annotation":"OBSTACLES","instanceColor":[0.309803993,0.345097989,0.631372988,0.00800000038],"isRenderEnabled":false,"rotationMatrix":[0.968870997,0.247566313,0,-0.247566313,0.968870997,0,0,0,1],"shapeName":"/levels/italy/art/shapes/buildings/italy_clutter_dumpster.DAE"}
{"class":"TSStatic","persistentId":"4d659917-c875-49ff-b5f6-c38b497a241f","__parent":"Airport_Clutters","position":[-989.253723,1670.80615,153.210785],"annotation":"OBSTACLES","instanceColor":[0.596077979,0.596077979,0.596077979,0.00800000038],"isRenderEnabled":false,"rotationMatrix":[-2.57873616e-08,-1.49395447e-08,1,-0.299762696,0.954013765,6.52244259e-09,-0.954013765,-0.299762696,-2.90798159e-08],"shapeName":"/levels/italy/art/shapes/buildings/italy_airport_suitcase.DAE"}
{"class":"TSStatic","persistentId":"536345d1-d74a-4896-b057-810ad8722c53","__parent":"Airport_Clutters","position":[-761.033325,1706.77283,152.421631],"annotation":"OBSTACLES","isRenderEnabled":false,"rotationMatrix":[-0.537462473,-0.843287766,0,0.843287766,-0.537462473,0,0,0,1],"shapeName":"/levels/italy/art/shapes/buildings/italy_airport_testingwall.DAE"}
{"class":"TSStatic","persistentId":"54af5eb0-8080-4fe4-8e11-a57c24bb33d2","__parent":"Airport_Clutters","position":[-818.186035,1674.13269,153.417572],"annotation":"OBSTACLES","isRenderEnabled":false,"rotationMatrix":[-0.174761936,0.984610736,0,-0.984610736,-0.174761936,0,0,0,1],"shapeName":"/levels/italy/art/shapes/buildings/italy_clutter_pallet.DAE"}
{"class":"TSStatic","persistentId":"561a92b3-0adb-48f9-a29b-20c705f54943","__parent":"Airport_Clutters","position":[-888.77594,1743.02307,153.419708],"annotation":"OBSTACLES","isRenderEnabled":false,"rotationMatrix":[0.889164567,0.457587242,0,-0.457587242,0.889164567,0,0,0,1],"shapeName":"/levels/italy/art/shapes/buildings/italy_clutter_concbag_pile.DAE"}
{"class":"TSStatic","persistentId":"5746b01b-1dfe-4693-a7a4-8b4b137f226e","__parent":"Airport_Clutters","position":[-1003.47137,1672.1001,152.421631],"annotation":"BUILDINGS","isRenderEnabled":false,"rotationMatrix":[-0.980665505,-0.195693478,0,0.195693478,-0.980665505,0,0,0,1],"shapeName":"/levels/italy/art/shapes/buildings/italy_airport_finger.DAE"}
{"class":"TSStatic","persistentId":"5b2a9611-7a3e-4da2-b0dd-d2e12091d275","__parent":"Airport_Clutters","position":[-1133.28809,1594.83777,152.372986],"annotation":"TRAFFIC_SIGNS","isRenderEnabled":false,"rotationMatrix":[0.203451306,-0.97908479,0,0.97908479,0.203451306,0,0,0,1],"scale":[1,1,1.10000002],"shapeName":"/levels/italy/art/shapes/buildings/italy_airport_arrival.DAE"}
{"class":"TSStatic","persistentId":"5d848eee-9e39-4d18-bf7a-c230fa14f170","__parent":"Airport_Clutters","position":[-993.449768,1673.80811,152.421616],"annotation":"OBSTACLES","isRenderEnabled":false,"rotationMatrix":[0.190453291,-0.981696486,0,0.981696486,0.190453291,0,0,0,1],"shapeName":"/levels/italy/art/shapes/buildings/italy_airport_cart_b.DAE"}
{"class":"TSStatic","persistentId":"5e2a1bb3-6f6d-4ad1-9a3f-3319fa129d67","__parent":"Airport_Clutters","position":[-931.897339,1689.97339,152.422073],"annotation":"OBSTACLES","isRenderEnabled":false,"rotationMatrix":[-0.977966845,-0.208760336,0,0.208760336,-0.977966905,0,0,0,1],"scale":[1.5,1.5,1.5],"shapeName":"/levels/italy/art/shapes/buildings/italy_newjersey_plastic.DAE"}
{"class":"TSStatic","persistentId":"5f9d3165-faa3-4cf4-8dec-ccd8a1caf03e","__parent":"Airport_Clutters","position":[-925.654846,1691.36572,152.422073],"annotation":"OBSTACLES","isRenderEnabled":false,"rotationMatrix":[-0.977966845,-0.208760336,0,0.208760336,-0.977966905,0,0,0,1],"scale":[1.5,1.5,1.5],"shapeName":"/levels/italy/art/shapes/buildings/italy_newjersey_plastic.DAE"}
{"class":"TSStatic","persistentId":"5fc5d4dc-5d05-4031-ba33-954e33f34b41","__parent":"Airport_Clutters","position":[-947.062073,1686.80286,152.422073],"annotation":"OBSTACLES","isRenderEnabled":false,"rotationMatrix":[-0.977966845,-0.208760336,0,0.208760336,-0.977966905,0,0,0,1],"scale":[1.5,1.5,1.5],"shapeName":"/levels/italy/art/shapes/buildings/italy_newjersey_plastic.DAE"}
{"class":"TSStatic","persistentId":"60bc0b13-e96a-44fa-9ad4-13a5ae8308cb","__parent":"Airport_Clutters","position":[-993.242371,1670.00781,153.206543],"annotation":"OBSTACLES","instanceColor":[0.580392003,0.286274999,0.266667008,0.00800000038],"isRenderEnabled":false,"rotationMatrix":[9.87463e-09,-2.81188655e-08,1,0.943512321,0.331337541,0,-0.331337541,0.943512321,2.98023295e-08],"shapeName":"/levels/italy/art/shapes/buildings/italy_airport_suitcase.DAE"}
{"class":"TSStatic","persistentId":"640c6a4a-8d20-4484-97ea-3fe2837d014b","__parent":"Airport_Clutters","position":[-817.518188,1669.74915,152.421631],"annotation":"OBSTACLES","isRenderEnabled":false,"rotationMatrix":[-0.995978236,-0.0895975232,0,0.0895975232,-0.995978236,0,0,0,1],"shapeName":"/levels/italy/art/shapes/buildings/italy_clutter_metal_drum.DAE"}
{"class":"TSStatic","persistentId":"66836e57-5f86-498f-9fce-db983d3a2f05","__parent":"Airport_Clutters","position":[-753.181396,1699.46362,152.445862],"annotation":"OBSTACLES","isRenderEnabled":false,"rotationMatrix":[0.85072875,-0.52560401,0,0.52560401,0.85072875,0,0,0,1],"shapeName":"/levels/italy/art/shapes/buildings/italy_airport_fuelpipe.DAE"}
{"class":"TSStatic","persistentId":"66e0d000-a2bc-423e-a678-c50e865f2d3f","__parent":"Airport_Clutters","position":[-841.145203,1666.12744,152.384384],"annotation":"BUILDINGS","isRenderEnabled":false,"rotationMatrix":[-0.575071633,-0.818101883,0,0.818101883,-0.575071633,0,0,0,1],"shapeName":"/levels/italy/art/shapes/buildings/italy_airport_fueltank.DAE"}
{"class":"TSStatic","persistentId":"6909e3bc-a7b9-4cd5-94ba-08e8ebdfe0d3","__parent":"Airport_Clutters","position":[-993.015381,1669.86755,152.422607],"annotation":"OBSTACLES","isRenderEnabled":false,"rotationMatrix":[-0.201321736,0.979525447,0,-0.979525447,-0.201321736,0,0,0,1],"shapeName":"/levels/italy/art/shapes/buildings/italy_airport_cart_a.DAE"}
{"class":"TSStatic","persistentId":"690cd534-62c8-45c6-b41c-480262aecf3e","__parent":"Airport_Clutters","position":[-905.949097,1632.71436,152.41394],"annotation":"POLE","isRenderEnabled":false,"rotationMatrix":[0.22192125,-0.97506398,0,0.97506398,0.22192125,0,0,0,1],"shapeName":"/levels/italy/art/shapes/buildings/italy_airport_lightpole.DAE"}
{"class":"TSStatic","persistentId":"69bca9f4-af1c-4b7e-8aa5-66fef8254c89","__parent":"Airport_Clutters","position":[-955.480652,1685.00623,152.422134],"annotation":"OBSTACLES","isRenderEnabled":false,"rotationMatrix":[-0.977966845,-0.208760336,0,0.208760336,-0.977966905,0,0,0,1],"scale":[1.5,1.5,1.5],"shapeName":"/levels/italy/art/shapes/buildings/italy_newjersey_plastic.DAE"}
{"class":"TSStatic","persistentId":"7181c52b-0ab0-4656-9171-acfa38252494","__parent":"Airport_Clutters","position":[-962.016907,1683.55652,152.422134],"annotation":"OBSTACLES","isRenderEnabled":false,"rotationMatrix":[-0.981386483,-0.192042977,0,0.192042962,-0.981386542,0,0,0,1],"scale":[1.5,1.5,1.5],"shapeName":"/levels/italy/art/shapes/buildings/italy_newjersey_plastic.DAE"}
{"class":"TSStatic","persistentId":"724aa1e8-53ca-4cb7-9364-86163b8aa1a9","__parent":"Airport_Clutters","position":[-949.828674,1677.63538,152.421631],"annotation":"OBSTACLES","isRenderEnabled":false,"rotationMatrix":[0.648598552,0.761130452,0,-0.761130452,0.648598552,0,0,0,1],"shapeName":"/levels/italy/art/shapes/buildings/italy_airport_cart_a.DAE"}
{"class":"TSStatic","persistentId":"72e78870-b448-4ca2-a5fc-ba058f46a700","__parent":"Airport_Clutters","position":[-967.767944,1680.96216,152.422073],"annotation":"OBSTACLES","isRenderEnabled":false,"rotationMatrix":[-0.409191936,-0.91244787,0,0.912447929,-0.409191996,0,0,0,1],"scale":[1.5,1.5,1.5],"shapeName":"/levels/italy/art/shapes/buildings/italy_newjersey_plastic.DAE"}
{"class":"TSStatic","persistentId":"732f1484-947b-4572-8051-2630b21ef4d1","__parent":"Airport_Clutters","position":[-741.198608,1763.03308,153.194199],"annotation":"BUILDINGS","isRenderEnabled":false,"rotationMatrix":[0.557932615,0.829886258,0,-0.829886258,0.557932615,0,0,0,1],"shapeName":"/levels/italy/art/shapes/buildings/italy_bld_shed_b.DAE"}
{"class":"TSStatic","persistentId":"749f438b-ec4c-4e8f-9f42-0943e1d10960","__parent":"Airport_Clutters","position":[-914.874878,1843.1062,152.292191],"annotation":"POLE","isRenderEnabled":false,"rotationMatrix":[-0.980289757,-0.197561577,0,0.197561577,-0.980289757,0,0,0,1],"shapeName":"/levels/italy/art/shapes/buildings/italy_airport_lightpole.DAE"}
{"class":"TSStatic","persistentId":"77bb61e8-c5f7-44ce-861e-bd49602ef8d6","__parent":"Airport_Clutters","position":[-992.212891,1672.54822,152.415421],"annotation":"OBSTACLES","instanceColor":[0.513725996,0.290196002,0.274509996,0.00800000038],"isRenderEnabled":false,"rotationMatrix":[-0.844758391,-0.535147309,7.30185121e-08,0.535147309,-0.844758511,-7.51628022e-08,1.04308128e-07,-2.98023224e-08,0.999999762],"shapeName":"/levels/italy/art/shapes/buildings/italy_airport_suitcase.DAE"}
{"class":"TSStatic","persistentId":"77f03b08-963c-4cbb-8ed8-443784be860e","__parent":"Airport_Clutters","position":[-888.041077,1743.31042,152.711426],"annotation":"OBSTACLES","isRenderEnabled":false,"rotationMatrix":[0.950164437,0.311749339,0,-0.311749339,0.950164437,0,0,0,1],"shapeName":"/levels/italy/art/shapes/buildings/italy_clutter_concbag_pile.DAE"}
{"class":"TSStatic","persistentId":"78078015-2e81-4e86-9c13-873fc9eceb92","__parent":"Airport_Clutters","position":[-957.62207,1684.45044,152.422073],"annotation":"OBSTACLES","isRenderEnabled":false,"rotationMatrix":[-0.988621056,-0.150427014,0,0.150427014,-0.988621116,0,0,0,1],"scale":[1.5,1.5,1.5],"shapeName":"/levels/italy/art/shapes/buildings/italy_newjersey_plastic.DAE"}
{"class":"TSStatic","persistentId":"7ada51ac-9ec3-4318-9769-42c44ba28abb","__parent":"Airport_Clutters","position":[-996.387512,1675.49634,152.422592],"annotation":"OBSTACLES","isRenderEnabled":false,"rotationMatrix":[0.190453291,-0.981696486,0,0.981696486,0.190453291,0,0,0,1],"shapeName":"/levels/italy/art/shapes/buildings/italy_airport_cart_b.DAE"}
{"class":"TSStatic","persistentId":"7b493856-317a-4538-99c7-7cc8f181a3ea","__parent":"Airport_Clutters","position":[-817.093933,1668.47473,152.729874],"annotation":"OBSTACLES","isRenderEnabled":false,"rotationMatrix":[-0.281948775,-0.29850176,-0.911812186,-0.626108468,-0.662865758,0.410607219,-0.726976216,0.68666333,-1.05308139e-07],"shapeName":"/levels/italy/art/shapes/buildings/italy_clutter_metal_drum.DAE"}
{"class":"TSStatic","persistentId":"7c3da977-4862-4463-b874-e6bda7390d86","__parent":"Airport_Clutters","position":[-1024.98792,1667.21436,152.421646],"annotation":"OBSTACLES","isRenderEnabled":false,"rotationMatrix":[-0.201543242,0.979479373,0,-0.979479373,-0.201543242,0,0,0,1],"shapeName":"/levels/italy/art/shapes/buildings/italy_airport_electrical_cabinet.DAE"}
{"class":"TSStatic","persistentId":"8298d9d2-cf38-42db-a13c-cb9e6cb7f936","__parent":"Airport_Clutters","position":[-990.350098,1670.35376,152.859451],"annotation":"OBSTACLES","instanceColor":[0.396077991,0.172548994,0.403921992,0.00800000038],"isRenderEnabled":false,"rotationMatrix":[-2.57873527e-08,-1.49395305e-08,1,0.501287878,-0.865280628,8.88178314e-16,0.865280628,0.501287878,2.98023028e-08],"shapeName":"/levels/italy/art/shapes/buildings/italy_airport_suitcase.DAE"}
{"class":"TSStatic","persistentId":"88203606-d45d-44ca-b095-7f7b56fb6e86","__parent":"Airport_Clutters","position":[-927.785217,1690.91125,152.422134],"annotation":"OBSTACLES","isRenderEnabled":false,"rotationMatrix":[-0.99209851,-0.125462443,0,0.125462443,-0.99209857,0,0,0,1],"scale":[1.5,1.5,1.5],"shapeName":"/levels/italy/art/shapes/buildings/italy_newjersey_plastic.DAE"}
{"class":"TSStatic","persistentId":"88e15cc9-af64-4ff4-bb6b-a73fc9ea4db1","__parent":"Airport_Clutters","position":[-993.405029,1671.17798,152.859039],"annotation":"OBSTACLES","instanceColor":[0.239216,0.239216,0.239216,0.00800000038],"isRenderEnabled":false,"rotationMatrix":[9.87462734e-09,-2.81188672e-08,1,-0.993154228,-0.116810799,6.52244037e-09,0.116810799,-0.993154228,-2.90798354e-08],"shapeName":"/levels/italy/art/shapes/buildings/italy_airport_suitcase.DAE"}
{"class":"TSStatic","persistentId":"8bc9a0ac-b503-48b9-9e74-5bb97eab9bdc","__parent":"Airport_Clutters","position":[-1023.94159,1670.05603,152.421631],"annotation":"POLE","isRenderEnabled":false,"rotationMatrix":[-0.980289757,-0.197561577,0,0.197561577,-0.980289757,0,0,0,1],"shapeName":"/levels/italy/art/shapes/buildings/italy_airport_lightpole.DAE"}
{"class":"TSStatic","persistentId":"8cb282de-1e36-4e88-a63d-7c8fcc07b89b","__parent":"Airport_Clutters","position":[-818.516724,1676.38599,152.420044],"annotation":"OBSTACLES","isRenderEnabled":false,"rotationMatrix":[0.155583918,-0.987822652,0,0.987822652,0.155583918,0,0,0,1],"shapeName":"/levels/italy/art/shapes/buildings/italy_clutter_pallet.DAE"}
{"class":"TSStatic","persistentId":"8fab0ef4-e5c3-4c99-a0ac-bd6fd00cfe3e","__parent":"Airport_Clutters","position":[-1011.3111,1823.67102,152.263107],"annotation":"POLE","isRenderEnabled":false,"rotationMatrix":[-0.980289757,-0.197561577,0,0.197561577,-0.980289757,0,0,0,1],"shapeName":"/levels/italy/art/shapes/buildings/italy_airport_lightpole.DAE"}
{"class":"TSStatic","persistentId":"9265adfa-52da-4cca-9360-d20c58133c55","__parent":"Airport_Clutters","position":[-959.852539,1684.01868,152.422134],"annotation":"OBSTACLES","isRenderEnabled":false,"rotationMatrix":[-0.977966845,-0.208760336,0,0.208760336,-0.977966905,0,0,0,1],"scale":[1.5,1.5,1.5],"shapeName":"/levels/italy/art/shapes/buildings/italy_newjersey_plastic.DAE"}
{"class":"TSStatic","persistentId":"957c7c0d-1835-4a63-ba27-5ef45a9e9349","__parent":"Airport_Clutters","position":[-1014.31647,1669.93591,152.421631],"annotation":"BUILDINGS","isRenderEnabled":false,"rotationMatrix":[-0.980665505,-0.195693478,0,0.195693478,-0.980665505,0,0,0,1],"shapeName":"/levels/italy/art/shapes/buildings/italy_airport_finger.DAE"}
{"class":"TSStatic","persistentId":"9a3165a5-a68c-4a48-9ee9-685212f4f258","__parent":"Airport_Clutters","position":[-817.699219,1671.78821,152.421631],"annotation":"OBSTACLES","isRenderEnabled":false,"shapeName":"/levels/italy/art/shapes/buildings/italy_clutter_metal_drum.DAE"}
{"class":"TSStatic","persistentId":"9d529162-4d95-4024-8446-f19b7e5c36f8","__parent":"Airport_Clutters","position":[-990.424805,1671.09631,152.859451],"annotation":"OBSTACLES","instanceColor":[0.615685999,0.615685999,0.615685999,0.00800000038],"isRenderEnabled":false,"rotationMatrix":[-8.68419026e-09,-2.85089694e-08,1,0.956603348,-0.291393518,-3.55271368e-15,0.291393518,0.956603348,2.98022922e-08],"shapeName":"/levels/italy/art/shapes/buildings/italy_airport_suitcase.DAE"}
{"class":"TSStatic","persistentId":"9f302d45-9b82-4191-b6a0-c89688335d32","__parent":"Airport_Clutters","position":[-923.138794,1685.15173,152.421631],"annotation":"OBSTACLES","isRenderEnabled":false,"rotationMatrix":[-0.456188589,0.889883041,0,-0.889883041,-0.456188589,0,0,0,1],"shapeName":"/levels/italy/art/shapes/buildings/italy_airport_cart_a.DAE"}
{"class":"TSStatic","persistentId":"a080dbb3-8da2-4f2e-9aa5-b630c93790bf","__parent":"Airport_Clutters","position":[-818.516724,1676.38599,153.0177],"annotation":"OBSTACLES","isRenderEnabled":false,"rotationMatrix":[0.234003022,-0.972235918,0,0.972235918,0.234003037,0,0,0,1],"shapeName":"/levels/italy/art/shapes/buildings/italy_clutter_pallet.DAE"}
{"class":"TSStatic","persistentId":"a2cba73e-0c5d-477a-a7ea-771bb64df854","__parent":"Airport_Clutters","position":[-817.411255,1671.07385,152.421631],"annotation":"OBSTACLES","isRenderEnabled":false,"rotationMatrix":[0.359859943,0.933006585,0,-0.933006585,0.359859943,0,0,0,1],"shapeName":"/levels/italy/art/shapes/buildings/italy_clutter_metal_drum.DAE"}
{"class":"TSStatic","persistentId":"a352125b-0cd7-464e-a3bb-a75150a4479b","__parent":"Airport_Clutters","position":[-890.850769,1742.40649,152.711426],"annotation":"OBSTACLES","isRenderEnabled":false,"rotationMatrix":[0.927800238,0.373077452,0,-0.373077452,0.927800238,0,0,0,1],"shapeName":"/levels/italy/art/shapes/buildings/italy_clutter_dumpster.DAE"}
{"class":"TSStatic","persistentId":"a37811a1-3136-4587-a97a-999290c8ef77","__parent":"Airport_Clutters","position":[-877.258667,1684.80859,152.421631],"annotation":"POLE","isRenderEnabled":false,"rotationMatrix":[0.22192125,-0.97506398,0,0.97506398,0.22192125,0,0,0,1],"shapeName":"/levels/italy/art/shapes/buildings/italy_airport_lightpole.DAE"}
{"class":"TSStatic","persistentId":"a51a7977-3ba1-4332-9f02-4f114d5b3ff8","__parent":"Airport_Clutters","position":[-818.799438,1677.75732,152.415771],"annotation":"OBSTACLES","isRenderEnabled":false,"rotationMatrix":[0.0645877272,-0.997912228,0,0.997912228,0.0645877272,0,0,0,1],"shapeName":"/levels/italy/art/shapes/buildings/italy_clutter_sorting_bin.DAE"}
{"class":"TSStatic","persistentId":"a732642e-d1d6-447d-a08a-2ded0cd6a778","__parent":"Airport_Clutters","position":[-1101.95447,1686.49548,156.597],"annotation":"OBSTACLES","isRenderEnabled":false,"rotationMatrix":[-0.209744439,0.977756321,0,-0.977756202,-0.209744424,0,0,0,1],"shapeName":"/levels/italy/art/shapes/buildings/italy_airport_flag.DAE"}
{"class":"TSStatic","persistentId":"a78b03bd-4b77-4f9f-9495-9ee995a0f50a","__parent":"Airport_Clutters","position":[-827.768005,1860.66125,152.34697],"annotation":"POLE","isRenderEnabled":false,"rotationMatrix":[-0.980289757,-0.197561577,0,0.197561577,-0.980289757,0,0,0,1],"shapeName":"/levels/italy/art/shapes/buildings/italy_airport_lightpole.DAE"}
{"class":"TSStatic","persistentId":"a9e4feca-80f2-468c-81df-51d187ab3031","__parent":"Airport_Clutters","position":[-824.19751,1662.58179,152.384384],"annotation":"BUILDINGS","isRenderEnabled":false,"rotationMatrix":[-0.818303883,-0.574786544,0,0.574786544,-0.818303883,0,0,0,1],"shapeName":"/levels/italy/art/shapes/buildings/italy_airport_fueltank.DAE"}
{"class":"TSStatic","persistentId":"aa6ad997-4103-48aa-b0dd-bb7caf102f57","__parent":"Airport_Clutters","position":[-990.231873,1672.31494,153.210785],"annotation":"OBSTACLES","instanceColor":[0.188235,0.188235,0.188235,0.00800000038],"isRenderEnabled":false,"rotationMatrix":[-8.6842098e-09,-2.85090032e-08,1,-0.998837888,-0.0481962413,-1.00481454e-08,0.0481962413,-0.998837888,-2.80573254e-08],"shapeName":"/levels/italy/art/shapes/buildings/italy_airport_suitcase.DAE"}
{"class":"TSStatic","persistentId":"ab090bb2-608e-496f-8ab1-251b51e0c3c8","__parent":"Airport_Clutters","position":[-1229.95081,1623.52649,152.40625],"annotation":"POLE","isRenderEnabled":false,"rotationMatrix":[-0.980289757,-0.197561577,0,0.197561577,-0.980289757,0,0,0,1],"shapeName":"/levels/italy/art/shapes/buildings/italy_airport_lightpole.DAE"}
{"class":"TSStatic","persistentId":"ad54de09-0513-4ded-bff2-770be3306067","__parent":"Airport_Clutters","position":[-1082.41382,1690.55774,156.597],"annotation":"OBSTACLES","isRenderEnabled":false,"rotationMatrix":[-0.209744439,0.977756321,0,-0.977756202,-0.209744424,0,0,0,1],"shapeName":"/levels/italy/art/shapes/buildings/italy_airport_flag.DAE"}
{"class":"TSStatic","persistentId":"ae0339b4-3362-41b9-92e7-ed9dcb1e2834","__parent":"Airport_Clutters","position":[-926.691956,1682.35168,152.421616],"annotation":"OBSTACLES","isRenderEnabled":false,"rotationMatrix":[0.995884001,0.0906348526,0,-0.0906348526,0.995884001,0,0,0,1],"shapeName":"/levels/italy/art/shapes/buildings/italy_airport_cart_b.DAE"}
{"class":"TSStatic","persistentId":"af8fa89d-731c-4dce-a9f7-192815591cdd","__parent":"Airport_Clutters","position":[-990.137939,1670.94299,152.422607],"annotation":"OBSTACLES","isRenderEnabled":false,"rotationMatrix":[-0.307716429,0.951478183,0,-0.951478183,-0.307716429,0,0,0,1],"shapeName":"/levels/italy/art/shapes/buildings/italy_airport_cart_a.DAE"}
{"class":"TSStatic","persistentId":"b1694626-6f75-423f-893c-023325473ffc","__parent":"Airport_Clutters","position":[-953.483643,1685.43225,152.422134],"annotation":"OBSTACLES","isRenderEnabled":false,"rotationMatrix":[-0.983840823,-0.179045558,0,0.179045558,-0.983840883,0,0,0,1],"scale":[1.5,1.5,1.5],"shapeName":"/levels/italy/art/shapes/buildings/italy_newjersey_plastic.DAE"}
{"class":"TSStatic","persistentId":"b170b22e-d0bc-49bc-a316-1ec31c9aad98","__parent":"Airport_Clutters","position":[-953.870544,1677.97437,152.421616],"annotation":"OBSTACLES","isRenderEnabled":false,"rotationMatrix":[0.0964799821,-0.995335102,0,0.995335102,0.0964799821,0,0,0,1],"shapeName":"/levels/italy/art/shapes/buildings/italy_airport_cart_b.DAE"}
{"class":"TSStatic","persistentId":"b2a38951-ff33-458c-9017-3cf38872c551","__parent":"Airport_Clutters","position":[-818.186035,1674.13269,153.217819],"annotation":"OBSTACLES","isRenderEnabled":false,"rotationMatrix":[-0.143196434,0.989694297,0,-0.989694297,-0.143196434,0,0,0,1],"shapeName":"/levels/italy/art/shapes/buildings/italy_clutter_pallet.DAE"}
{"class":"TSStatic","persistentId":"b84a8716-0f50-48af-bc40-9a3d5fdeead2","__parent":"Airport_Clutters","position":[-755.862,1714.1449,152.421631],"annotation":"OBSTACLES","isRenderEnabled":false,"rotationMatrix":[0.21625112,-0.97633785,0,0.97633785,0.21625112,0,0,0,1],"shapeName":"/levels/italy/art/shapes/buildings/italy_airport_testingwall.DAE"}
{"class":"TSStatic","persistentId":"c2780b34-df99-4ffa-846b-64db5e81c1f3","__parent":"Airport_Clutters","position":[-880.691772,1754.28076,152.394882],"annotation":"BUILDINGS","isRenderEnabled":false,"rotationMatrix":[-0.258819014,0.965925694,0,-0.965925694,-0.258819014,0,0,0,1],"shapeName":"/levels/italy/art/shapes/buildings/ind_bld_8x8.dae"}
{"class":"TSStatic","persistentId":"c61d8090-baab-48c7-b575-d08490e217ff","__parent":"Airport_Clutters","position":[-818.403625,1675.77612,153.219086],"annotation":"OBSTACLES","isRenderEnabled":false,"rotationMatrix":[-0.31186226,0.950127363,0,-0.950127363,-0.31186226,0,0,0,1],"shapeName":"/levels/italy/art/shapes/buildings/italy_clutter_pallet.DAE"}
{"class":"TSStatic","persistentId":"c8b83bbc-3bff-4e5d-bcf4-4443087858b5","__parent":"Airport_Clutters","position":[-818.05426,1673.25684,152.817947],"annotation":"OBSTACLES","isRenderEnabled":false,"rotationMatrix":[-0.0797161683,0.996817589,0,-0.996817589,-0.0797161683,0,0,0,1],"shapeName":"/levels/italy/art/shapes/buildings/italy_clutter_pallet.DAE"}
{"class":"TSStatic","persistentId":"c9f81472-49cf-47a3-a987-980e37975f90","__parent":"Airport_Clutters","position":[-942.970276,1687.91785,152.422073],"annotation":"OBSTACLES","isRenderEnabled":false,"rotationMatrix":[-0.99031055,-0.138870642,0,0.138870642,-0.990310609,0,0,0,1],"scale":[1.5,1.5,1.5],"shapeName":"/levels/italy/art/shapes/buildings/italy_newjersey_plastic.DAE"}
{"class":"TSStatic","persistentId":"cc2dad41-4551-4ecf-9712-35892a29b35b","__parent":"Airport_Clutters","position":[-818.384094,1674.78406,152.817947],"annotation":"OBSTACLES","isRenderEnabled":false,"rotationMatrix":[0.120817535,0.992674708,0,-0.992674708,0.120817535,0,0,0,1],"shapeName":"/levels/italy/art/shapes/buildings/italy_clutter_pallet.DAE"}
{"class":"TSStatic","persistentId":"ce777704-586d-42bd-9493-7be24d2f13d7","__parent":"Airport_Clutters","position":[-1193.12952,1785.76709,152.297333],"annotation":"POLE","isRenderEnabled":false,"rotationMatrix":[-0.980289757,-0.197561577,0,0.197561577,-0.980289757,0,0,0,1],"shapeName":"/levels/italy/art/shapes/buildings/italy_airport_lightpole.DAE"}
{"class":"TSStatic","persistentId":"ceecbf96-74f2-4c8f-bbdc-e588076f6a80","__parent":"Airport_Clutters","position":[-818.516724,1676.38599,152.817947],"annotation":"OBSTACLES","isRenderEnabled":false,"rotationMatrix":[0.0921982601,-0.995740712,0,0.995740712,0.0921982527,0,0,0,1],"shapeName":"/levels/italy/art/shapes/buildings/italy_clutter_pallet.DAE"}
{"class":"TSStatic","persistentId":"d1759c20-32da-47ed-b1c9-dd7ff351b2cc","__parent":"Airport_Clutters","position":[-938.454529,1688.69666,152.422134],"annotation":"OBSTACLES","isRenderEnabled":false,"rotationMatrix":[-0.977966845,-0.208760336,0,0.208760336,-0.977966905,0,0,0,1],"scale":[1.5,1.5,1.5],"shapeName":"/levels/italy/art/shapes/buildings/italy_newjersey_plastic.DAE"}
{"class":"TSStatic","persistentId":"d71503a0-0a4d-4270-a114-883d56eb52c1","__parent":"Airport_Clutters","position":[-832.866882,1680.56775,152.562866],"annotation":"OBSTACLES","isRenderEnabled":false,"rotationMatrix":[-0.180000857,0.98366648,0,-0.98366648,-0.180000857,0,0,0,1],"shapeName":"/levels/italy/art/shapes/buildings/italy_bld_boomgate_6.5m.dae"}
{"class":"TSStatic","persistentId":"ddcae593-6f27-4111-a4a9-543ae9e4790d","__parent":"Airport_Clutters","position":[-818.384094,1674.78406,152.619797],"annotation":"OBSTACLES","isRenderEnabled":false,"rotationMatrix":[0.0252475943,0.999681234,0,-0.999681234,0.0252475943,0,0,0,1],"shapeName":"/levels/italy/art/shapes/buildings/italy_clutter_pallet.DAE"}
{"class":"TSStatic","persistentId":"e086fa18-852e-4883-9194-6f9db18d20c9","__parent":"Airport_Clutters","position":[-990.270203,1671.59265,153.558228],"annotation":"OBSTACLES","instanceColor":[0.188235,0.188235,0.188235,0.00800000038],"isRenderEnabled":false,"rotationMatrix":[-8.68420891e-09,-2.85090103e-08,1,-0.863064766,-0.505093217,-2.18947438e-08,0.505093217,-0.863064766,-2.02187866e-08],"shapeName":"/levels/italy/art/shapes/buildings/italy_airport_suitcase.DAE"}
{"class":"TSStatic","persistentId":"e2ef486f-5e0e-4c2f-bc54-526a4b06b1a2","__parent":"Airport_Clutters","position":[-818.384094,1674.78406,152.420044],"annotation":"OBSTACLES","isRenderEnabled":false,"rotationMatrix":[0.0571926571,0.998363197,0,-0.998363197,0.0571926571,0,0,0,1],"shapeName":"/levels/italy/art/shapes/buildings/italy_clutter_pallet.DAE"}
{"class":"TSStatic","persistentId":"e51e8485-b472-439b-8715-752cf719c2ce","__parent":"Airport_Clutters","position":[-967.941833,1675.64075,152.421646],"annotation":"OBSTACLES","isRenderEnabled":false,"rotationMatrix":[0.49171716,-0.870754778,0,0.870754838,0.491717041,0,0,0,1],"scale":[1.5,1.5,1.5],"shapeName":"/levels/italy/art/shapes/buildings/italy_newjersey_plastic.DAE"}
{"class":"TSStatic","persistentId":"e54050a6-ce2e-48ec-99b4-b653f0c67b78","__parent":"Airport_Clutters","position":[-967.114685,1620.32031,152.414001],"annotation":"POLE","isRenderEnabled":false,"rotationMatrix":[0.22192125,-0.97506398,0,0.97506398,0.22192125,0,0,0,1],"shapeName":"/levels/italy/art/shapes/buildings/italy_airport_lightpole.DAE"}
{"class":"TSStatic","persistentId":"e5dc867b-05c7-4d98-bbc7-4e19a0ceb2a8","__parent":"Airport_Clutters","position":[-818.05426,1673.25684,153.0177],"annotation":"OBSTACLES","isRenderEnabled":false,"rotationMatrix":[-0.221804619,0.975091159,0,-0.975091159,-0.221804619,0,0,0,1],"shapeName":"/levels/italy/art/shapes/buildings/italy_clutter_pallet.DAE"}
{"class":"TSStatic","persistentId":"e9da9b8b-f29e-4e88-b203-4ae46752c7e1","__parent":"Airport_Clutters","position":[-995.555359,1673.48914,152.422592],"annotation":"OBSTACLES","isRenderEnabled":false,"rotationMatrix":[-0.981696665,-0.190453231,0,0.190453231,-0.981696665,0,0,0,1],"shapeName":"/levels/italy/art/shapes/buildings/italy_airport_cart_b.DAE"}
{"class":"TSStatic","persistentId":"ec4fe55d-80ff-4623-bcb4-953c6423becd","__parent":"Airport_Clutters","position":[-949.310913,1686.18738,152.422073],"annotation":"OBSTACLES","isRenderEnabled":false,"rotationMatrix":[-0.991475761,-0.130289942,0,0.130289957,-0.991475821,0,0,0,1],"scale":[1.5,1.5,1.5],"shapeName":"/levels/italy/art/shapes/buildings/italy_newjersey_plastic.DAE"}
{"class":"TSStatic","persistentId":"ee6a12fa-99b0-440d-a876-2710dc2a8c84","__parent":"Airport_Clutters","position":[-818.186035,1674.13269,153.615723],"annotation":"OBSTACLES","isRenderEnabled":false,"rotationMatrix":[-0.0797161683,0.996817589,0,-0.996817589,-0.0797161683,0,0,0,1],"shapeName":"/levels/italy/art/shapes/buildings/italy_clutter_pallet.DAE"}
{"class":"TSStatic","persistentId":"f09355d7-17aa-4094-b0ab-51903dc2250c","__parent":"Airport_Clutters","position":[-852.458984,1677.42688,152.421646],"annotation":"OBSTACLES","isRenderEnabled":false,"rotationMatrix":[-0.96484226,-0.262827784,0,0.262827784,-0.96484226,0,0,0,1],"shapeName":"/levels/italy/art/shapes/buildings/italy_airport_electrical_cabinet.DAE"}
{"class":"TSStatic","persistentId":"f4aa99c0-50f8-48ad-a499-637d6491f967","__parent":"Airport_Clutters","position":[-991.645508,1672.90393,152.415421],"annotation":"OBSTACLES","instanceColor":[0.505882025,0.505882025,0.505882025,0.00800000038],"isRenderEnabled":false,"rotationMatrix":[0.133688793,0.9910236,1.05758353e-08,-0.9910236,0.133688912,1.04255982e-07,1.04308128e-07,-2.98023224e-08,0.999999762],"shapeName":"/levels/italy/art/shapes/buildings/italy_airport_suitcase.DAE"}
{"class":"TSStatic","persistentId":"f66055c1-d64b-4e89-8a9f-f20a9a70f922","__parent":"Airport_Clutters","position":[-1059.73706,1695.26428,156.597],"annotation":"OBSTACLES","isRenderEnabled":false,"rotationMatrix":[-0.209744439,0.977756321,0,-0.977756202,-0.209744424,0,0,0,1],"shapeName":"/levels/italy/art/shapes/buildings/italy_airport_flag.DAE"}
{"class":"TSStatic","persistentId":"f71250b3-e673-4e97-aacd-4f301119b511","__parent":"Airport_Clutters","position":[-944.742737,1687.35449,152.422134],"annotation":"OBSTACLES","isRenderEnabled":false,"rotationMatrix":[-0.977966845,-0.208760336,0,0.208760336,-0.977966905,0,0,0,1],"scale":[1.5,1.5,1.5],"shapeName":"/levels/italy/art/shapes/buildings/italy_newjersey_plastic.DAE"}
{"class":"TSStatic","persistentId":"fa1a237c-a586-4a8e-9b49-8a0853510878","__parent":"Airport_Clutters","position":[-889.340698,1742.73242,152.711426],"annotation":"OBSTACLES","isRenderEnabled":false,"rotationMatrix":[0.0956870243,-0.995411277,0,0.995411277,0.0956870243,0,0,0,1],"shapeName":"/levels/italy/art/shapes/buildings/italy_clutter_concbag_pile.DAE"}
{"class":"TSStatic","persistentId":"fb6bc413-ecd7-4730-9bdf-341ceabdb878","__parent":"Airport_Clutters","position":[-816.896118,1686.25098,152.445862],"annotation":"OBSTACLES","isRenderEnabled":false,"rotationMatrix":[-0.525604129,-0.850729048,0,0.850729048,-0.525604129,0,0,0,1],"shapeName":"/levels/italy/art/shapes/buildings/italy_airport_fuelpipe.DAE"}
{"class":"TSStatic","persistentId":"fd8e4398-86dd-4a91-a1da-a8da34079db1","__parent":"Airport_Clutters","position":[-1328.08228,1584.49719,152.40625],"annotation":"POLE","isRenderEnabled":false,"rotationMatrix":[0.644343674,-0.764736354,0,0.764736354,0.644343674,0,0,0,1],"shapeName":"/levels/italy/art/shapes/buildings/italy_airport_tribillboard.DAE"}
{"class":"Prefab","persistentId":"12179786-fd7b-4619-9172-975d0d1109be","__parent":"Airport_Clutters","position":[-1026.18262,1672.70447,152.421631],"annotation":"OBSTACLES","fileName":"levels/italy/art/prefabs/italy_airport_pallet.prefab","rotationMatrix":[0.45126614,0.892391503,0,-0.892391503,0.45126614,0,0,0,1]}
{"class":"Prefab","persistentId":"37b93f6b-e126-4905-9ed8-7d7d3e125479","__parent":"Airport_Clutters","position":[-986.973999,1671.11194,152.421631],"annotation":"OBSTACLES","fileName":"levels/italy/art/prefabs/italy_airport_pallet.prefab","rotationMatrix":[-0.230257228,0.97312957,0,-0.97312969,-0.230257303,0,0,0,1]}
{"class":"Prefab","persistentId":"496c043e-c5f2-4d09-b158-8517c475052e","__parent":"Airport_Clutters","position":[-957.630615,1677.12036,152.416443],"annotation":"OBSTACLES","fileName":"levels/italy/art/prefabs/italy_airport_pallet.prefab","rotationMatrix":[0.868472815,0.495739669,0,-0.495739669,0.868472815,0,0,0,1]}
{"class":"Prefab","persistentId":"9f618f5a-dda9-4008-acb3-e8bfb3995a8d","__parent":"Airport_Clutters","position":[-984.87561,1669.37317,152.421631],"annotation":"OBSTACLES","fileName":"levels/italy/art/prefabs/italy_airport_pallet.prefab","rotationMatrix":[-0.709121525,-0.70508635,0,0.70508635,-0.709121525,0,0,0,1]}
{"class":"Prefab","persistentId":"a6b3f87e-1827-4d6c-894f-42c3abcd6ac3","__parent":"Airport_Clutters","position":[-984.872375,1670.80078,152.421631],"annotation":"OBSTACLES","fileName":"levels/italy/art/prefabs/italy_airport_pallet.prefab","rotationMatrix":[0.987287879,0.158942804,0,-0.158942789,0.98728776,0,0,0,1]}
{"class":"Prefab","persistentId":"a70a8f04-08c9-427f-b056-e7a11bf6dc1b","__parent":"Airport_Clutters","position":[-1025.87427,1671.02002,152.421631],"annotation":"OBSTACLES","fileName":"levels/italy/art/prefabs/italy_airport_pallet.prefab","rotationMatrix":[0.282566637,-0.959249139,0,0.959249139,0.282566637,0,0,0,1]}
{"class":"Prefab","persistentId":"be421582-7fc3-4651-9ab2-5ba8916e3805","__parent":"Airport_Clutters","position":[-1026.74744,1674.09473,152.421631],"annotation":"OBSTACLES","fileName":"levels/italy/art/prefabs/italy_airport_pallet.prefab","rotationMatrix":[0.999607742,-0.0280731022,0,0.0280731022,0.999607742,0,0,0,1]}
{"class":"Prefab","persistentId":"c1d5613c-560a-4740-9ada-a4e8eb0571e1","__parent":"Airport_Clutters","position":[-986.054871,1669.56177,152.421631],"annotation":"OBSTACLES","fileName":"levels/italy/art/prefabs/italy_airport_pallet.prefab","rotationMatrix":[-0.610368371,-0.792117834,0,0.792117774,-0.610368371,0,0,0,1]}
{"class":"Prefab","persistentId":"dd5e46ce-784e-4730-a01f-23019fbbc733","__parent":"Airport_Clutters","position":[-957.326538,1676.03662,152.416443],"annotation":"OBSTACLES","fileName":"levels/italy/art/prefabs/italy_airport_pallet.prefab","rotationMatrix":[-0.861299396,-0.508099318,0,0.508099318,-0.861299396,0,0,0,1]}
{"class":"Prefab","persistentId":"f06cd4e3-caa2-4317-9c4c-3ed84bb2aa5b","__parent":"Airport_Clutters","position":[-1025.02905,1671.8634,152.421631],"annotation":"OBSTACLES","fileName":"levels/italy/art/prefabs/italy_airport_pallet.prefab","rotationMatrix":[0.154125988,-0.988052905,0,0.988052905,0.154125988,0,0,0,1]}
{"class":"Prefab","persistentId":"f1d5360a-bba8-4f7f-80d8-eb1284eeb03e","__parent":"Airport_Clutters","position":[-956.216736,1677.07275,152.416443],"annotation":"OBSTACLES","fileName":"levels/italy/art/prefabs/italy_airport_pallet.prefab","rotationMatrix":[-0.252410769,0.967620909,0,-0.967620909,-0.252410769,0,0,0,1]}
{"class":"DecalRoad","persistentId":"053a82a6-19cd-44e9-a43b-a0caf9248289","__parent":"Airport_Clutters","position":[-643.712158,1846.36755,152.42157],"decalBias":0.00150000001,"distanceFade":[1200,300],"improvedSpline":true,"material":"italy_road_markings_line_thick","nodes":[[-643.712158,1846.36755,152.42157,2],[-673.195068,1840.10193,152.42157,2]],"renderPriority":37,"textureLength":12}
{"class":"DecalRoad","persistentId":"06537119-5c07-45d6-9cd7-6c735daf814c","__parent":"Airport_Clutters","position":[-1075.34778,1760.44165,152.42157],"decalBias":0.00150000001,"distanceFade":[1200,300],"improvedSpline":true,"material":"italy_road_markings_line_thick","nodes":[[-1075.34778,1760.44165,152.42157,2],[-1094.7522,1756.3811,152.42157,2]],"renderPriority":37,"textureLength":12}
{"class":"DecalRoad","persistentId":"08057707-4e5c-4189-a50f-c178946ceb98","__parent":"Airport_Clutters","position":[-777.7276,1802.98645,152.42157],"decalBias":0.00150000001,"distanceFade":[1200,300],"improvedSpline":true,"material":"italy_road_markings_line_thick","nodes":[[-777.7276,1802.98645,152.42157,2],[-797.323853,1798.87073,152.42157,2]],"renderPriority":37,"textureLength":12}
{"class":"DecalRoad","persistentId":"0e896be0-2817-458a-8e6b-f34680e422bf","__parent":"Airport_Clutters","position":[-1642.26404,1640.92346,152.42157],"decalBias":0.00150000001,"distanceFade":[1200,300],"improvedSpline":true,"material":"italy_road_markings_line_thick","nodes":[[-1642.26404,1640.92346,152.42157,1],[-1641.80078,1638.72205,152.42157,1]],"renderPriority":37,"textureLength":12}
{"class":"DecalRoad","persistentId":"102c1cfe-94a9-43c1-99e4-4998ac661933","__parent":"Airport_Clutters","position":[-688.215515,1839.06702,152.42157],"decalBias":0.00150000001,"distanceFade":[1200,300],"improvedSpline":true,"material":"italy_road_markings_line_thick","nodes":[[-688.215515,1839.06702,152.42157,1],[-689.659119,1838.76135,152.42157,1]],"renderPriority":37,"textureLength":12}
{"class":"DecalRoad","persistentId":"17369ead-8642-45bf-98f4-164acc4f1fa7","__parent":"Airport_Clutters","position":[-819.514709,1807.88416,152.42157],"decalBias":0.00150000001,"improvedSpline":true,"material":"italy_road_markings_line_thin","nodes":[[-819.514709,1807.88416,152.42157,0.5],[-780.321899,1815.99341,152.42157,0.5]],"renderPriority":38,"startEndFade":[0.100000001,0.100000001],"textureLength":4}
{"class":"DecalRoad","persistentId":"17c2494e-d5a5-4cfb-88d9-40af47b4a1d1","__parent":"Airport_Clutters","position":[-1525.69373,1667.17212,152.42157],"decalBias":0.00150000001,"distanceFade":[1200,300],"improvedSpline":true,"material":"italy_road_markings_line_thick","nodes":[[-1525.69373,1667.17212,152.42157,2],[-1545.27185,1663.04321,152.42157,2]],"renderPriority":37,"textureLength":12}
{"class":"DecalRoad","persistentId":"180f7cd8-7eba-43c5-828e-c6fbb64ada3e","__parent":"Airport_Clutters","position":[-1634.29333,1634.96973,152.421341],"decalBias":0.00150000001,"distanceFade":[1200,300],"improvedSpline":true,"material":"italy_road_markings_line_thick","nodes":[[-1634.29333,1634.96973,152.421341,1],[-1635.80737,1633.6272,152.420105,1]],"renderPriority":37,"textureLength":12}
{"class":"DecalRoad","persistentId":"18f2136a-86f5-4307-af9c-77cc5a99374d","__parent":"Airport_Clutters","position":[-640.520508,1831.09253,152.42157],"decalBias":0.00150000001,"distanceFade":[1200,300],"improvedSpline":true,"material":"italy_road_markings_line_thick","nodes":[[-640.520508,1831.09253,152.42157,2],[-670.040222,1824.97449,152.42157,2]],"renderPriority":37,"textureLength":12}
{"class":"DecalRoad","persistentId":"197aa328-a270-4a69-a944-c968a75687d3","__parent":"Airport_Clutters","position":[-687.242493,1829.92761,152.415787],"breakAngle":20,"decalBias":0.00150000001,"distanceFade":[1200,300],"improvedSpline":true,"material":"italy_road_markings_line_thick","nodes":[[-687.242493,1829.92761,152.415787,1],[-688.416687,1830.76294,152.42157,1]],"renderPriority":37,"textureLength":12}
{"class":"DecalRoad","persistentId":"1d69f0eb-fe6c-4ec2-95ee-53742f993ebc","__parent":"Airport_Clutters","position":[-689.380798,1838.95593,152.42157],"decalBias":0.00150000001,"distanceFade":[1200,300],"improvedSpline":true,"material":"italy_road_markings_line_thick","nodes":[[-689.380798,1838.95593,152.42157,1],[-689.986877,1838.05994,152.42157,1]],"renderPriority":37,"textureLength":12}
{"class":"DecalRoad","persistentId":"2184bfb9-3147-4af8-ac6f-6f2d85ca5827","__parent":"Airport_Clutters","position":[-1637.66821,1634.26477,152.42157],"decalBias":0.00150000001,"distanceFade":[1200,300],"improvedSpline":true,"material":"italy_road_markings_line_thick","nodes":[[-1637.66821,1634.26477,152.42157,1],[-1638.74463,1632.98645,152.42157,1]],"renderPriority":37,"textureLength":12}
{"class":"DecalRoad","persistentId":"27e36438-98c5-4351-8dbc-93282c087f96","__parent":"Airport_Clutters","position":[-1394.60815,1675.11902,152.42157],"decalBias":0.00150000001,"distanceFade":[1200,300],"improvedSpline":true,"material":"italy_road_markings_line_thick","nodes":[[-1394.60815,1675.11902,152.42157,2],[-1374.97217,1679.2572,152.42157,2]],"renderPriority":37,"textureLength":12}
{"class":"DecalRoad","persistentId":"2ce642c8-3470-44b1-b802-1155d80e82e5","__parent":"Airport_Clutters","position":[-778.375732,1806.18799,152.42157],"decalBias":0.00150000001,"distanceFade":[1200,300],"improvedSpline":true,"material":"italy_road_markings_line_thick","nodes":[[-778.375732,1806.18799,152.42157,2],[-797.960083,1802.24316,152.42157,2]],"renderPriority":37,"textureLength":12}
{"class":"DecalRoad","persistentId":"3213aa98-2bf0-417d-83a2-f78ffe2ca51e","__parent":"Airport_Clutters","position":[-1637.23218,1636.76965,152.42157],"decalBias":0.00150000001,"distanceFade":[1200,300],"improvedSpline":true,"material":"italy_road_markings_line_thick","nodes":[[-1637.23218,1636.76965,152.42157,1],[-1638.05139,1635.97266,152.42157,1]],"renderPriority":37,"textureLength":12}
{"class":"DecalRoad","persistentId":"3398ed0d-1cb7-4d17-bf17-f8631db3f179","__parent":"Airport_Clutters","position":[-1635.42102,1640.54895,152.42157],"decalBias":0.00150000001,"distanceFade":[1200,300],"improvedSpline":true,"material":"italy_road_markings_line_thick","nodes":[[-1635.42102,1640.54895,152.42157,1],[-1636.51343,1639.36206,152.42157,1]],"renderPriority":37,"textureLength":12}
{"class":"DecalRoad","persistentId":"3a61e1a0-a4e7-4e37-862c-dfdfe010f587","__parent":"Airport_Clutters","position":[-689.090271,1835.94836,152.42157],"decalBias":0.00150000001,"distanceFade":[1200,300],"improvedSpline":true,"material":"italy_road_markings_line_thick","nodes":[[-689.090271,1835.94836,152.42157,1],[-683.472839,1837.19507,152.42157,1]],"renderPriority":37,"textureLength":12}
{"class":"DecalRoad","persistentId":"3a62c000-cf7f-47b5-a981-4f8191af2d46","__parent":"Airport_Clutters","position":[-1634.83716,1636.70715,152.42157],"decalBias":0.00150000001,"distanceFade":[1200,300],"improvedSpline":true,"material":"italy_road_markings_line_thick","nodes":[[-1634.83716,1636.70715,152.42157,1],[-1634.3905,1634.51355,152.418594,1]],"renderPriority":37,"textureLength":12}
{"class":"DecalRoad","persistentId":"3b12737a-848d-4802-b968-9a44c4eed436","__parent":"Airport_Clutters","position":[-1639.10303,1636.30054,152.42157],"decalBias":0.00150000001,"distanceFade":[1200,300],"improvedSpline":true,"material":"italy_road_markings_line_thick","nodes":[[-1639.10303,1636.30054,152.42157,1],[-1640.44043,1636.06592,152.42157,1]],"renderPriority":37,"textureLength":12}
{"class":"DecalRoad","persistentId":"3e422ef3-6982-4cda-a6c8-d986c48a3c08","__parent":"Airport_Clutters","position":[-1252.25,1727.23682,152.42157],"decalBias":0.00150000001,"distanceFade":[1200,300],"improvedSpline":true,"material":"italy_road_markings_line_thick","nodes":[[-1252.25,1727.23682,152.42157,2],[-1232.67871,1731.30847,152.42157,2]],"renderPriority":37,"textureLength":12}
{"class":"DecalRoad","persistentId":"4012f885-2816-4bc2-bab2-9ac23013ad9d","__parent":"Airport_Clutters","position":[-1683.07727,1637.927,152.41449],"decalBias":0.00150000001,"distanceFade":[1200,300],"improvedSpline":true,"material":"italy_road_markings_line_thick","nodes":[[-1683.07727,1637.927,152.41449,2],[-1653.69922,1644.07739,152.42157,2]],"renderPriority":37,"textureLength":12}
{"class":"DecalRoad","persistentId":"4324698d-7f27-4e6f-8851-7981db80f618","__parent":"Airport_Clutters","position":[-1641.49707,1641.60815,152.42157],"decalBias":0.00150000001,"distanceFade":[1200,300],"improvedSpline":true,"material":"italy_road_markings_line_thick","nodes":[[-1641.49707,1641.60815,152.42157,1],[-1636.88025,1642.56787,152.42157,1]],"renderPriority":37,"textureLength":12}
{"class":"DecalRoad","persistentId":"45a1613e-0162-4630-858e-dad3b04dde57","__parent":"Airport_Clutters","position":[-1638.2063,1636.13965,152.42157],"decalBias":0.00150000001,"distanceFade":[1200,300],"improvedSpline":true,"material":"italy_road_markings_line_thick","nodes":[[-1638.2063,1636.13965,152.42157,1],[-1637.73047,1633.85583,152.42157,1]],"renderPriority":37,"textureLength":12}
{"class":"DecalRoad","persistentId":"45af55fd-161a-4690-9c5f-6fdad702be5f","__parent":"Airport_Clutters","position":[-1640.47266,1638.50293,152.42157],"decalBias":0.00150000001,"distanceFade":[1200,300],"improvedSpline":true,"material":"italy_road_markings_line_thick","nodes":[[-1640.47266,1638.50293,152.42157,1],[-1642.09131,1639.10205,152.42157,1]],"renderPriority":37,"textureLength":12}
{"class":"DecalRoad","persistentId":"45ffdbfe-2451-462d-a073-bf277f0eea67","__parent":"Airport_Clutters","position":[-782.135742,1824.42737,152.42157],"decalBias":0.00150000001,"distanceFade":[1200,300],"improvedSpline":true,"material":"italy_road_markings_line_thick","nodes":[[-782.135742,1824.42737,152.42157,2],[-801.797791,1820.4314,152.42157,2]],"renderPriority":37,"textureLength":12}
{"class":"DecalRoad","persistentId":"4a8640ec-581e-4234-a5c3-c47f930eb40c","__parent":"Airport_Clutters","position":[-1638.08813,1635.73059,152.42157],"decalBias":0.00150000001,"distanceFade":[1200,300],"improvedSpline":true,"material":"italy_road_markings_line_thick","nodes":[[-1638.08813,1635.73059,152.42157,1],[-1639.37964,1636.33459,152.42157,1]],"renderPriority":37,"textureLength":12}
{"class":"DecalRoad","persistentId":"4a99b03f-ffae-4759-a4ec-1ebac5465c45","__parent":"Airport_Clutters","position":[-1637.20959,1642.60706,152.42157],"decalBias":0.00150000001,"distanceFade":[1200,300],"improvedSpline":true,"material":"italy_road_markings_line_thick","nodes":[[-1637.20959,1642.60706,152.42157,1],[-1635.65686,1641.74976,152.42157,1]],"renderPriority":37,"textureLength":12}
{"class":"DecalRoad","persistentId":"4aa61f8c-9373-4f62-a697-0469a2c0c001","__parent":"Airport_Clutters","position":[-1636.00403,1636.95728,152.42157],"decalBias":0.00150000001,"distanceFade":[1200,300],"improvedSpline":true,"material":"italy_road_markings_line_thick","nodes":[[-1636.00403,1636.95728,152.42157,1],[-1637.46216,1636.67126,152.42157,1]],"renderPriority":37,"textureLength":12}
{"class":"DecalRoad","persistentId":"4b5bafbe-0fca-4bd0-befe-7690dbc44c2c","__parent":"Airport_Clutters","position":[-1249.06494,1712.22473,152.42157],"decalBias":0.00150000001,"distanceFade":[1200,300],"improvedSpline":true,"material":"italy_road_markings_line_thick","nodes":[[-1249.06494,1712.22473,152.42157,2],[-1229.57239,1716.24878,152.42157,2]],"renderPriority":37,"textureLength":12}
{"class":"DecalRoad","persistentId":"4d1f3a6e-7552-476a-9edf-f02025e5a075","__parent":"Airport_Clutters","position":[-683.23999,1830.97278,152.42157],"decalBias":0.00150000001,"distanceFade":[1200,300],"improvedSpline":true,"material":"italy_road_markings_line_thick","nodes":[[-683.23999,1830.97278,152.42157,1],[-681.492676,1831.32349,152.42157,1]],"renderPriority":37,"textureLength":12}
{"class":"DecalRoad","persistentId":"504a10ff-9007-48bf-b0f0-8187901b4450","__parent":"Airport_Clutters","position":[-1681.69751,1631.58313,152.42157],"decalBias":0.00150000001,"distanceFade":[1200,300],"improvedSpline":true,"material":"italy_road_markings_line_thick","nodes":[[-1681.69751,1631.58313,152.42157,2],[-1652.35461,1637.66992,152.42157,2]],"renderPriority":37,"textureLength":12}
{"class":"DecalRoad","persistentId":"52304e5d-7ac2-443f-9b5c-fc708ca551a5","__parent":"Airport_Clutters","position":[-687.370544,1833.4635,152.42157],"decalBias":0.00150000001,"distanceFade":[1200,300],"improvedSpline":true,"material":"italy_road_markings_line_thick","nodes":[[-687.370544,1833.4635,152.42157,1],[-682.892944,1830.9248,152.42157,1]],"renderPriority":37,"textureLength":12}
{"class":"DecalRoad","persistentId":"56b5236b-ec77-4aa4-94b3-8eacc7947d22","__parent":"Airport_Clutters","position":[-683.529907,1839.4469,152.425613],"decalBias":0.00150000001,"distanceFade":[1200,300],"improvedSpline":true,"material":"italy_road_markings_line_thick","nodes":[[-683.529907,1839.4469,152.425613,1],[-684.600037,1839.96265,152.424622,1]],"renderPriority":37,"textureLength":12}
{"class":"DecalRoad","persistentId":"58ebcaa3-0efd-4a96-bde4-5176f9de9813","__parent":"Airport_Clutters","position":[-1399.74829,1700.09534,152.42157],"decalBias":0.00150000001,"distanceFade":[1200,300],"improvedSpline":true,"material":"italy_road_markings_line_thick","nodes":[[-1399.74829,1700.09534,152.42157,2],[-1380.23181,1704.2085,152.42157,2]],"renderPriority":37,"textureLength":12}
{"class":"DecalRoad","persistentId":"5b321729-9032-49bd-92f1-11d6f8bef129","__parent":"Airport_Clutters","position":[-1378.8739,1697.53528,152.42157],"decalBias":0.00150000001,"distanceFade":[1200,300],"improvedSpline":true,"material":"italy_road_markings_line_thick","nodes":[[-1378.8739,1697.53528,152.42157,2],[-1398.45178,1693.42615,152.42157,2]],"renderPriority":37,"textureLength":12}
{"class":"DecalRoad","persistentId":"5cfe0cbd-1617-4584-8d90-a2f418811af3","__parent":"Airport_Clutters","position":[-1523.25146,1655.47656,152.42157],"decalBias":0.00150000001,"distanceFade":[1200,300],"improvedSpline":true,"material":"italy_road_markings_line_thick","nodes":[[-1523.25146,1655.47656,152.42157,2],[-1542.80371,1651.35229,152.42157,2]],"renderPriority":37,"textureLength":12}
{"class":"DecalRoad","persistentId":"5fdc6919-8818-4bf5-8878-0f2c204e3da1","__parent":"Airport_Clutters","position":[-684.22937,1839.89832,152.427444],"decalBias":0.00150000001,"distanceFade":[1200,300],"improvedSpline":true,"material":"italy_road_markings_line_thick","nodes":[[-684.22937,1839.89832,152.427444,1],[-686.38446,1839.43738,152.42157,1]],"renderPriority":37,"textureLength":12}
{"class":"DecalRoad","persistentId":"602b6822-c79a-4aa9-b661-e763c2cde2e9","__parent":"Airport_Clutters","position":[-1075.9325,1763.73901,152.42157],"decalBias":0.00150000001,"distanceFade":[1200,300],"improvedSpline":true,"material":"italy_road_markings_line_thick","nodes":[[-1075.9325,1763.73901,152.42157,2],[-1095.54773,1759.68762,152.42157,2]],"renderPriority":37,"textureLength":12}
{"class":"DecalRoad","persistentId":"659a1442-d33f-4430-986b-c7dc7fac5af7","__parent":"Airport_Clutters","position":[-681.85321,1830.74951,152.42157],"decalBias":0.00150000001,"distanceFade":[1200,300],"improvedSpline":true,"material":"italy_road_markings_line_thick","nodes":[[-681.85321,1830.74951,152.42157,1],[-682.675293,1834.93262,152.42157,1]],"renderPriority":37,"textureLength":12}
{"class":"DecalRoad","persistentId":"676f9888-e17f-4772-bba6-16c2c4177b9d","__parent":"Airport_Clutters","position":[-645.662109,1856.09534,152.42157],"decalBias":0.00150000001,"distanceFade":[1200,300],"improvedSpline":true,"material":"italy_road_markings_line_thick","nodes":[[-645.662109,1856.09534,152.42157,2],[-675.177063,1850.00537,152.42157,2]],"renderPriority":37,"textureLength":12}
{"class":"DecalRoad","persistentId":"6949534d-4c76-4cc3-8cbb-80f0e12b0b0e","__parent":"Airport_Clutters","position":[-779.087158,1809.52881,152.42157],"decalBias":0.00150000001,"distanceFade":[1200,300],"improvedSpline":true,"material":"italy_road_markings_line_thick","nodes":[[-779.087158,1809.52881,152.42157,2],[-798.695801,1805.54553,152.42157,2]],"renderPriority":37,"textureLength":12}
{"class":"DecalRoad","persistentId":"6973df63-1694-4ca1-8849-46faef089963","__parent":"Airport_Clutters","position":[-1251.53357,1723.90674,152.42157],"decalBias":0.00150000001,"distanceFade":[1200,300],"improvedSpline":true,"material":"italy_road_markings_line_thick","nodes":[[-1251.53357,1723.90674,152.42157,2],[-1231.94409,1727.88147,152.42157,2]],"renderPriority":37,"textureLength":12}
{"class":"DecalRoad","persistentId":"69861254-9aba-48d1-8103-4ac96e2b43bd","__parent":"Airport_Clutters","position":[-1642.3302,1640.50781,152.42157],"decalBias":0.00150000001,"distanceFade":[1200,300],"improvedSpline":true,"material":"italy_road_markings_line_thick","nodes":[[-1642.3302,1640.50781,152.42157,1],[-1641.12146,1641.82129,152.42157,1]],"renderPriority":37,"textureLength":12}
{"class":"DecalRoad","persistentId":"6b5a3b4a-6fb5-4cec-9d9a-eb4ae6b1fcbb","__parent":"Airport_Clutters","position":[-782.794312,1827.41602,152.42157],"decalBias":0.00150000001,"distanceFade":[1200,300],"improvedSpline":true,"material":"italy_road_markings_line_thick","nodes":[[-782.794312,1827.41602,152.42157,2],[-802.362366,1823.39465,152.42157,2]],"renderPriority":37,"textureLength":12}
{"class":"DecalRoad","persistentId":"71e92114-bf94-4164-84ca-d245647ef09d","__parent":"Airport_Clutters","position":[-1072.07324,1745.24341,152.42157],"decalBias":0.00150000001,"distanceFade":[1200,300],"improvedSpline":true,"material":"italy_road_markings_line_thick","nodes":[[-1072.07324,1745.24341,152.42157,2],[-1091.56006,1741.26733,152.42157,2]],"renderPriority":37,"textureLength":12}
{"class":"DecalRoad","persistentId":"725423e1-1e4b-40eb-85c6-93141be3fa37","__parent":"Airport_Clutters","position":[-686.71814,1839.03845,152.42157],"decalBias":0.00150000001,"distanceFade":[1200,300],"improvedSpline":true,"material":"italy_road_markings_line_thick","nodes":[[-686.71814,1839.03845,152.42157,1],[-686.272949,1836.974,152.42157,1]],"renderPriority":37,"textureLength":12}
{"class":"DecalRoad","persistentId":"72f39bd0-bbe6-4f08-b4b2-8012d2c20891","__parent":"Airport_Clutters","position":[-1542.12695,1648.0022,152.42157],"decalBias":0.00150000001,"distanceFade":[1200,300],"improvedSpline":true,"material":"italy_road_markings_line_thick","nodes":[[-1542.12695,1648.0022,152.42157,2],[-1522.52466,1652.17847,152.42157,2]],"renderPriority":37,"textureLength":12}
{"class":"DecalRoad","persistentId":"74e0f09d-2216-43fe-bd50-ce2d7795a075","__parent":"Airport_Clutters","position":[-686.10083,1839.60522,152.42157],"decalBias":0.00150000001,"distanceFade":[1200,300],"improvedSpline":true,"material":"italy_road_markings_line_thick","nodes":[[-686.10083,1839.60522,152.42157,1],[-686.818115,1838.64526,152.42157,1]],"renderPriority":37,"textureLength":12}
{"class":"DecalRoad","persistentId":"7a5854f3-0307-41a6-9b91-8504b5059017","__parent":"Airport_Clutters","position":[-1635.56018,1633.74866,152.418213],"decalBias":0.00150000001,"distanceFade":[1200,300],"improvedSpline":true,"material":"italy_road_markings_line_thick","nodes":[[-1635.56018,1633.74866,152.418213,1],[-1636.72437,1633.51611,152.42157,1]],"renderPriority":37,"textureLength":12}
{"class":"DecalRoad","persistentId":"7bbac78f-eeaa-4c5b-9098-f3d8c9b28add","__parent":"Airport_Clutters","position":[-688.224792,1830.48303,152.42157],"decalBias":0.00150000001,"distanceFade":[1200,300],"improvedSpline":true,"material":"italy_road_markings_line_thick","nodes":[[-688.224792,1830.48303,152.42157,1],[-688.676819,1832.60669,152.42157,1]],"renderPriority":37,"textureLength":12}
{"class":"DecalRoad","persistentId":"7daf4063-22b9-4e02-bbc1-bf83e14dfe41","__parent":"Airport_Clutters","position":[-1248.35706,1708.72876,152.42157],"decalBias":0.00150000001,"distanceFade":[1200,300],"improvedSpline":true,"material":"italy_road_markings_line_thick","nodes":[[-1248.35706,1708.72876,152.42157,2],[-1228.90942,1712.87341,152.420868,2]],"renderPriority":37,"textureLength":12}
{"class":"DecalRoad","persistentId":"7df21001-b00a-4de8-9524-5c9afa575c21","__parent":"Airport_Clutters","position":[-1638.4989,1633.10754,152.42157],"decalBias":0.00150000001,"distanceFade":[1200,300],"improvedSpline":true,"material":"italy_road_markings_line_thick","nodes":[[-1638.4989,1633.10754,152.42157,1],[-1639.77808,1632.85193,152.42157,1]],"renderPriority":37,"textureLength":12}
{"class":"DecalRoad","persistentId":"7eff12c2-73ba-4a8f-a61d-ecfd2de88ea4","__parent":"Airport_Clutters","position":[-1527.07739,1673.76953,152.42157],"decalBias":0.00150000001,"distanceFade":[1200,300],"improvedSpline":true,"material":"italy_road_markings_line_thick","nodes":[[-1527.07739,1673.76953,152.42157,2],[-1546.69482,1669.68005,152.42157,2]],"renderPriority":37,"textureLength":12}
{"class":"DecalRoad","persistentId":"82527be6-f9c8-46ed-a57a-0a7cd4ac59e2","__parent":"Airport_Clutters","position":[-642.645264,1841.38574,152.42157],"decalBias":0.00150000001,"distanceFade":[1200,300],"improvedSpline":true,"material":"italy_road_markings_line_thick","nodes":[[-642.645264,1841.38574,152.42157,2],[-672.151611,1835.21899,152.42157,2]],"renderPriority":37,"textureLength":12}
{"class":"DecalRoad","persistentId":"8a12006d-f91d-43b8-ac8a-1206ee3f9959","__parent":"Airport_Clutters","position":[-781.531616,1821.31641,152.42157],"decalBias":0.00150000001,"distanceFade":[1200,300],"improvedSpline":true,"material":"italy_road_markings_line_thick","nodes":[[-781.531616,1821.31641,152.42157,2],[-801.138733,1817.24695,152.42157,2]],"renderPriority":37,"textureLength":12}
{"class":"DecalRoad","persistentId":"8af123c3-17b6-4423-bff8-2849b734aaf2","__parent":"Airport_Clutters","position":[-1634.5448,1636.3313,152.42157],"decalBias":0.00150000001,"distanceFade":[1200,300],"improvedSpline":true,"material":"italy_road_markings_line_thick","nodes":[[-1634.5448,1636.3313,152.42157,1],[-1636.40149,1636.98792,152.42157,1]],"renderPriority":37,"textureLength":12}
{"class":"DecalRoad","persistentId":"9476963b-c5f3-4f2c-9f1d-cb2ac72084bf","__parent":"Airport_Clutters","position":[-929.780579,1797.28235,152.42157],"decalBias":0.00150000001,"distanceFade":[1200,300],"improvedSpline":true,"material":"italy_road_markings_line_thick","nodes":[[-929.780579,1797.28235,152.42157,2],[-949.311951,1793.19958,152.42157,2]],"renderPriority":37,"textureLength":12}
{"class":"DecalRoad","persistentId":"9a972383-3014-4e8b-af29-09f600ad1ca6","__parent":"Airport_Clutters","position":[-928.458191,1790.85583,152.42157],"decalBias":0.00150000001,"distanceFade":[1200,300],"improvedSpline":true,"material":"italy_road_markings_line_thick","nodes":[[-928.458191,1790.85583,152.42157,2],[-948.010193,1786.82983,152.42157,2]],"renderPriority":37,"textureLength":12}
{"class":"DecalRoad","persistentId":"9e0a7a7a-c88a-4df3-a1f7-0c51291976f1","__parent":"Airport_Clutters","position":[-741.141785,1824.00269,152.42157],"decalBias":0.00150000001,"improvedSpline":true,"material":"italy_road_markings_line_thin","nodes":[[-741.141785,1824.00269,152.42157,0.5],[-702.018066,1832.24756,152.42157,0.5]],"renderPriority":38,"startEndFade":[0.100000001,0.100000001],"textureLength":12}
{"class":"DecalRoad","persistentId":"a6d624f5-50a5-48cf-8000-753670f0f07a","__parent":"Airport_Clutters","position":[-1679.28674,1619.68298,152.42157],"decalBias":0.00150000001,"distanceFade":[1200,300],"improvedSpline":true,"material":"italy_road_markings_line_thick","nodes":[[-1679.28674,1619.68298,152.42157,2],[-1649.86975,1625.78369,152.42157,2]],"renderPriority":37,"textureLength":12}
{"class":"DecalRoad","persistentId":"abc3c463-bb44-4e31-afe0-9064b43c85a3","__parent":"Airport_Clutters","position":[-689.675293,1836.38257,152.42157],"decalBias":0.00150000001,"distanceFade":[1200,300],"improvedSpline":true,"material":"italy_road_markings_line_thick","nodes":[[-689.675293,1836.38257,152.42157,1],[-688.7901,1835.89868,152.42157,1]],"renderPriority":37,"textureLength":12}
{"class":"DecalRoad","persistentId":"ad01334d-f878-4bb2-998b-b53d83ee02b1","__parent":"Airport_Clutters","position":[-683.790894,1836.99268,152.42157],"decalBias":0.00150000001,"distanceFade":[1200,300],"improvedSpline":true,"material":"italy_road_markings_line_thick","nodes":[[-683.790894,1836.99268,152.42157,1],[-683.174438,1837.90442,152.42157,1]],"renderPriority":37,"textureLength":12}
{"class":"DecalRoad","persistentId":"b52f6334-6219-436c-812e-262432aaac69","__parent":"Airport_Clutters","position":[-688.713135,1832.24011,152.42157],"decalBias":0.00150000001,"distanceFade":[1200,300],"improvedSpline":true,"material":"italy_road_markings_line_thick","nodes":[[-688.713135,1832.24011,152.42157,1],[-688.18042,1833.31189,152.42157,1]],"renderPriority":37,"textureLength":12}
{"class":"DecalRoad","persistentId":"b57f4d66-dfb5-4a11-9f01-1c2512168a35","__parent":"Airport_Clutters","position":[-1641.11255,1635.39001,152.42157],"decalBias":0.00150000001,"distanceFade":[1200,300],"improvedSpline":true,"material":"italy_road_markings_line_thick","nodes":[[-1641.11255,1635.39001,152.42157,1],[-1640.65186,1633.18091,152.42157,1]],"renderPriority":37,"textureLength":12}
{"class":"DecalRoad","persistentId":"b68056db-1962-4bfc-8d50-3dc9b03131c3","__parent":"Airport_Clutters","position":[-1640.17798,1636.19104,152.42157],"decalBias":0.00150000001,"distanceFade":[1200,300],"improvedSpline":true,"material":"italy_road_markings_line_thick","nodes":[[-1640.17798,1636.19104,152.42157,1],[-1641.21558,1635.00964,152.42157,1]],"renderPriority":37,"textureLength":12}
{"class":"DecalRoad","persistentId":"b7fe34a6-b92b-4633-a3cf-829f2ea36f79","__parent":"Airport_Clutters","position":[-1635.89844,1642.06287,152.42157],"decalBias":0.00150000001,"distanceFade":[1200,300],"improvedSpline":true,"material":"italy_road_markings_line_thick","nodes":[[-1635.89844,1642.06287,152.42157,1],[-1635.50354,1640.12061,152.42157,1]],"renderPriority":37,"textureLength":12}
{"class":"DecalRoad","persistentId":"bcc6358e-17a5-4cb8-9639-d1a8f0bc5d4c","__parent":"Airport_Clutters","position":[-1636.22131,1639.47217,152.42157],"decalBias":0.00150000001,"distanceFade":[1200,300],"improvedSpline":true,"material":"italy_road_markings_line_thick","nodes":[[-1636.22131,1639.47217,152.42157,1],[-1640.81641,1638.53442,152.42157,1]],"renderPriority":37,"textureLength":12}
{"class":"DecalRoad","persistentId":"bd86c75e-efe0-46c4-bdf3-e9b75345d12a","__parent":"Airport_Clutters","position":[-1376.25195,1685.87708,152.42157],"decalBias":0.00150000001,"distanceFade":[1200,300],"improvedSpline":true,"material":"italy_road_markings_line_thick","nodes":[[-1376.25195,1685.87708,152.42157,2],[-1395.92407,1681.69299,152.42157,2]],"renderPriority":37,"textureLength":12}
{"class":"DecalRoad","persistentId":"c2f2b3d8-72af-4d4d-83b2-dd690091d507","__parent":"Airport_Clutters","position":[-924.610291,1772.72559,152.42157],"decalBias":0.00150000001,"distanceFade":[1200,300],"improvedSpline":true,"material":"italy_road_markings_line_thick","nodes":[[-924.610291,1772.72559,152.42157,2],[-944.29541,1768.62268,152.42157,2]],"renderPriority":37,"textureLength":12}
{"class":"DecalRoad","persistentId":"c425afe1-a874-42f4-9694-86705c3c09ae","__parent":"Airport_Clutters","position":[-929.16626,1794.14246,152.42157],"decalBias":0.00150000001,"distanceFade":[1200,300],"improvedSpline":true,"material":"italy_road_markings_line_thick","nodes":[[-929.16626,1794.14246,152.42157,2],[-948.66449,1790.09766,152.42157,2]],"renderPriority":37,"textureLength":12}
{"class":"DecalRoad","persistentId":"c4320286-772d-46a7-8717-d07136331c33","__parent":"Airport_Clutters","position":[-1639.52258,1632.83118,152.42157],"decalBias":0.00150000001,"distanceFade":[1200,300],"improvedSpline":true,"material":"italy_road_markings_line_thick","nodes":[[-1639.52258,1632.83118,152.42157,1],[-1640.91077,1633.48865,152.42157,1]],"renderPriority":37,"textureLength":12}
{"class":"DecalRoad","persistentId":"c882d94e-e6b0-419d-867e-f07663c98694","__parent":"Airport_Clutters","position":[-1072.79285,1748.69287,152.42157],"decalBias":0.00150000001,"distanceFade":[1200,300],"improvedSpline":true,"material":"italy_road_markings_line_thick","nodes":[[-1072.79285,1748.69287,152.42157,2],[-1092.32202,1744.65674,152.42157,2]],"renderPriority":37,"textureLength":12}
{"class":"DecalRoad","persistentId":"cedf1069-e6fa-495c-a836-a917143834f5","__parent":"Airport_Clutters","position":[-689.931885,1838.40247,152.42157],"decalBias":0.00150000001,"distanceFade":[1200,300],"improvedSpline":true,"material":"italy_road_markings_line_thick","nodes":[[-689.931885,1838.40247,152.42157,1],[-689.456909,1836.05383,152.42157,1]],"renderPriority":37,"textureLength":12}
{"class":"DecalRoad","persistentId":"d655e2fb-2cc5-4b9d-ac87-0960f70dcf58","__parent":"Airport_Clutters","position":[-1545.95251,1666.37109,152.42157],"decalBias":0.00150000001,"distanceFade":[1200,300],"improvedSpline":true,"material":"italy_road_markings_line_thick","nodes":[[-1545.95251,1666.37109,152.42157,2],[-1526.35278,1670.54675,152.42157,2]],"renderPriority":37,"textureLength":12}
{"class":"DecalRoad","persistentId":"d67e1514-e130-408d-873c-d6822a8f3d21","__parent":"Airport_Clutters","position":[-686.997253,1833.40112,152.42157],"decalBias":0.00150000001,"distanceFade":[1200,300],"improvedSpline":true,"material":"italy_road_markings_line_thick","nodes":[[-686.997253,1833.40112,152.42157,1],[-688.493774,1833.08948,152.42157,1]],"renderPriority":37,"textureLength":12}
{"class":"DecalRoad","persistentId":"e26d305d-b7ab-460e-94eb-b026b43997b1","__parent":"Airport_Clutters","position":[-1680.6405,1626.20618,152.42157],"decalBias":0.00150000001,"distanceFade":[1200,300],"improvedSpline":true,"material":"italy_road_markings_line_thick","nodes":[[-1680.6405,1626.20618,152.42157,2],[-1651.23865,1632.30493,152.42157,2]],"renderPriority":37,"textureLength":12}
{"class":"DecalRoad","persistentId":"ea60de58-b5f9-41c9-b6ef-ce9b8b30e1e6","__parent":"Airport_Clutters","position":[-1395.29761,1678.39172,152.42157],"decalBias":0.00150000001,"distanceFade":[1200,300],"improvedSpline":true,"material":"italy_road_markings_line_thick","nodes":[[-1395.29761,1678.39172,152.42157,2],[-1375.66211,1682.52991,152.42157,2]],"renderPriority":37,"textureLength":12}
{"class":"DecalRoad","persistentId":"ea6417fb-a0f7-4763-a4a3-71336ab345af","__parent":"Airport_Clutters","position":[-925.289795,1775.87781,152.42157],"decalBias":0.00150000001,"distanceFade":[1200,300],"improvedSpline":true,"material":"italy_road_markings_line_thick","nodes":[[-925.289795,1775.87781,152.42157,2],[-944.932617,1771.83936,152.42157,2]],"renderPriority":37,"textureLength":12}
{"class":"DecalRoad","persistentId":"ef2b712a-b5c3-4110-88ff-74426b98c484","__parent":"Airport_Clutters","position":[-1541.41174,1644.82153,152.42157],"decalBias":0.00150000001,"distanceFade":[1200,300],"improvedSpline":true,"material":"italy_road_markings_line_thick","nodes":[[-1541.41174,1644.82153,152.42157,2],[-1521.83325,1648.90234,152.420288,2]],"renderPriority":37,"textureLength":12}
{"class":"DecalRoad","persistentId":"faf83f46-ce6c-4b74-92ab-c9df15d9624a","__parent":"Airport_Clutters","position":[-683.242676,1837.55908,152.42157],"decalBias":0.00150000001,"distanceFade":[1200,300],"improvedSpline":true,"material":"italy_road_markings_line_thick","nodes":[[-683.242676,1837.55908,152.42157,1],[-683.738281,1839.79077,152.4272,1]],"renderPriority":37,"textureLength":12}
{"class":"DecalRoad","persistentId":"fb42a562-6b3f-4cff-964a-1006dcce5a21","__parent":"Airport_Clutters","position":[-926.011841,1779.11865,152.42157],"decalBias":0.00150000001,"distanceFade":[1200,300],"improvedSpline":true,"material":"italy_road_markings_line_thick","nodes":[[-926.011841,1779.11865,152.42157,2],[-945.645874,1775.11938,152.42157,2]],"renderPriority":37,"textureLength":12}
{"class":"DecalRoad","persistentId":"fdeed41b-bbb5-45b3-9454-e1f3f722aa00","__parent":"Airport_Clutters","position":[-1636.50952,1633.51904,152.42157],"decalBias":0.00150000001,"distanceFade":[1200,300],"improvedSpline":true,"material":"italy_road_markings_line_thick","nodes":[[-1636.50952,1633.51904,152.42157,1],[-1637.70215,1633.95813,152.42157,1]],"renderPriority":37,"textureLength":12}
{"class":"DecalRoad","persistentId":"ff885d2d-31d5-434e-a95d-9752c3ac3171","__parent":"Airport_Clutters","position":[-1399.1051,1696.75256,152.42157],"decalBias":0.00150000001,"distanceFade":[1200,300],"improvedSpline":true,"material":"italy_road_markings_line_thick","nodes":[[-1399.1051,1696.75256,152.42157,2],[-1379.60046,1700.92419,152.42157,2]],"renderPriority":37,"textureLength":12}
