{"class":"TSStatic","persistentId":"aaff83f3-acd5-48bc-b77a-f0acdd496524","__parent":"tss9","position":[896.398438,757.726257,11.5129366],"isRenderEnabled":false,"locked":true,"playAmbient":false,"rotationMatrix":[0.500226438,-0.865894616,0,0.865894616,0.500226438,0,0,0,1],"shapeName":"/levels/motorsports_playground/art/shapes/buildings/pit_garagedoor.dae","useInstanceRenderData":true}
{"class":"TSStatic","persistentId":"07babe31-6acf-4290-bcfe-139d0a0d5dac","__parent":"tss9","position":[898.213135,754.391357,10.5378399],"isRenderEnabled":false,"locked":true,"playAmbient":false,"rotationMatrix":[0.500226438,-0.865894616,0,0.865894616,0.500226438,0,0,0,1],"shapeName":"/levels/motorsports_playground/art/shapes/buildings/pit_garagedoor.dae","useInstanceRenderData":true}
{"class":"TSStatic","persistentId":"48e0b623-c359-4e49-a4ad-3c162790e928","__parent":"tss9","position":[894.321777,761.424561,9.77932358],"isRenderEnabled":false,"locked":true,"playAmbient":false,"rotationMatrix":[0.500226438,-0.865894616,0,0.865894616,0.500226438,0,0,0,1],"shapeName":"/levels/motorsports_playground/art/shapes/buildings/pit_garagedoor.dae","useInstanceRenderData":true}
{"class":"TSStatic","persistentId":"4c90c073-bea5-4f09-912f-78a86bf2b10d","__parent":"tss9","position":[892.492371,764.707397,11.7024946],"isRenderEnabled":false,"locked":true,"playAmbient":false,"rotationMatrix":[0.500226438,-0.865894616,0,0.865894616,0.500226438,0,0,0,1],"shapeName":"/levels/motorsports_playground/art/shapes/buildings/pit_garagedoor.dae","useInstanceRenderData":true}
{"class":"TSStatic","persistentId":"b73aef08-0705-465b-9180-0d4a2a7f0381","__parent":"tss9","position":[883.902344,759.841797,10.8081465],"isRenderEnabled":false,"locked":true,"playAmbient":false,"rotationMatrix":[0.500226438,-0.865894616,0,0.865894616,0.500226438,0,0,0,1],"scale":[1,1,0.5],"shapeName":"/levels/motorsports_playground/art/shapes/buildings/pit_garagedoor.dae","useInstanceRenderData":true}
{"class":"TSStatic","persistentId":"82f5a93c-664b-4b38-9ff1-c15faaf1308f","__parent":"tss9","position":[885.73175,756.55896,9.77932358],"isRenderEnabled":false,"locked":true,"playAmbient":false,"rotationMatrix":[0.500226438,-0.865894616,0,0.865894616,0.500226438,0,0,0,1],"shapeName":"/levels/motorsports_playground/art/shapes/buildings/pit_garagedoor.dae","useInstanceRenderData":true}
{"class":"TSStatic","persistentId":"e5c009a8-2509-4d0e-a78e-01349ec8e2ec","__parent":"tss9","position":[887.808411,752.860657,10.8336306],"isRenderEnabled":false,"locked":true,"playAmbient":false,"rotationMatrix":[0.500226438,-0.865894616,0,0.865894616,0.500226438,0,0,0,1],"scale":[1,1,0.600000024],"shapeName":"/levels/motorsports_playground/art/shapes/buildings/pit_garagedoor.dae","useInstanceRenderData":true}
{"class":"TSStatic","persistentId":"3e64626b-5de6-4770-b346-ebc081b63463","__parent":"tss9","position":[889.675232,749.592468,10.5526943],"isRenderEnabled":false,"locked":true,"playAmbient":false,"rotationMatrix":[0.500226438,-0.865894616,0,0.865894616,0.500226438,0,0,0,1],"scale":[1,1,0.699999988],"shapeName":"/levels/motorsports_playground/art/shapes/buildings/pit_garagedoor.dae","useInstanceRenderData":true}
{"class":"TSStatic","persistentId":"9419ab28-faa3-4a61-bc1f-6a5d13e623dd","__parent":"tss9","position":[-2473.91016,-688.464539,10.9362173],"collisionType":"Visible Mesh Final","decalType":"Visible Mesh Final","isRenderEnabled":false,"playAmbient":false,"prebuildCollisionData":true,"renderNormals":1.49011612e-08,"rotationMatrix":[0.0656286478,0.997844577,0,-0.997844577,0.0656286478,0,0,0,1],"scale":[7,9.5,7],"shapeName":"/levels/motorsports_playground/art/shapes/race/gerryfrod.dae","useInstanceRenderData":true}
{"class":"TSStatic","persistentId":"6dcf401b-5511-44a1-a752-11bddda9bc45","__parent":"tss9","position":[-2243.26807,-684.678406,41.0785828],"isRenderEnabled":false,"playAmbient":false,"rotationMatrix":[-0.0571717024,-0.998364866,0,0.998364866,-0.0571717024,0,0,0,1],"shapeName":"/levels/motorsports_playground/art/shapes/buildings/italy_bld_antenna.dae","useInstanceRenderData":true}
{"class":"TSStatic","persistentId":"83bb3279-2ab9-4dcf-97eb-540995921f69","__parent":"tss9","position":[-2260.76709,-678.70697,41.0785828],"isRenderEnabled":false,"playAmbient":false,"rotationMatrix":[-0.0571717024,-0.998364866,0,0.998364866,-0.0571717024,0,0,0,1],"scale":[0.5,0.5,0.5],"shapeName":"/levels/motorsports_playground/art/shapes/buildings/italy_bld_antenna.dae","useInstanceRenderData":true}
{"class":"TSStatic","persistentId":"39a4d826-a0f7-4b8a-9ec7-b9e74d6a2f03","__parent":"tss9","position":[-2261.25635,-682.37439,41.0785828],"isRenderEnabled":false,"playAmbient":false,"rotationMatrix":[-0.0571717024,-0.998364866,0,0.998364866,-0.0571717024,0,0,0,1],"scale":[0.5,0.5,0.5],"shapeName":"/levels/motorsports_playground/art/shapes/buildings/italy_bld_antenna.dae","useInstanceRenderData":true}
{"class":"TSStatic","persistentId":"0c955d2b-bc28-4186-9e3b-740a12b4eee2","__parent":"tss9","position":[-2224.06714,-691.822388,41.0785828],"isRenderEnabled":false,"playAmbient":false,"rotationMatrix":[-0.0571717024,-0.998364866,0,0.998364866,-0.0571717024,0,0,0,1],"scale":[0.5,0.5,0.5],"shapeName":"/levels/motorsports_playground/art/shapes/buildings/italy_bld_antenna.dae","useInstanceRenderData":true}
{"class":"TSStatic","persistentId":"7f0e860b-e612-41f2-8d90-97d8bc8c644b","__parent":"tss9","position":[-2222.90698,-681.377197,41.0785828],"isRenderEnabled":false,"playAmbient":false,"rotationMatrix":[-0.0571717024,-0.998364866,0,0.998364866,-0.0571717024,0,0,0,1],"scale":[0.5,0.5,0.5],"shapeName":"/levels/motorsports_playground/art/shapes/buildings/italy_bld_antenna.dae","useInstanceRenderData":true}
{"class":"TSStatic","persistentId":"028cfe41-67f5-44a5-96c9-f9236fe7fdc3","__parent":"tss9","position":[-2261.521,-685.828491,41.0785828],"isRenderEnabled":false,"playAmbient":false,"rotationMatrix":[-0.0571717024,-0.998364866,0,0.998364866,-0.0571717024,0,0,0,1],"scale":[0.5,0.5,0.5],"shapeName":"/levels/motorsports_playground/art/shapes/buildings/italy_bld_antenna.dae","useInstanceRenderData":true}
{"class":"TSStatic","persistentId":"f03ff6e6-0464-470f-ad2c-2c40ec7b8b30","__parent":"tss9","position":[-2261.92749,-689.152283,41.0785828],"isRenderEnabled":false,"playAmbient":false,"rotationMatrix":[-0.0571717024,-0.998364866,0,0.998364866,-0.0571717024,0,0,0,1],"scale":[0.5,0.5,0.5],"shapeName":"/levels/motorsports_playground/art/shapes/buildings/italy_bld_antenna.dae","useInstanceRenderData":true}
{"class":"TSStatic","persistentId":"6076747f-f760-4b67-8f7d-b88738e9ba69","__parent":"tss9","position":[-2494.71313,543.965332,11.755064],"isRenderEnabled":false,"locked":true,"playAmbient":false,"rotationMatrix":[0.707106769,0.707106829,0,-0.707106829,0.707106769,0,0,0,1],"shapeName":"/levels/motorsports_playground/art/shapes/containers/container_01_a.dae","useInstanceRenderData":true}
{"class":"TSStatic","persistentId":"f0d15e58-8fe3-4d8d-ae3b-aaafefc76212","__parent":"tss9","position":[-2493.00049,545.698425,11.760644],"isRenderEnabled":false,"locked":true,"playAmbient":false,"rotationMatrix":[0.707106769,0.707106829,0,-0.707106829,0.707106769,0,0,0,1],"shapeName":"/levels/motorsports_playground/art/shapes/containers/container_01_b.dae","useInstanceRenderData":true}
{"class":"TSStatic","persistentId":"1c95c9fc-abbd-4bcc-8363-814c93e1fd9b","__parent":"tss9","position":[-2491.25293,547.430908,11.7927923],"isRenderEnabled":false,"locked":true,"playAmbient":false,"rotationMatrix":[0.707106769,0.707106829,0,-0.707106829,0.707106769,0,0,0,1],"shapeName":"/levels/motorsports_playground/art/shapes/containers/containers_40_beamng.dae","useInstanceRenderData":true}
{"class":"TSStatic","persistentId":"1f32889d-4767-410e-833d-05dbcdc06d9c","__parent":"tss9","position":[-2489.57861,549.152893,11.7648296],"isRenderEnabled":false,"locked":true,"playAmbient":false,"rotationMatrix":[0.707106769,0.707106829,0,-0.707106829,0.707106769,0,0,0,1],"shapeName":"/levels/motorsports_playground/art/shapes/containers/containers_40_brown.dae","useInstanceRenderData":true}
{"class":"TSStatic","persistentId":"25b2f50a-ffc5-4ef8-b43e-86d244802f8a","__parent":"tss9","position":[-2491.27271,547.437317,14.3722534],"isRenderEnabled":false,"locked":true,"playAmbient":false,"rotationMatrix":[0.707106769,0.707106829,0,-0.707106829,0.707106769,0,0,0,1],"shapeName":"/levels/motorsports_playground/art/shapes/containers/containers_40_okudai.dae","useInstanceRenderData":true}
{"class":"TSStatic","persistentId":"a41323d9-9743-4c23-9dac-b6214b25fdd6","__parent":"tss9","position":[-2489.55591,549.165649,14.3574171],"isRenderEnabled":false,"locked":true,"playAmbient":false,"rotationMatrix":[0.707106769,0.707106769,0,-0.707106769,0.707106769,0,0,0,1],"shapeName":"/levels/motorsports_playground/art/shapes/containers/containers_40_nodeoline.dae","useInstanceRenderData":true}
{"class":"TSStatic","persistentId":"83a2f139-708e-4193-8747-0fbc28d15a5c","__parent":"tss9","position":[-2493.04541,545.764709,14.3360128],"isRenderEnabled":false,"locked":true,"playAmbient":false,"rotationMatrix":[0.70710659,0.707107008,0,-0.707107008,0.70710659,0,0,0,1],"shapeName":"/levels/motorsports_playground/art/shapes/containers/containers_40_oilex.dae","useInstanceRenderData":true}
{"class":"TSStatic","persistentId":"80ba9b37-0b9e-4289-b98d-6efb2db2e787","__parent":"tss9","position":[-2494.71826,543.965515,14.3508911],"isRenderEnabled":false,"locked":true,"playAmbient":false,"rotationMatrix":[0.707106769,0.707106829,0,-0.707106829,0.707106769,0,0,0,1],"shapeName":"/levels/motorsports_playground/art/shapes/containers/containers_40_beamng.dae","useInstanceRenderData":true}
{"class":"TSStatic","persistentId":"b571c16c-d743-40d1-95da-f6c4fbbebebd","__parent":"tss9","position":[-2489.56714,549.141602,16.9239941],"isRenderEnabled":false,"locked":true,"playAmbient":false,"rotationMatrix":[-0.707106471,-0.707107008,0,0.707107008,-0.707106471,0,0,0,1],"shapeName":"/levels/motorsports_playground/art/shapes/containers/container_01_a.dae","useInstanceRenderData":true}
{"class":"TSStatic","persistentId":"0fa13a5e-6afc-4155-bb11-f0f2bb39744a","__parent":"tss9","position":[-2491.27979,547.408508,16.9295731],"isRenderEnabled":false,"locked":true,"playAmbient":false,"rotationMatrix":[-0.707106471,-0.707107008,0,0.707107008,-0.707106471,0,0,0,1],"shapeName":"/levels/motorsports_playground/art/shapes/containers/container_01_b.dae","useInstanceRenderData":true}
{"class":"TSStatic","persistentId":"8cfe30ec-9d2c-4799-ab17-3a62317b455a","__parent":"tss9","position":[-2493.02734,545.676025,16.9617233],"isRenderEnabled":false,"locked":true,"playAmbient":false,"rotationMatrix":[-0.707106471,-0.707107008,0,0.707107008,-0.707106471,0,0,0,1],"shapeName":"/levels/motorsports_playground/art/shapes/containers/containers_40_beamng.dae","useInstanceRenderData":true}
{"class":"TSStatic","persistentId":"29d278bd-5a93-4e76-9d64-24b856870f6d","__parent":"tss9","position":[-2494.70166,543.954041,16.9337597],"isRenderEnabled":false,"locked":true,"playAmbient":false,"rotationMatrix":[-0.707106471,-0.707107008,0,0.707107008,-0.707106471,0,0,0,1],"shapeName":"/levels/motorsports_playground/art/shapes/containers/containers_40_brown.dae","useInstanceRenderData":true}
{"class":"TSStatic","persistentId":"00955c80-bb3c-4071-a856-7b60da936f33","__parent":"tss9","position":[-2494.71826,543.965515,19.4923401],"isRenderEnabled":false,"locked":true,"playAmbient":false,"rotationMatrix":[0.707106769,0.707106829,0,-0.707106829,0.707106769,0,0,0,1],"shapeName":"/levels/motorsports_playground/art/shapes/containers/containers_40_beamng.dae","useInstanceRenderData":true}
{"class":"TSStatic","persistentId":"b7a97378-43d3-4750-a1ce-6b022c1d06fe","__parent":"tss9","position":[-2493.01343,545.696716,19.5303154],"isRenderEnabled":false,"locked":true,"playAmbient":false,"rotationMatrix":[0.707106769,0.707106829,0,-0.707106829,0.707106769,0,0,0,1],"shapeName":"/levels/motorsports_playground/art/shapes/containers/containers_40_okudai.dae","useInstanceRenderData":true}
{"class":"TSStatic","persistentId":"965bde81-d087-474a-80f2-7cae15893ae5","__parent":"tss9","position":[-2491.2959,547.425598,19.5120049],"isRenderEnabled":false,"locked":true,"playAmbient":false,"rotationMatrix":[0.707106769,0.707106769,0,-0.707106769,0.707106769,0,0,0,1],"shapeName":"/levels/motorsports_playground/art/shapes/containers/containers_40_nodeoline.dae","useInstanceRenderData":true}
{"class":"TSStatic","persistentId":"fe58e520-3f9a-49cd-8c0e-b5fd0a2c14fc","__parent":"tss9","position":[-2489.55591,549.165649,19.5204277],"isRenderEnabled":false,"locked":true,"playAmbient":false,"rotationMatrix":[0.707106769,0.707106769,0,-0.707106769,0.707106769,0,0,0,1],"shapeName":"/levels/motorsports_playground/art/shapes/containers/containers_40_nodeoline.dae","useInstanceRenderData":true}
{"class":"TSStatic","persistentId":"3aa0627e-f07f-4d5e-8f14-21ff23202635","__parent":"tss9","position":[-2480.55103,557.805054,19.4923401],"isRenderEnabled":false,"locked":true,"playAmbient":false,"rotationMatrix":[0.707106769,0.707106829,0,-0.707106829,0.707106769,0,0,0,1],"shapeName":"/levels/motorsports_playground/art/shapes/containers/containers_40_beamng.dae","useInstanceRenderData":true}
{"class":"TSStatic","persistentId":"833fe92b-5759-43ef-b834-9b4331e285b1","__parent":"tss9","position":[-2478.84619,559.536255,19.5303154],"isRenderEnabled":false,"locked":true,"playAmbient":false,"rotationMatrix":[0.707106769,0.707106829,0,-0.707106829,0.707106769,0,0,0,1],"shapeName":"/levels/motorsports_playground/art/shapes/containers/containers_40_okudai.dae","useInstanceRenderData":true}
{"class":"TSStatic","persistentId":"5e1af1fc-0c4a-4c0b-ab3e-cc766b6318dd","__parent":"tss9","position":[-2477.12866,561.265137,19.5120049],"isRenderEnabled":false,"locked":true,"playAmbient":false,"rotationMatrix":[0.707106769,0.707106769,0,-0.707106769,0.707106769,0,0,0,1],"shapeName":"/levels/motorsports_playground/art/shapes/containers/containers_40_nodeoline.dae","useInstanceRenderData":true}
{"class":"TSStatic","persistentId":"8140f58a-a225-4703-83dc-daa0b1fd542c","__parent":"tss9","position":[-2475.38867,563.005188,19.5204277],"isRenderEnabled":false,"locked":true,"playAmbient":false,"rotationMatrix":[0.707106769,0.707106769,0,-0.707106769,0.707106769,0,0,0,1],"shapeName":"/levels/motorsports_playground/art/shapes/containers/containers_40_nodeoline.dae","useInstanceRenderData":true}
{"class":"TSStatic","persistentId":"29820abc-19ea-44db-aacd-697f767c78c3","__parent":"tss9","position":[-2480.53442,557.793579,16.9337597],"isRenderEnabled":false,"locked":true,"playAmbient":false,"rotationMatrix":[-0.707106471,-0.707107008,0,0.707107008,-0.707106471,0,0,0,1],"shapeName":"/levels/motorsports_playground/art/shapes/containers/containers_40_brown.dae","useInstanceRenderData":true}
{"class":"TSStatic","persistentId":"6efafe82-f0a0-4a17-b197-2fe1e3086a70","__parent":"tss9","position":[-2478.86011,559.515564,16.9617233],"isRenderEnabled":false,"locked":true,"playAmbient":false,"rotationMatrix":[-0.707106471,-0.707107008,0,0.707107008,-0.707106471,0,0,0,1],"shapeName":"/levels/motorsports_playground/art/shapes/containers/containers_40_beamng.dae","useInstanceRenderData":true}
{"class":"TSStatic","persistentId":"5b760cf9-4973-4243-bca7-0900806286f8","__parent":"tss9","position":[-2477.11255,561.248047,16.9295731],"isRenderEnabled":false,"locked":true,"playAmbient":false,"rotationMatrix":[-0.707106471,-0.707107008,0,0.707107008,-0.707106471,0,0,0,1],"shapeName":"/levels/motorsports_playground/art/shapes/containers/container_01_b.dae","useInstanceRenderData":true}
{"class":"TSStatic","persistentId":"2f1efc36-babe-40e9-9cc5-aff8b8bcd930","__parent":"tss9","position":[-2475.3999,562.98114,16.9239941],"isRenderEnabled":false,"locked":true,"playAmbient":false,"rotationMatrix":[-0.707106471,-0.707107008,0,0.707107008,-0.707106471,0,0,0,1],"shapeName":"/levels/motorsports_playground/art/shapes/containers/container_01_a.dae","useInstanceRenderData":true}
{"class":"TSStatic","persistentId":"cc47edc3-3481-412e-be3c-bcd7cee1e435","__parent":"tss9","position":[-2480.55103,557.805054,14.3508911],"isRenderEnabled":false,"locked":true,"playAmbient":false,"rotationMatrix":[0.707106769,0.707106829,0,-0.707106829,0.707106769,0,0,0,1],"shapeName":"/levels/motorsports_playground/art/shapes/containers/containers_40_beamng.dae","useInstanceRenderData":true}
{"class":"TSStatic","persistentId":"429ed2cf-a0d5-4f24-8a6f-0d779f032058","__parent":"tss9","position":[-2478.87817,559.604248,14.3360128],"isRenderEnabled":false,"locked":true,"playAmbient":false,"rotationMatrix":[0.70710659,0.707107008,0,-0.707107008,0.70710659,0,0,0,1],"shapeName":"/levels/motorsports_playground/art/shapes/containers/containers_40_oilex.dae","useInstanceRenderData":true}
{"class":"TSStatic","persistentId":"86b29baf-9223-4577-84de-78dc9e14abbb","__parent":"tss9","position":[-2477.10547,561.276855,14.3722534],"isRenderEnabled":false,"locked":true,"playAmbient":false,"rotationMatrix":[0.707106769,0.707106829,0,-0.707106829,0.707106769,0,0,0,1],"shapeName":"/levels/motorsports_playground/art/shapes/containers/containers_40_okudai.dae","useInstanceRenderData":true}
{"class":"TSStatic","persistentId":"98ad1e65-3c44-4017-8bde-51ffb065f3b1","__parent":"tss9","position":[-2475.38867,563.005188,14.3574171],"isRenderEnabled":false,"locked":true,"playAmbient":false,"rotationMatrix":[0.707106769,0.707106769,0,-0.707106769,0.707106769,0,0,0,1],"shapeName":"/levels/motorsports_playground/art/shapes/containers/containers_40_nodeoline.dae","useInstanceRenderData":true}
{"class":"TSStatic","persistentId":"ca18a1ae-89fc-4c11-9d19-89982656c3ea","__parent":"tss9","position":[-2475.41138,562.992432,11.7648296],"isRenderEnabled":false,"locked":true,"playAmbient":false,"rotationMatrix":[0.707106769,0.707106829,0,-0.707106829,0.707106769,0,0,0,1],"shapeName":"/levels/motorsports_playground/art/shapes/containers/containers_40_brown.dae","useInstanceRenderData":true}
{"class":"TSStatic","persistentId":"19b8ee1a-89cc-4c5d-baba-00c2644db5a5","__parent":"tss9","position":[-2477.08569,561.270447,11.7927923],"isRenderEnabled":false,"locked":true,"playAmbient":false,"rotationMatrix":[0.707106769,0.707106829,0,-0.707106829,0.707106769,0,0,0,1],"shapeName":"/levels/motorsports_playground/art/shapes/containers/containers_40_beamng.dae","useInstanceRenderData":true}
{"class":"TSStatic","persistentId":"cca5af16-7868-4542-a508-6b8f514b698a","__parent":"tss9","position":[-2478.83325,559.537964,11.760644],"isRenderEnabled":false,"locked":true,"playAmbient":false,"rotationMatrix":[0.707106769,0.707106829,0,-0.707106829,0.707106769,0,0,0,1],"shapeName":"/levels/motorsports_playground/art/shapes/containers/container_01_b.dae","useInstanceRenderData":true}
{"class":"TSStatic","persistentId":"8fd1dae8-2096-4249-ab79-43c96b28671a","__parent":"tss9","position":[-2480.5459,557.804871,11.755064],"isRenderEnabled":false,"locked":true,"playAmbient":false,"rotationMatrix":[0.707106769,0.707106829,0,-0.707106829,0.707106769,0,0,0,1],"shapeName":"/levels/motorsports_playground/art/shapes/containers/container_01_a.dae","useInstanceRenderData":true}
{"class":"TSStatic","persistentId":"675ea8e3-9e4c-40ac-87bc-5c91a2204193","__parent":"tss9","position":[-2482.23584,556.063721,19.5120049],"isRenderEnabled":false,"locked":true,"playAmbient":false,"rotationMatrix":[0.707106769,0.707106769,0,-0.707106769,0.707106769,0,0,0,1],"shapeName":"/levels/motorsports_playground/art/shapes/containers/containers_40_nodeoline.dae","useInstanceRenderData":true}
{"class":"TSStatic","persistentId":"f381e803-0213-4cdd-b3f0-4fab01fd0737","__parent":"tss9","position":[-2482.21973,556.046631,16.9295731],"isRenderEnabled":false,"locked":true,"playAmbient":false,"rotationMatrix":[-0.707106471,-0.707107008,0,0.707107008,-0.707106471,0,0,0,1],"shapeName":"/levels/motorsports_playground/art/shapes/containers/container_01_b.dae","useInstanceRenderData":true}
{"class":"TSStatic","persistentId":"525c8661-b3ef-4558-aa57-a43cb814127f","__parent":"tss9","position":[-2482.21265,556.075439,14.3722534],"isRenderEnabled":false,"locked":true,"playAmbient":false,"rotationMatrix":[0.707106769,0.707106829,0,-0.707106829,0.707106769,0,0,0,1],"shapeName":"/levels/motorsports_playground/art/shapes/containers/containers_40_okudai.dae","useInstanceRenderData":true}
{"class":"TSStatic","persistentId":"7808dc90-11d2-48ea-8949-2e5c803bcd7a","__parent":"tss9","position":[-2482.19287,556.069031,11.7927923],"isRenderEnabled":false,"locked":true,"playAmbient":false,"rotationMatrix":[0.707106769,0.707106829,0,-0.707106829,0.707106769,0,0,0,1],"shapeName":"/levels/motorsports_playground/art/shapes/containers/containers_40_beamng.dae","useInstanceRenderData":true}
{"class":"TSStatic","persistentId":"61d24e98-c7c7-485e-8bf0-ae982766d356","__parent":"tss9","position":[-2473.7085,564.80365,19.5303173],"isRenderEnabled":false,"locked":true,"playAmbient":false,"rotationMatrix":[0.707106769,0.707106829,0,-0.707106829,0.707106769,0,0,0,1],"shapeName":"/levels/motorsports_playground/art/shapes/containers/containers_40_okudai.dae","useInstanceRenderData":true}
{"class":"TSStatic","persistentId":"3e132f36-f93c-4096-8cd5-99d739d8023f","__parent":"tss9","position":[-2473.72241,564.782959,16.9617252],"isRenderEnabled":false,"locked":true,"playAmbient":false,"rotationMatrix":[-0.707106471,-0.707107008,0,0.707107008,-0.707106471,0,0,0,1],"shapeName":"/levels/motorsports_playground/art/shapes/containers/containers_40_beamng.dae","useInstanceRenderData":true}
{"class":"TSStatic","persistentId":"80f9b43a-b29f-4fdc-9b09-966a6a7daa00","__parent":"tss9","position":[-2473.74048,564.871643,14.3360147],"isRenderEnabled":false,"locked":true,"playAmbient":false,"rotationMatrix":[0.70710659,0.707107008,0,-0.707107008,0.70710659,0,0,0,1],"shapeName":"/levels/motorsports_playground/art/shapes/containers/containers_40_oilex.dae","useInstanceRenderData":true}
{"class":"TSStatic","persistentId":"e5cd28a0-678d-4bd5-ac1e-2b6c50b90513","__parent":"tss9","position":[-2473.69556,564.805359,11.7606459],"isRenderEnabled":false,"locked":true,"playAmbient":false,"rotationMatrix":[0.707106769,0.707106829,0,-0.707106829,0.707106769,0,0,0,1],"shapeName":"/levels/motorsports_playground/art/shapes/containers/container_01_b.dae","useInstanceRenderData":true}
{"class":"TSStatic","persistentId":"332ab70d-5767-4bb4-a553-051d81f623f4","__parent":"tss9","position":[-2465.02539,573.342285,14.3847189],"isRenderEnabled":false,"locked":true,"playAmbient":false,"rotationMatrix":[-0.707106411,-0.707107008,2.30404694e-07,-0.707106829,0.70710659,2.30404524e-07,-3.25841341e-07,-2.12345197e-13,-0.999999821],"shapeName":"/levels/motorsports_playground/art/shapes/containers/containers_40_beamng.dae","useInstanceRenderData":true}
{"class":"TSStatic","persistentId":"fb3cac4f-c380-4e7c-82e9-b2f3b131c554","__parent":"tss9","position":[-2466.75659,571.637451,14.3467445],"isRenderEnabled":false,"locked":true,"playAmbient":false,"rotationMatrix":[-0.707106411,-0.707107008,2.30404694e-07,-0.707106829,0.70710659,2.30404524e-07,-3.25841341e-07,-2.12345197e-13,-0.999999821],"shapeName":"/levels/motorsports_playground/art/shapes/containers/containers_40_okudai.dae","useInstanceRenderData":true}
{"class":"TSStatic","persistentId":"712619b1-1f3d-4cde-b6c2-6d1b9548f935","__parent":"tss9","position":[-2468.48511,569.919922,14.3650551],"isRenderEnabled":false,"locked":true,"playAmbient":false,"rotationMatrix":[-0.707106352,-0.707107008,2.3040468e-07,-0.707106829,0.707106531,2.30404524e-07,-3.25841341e-07,-2.12345197e-13,-0.999999821],"shapeName":"/levels/motorsports_playground/art/shapes/containers/containers_40_nodeoline.dae","useInstanceRenderData":true}
{"class":"TSStatic","persistentId":"564795ea-a3aa-4a15-ac84-23def97b7978","__parent":"tss9","position":[-2470.2251,568.179932,14.3566332],"isRenderEnabled":false,"locked":true,"playAmbient":false,"rotationMatrix":[-0.707106352,-0.707107008,2.3040468e-07,-0.707106829,0.707106531,2.30404524e-07,-3.25841341e-07,-2.12345197e-13,-0.999999821],"shapeName":"/levels/motorsports_playground/art/shapes/containers/containers_40_nodeoline.dae","useInstanceRenderData":true}
{"class":"TSStatic","persistentId":"aa4a5c07-926f-46fe-972e-541e7b00128e","__parent":"tss9","position":[-2465.01392,573.325684,16.9433002],"isRenderEnabled":false,"locked":true,"playAmbient":false,"rotationMatrix":[0.70710659,0.707106709,-2.30404765e-07,0.707106531,-0.707106769,-2.30404424e-07,-3.25841341e-07,-2.12345197e-13,-0.999999821],"shapeName":"/levels/motorsports_playground/art/shapes/containers/containers_40_brown.dae","useInstanceRenderData":true}
{"class":"TSStatic","persistentId":"ea852158-0456-4458-9146-a7b72ad552b8","__parent":"tss9","position":[-2466.73584,571.651367,16.9153366],"isRenderEnabled":false,"locked":true,"playAmbient":false,"rotationMatrix":[0.70710659,0.707106709,-2.30404765e-07,0.707106531,-0.707106769,-2.30404424e-07,-3.25841341e-07,-2.12345197e-13,-0.999999821],"shapeName":"/levels/motorsports_playground/art/shapes/containers/containers_40_beamng.dae","useInstanceRenderData":true}
{"class":"TSStatic","persistentId":"e328d5af-8ccf-4b21-8a84-59c88d162259","__parent":"tss9","position":[-2468.46802,569.903809,16.9474869],"isRenderEnabled":false,"locked":true,"playAmbient":false,"rotationMatrix":[0.70710659,0.707106709,-2.30404765e-07,0.707106531,-0.707106769,-2.30404424e-07,-3.25841341e-07,-2.12345197e-13,-0.999999821],"shapeName":"/levels/motorsports_playground/art/shapes/containers/container_01_b.dae","useInstanceRenderData":true}
{"class":"TSStatic","persistentId":"281de529-7a37-4e2a-b546-13d17e563c73","__parent":"tss9","position":[-2470.20117,568.191162,16.9530659],"isRenderEnabled":false,"locked":true,"playAmbient":false,"rotationMatrix":[0.70710659,0.707106709,-2.30404765e-07,0.707106531,-0.707106769,-2.30404424e-07,-3.25841341e-07,-2.12345197e-13,-0.999999821],"shapeName":"/levels/motorsports_playground/art/shapes/containers/container_01_a.dae","useInstanceRenderData":true}
{"class":"TSStatic","persistentId":"338e268e-54dc-4ee6-bce0-aa3c20216f20","__parent":"tss9","position":[-2465.02539,573.342285,19.5261669],"isRenderEnabled":false,"locked":true,"playAmbient":false,"rotationMatrix":[-0.707106411,-0.707107008,2.30404694e-07,-0.707106829,0.70710659,2.30404524e-07,-3.25841341e-07,-2.12345197e-13,-0.999999821],"shapeName":"/levels/motorsports_playground/art/shapes/containers/containers_40_beamng.dae","useInstanceRenderData":true}
{"class":"TSStatic","persistentId":"31f60450-0432-401f-a172-212d711258e9","__parent":"tss9","position":[-2466.82446,571.669434,19.5410461],"isRenderEnabled":false,"locked":true,"playAmbient":false,"rotationMatrix":[-0.70710659,-0.707106829,2.30404765e-07,-0.70710665,0.707106769,2.30404467e-07,-3.25841341e-07,-2.12345197e-13,-0.999999821],"shapeName":"/levels/motorsports_playground/art/shapes/containers/containers_40_oilex.dae","useInstanceRenderData":true}
{"class":"TSStatic","persistentId":"b609af3c-d9d8-478a-beaa-0711d94dd1c8","__parent":"tss9","position":[-2468.49683,569.896729,19.5048065],"isRenderEnabled":false,"locked":true,"playAmbient":false,"rotationMatrix":[-0.707106411,-0.707107008,2.30404694e-07,-0.707106829,0.70710659,2.30404524e-07,-3.25841341e-07,-2.12345197e-13,-0.999999821],"shapeName":"/levels/motorsports_playground/art/shapes/containers/containers_40_okudai.dae","useInstanceRenderData":true}
{"class":"TSStatic","persistentId":"f47a0dbb-b8ff-4697-8c2e-5040260e7a22","__parent":"tss9","position":[-2470.2251,568.179932,19.5196438],"isRenderEnabled":false,"locked":true,"playAmbient":false,"rotationMatrix":[-0.707106352,-0.707107008,2.3040468e-07,-0.707106829,0.707106531,2.30404524e-07,-3.25841341e-07,-2.12345197e-13,-0.999999821],"shapeName":"/levels/motorsports_playground/art/shapes/containers/containers_40_nodeoline.dae","useInstanceRenderData":true}
{"class":"TSStatic","persistentId":"74625535-1586-48f3-95fa-06354c21e1d1","__parent":"tss9","position":[-2470.2124,568.202637,22.1122284],"isRenderEnabled":false,"locked":true,"playAmbient":false,"rotationMatrix":[-0.707106411,-0.707107008,2.30404694e-07,-0.707106829,0.70710659,2.30404524e-07,-3.25841341e-07,-2.12345197e-13,-0.999999821],"shapeName":"/levels/motorsports_playground/art/shapes/containers/containers_40_brown.dae","useInstanceRenderData":true}
{"class":"TSStatic","persistentId":"bb3237fa-9cd3-4bce-909c-9144f7f28460","__parent":"tss9","position":[-2468.49048,569.876953,22.0842667],"isRenderEnabled":false,"locked":true,"playAmbient":false,"rotationMatrix":[-0.707106411,-0.707107008,2.30404694e-07,-0.707106829,0.70710659,2.30404524e-07,-3.25841341e-07,-2.12345197e-13,-0.999999821],"shapeName":"/levels/motorsports_playground/art/shapes/containers/containers_40_beamng.dae","useInstanceRenderData":true}
{"class":"TSStatic","persistentId":"3eff7fb5-4fce-4ee2-b009-30cc7738e8a3","__parent":"tss9","position":[-2466.7583,571.624512,22.1164131],"isRenderEnabled":false,"locked":true,"playAmbient":false,"rotationMatrix":[-0.707106411,-0.707107008,2.30404694e-07,-0.707106829,0.70710659,2.30404524e-07,-3.25841341e-07,-2.12345197e-13,-0.999999821],"shapeName":"/levels/motorsports_playground/art/shapes/containers/container_01_b.dae","useInstanceRenderData":true}
{"class":"TSStatic","persistentId":"d64f6873-ad1e-49b7-a022-9e5c262e9e92","__parent":"tss9","position":[-2465.02515,573.337158,22.1219921],"isRenderEnabled":false,"locked":true,"playAmbient":false,"rotationMatrix":[-0.707106411,-0.707107008,2.30404694e-07,-0.707106829,0.70710659,2.30404524e-07,-3.25841341e-07,-2.12345197e-13,-0.999999821],"shapeName":"/levels/motorsports_playground/art/shapes/containers/container_01_a.dae","useInstanceRenderData":true}
{"class":"TSStatic","persistentId":"faefef57-7f3c-442e-a686-a9d8af94b6a3","__parent":"tss9","position":[-2463.28394,575.0271,14.3650541],"isRenderEnabled":false,"locked":true,"playAmbient":false,"rotationMatrix":[-0.707106352,-0.707107008,2.3040468e-07,-0.707106829,0.707106531,2.30404524e-07,-3.25841341e-07,-2.12345197e-13,-0.999999821],"shapeName":"/levels/motorsports_playground/art/shapes/containers/containers_40_nodeoline.dae","useInstanceRenderData":true}
{"class":"TSStatic","persistentId":"e6668d36-e95d-48a5-b9e7-16fec3b28cb2","__parent":"tss9","position":[-2463.26685,575.010986,16.947485],"isRenderEnabled":false,"locked":true,"playAmbient":false,"rotationMatrix":[0.70710659,0.707106709,-2.30404765e-07,0.707106531,-0.707106769,-2.30404424e-07,-3.25841341e-07,-2.12345197e-13,-0.999999821],"shapeName":"/levels/motorsports_playground/art/shapes/containers/container_01_b.dae","useInstanceRenderData":true}
{"class":"TSStatic","persistentId":"a440e954-613e-4531-886f-386df003052e","__parent":"tss9","position":[-2463.29565,575.003906,19.5048046],"isRenderEnabled":false,"locked":true,"playAmbient":false,"rotationMatrix":[-0.707106411,-0.707107008,2.30404694e-07,-0.707106829,0.70710659,2.30404524e-07,-3.25841341e-07,-2.12345197e-13,-0.999999821],"shapeName":"/levels/motorsports_playground/art/shapes/containers/containers_40_okudai.dae","useInstanceRenderData":true}
{"class":"TSStatic","persistentId":"93a10595-4bc3-4c12-bc1e-62240397c119","__parent":"tss9","position":[-2463.28931,574.984131,22.0842667],"isRenderEnabled":false,"locked":true,"playAmbient":false,"rotationMatrix":[-0.707106411,-0.707107008,2.30404694e-07,-0.707106829,0.70710659,2.30404524e-07,-3.25841341e-07,-2.12345197e-13,-0.999999821],"shapeName":"/levels/motorsports_playground/art/shapes/containers/containers_40_beamng.dae","useInstanceRenderData":true}
{"class":"TSStatic","persistentId":"28cb666a-d826-42ed-8075-417fb70b812a","__parent":"tss9","position":[-2472.02368,566.499756,14.3467445],"isRenderEnabled":false,"locked":true,"playAmbient":false,"rotationMatrix":[-0.707106411,-0.707107008,2.30404694e-07,-0.707106829,0.70710659,2.30404524e-07,-3.25841341e-07,-2.12345197e-13,-0.999999821],"shapeName":"/levels/motorsports_playground/art/shapes/containers/containers_40_okudai.dae","useInstanceRenderData":true}
{"class":"TSStatic","persistentId":"84b5172f-c9dc-4f71-b546-418b754e5051","__parent":"tss9","position":[-2472.00293,566.513672,16.9153366],"isRenderEnabled":false,"locked":true,"playAmbient":false,"rotationMatrix":[0.70710659,0.707106709,-2.30404765e-07,0.707106531,-0.707106769,-2.30404424e-07,-3.25841341e-07,-2.12345197e-13,-0.999999821],"shapeName":"/levels/motorsports_playground/art/shapes/containers/containers_40_beamng.dae","useInstanceRenderData":true}
{"class":"TSStatic","persistentId":"e1a25442-2eb9-4e7e-a8e4-c06dbcc7dccc","__parent":"tss9","position":[-2472.09155,566.531738,19.5410461],"isRenderEnabled":false,"locked":true,"playAmbient":false,"rotationMatrix":[-0.70710659,-0.707106829,2.30404765e-07,-0.70710665,0.707106769,2.30404467e-07,-3.25841341e-07,-2.12345197e-13,-0.999999821],"shapeName":"/levels/motorsports_playground/art/shapes/containers/containers_40_oilex.dae","useInstanceRenderData":true}
{"class":"TSStatic","persistentId":"6e86cda1-afe3-40f1-b082-0dda2e6375ce","__parent":"tss9","position":[-2472.02539,566.486816,22.1164131],"isRenderEnabled":false,"locked":true,"playAmbient":false,"rotationMatrix":[-0.707106411,-0.707107008,2.30404694e-07,-0.707106829,0.70710659,2.30404524e-07,-3.25841341e-07,-2.12345197e-13,-0.999999821],"shapeName":"/levels/motorsports_playground/art/shapes/containers/container_01_b.dae","useInstanceRenderData":true}
{"class":"TSStatic","persistentId":"8f7ab1f6-e026-4e10-bb58-92e7c7e54ae8","__parent":"tss9","position":[-2459.84326,578.515747,19.4923401],"isRenderEnabled":false,"locked":true,"playAmbient":false,"rotationMatrix":[0.707106769,0.707106829,0,-0.707106829,0.707106769,0,0,0,1],"shapeName":"/levels/motorsports_playground/art/shapes/containers/containers_40_beamng.dae","useInstanceRenderData":true}
{"class":"TSStatic","persistentId":"c5ade399-105f-41a5-b157-2bba65cd506d","__parent":"tss9","position":[-2458.13843,580.246948,19.5303154],"isRenderEnabled":false,"locked":true,"playAmbient":false,"rotationMatrix":[0.707106769,0.707106829,0,-0.707106829,0.707106769,0,0,0,1],"shapeName":"/levels/motorsports_playground/art/shapes/containers/containers_40_okudai.dae","useInstanceRenderData":true}
{"class":"TSStatic","persistentId":"4fc10d31-e889-4def-a316-b0d177db3923","__parent":"tss9","position":[-2456.4209,581.97583,19.5120049],"isRenderEnabled":false,"locked":true,"playAmbient":false,"rotationMatrix":[0.707106769,0.707106769,0,-0.707106769,0.707106769,0,0,0,1],"shapeName":"/levels/motorsports_playground/art/shapes/containers/containers_40_nodeoline.dae","useInstanceRenderData":true}
{"class":"TSStatic","persistentId":"ffd43d6d-a812-498c-a0fd-e4ca74991e97","__parent":"tss9","position":[-2454.68091,583.715881,19.5204277],"isRenderEnabled":false,"locked":true,"playAmbient":false,"rotationMatrix":[0.707106769,0.707106769,0,-0.707106769,0.707106769,0,0,0,1],"shapeName":"/levels/motorsports_playground/art/shapes/containers/containers_40_nodeoline.dae","useInstanceRenderData":true}
{"class":"TSStatic","persistentId":"a9031731-a6a8-47a7-bf3b-3faf8a2cabc7","__parent":"tss9","position":[-2459.82666,578.504272,16.9337597],"isRenderEnabled":false,"locked":true,"playAmbient":false,"rotationMatrix":[-0.707106471,-0.707107008,0,0.707107008,-0.707106471,0,0,0,1],"shapeName":"/levels/motorsports_playground/art/shapes/containers/containers_40_brown.dae","useInstanceRenderData":true}
{"class":"TSStatic","persistentId":"0377a39e-3b22-4ebc-b43f-218187685e76","__parent":"tss9","position":[-2458.15234,580.226257,16.9617233],"isRenderEnabled":false,"locked":true,"playAmbient":false,"rotationMatrix":[-0.707106471,-0.707107008,0,0.707107008,-0.707106471,0,0,0,1],"shapeName":"/levels/motorsports_playground/art/shapes/containers/containers_40_beamng.dae","useInstanceRenderData":true}
{"class":"TSStatic","persistentId":"2157fa6b-f9a5-49e9-9389-d5241a59d569","__parent":"tss9","position":[-2456.40479,581.95874,16.9295731],"isRenderEnabled":false,"locked":true,"playAmbient":false,"rotationMatrix":[-0.707106471,-0.707107008,0,0.707107008,-0.707106471,0,0,0,1],"shapeName":"/levels/motorsports_playground/art/shapes/containers/container_01_b.dae","useInstanceRenderData":true}
{"class":"TSStatic","persistentId":"252f6e7e-6306-48d3-a83f-59e75ce3403b","__parent":"tss9","position":[-2454.69214,583.691833,16.9239941],"isRenderEnabled":false,"locked":true,"playAmbient":false,"rotationMatrix":[-0.707106471,-0.707107008,0,0.707107008,-0.707106471,0,0,0,1],"shapeName":"/levels/motorsports_playground/art/shapes/containers/container_01_a.dae","useInstanceRenderData":true}
{"class":"TSStatic","persistentId":"81000a5a-f0f1-446a-916a-9e7e6cb42461","__parent":"tss9","position":[-2459.84326,578.515747,14.3508911],"isRenderEnabled":false,"locked":true,"playAmbient":false,"rotationMatrix":[0.707106769,0.707106829,0,-0.707106829,0.707106769,0,0,0,1],"shapeName":"/levels/motorsports_playground/art/shapes/containers/containers_40_beamng.dae","useInstanceRenderData":true}
{"class":"TSStatic","persistentId":"624c461f-48e9-4e19-9355-68f8768f950f","__parent":"tss9","position":[-2458.17041,580.314941,14.3360128],"isRenderEnabled":false,"locked":true,"playAmbient":false,"rotationMatrix":[0.70710659,0.707107008,0,-0.707107008,0.70710659,0,0,0,1],"shapeName":"/levels/motorsports_playground/art/shapes/containers/containers_40_oilex.dae","useInstanceRenderData":true}
{"class":"TSStatic","persistentId":"ab7c4602-3b58-4ef2-97ca-6f889a732757","__parent":"tss9","position":[-2456.39771,581.987549,14.3722534],"isRenderEnabled":false,"locked":true,"playAmbient":false,"rotationMatrix":[0.707106769,0.707106829,0,-0.707106829,0.707106769,0,0,0,1],"shapeName":"/levels/motorsports_playground/art/shapes/containers/containers_40_okudai.dae","useInstanceRenderData":true}
{"class":"TSStatic","persistentId":"840dec18-b9fa-4dde-9cc6-73856db4807c","__parent":"tss9","position":[-2454.68091,583.715881,14.3574171],"isRenderEnabled":false,"locked":true,"playAmbient":false,"rotationMatrix":[0.707106769,0.707106769,0,-0.707106769,0.707106769,0,0,0,1],"shapeName":"/levels/motorsports_playground/art/shapes/containers/containers_40_nodeoline.dae","useInstanceRenderData":true}
{"class":"TSStatic","persistentId":"dfbc1886-ed83-4f9b-b4dd-4ca4d1cd50b9","__parent":"tss9","position":[-2454.70361,583.703125,11.7648296],"isRenderEnabled":false,"locked":true,"playAmbient":false,"rotationMatrix":[0.707106769,0.707106829,0,-0.707106829,0.707106769,0,0,0,1],"shapeName":"/levels/motorsports_playground/art/shapes/containers/containers_40_brown.dae","useInstanceRenderData":true}
{"class":"TSStatic","persistentId":"05ed1e51-8351-4995-b682-2220b6731cd3","__parent":"tss9","position":[-2456.37793,581.98114,11.7927923],"isRenderEnabled":false,"locked":true,"playAmbient":false,"rotationMatrix":[0.707106769,0.707106829,0,-0.707106829,0.707106769,0,0,0,1],"shapeName":"/levels/motorsports_playground/art/shapes/containers/containers_40_beamng.dae","useInstanceRenderData":true}
{"class":"TSStatic","persistentId":"c06ab1a8-3f4a-4dfd-a4c4-e228d960ab9e","__parent":"tss9","position":[-2458.12549,580.248657,11.760644],"isRenderEnabled":false,"locked":true,"playAmbient":false,"rotationMatrix":[0.707106769,0.707106829,0,-0.707106829,0.707106769,0,0,0,1],"shapeName":"/levels/motorsports_playground/art/shapes/containers/container_01_b.dae","useInstanceRenderData":true}
{"class":"TSStatic","persistentId":"a033f7fb-bf6b-4a99-a46b-663b9fe5c777","__parent":"tss9","position":[-2459.83813,578.515564,11.755064],"isRenderEnabled":false,"locked":true,"playAmbient":false,"rotationMatrix":[0.707106769,0.707106829,0,-0.707106829,0.707106769,0,0,0,1],"shapeName":"/levels/motorsports_playground/art/shapes/containers/container_01_a.dae","useInstanceRenderData":true}
{"class":"TSStatic","persistentId":"001f8731-46b5-4ce1-ae2b-a22637bfb35f","__parent":"tss9","position":[-2461.52808,576.774414,19.5120049],"isRenderEnabled":false,"locked":true,"playAmbient":false,"rotationMatrix":[0.707106769,0.707106769,0,-0.707106769,0.707106769,0,0,0,1],"shapeName":"/levels/motorsports_playground/art/shapes/containers/containers_40_nodeoline.dae","useInstanceRenderData":true}
{"class":"TSStatic","persistentId":"0127403d-c6ab-4f1b-ac4d-edaee25a0ce3","__parent":"tss9","position":[-2461.51196,576.757324,16.9295731],"isRenderEnabled":false,"locked":true,"playAmbient":false,"rotationMatrix":[-0.707106471,-0.707107008,0,0.707107008,-0.707106471,0,0,0,1],"shapeName":"/levels/motorsports_playground/art/shapes/containers/container_01_b.dae","useInstanceRenderData":true}
{"class":"TSStatic","persistentId":"d9411310-9ce2-43b4-beb7-feb30ecd7710","__parent":"tss9","position":[-2461.50488,576.786133,14.3722534],"isRenderEnabled":false,"locked":true,"playAmbient":false,"rotationMatrix":[0.707106769,0.707106829,0,-0.707106829,0.707106769,0,0,0,1],"shapeName":"/levels/motorsports_playground/art/shapes/containers/containers_40_okudai.dae","useInstanceRenderData":true}
{"class":"TSStatic","persistentId":"06f2266c-a63b-4b26-9a94-b92a03f2aeb1","__parent":"tss9","position":[-2461.48511,576.779724,11.7927923],"isRenderEnabled":false,"locked":true,"playAmbient":false,"rotationMatrix":[0.707106769,0.707106829,0,-0.707106829,0.707106769,0,0,0,1],"shapeName":"/levels/motorsports_playground/art/shapes/containers/containers_40_beamng.dae","useInstanceRenderData":true}
{"class":"TSStatic","persistentId":"ae8da4de-0c7a-4d42-b8c8-fd061c2fb7c6","__parent":"tss9","position":[-2453.00073,585.514343,19.5303173],"isRenderEnabled":false,"locked":true,"playAmbient":false,"rotationMatrix":[0.707106769,0.707106829,0,-0.707106829,0.707106769,0,0,0,1],"shapeName":"/levels/motorsports_playground/art/shapes/containers/containers_40_okudai.dae","useInstanceRenderData":true}
{"class":"TSStatic","persistentId":"37fcf0b5-51ab-4c48-8d9b-5b584e0cb2f3","__parent":"tss9","position":[-2453.01465,585.493652,16.9617252],"isRenderEnabled":false,"locked":true,"playAmbient":false,"rotationMatrix":[-0.707106471,-0.707107008,0,0.707107008,-0.707106471,0,0,0,1],"shapeName":"/levels/motorsports_playground/art/shapes/containers/containers_40_beamng.dae","useInstanceRenderData":true}
{"class":"TSStatic","persistentId":"13454739-bf9a-4d89-b612-f5e688353b3e","__parent":"tss9","position":[-2453.03271,585.582336,14.3360147],"isRenderEnabled":false,"locked":true,"playAmbient":false,"rotationMatrix":[0.70710659,0.707107008,0,-0.707107008,0.70710659,0,0,0,1],"shapeName":"/levels/motorsports_playground/art/shapes/containers/containers_40_oilex.dae","useInstanceRenderData":true}
{"class":"TSStatic","persistentId":"0ea276dd-8fd8-42dd-947b-6656d40e8066","__parent":"tss9","position":[-2452.98779,585.516052,11.7606459],"isRenderEnabled":false,"locked":true,"playAmbient":false,"rotationMatrix":[0.707106769,0.707106829,0,-0.707106829,0.707106769,0,0,0,1],"shapeName":"/levels/motorsports_playground/art/shapes/containers/container_01_b.dae","useInstanceRenderData":true}
{"class":"TSStatic","persistentId":"99dabd82-81f5-49ca-9bcc-94d2ca1bd075","__parent":"tss9","position":[-2444.31763,594.052979,14.3847189],"isRenderEnabled":false,"locked":true,"playAmbient":false,"rotationMatrix":[-0.707106411,-0.707107008,2.30404694e-07,-0.707106829,0.70710659,2.30404524e-07,-3.25841341e-07,-2.12345197e-13,-0.999999821],"shapeName":"/levels/motorsports_playground/art/shapes/containers/containers_40_beamng.dae","useInstanceRenderData":true}
{"class":"TSStatic","persistentId":"5a4b1831-b10c-40b4-af98-38222b3a325b","__parent":"tss9","position":[-2446.04883,592.348145,14.3467445],"isRenderEnabled":false,"locked":true,"playAmbient":false,"rotationMatrix":[-0.707106411,-0.707107008,2.30404694e-07,-0.707106829,0.70710659,2.30404524e-07,-3.25841341e-07,-2.12345197e-13,-0.999999821],"shapeName":"/levels/motorsports_playground/art/shapes/containers/containers_40_okudai.dae","useInstanceRenderData":true}
{"class":"TSStatic","persistentId":"d60c1592-f95a-47d3-bde2-85e59c85a677","__parent":"tss9","position":[-2447.77734,590.630615,14.3650551],"isRenderEnabled":false,"locked":true,"playAmbient":false,"rotationMatrix":[-0.707106352,-0.707107008,2.3040468e-07,-0.707106829,0.707106531,2.30404524e-07,-3.25841341e-07,-2.12345197e-13,-0.999999821],"shapeName":"/levels/motorsports_playground/art/shapes/containers/containers_40_nodeoline.dae","useInstanceRenderData":true}
{"class":"TSStatic","persistentId":"4263db98-f39c-4fb2-bea3-83952e7c94d3","__parent":"tss9","position":[-2449.51733,588.890625,14.3566332],"isRenderEnabled":false,"locked":true,"playAmbient":false,"rotationMatrix":[-0.707106352,-0.707107008,2.3040468e-07,-0.707106829,0.707106531,2.30404524e-07,-3.25841341e-07,-2.12345197e-13,-0.999999821],"shapeName":"/levels/motorsports_playground/art/shapes/containers/containers_40_nodeoline.dae","useInstanceRenderData":true}
{"class":"TSStatic","persistentId":"7dcbf055-9941-4c66-bfb2-b59874991bf3","__parent":"tss9","position":[-2444.30615,594.036377,16.9433002],"isRenderEnabled":false,"locked":true,"playAmbient":false,"rotationMatrix":[0.70710659,0.707106709,-2.30404765e-07,0.707106531,-0.707106769,-2.30404424e-07,-3.25841341e-07,-2.12345197e-13,-0.999999821],"shapeName":"/levels/motorsports_playground/art/shapes/containers/containers_40_brown.dae","useInstanceRenderData":true}
{"class":"TSStatic","persistentId":"704e5a48-3930-46b1-862a-bf78a23432ac","__parent":"tss9","position":[-2446.02808,592.362061,16.9153366],"isRenderEnabled":false,"locked":true,"playAmbient":false,"rotationMatrix":[0.70710659,0.707106709,-2.30404765e-07,0.707106531,-0.707106769,-2.30404424e-07,-3.25841341e-07,-2.12345197e-13,-0.999999821],"shapeName":"/levels/motorsports_playground/art/shapes/containers/containers_40_beamng.dae","useInstanceRenderData":true}
{"class":"TSStatic","persistentId":"a70fdd31-2d9a-44d8-b477-2b6cd834e4ae","__parent":"tss9","position":[-2447.76025,590.614502,16.9474869],"isRenderEnabled":false,"locked":true,"playAmbient":false,"rotationMatrix":[0.70710659,0.707106709,-2.30404765e-07,0.707106531,-0.707106769,-2.30404424e-07,-3.25841341e-07,-2.12345197e-13,-0.999999821],"shapeName":"/levels/motorsports_playground/art/shapes/containers/container_01_b.dae","useInstanceRenderData":true}
{"class":"TSStatic","persistentId":"1743bd31-b011-47e1-8176-50e46121e783","__parent":"tss9","position":[-2449.49341,588.901855,16.9530659],"isRenderEnabled":false,"locked":true,"playAmbient":false,"rotationMatrix":[0.70710659,0.707106709,-2.30404765e-07,0.707106531,-0.707106769,-2.30404424e-07,-3.25841341e-07,-2.12345197e-13,-0.999999821],"shapeName":"/levels/motorsports_playground/art/shapes/containers/container_01_a.dae","useInstanceRenderData":true}
{"class":"TSStatic","persistentId":"ac086ce0-5129-4e06-a457-542aac36cf5c","__parent":"tss9","position":[-2444.31763,594.052979,19.5261669],"isRenderEnabled":false,"locked":true,"playAmbient":false,"rotationMatrix":[-0.707106411,-0.707107008,2.30404694e-07,-0.707106829,0.70710659,2.30404524e-07,-3.25841341e-07,-2.12345197e-13,-0.999999821],"shapeName":"/levels/motorsports_playground/art/shapes/containers/containers_40_beamng.dae","useInstanceRenderData":true}
{"class":"TSStatic","persistentId":"12d7bd04-75d7-49a6-b6ea-feec802cf9c7","__parent":"tss9","position":[-2446.1167,592.380127,19.5410461],"isRenderEnabled":false,"locked":true,"playAmbient":false,"rotationMatrix":[-0.70710659,-0.707106829,2.30404765e-07,-0.70710665,0.707106769,2.30404467e-07,-3.25841341e-07,-2.12345197e-13,-0.999999821],"shapeName":"/levels/motorsports_playground/art/shapes/containers/containers_40_oilex.dae","useInstanceRenderData":true}
{"class":"TSStatic","persistentId":"0d129fb5-8baa-4243-b751-20cefea9e07d","__parent":"tss9","position":[-2447.78906,590.607422,19.5048065],"isRenderEnabled":false,"locked":true,"playAmbient":false,"rotationMatrix":[-0.707106411,-0.707107008,2.30404694e-07,-0.707106829,0.70710659,2.30404524e-07,-3.25841341e-07,-2.12345197e-13,-0.999999821],"shapeName":"/levels/motorsports_playground/art/shapes/containers/containers_40_okudai.dae","useInstanceRenderData":true}
{"class":"TSStatic","persistentId":"3916f3fd-3a55-4520-bbfe-52b64212f274","__parent":"tss9","position":[-2449.51733,588.890625,19.5196438],"isRenderEnabled":false,"locked":true,"playAmbient":false,"rotationMatrix":[-0.707106352,-0.707107008,2.3040468e-07,-0.707106829,0.707106531,2.30404524e-07,-3.25841341e-07,-2.12345197e-13,-0.999999821],"shapeName":"/levels/motorsports_playground/art/shapes/containers/containers_40_nodeoline.dae","useInstanceRenderData":true}
{"class":"TSStatic","persistentId":"51f49b14-9f0d-42cf-8cb6-32f13fdf716a","__parent":"tss9","position":[-2449.50464,588.91333,22.1122284],"isRenderEnabled":false,"locked":true,"playAmbient":false,"rotationMatrix":[-0.707106411,-0.707107008,2.30404694e-07,-0.707106829,0.70710659,2.30404524e-07,-3.25841341e-07,-2.12345197e-13,-0.999999821],"shapeName":"/levels/motorsports_playground/art/shapes/containers/containers_40_brown.dae","useInstanceRenderData":true}
{"class":"TSStatic","persistentId":"afa06ccd-5005-40e3-9fee-27e743a54c07","__parent":"tss9","position":[-2447.78271,590.587646,22.0842667],"isRenderEnabled":false,"locked":true,"playAmbient":false,"rotationMatrix":[-0.707106411,-0.707107008,2.30404694e-07,-0.707106829,0.70710659,2.30404524e-07,-3.25841341e-07,-2.12345197e-13,-0.999999821],"shapeName":"/levels/motorsports_playground/art/shapes/containers/containers_40_beamng.dae","useInstanceRenderData":true}
{"class":"TSStatic","persistentId":"1ff563a1-bcb8-4cca-88ec-33d7052a0e64","__parent":"tss9","position":[-2446.05054,592.335205,22.1164131],"isRenderEnabled":false,"locked":true,"playAmbient":false,"rotationMatrix":[-0.707106411,-0.707107008,2.30404694e-07,-0.707106829,0.70710659,2.30404524e-07,-3.25841341e-07,-2.12345197e-13,-0.999999821],"shapeName":"/levels/motorsports_playground/art/shapes/containers/container_01_b.dae","useInstanceRenderData":true}
{"class":"TSStatic","persistentId":"1639a0e4-c3dc-40d1-9adf-cd501289b950","__parent":"tss9","position":[-2444.31738,594.047852,22.1219921],"isRenderEnabled":false,"locked":true,"playAmbient":false,"rotationMatrix":[-0.707106411,-0.707107008,2.30404694e-07,-0.707106829,0.70710659,2.30404524e-07,-3.25841341e-07,-2.12345197e-13,-0.999999821],"shapeName":"/levels/motorsports_playground/art/shapes/containers/container_01_a.dae","useInstanceRenderData":true}
{"class":"TSStatic","persistentId":"dd0cdb66-68d1-4ae8-a658-8d241249fb5e","__parent":"tss9","position":[-2442.57617,595.737793,14.3650541],"isRenderEnabled":false,"locked":true,"playAmbient":false,"rotationMatrix":[-0.707106352,-0.707107008,2.3040468e-07,-0.707106829,0.707106531,2.30404524e-07,-3.25841341e-07,-2.12345197e-13,-0.999999821],"shapeName":"/levels/motorsports_playground/art/shapes/containers/containers_40_nodeoline.dae","useInstanceRenderData":true}
{"class":"TSStatic","persistentId":"0fe80df7-9fc9-41e5-b987-662cc6ea5b13","__parent":"tss9","position":[-2442.55908,595.72168,16.947485],"isRenderEnabled":false,"locked":true,"playAmbient":false,"rotationMatrix":[0.70710659,0.707106709,-2.30404765e-07,0.707106531,-0.707106769,-2.30404424e-07,-3.25841341e-07,-2.12345197e-13,-0.999999821],"shapeName":"/levels/motorsports_playground/art/shapes/containers/container_01_b.dae","useInstanceRenderData":true}
{"class":"TSStatic","persistentId":"219c5532-585c-48df-a156-32657fa3dba8","__parent":"tss9","position":[-2442.58789,595.7146,19.5048046],"isRenderEnabled":false,"locked":true,"playAmbient":false,"rotationMatrix":[-0.707106411,-0.707107008,2.30404694e-07,-0.707106829,0.70710659,2.30404524e-07,-3.25841341e-07,-2.12345197e-13,-0.999999821],"shapeName":"/levels/motorsports_playground/art/shapes/containers/containers_40_okudai.dae","useInstanceRenderData":true}
{"class":"TSStatic","persistentId":"6fcc6dbd-0ae8-41ba-817b-013b751cff30","__parent":"tss9","position":[-2442.58154,595.694824,22.0842667],"isRenderEnabled":false,"locked":true,"playAmbient":false,"rotationMatrix":[-0.707106411,-0.707107008,2.30404694e-07,-0.707106829,0.70710659,2.30404524e-07,-3.25841341e-07,-2.12345197e-13,-0.999999821],"shapeName":"/levels/motorsports_playground/art/shapes/containers/containers_40_beamng.dae","useInstanceRenderData":true}
{"class":"TSStatic","persistentId":"510a2ee6-53c2-4eae-bd5b-546f21f370a1","__parent":"tss9","position":[-2451.31592,587.210449,14.3467445],"isRenderEnabled":false,"locked":true,"playAmbient":false,"rotationMatrix":[-0.707106411,-0.707107008,2.30404694e-07,-0.707106829,0.70710659,2.30404524e-07,-3.25841341e-07,-2.12345197e-13,-0.999999821],"shapeName":"/levels/motorsports_playground/art/shapes/containers/containers_40_okudai.dae","useInstanceRenderData":true}
{"class":"TSStatic","persistentId":"9b0d2736-e5c3-415b-a1c3-d96f08ea9be0","__parent":"tss9","position":[-2451.29517,587.224365,16.9153366],"isRenderEnabled":false,"locked":true,"playAmbient":false,"rotationMatrix":[0.70710659,0.707106709,-2.30404765e-07,0.707106531,-0.707106769,-2.30404424e-07,-3.25841341e-07,-2.12345197e-13,-0.999999821],"shapeName":"/levels/motorsports_playground/art/shapes/containers/containers_40_beamng.dae","useInstanceRenderData":true}
{"class":"TSStatic","persistentId":"6bbdb8fb-64ab-40e2-96f0-8e2e909b3c4e","__parent":"tss9","position":[-2451.38379,587.242432,19.5410461],"isRenderEnabled":false,"locked":true,"playAmbient":false,"rotationMatrix":[-0.70710659,-0.707106829,2.30404765e-07,-0.70710665,0.707106769,2.30404467e-07,-3.25841341e-07,-2.12345197e-13,-0.999999821],"shapeName":"/levels/motorsports_playground/art/shapes/containers/containers_40_oilex.dae","useInstanceRenderData":true}
{"class":"TSStatic","persistentId":"953378c6-6cee-4b72-9db0-99ad0ce8297c","__parent":"tss9","position":[-2451.31763,587.19751,22.1164131],"isRenderEnabled":false,"locked":true,"playAmbient":false,"rotationMatrix":[-0.707106411,-0.707107008,2.30404694e-07,-0.707106829,0.70710659,2.30404524e-07,-3.25841341e-07,-2.12345197e-13,-0.999999821],"shapeName":"/levels/motorsports_playground/art/shapes/containers/container_01_b.dae","useInstanceRenderData":true}
{"class":"TSStatic","persistentId":"74ecbbd0-3dd6-46b1-9055-58c5550ce584","__parent":"tss9","position":[-2439.06299,599.150452,19.4923401],"isRenderEnabled":false,"locked":true,"playAmbient":false,"rotationMatrix":[0.707106769,0.707106829,0,-0.707106829,0.707106769,0,0,0,1],"shapeName":"/levels/motorsports_playground/art/shapes/containers/containers_40_beamng.dae","useInstanceRenderData":true}
{"class":"TSStatic","persistentId":"1c007fa3-5193-4d33-b41e-9c555ad38d30","__parent":"tss9","position":[-2437.35815,600.881653,19.5303154],"isRenderEnabled":false,"locked":true,"playAmbient":false,"rotationMatrix":[0.707106769,0.707106829,0,-0.707106829,0.707106769,0,0,0,1],"shapeName":"/levels/motorsports_playground/art/shapes/containers/containers_40_okudai.dae","useInstanceRenderData":true}
{"class":"TSStatic","persistentId":"f312a118-994a-4151-b0dd-8ce0aa933d3d","__parent":"tss9","position":[-2435.64062,602.610535,19.5120049],"isRenderEnabled":false,"locked":true,"playAmbient":false,"rotationMatrix":[0.707106769,0.707106769,0,-0.707106769,0.707106769,0,0,0,1],"shapeName":"/levels/motorsports_playground/art/shapes/containers/containers_40_nodeoline.dae","useInstanceRenderData":true}
{"class":"TSStatic","persistentId":"bce5e21e-8d97-4ac3-9f61-cdcf96fa5f84","__parent":"tss9","position":[-2433.90063,604.350586,19.5204277],"isRenderEnabled":false,"locked":true,"playAmbient":false,"rotationMatrix":[0.707106769,0.707106769,0,-0.707106769,0.707106769,0,0,0,1],"shapeName":"/levels/motorsports_playground/art/shapes/containers/containers_40_nodeoline.dae","useInstanceRenderData":true}
{"class":"TSStatic","persistentId":"f508ffa8-8d16-4391-9f85-4b886c962e8c","__parent":"tss9","position":[-2439.04639,599.138977,16.9337597],"isRenderEnabled":false,"locked":true,"playAmbient":false,"rotationMatrix":[-0.707106471,-0.707107008,0,0.707107008,-0.707106471,0,0,0,1],"shapeName":"/levels/motorsports_playground/art/shapes/containers/containers_40_brown.dae","useInstanceRenderData":true}
{"class":"TSStatic","persistentId":"04d2b0b7-c3d1-4a88-978c-05f07bf9727c","__parent":"tss9","position":[-2437.37207,600.860962,16.9617233],"isRenderEnabled":false,"locked":true,"playAmbient":false,"rotationMatrix":[-0.707106471,-0.707107008,0,0.707107008,-0.707106471,0,0,0,1],"shapeName":"/levels/motorsports_playground/art/shapes/containers/containers_40_beamng.dae","useInstanceRenderData":true}
{"class":"TSStatic","persistentId":"52804b5d-79b8-41f5-b14d-41d77e63a8b6","__parent":"tss9","position":[-2435.62451,602.593445,16.9295731],"isRenderEnabled":false,"locked":true,"playAmbient":false,"rotationMatrix":[-0.707106471,-0.707107008,0,0.707107008,-0.707106471,0,0,0,1],"shapeName":"/levels/motorsports_playground/art/shapes/containers/container_01_b.dae","useInstanceRenderData":true}
{"class":"TSStatic","persistentId":"e23e5c0a-06ab-461a-813c-cff63c294011","__parent":"tss9","position":[-2433.91187,604.326538,16.9239941],"isRenderEnabled":false,"locked":true,"playAmbient":false,"rotationMatrix":[-0.707106471,-0.707107008,0,0.707107008,-0.707106471,0,0,0,1],"shapeName":"/levels/motorsports_playground/art/shapes/containers/container_01_a.dae","useInstanceRenderData":true}
{"class":"TSStatic","persistentId":"b0f20739-ad39-438f-a5af-db21a009f615","__parent":"tss9","position":[-2439.06299,599.150452,14.3508911],"isRenderEnabled":false,"locked":true,"playAmbient":false,"rotationMatrix":[0.707106769,0.707106829,0,-0.707106829,0.707106769,0,0,0,1],"shapeName":"/levels/motorsports_playground/art/shapes/containers/containers_40_beamng.dae","useInstanceRenderData":true}
{"class":"TSStatic","persistentId":"b60a1ee7-657a-4164-b906-91c7641fa771","__parent":"tss9","position":[-2437.39014,600.949646,14.3360128],"isRenderEnabled":false,"locked":true,"playAmbient":false,"rotationMatrix":[0.70710659,0.707107008,0,-0.707107008,0.70710659,0,0,0,1],"shapeName":"/levels/motorsports_playground/art/shapes/containers/containers_40_oilex.dae","useInstanceRenderData":true}
{"class":"TSStatic","persistentId":"13476bbe-2146-43dd-ae31-61011bd2f303","__parent":"tss9","position":[-2435.61743,602.622253,14.3722534],"isRenderEnabled":false,"locked":true,"playAmbient":false,"rotationMatrix":[0.707106769,0.707106829,0,-0.707106829,0.707106769,0,0,0,1],"shapeName":"/levels/motorsports_playground/art/shapes/containers/containers_40_okudai.dae","useInstanceRenderData":true}
{"class":"TSStatic","persistentId":"7de9095b-a4a1-4fa7-ba06-d4a448f81df8","__parent":"tss9","position":[-2433.90063,604.350586,14.3574171],"isRenderEnabled":false,"locked":true,"playAmbient":false,"rotationMatrix":[0.707106769,0.707106769,0,-0.707106769,0.707106769,0,0,0,1],"shapeName":"/levels/motorsports_playground/art/shapes/containers/containers_40_nodeoline.dae","useInstanceRenderData":true}
{"class":"TSStatic","persistentId":"1c390ba7-0e58-4ee7-87a3-429e204d4a7d","__parent":"tss9","position":[-2433.92334,604.33783,11.7648296],"isRenderEnabled":false,"locked":true,"playAmbient":false,"rotationMatrix":[0.707106769,0.707106829,0,-0.707106829,0.707106769,0,0,0,1],"shapeName":"/levels/motorsports_playground/art/shapes/containers/containers_40_brown.dae","useInstanceRenderData":true}
{"class":"TSStatic","persistentId":"a953b190-2acc-4cc3-b95e-dd9f8a72cf79","__parent":"tss9","position":[-2435.59766,602.615845,11.7927923],"isRenderEnabled":false,"locked":true,"playAmbient":false,"rotationMatrix":[0.707106769,0.707106829,0,-0.707106829,0.707106769,0,0,0,1],"shapeName":"/levels/motorsports_playground/art/shapes/containers/containers_40_beamng.dae","useInstanceRenderData":true}
{"class":"TSStatic","persistentId":"50b91882-7edd-4537-b904-31a71427c766","__parent":"tss9","position":[-2437.34521,600.883362,11.760644],"isRenderEnabled":false,"locked":true,"playAmbient":false,"rotationMatrix":[0.707106769,0.707106829,0,-0.707106829,0.707106769,0,0,0,1],"shapeName":"/levels/motorsports_playground/art/shapes/containers/container_01_b.dae","useInstanceRenderData":true}
{"class":"TSStatic","persistentId":"2bb31df1-242d-4b4d-9ae9-36d41bd85a3f","__parent":"tss9","position":[-2439.05786,599.150269,11.755064],"isRenderEnabled":false,"locked":true,"playAmbient":false,"rotationMatrix":[0.707106769,0.707106829,0,-0.707106829,0.707106769,0,0,0,1],"shapeName":"/levels/motorsports_playground/art/shapes/containers/container_01_a.dae","useInstanceRenderData":true}
{"class":"TSStatic","persistentId":"1aafddfa-ee04-4d83-9357-9acb3377c061","__parent":"tss9","position":[-2440.7478,597.409119,19.5120049],"isRenderEnabled":false,"locked":true,"playAmbient":false,"rotationMatrix":[0.707106769,0.707106769,0,-0.707106769,0.707106769,0,0,0,1],"shapeName":"/levels/motorsports_playground/art/shapes/containers/containers_40_nodeoline.dae","useInstanceRenderData":true}
{"class":"TSStatic","persistentId":"602daa00-30d9-44aa-9a47-1dea41b47d4b","__parent":"tss9","position":[-2440.73169,597.392029,16.9295731],"isRenderEnabled":false,"locked":true,"playAmbient":false,"rotationMatrix":[-0.707106471,-0.707107008,0,0.707107008,-0.707106471,0,0,0,1],"shapeName":"/levels/motorsports_playground/art/shapes/containers/container_01_b.dae","useInstanceRenderData":true}
{"class":"TSStatic","persistentId":"2a72fe0c-725b-4ab0-a8f0-53965968f122","__parent":"tss9","position":[-2440.72461,597.420837,14.3722534],"isRenderEnabled":false,"locked":true,"playAmbient":false,"rotationMatrix":[0.707106769,0.707106829,0,-0.707106829,0.707106769,0,0,0,1],"shapeName":"/levels/motorsports_playground/art/shapes/containers/containers_40_okudai.dae","useInstanceRenderData":true}
{"class":"TSStatic","persistentId":"8b61addb-0415-4286-aa1a-d16fa716d363","__parent":"tss9","position":[-2440.70483,597.414429,11.7927923],"isRenderEnabled":false,"locked":true,"playAmbient":false,"rotationMatrix":[0.707106769,0.707106829,0,-0.707106829,0.707106769,0,0,0,1],"shapeName":"/levels/motorsports_playground/art/shapes/containers/containers_40_beamng.dae","useInstanceRenderData":true}
{"class":"TSStatic","persistentId":"cc34ee84-becd-4fc7-b6b8-7d2b64e2ea07","__parent":"tss9","position":[-2432.22046,606.149048,19.5303173],"isRenderEnabled":false,"locked":true,"playAmbient":false,"rotationMatrix":[0.707106769,0.707106829,0,-0.707106829,0.707106769,0,0,0,1],"shapeName":"/levels/motorsports_playground/art/shapes/containers/containers_40_okudai.dae","useInstanceRenderData":true}
{"class":"TSStatic","persistentId":"99c1f49a-38ff-4d34-a253-41abc1cc67f9","__parent":"tss9","position":[-2432.23438,606.128357,16.9617252],"isRenderEnabled":false,"locked":true,"playAmbient":false,"rotationMatrix":[-0.707106471,-0.707107008,0,0.707107008,-0.707106471,0,0,0,1],"shapeName":"/levels/motorsports_playground/art/shapes/containers/containers_40_beamng.dae","useInstanceRenderData":true}
{"class":"TSStatic","persistentId":"01dd5682-34b1-42ae-800f-a69a1c09d21f","__parent":"tss9","position":[-2432.25244,606.217041,14.3360147],"isRenderEnabled":false,"locked":true,"playAmbient":false,"rotationMatrix":[0.70710659,0.707107008,0,-0.707107008,0.70710659,0,0,0,1],"shapeName":"/levels/motorsports_playground/art/shapes/containers/containers_40_oilex.dae","useInstanceRenderData":true}
{"class":"TSStatic","persistentId":"0a0abb4e-7197-4547-9b93-3c6cde4fa133","__parent":"tss9","position":[-2432.20752,606.150757,11.7606459],"isRenderEnabled":false,"locked":true,"playAmbient":false,"rotationMatrix":[0.707106769,0.707106829,0,-0.707106829,0.707106769,0,0,0,1],"shapeName":"/levels/motorsports_playground/art/shapes/containers/container_01_b.dae","useInstanceRenderData":true}
{"class":"TSStatic","persistentId":"7e81fc6b-f381-4d91-941f-dce43866994e","__parent":"tss9","position":[-2423.53735,614.687683,14.3847189],"isRenderEnabled":false,"locked":true,"playAmbient":false,"rotationMatrix":[-0.707106411,-0.707107008,2.30404694e-07,-0.707106829,0.70710659,2.30404524e-07,-3.25841341e-07,-2.12345197e-13,-0.999999821],"shapeName":"/levels/motorsports_playground/art/shapes/containers/containers_40_beamng.dae","useInstanceRenderData":true}
{"class":"TSStatic","persistentId":"ee440d59-c459-4264-b11a-bd0d311db40c","__parent":"tss9","position":[-2425.26855,612.982849,14.3467445],"isRenderEnabled":false,"locked":true,"playAmbient":false,"rotationMatrix":[-0.707106411,-0.707107008,2.30404694e-07,-0.707106829,0.70710659,2.30404524e-07,-3.25841341e-07,-2.12345197e-13,-0.999999821],"shapeName":"/levels/motorsports_playground/art/shapes/containers/containers_40_okudai.dae","useInstanceRenderData":true}
{"class":"TSStatic","persistentId":"48df2351-f0d0-4479-b0cf-e89b918263c3","__parent":"tss9","position":[-2426.99707,611.26532,14.3650551],"isRenderEnabled":false,"locked":true,"playAmbient":false,"rotationMatrix":[-0.707106352,-0.707107008,2.3040468e-07,-0.707106829,0.707106531,2.30404524e-07,-3.25841341e-07,-2.12345197e-13,-0.999999821],"shapeName":"/levels/motorsports_playground/art/shapes/containers/containers_40_nodeoline.dae","useInstanceRenderData":true}
{"class":"TSStatic","persistentId":"1ae89c83-e1a2-4bfd-ab43-f03367be18b4","__parent":"tss9","position":[-2428.73706,609.52533,14.3566332],"isRenderEnabled":false,"locked":true,"playAmbient":false,"rotationMatrix":[-0.707106352,-0.707107008,2.3040468e-07,-0.707106829,0.707106531,2.30404524e-07,-3.25841341e-07,-2.12345197e-13,-0.999999821],"shapeName":"/levels/motorsports_playground/art/shapes/containers/containers_40_nodeoline.dae","useInstanceRenderData":true}
{"class":"TSStatic","persistentId":"f010b6ab-0041-495e-9425-90b06aaabbc9","__parent":"tss9","position":[-2423.52588,614.671082,16.9433002],"isRenderEnabled":false,"locked":true,"playAmbient":false,"rotationMatrix":[0.70710659,0.707106709,-2.30404765e-07,0.707106531,-0.707106769,-2.30404424e-07,-3.25841341e-07,-2.12345197e-13,-0.999999821],"shapeName":"/levels/motorsports_playground/art/shapes/containers/containers_40_brown.dae","useInstanceRenderData":true}
{"class":"TSStatic","persistentId":"c2b9f326-872c-4ed9-b0cf-bed02ed674bb","__parent":"tss9","position":[-2425.2478,612.996765,16.9153366],"isRenderEnabled":false,"locked":true,"playAmbient":false,"rotationMatrix":[0.70710659,0.707106709,-2.30404765e-07,0.707106531,-0.707106769,-2.30404424e-07,-3.25841341e-07,-2.12345197e-13,-0.999999821],"shapeName":"/levels/motorsports_playground/art/shapes/containers/containers_40_beamng.dae","useInstanceRenderData":true}
{"class":"TSStatic","persistentId":"de9b148e-9030-41be-983a-652b797636a3","__parent":"tss9","position":[-2426.97998,611.249207,16.9474869],"isRenderEnabled":false,"locked":true,"playAmbient":false,"rotationMatrix":[0.70710659,0.707106709,-2.30404765e-07,0.707106531,-0.707106769,-2.30404424e-07,-3.25841341e-07,-2.12345197e-13,-0.999999821],"shapeName":"/levels/motorsports_playground/art/shapes/containers/container_01_b.dae","useInstanceRenderData":true}
{"class":"TSStatic","persistentId":"5e96c712-8bee-4b36-829b-4fcc03cb6b8f","__parent":"tss9","position":[-2428.71313,609.53656,16.9530659],"isRenderEnabled":false,"locked":true,"playAmbient":false,"rotationMatrix":[0.70710659,0.707106709,-2.30404765e-07,0.707106531,-0.707106769,-2.30404424e-07,-3.25841341e-07,-2.12345197e-13,-0.999999821],"shapeName":"/levels/motorsports_playground/art/shapes/containers/container_01_a.dae","useInstanceRenderData":true}
{"class":"TSStatic","persistentId":"55fa4595-bbbe-4561-a63a-08c4049c3462","__parent":"tss9","position":[-2423.53735,614.687683,19.5261669],"isRenderEnabled":false,"locked":true,"playAmbient":false,"rotationMatrix":[-0.707106411,-0.707107008,2.30404694e-07,-0.707106829,0.70710659,2.30404524e-07,-3.25841341e-07,-2.12345197e-13,-0.999999821],"shapeName":"/levels/motorsports_playground/art/shapes/containers/containers_40_beamng.dae","useInstanceRenderData":true}
{"class":"TSStatic","persistentId":"83609bbc-ea04-42d1-8b4b-5cdab7293c69","__parent":"tss9","position":[-2425.33643,613.014832,19.5410461],"isRenderEnabled":false,"locked":true,"playAmbient":false,"rotationMatrix":[-0.70710659,-0.707106829,2.30404765e-07,-0.70710665,0.707106769,2.30404467e-07,-3.25841341e-07,-2.12345197e-13,-0.999999821],"shapeName":"/levels/motorsports_playground/art/shapes/containers/containers_40_oilex.dae","useInstanceRenderData":true}
{"class":"TSStatic","persistentId":"6a9acf94-c65e-4bff-b3e4-82afdc49693e","__parent":"tss9","position":[-2427.00879,611.242126,19.5048065],"isRenderEnabled":false,"locked":true,"playAmbient":false,"rotationMatrix":[-0.707106411,-0.707107008,2.30404694e-07,-0.707106829,0.70710659,2.30404524e-07,-3.25841341e-07,-2.12345197e-13,-0.999999821],"shapeName":"/levels/motorsports_playground/art/shapes/containers/containers_40_okudai.dae","useInstanceRenderData":true}
{"class":"TSStatic","persistentId":"7ae501de-5362-4733-90c6-97b6dbb24195","__parent":"tss9","position":[-2428.73706,609.52533,19.5196438],"isRenderEnabled":false,"locked":true,"playAmbient":false,"rotationMatrix":[-0.707106352,-0.707107008,2.3040468e-07,-0.707106829,0.707106531,2.30404524e-07,-3.25841341e-07,-2.12345197e-13,-0.999999821],"shapeName":"/levels/motorsports_playground/art/shapes/containers/containers_40_nodeoline.dae","useInstanceRenderData":true}
{"class":"TSStatic","persistentId":"b2cc797d-2b0a-4611-ba21-b97a55372f78","__parent":"tss9","position":[-2428.72437,609.548035,22.1122284],"isRenderEnabled":false,"locked":true,"playAmbient":false,"rotationMatrix":[-0.707106411,-0.707107008,2.30404694e-07,-0.707106829,0.70710659,2.30404524e-07,-3.25841341e-07,-2.12345197e-13,-0.999999821],"shapeName":"/levels/motorsports_playground/art/shapes/containers/containers_40_brown.dae","useInstanceRenderData":true}
{"class":"TSStatic","persistentId":"2b54d444-920f-47cd-a238-94641cb80a35","__parent":"tss9","position":[-2427.00244,611.222351,22.0842667],"isRenderEnabled":false,"locked":true,"playAmbient":false,"rotationMatrix":[-0.707106411,-0.707107008,2.30404694e-07,-0.707106829,0.70710659,2.30404524e-07,-3.25841341e-07,-2.12345197e-13,-0.999999821],"shapeName":"/levels/motorsports_playground/art/shapes/containers/containers_40_beamng.dae","useInstanceRenderData":true}
{"class":"TSStatic","persistentId":"ed1cb702-5cb7-464e-9e74-a5735ca054af","__parent":"tss9","position":[-2425.27026,612.96991,22.1164131],"isRenderEnabled":false,"locked":true,"playAmbient":false,"rotationMatrix":[-0.707106411,-0.707107008,2.30404694e-07,-0.707106829,0.70710659,2.30404524e-07,-3.25841341e-07,-2.12345197e-13,-0.999999821],"shapeName":"/levels/motorsports_playground/art/shapes/containers/container_01_b.dae","useInstanceRenderData":true}
{"class":"TSStatic","persistentId":"dbf7906b-732d-4f82-ab60-879bf8b61a2c","__parent":"tss9","position":[-2423.53711,614.682556,22.1219921],"isRenderEnabled":false,"locked":true,"playAmbient":false,"rotationMatrix":[-0.707106411,-0.707107008,2.30404694e-07,-0.707106829,0.70710659,2.30404524e-07,-3.25841341e-07,-2.12345197e-13,-0.999999821],"shapeName":"/levels/motorsports_playground/art/shapes/containers/container_01_a.dae","useInstanceRenderData":true}
{"class":"TSStatic","persistentId":"55031f18-1642-422f-820b-5987cb5b11c7","__parent":"tss9","position":[-2421.7959,616.372498,14.3650541],"isRenderEnabled":false,"locked":true,"playAmbient":false,"rotationMatrix":[-0.707106352,-0.707107008,2.3040468e-07,-0.707106829,0.707106531,2.30404524e-07,-3.25841341e-07,-2.12345197e-13,-0.999999821],"shapeName":"/levels/motorsports_playground/art/shapes/containers/containers_40_nodeoline.dae","useInstanceRenderData":true}
{"class":"TSStatic","persistentId":"c506e699-2f8f-48fc-a024-d3887284af82","__parent":"tss9","position":[-2421.77881,616.356384,16.947485],"isRenderEnabled":false,"locked":true,"playAmbient":false,"rotationMatrix":[0.70710659,0.707106709,-2.30404765e-07,0.707106531,-0.707106769,-2.30404424e-07,-3.25841341e-07,-2.12345197e-13,-0.999999821],"shapeName":"/levels/motorsports_playground/art/shapes/containers/container_01_b.dae","useInstanceRenderData":true}
{"class":"TSStatic","persistentId":"2f5b411d-f2e6-4394-811b-4b8d1fbfc59b","__parent":"tss9","position":[-2421.80762,616.349304,19.5048046],"isRenderEnabled":false,"locked":true,"playAmbient":false,"rotationMatrix":[-0.707106411,-0.707107008,2.30404694e-07,-0.707106829,0.70710659,2.30404524e-07,-3.25841341e-07,-2.12345197e-13,-0.999999821],"shapeName":"/levels/motorsports_playground/art/shapes/containers/containers_40_okudai.dae","useInstanceRenderData":true}
{"class":"TSStatic","persistentId":"f8632e19-47c6-4fe8-88dd-344bd1962508","__parent":"tss9","position":[-2421.80127,616.329529,22.0842667],"isRenderEnabled":false,"locked":true,"playAmbient":false,"rotationMatrix":[-0.707106411,-0.707107008,2.30404694e-07,-0.707106829,0.70710659,2.30404524e-07,-3.25841341e-07,-2.12345197e-13,-0.999999821],"shapeName":"/levels/motorsports_playground/art/shapes/containers/containers_40_beamng.dae","useInstanceRenderData":true}
{"class":"TSStatic","persistentId":"5d5def4d-a58d-47ee-b658-8fad5ee05120","__parent":"tss9","position":[-2430.53564,607.845154,14.3467445],"isRenderEnabled":false,"locked":true,"playAmbient":false,"rotationMatrix":[-0.707106411,-0.707107008,2.30404694e-07,-0.707106829,0.70710659,2.30404524e-07,-3.25841341e-07,-2.12345197e-13,-0.999999821],"shapeName":"/levels/motorsports_playground/art/shapes/containers/containers_40_okudai.dae","useInstanceRenderData":true}
{"class":"TSStatic","persistentId":"0a9f11ae-02e2-4aa5-a220-07b38dd39500","__parent":"tss9","position":[-2430.51489,607.85907,16.9153366],"isRenderEnabled":false,"locked":true,"playAmbient":false,"rotationMatrix":[0.70710659,0.707106709,-2.30404765e-07,0.707106531,-0.707106769,-2.30404424e-07,-3.25841341e-07,-2.12345197e-13,-0.999999821],"shapeName":"/levels/motorsports_playground/art/shapes/containers/containers_40_beamng.dae","useInstanceRenderData":true}
{"class":"TSStatic","persistentId":"18f81aec-7988-4faf-9e4e-17df24a45327","__parent":"tss9","position":[-2430.60352,607.877136,19.5410461],"isRenderEnabled":false,"locked":true,"playAmbient":false,"rotationMatrix":[-0.70710659,-0.707106829,2.30404765e-07,-0.70710665,0.707106769,2.30404467e-07,-3.25841341e-07,-2.12345197e-13,-0.999999821],"shapeName":"/levels/motorsports_playground/art/shapes/containers/containers_40_oilex.dae","useInstanceRenderData":true}
{"class":"TSStatic","persistentId":"9fed196f-aac6-4884-a8f9-49f36e9deb1e","__parent":"tss9","position":[-2430.53735,607.832214,22.1164131],"isRenderEnabled":false,"locked":true,"playAmbient":false,"rotationMatrix":[-0.707106411,-0.707107008,2.30404694e-07,-0.707106829,0.70710659,2.30404524e-07,-3.25841341e-07,-2.12345197e-13,-0.999999821],"shapeName":"/levels/motorsports_playground/art/shapes/containers/container_01_b.dae","useInstanceRenderData":true}
{"class":"TSStatic","persistentId":"99c0c409-1e73-45df-9bf9-4edf190b9763","__parent":"tss9","position":[-2416.15356,622.293213,5.82066727],"collisionType":"Visible Mesh Final","decalType":"Visible Mesh Final","isRenderEnabled":false,"locked":true,"playAmbient":false,"prebuildCollisionData":true,"rotationMatrix":[0.70710665,-0.707106948,0,0.707106948,0.70710665,0,0,0,1],"scale":[4,4,6],"shapeName":"/levels/motorsports_playground/art/shapes/race/aircraft carrier.dae","useInstanceRenderData":true}
{"class":"TSStatic","persistentId":"acd5839e-7a3e-43d0-be9b-8bb7ca986a4f","__parent":"tss9","position":[-2478.30981,545.739685,21.5041809],"isRenderEnabled":false,"locked":true,"playAmbient":false,"rotationMatrix":[0.707106769,-0.707106829,0,0.707106829,0.707106769,0,0,0,1],"scale":[3,4,2],"shapeName":"/levels/motorsports_playground/art/shapes/buildings/controlbooth.dae","useInstanceRenderData":true}
{"class":"TSStatic","persistentId":"05cafcb5-858e-42cf-b53e-4c09c5e88028","__parent":"tss9","position":[113.422653,-73.9792862,4395.81299],"collisionType":"Visible Mesh Final","decalType":"Visible Mesh Final","isRenderEnabled":false,"locked":true,"playAmbient":false,"prebuildCollisionData":true,"renderNormals":1.49011612e-08,"rotationMatrix":[0.322449327,0.94658649,0,-0.94658649,0.322449327,0,0,0,1],"scale":[7,9.5,7],"shapeName":"/levels/motorsports_playground/art/shapes/race/gerryfrod.dae","useInstanceRenderData":true}
{"class":"TSStatic","persistentId":"969e0fc5-86c1-45f0-ac4c-bbab82896d11","__parent":"tss9","position":[337.138519,-130.204712,4425.95557],"isRenderEnabled":false,"locked":true,"playAmbient":false,"rotationMatrix":[-0.314416319,-0.949284852,0,0.949284852,-0.314416319,0,0,0,1],"shapeName":"/levels/motorsports_playground/art/shapes/buildings/italy_bld_antenna.dae","useInstanceRenderData":true}
{"class":"TSStatic","persistentId":"98b14403-bd26-42b9-a0d3-57c7aad5f3d1","__parent":"tss9","position":[321.790161,-119.894836,4425.95557],"isRenderEnabled":false,"locked":true,"playAmbient":false,"rotationMatrix":[-0.314416319,-0.949284852,0,0.949284852,-0.314416319,0,0,0,1],"scale":[0.5,0.5,0.5],"shapeName":"/levels/motorsports_playground/art/shapes/buildings/italy_bld_antenna.dae","useInstanceRenderData":true}
{"class":"TSStatic","persistentId":"ec0e9a26-3427-48d8-9659-1abb7faeb500","__parent":"tss9","position":[320.365417,-123.309433,4425.95557],"isRenderEnabled":false,"locked":true,"playAmbient":false,"rotationMatrix":[-0.314416319,-0.949284852,0,0.949284852,-0.314416319,0,0,0,1],"scale":[0.5,0.5,0.5],"shapeName":"/levels/motorsports_playground/art/shapes/buildings/italy_bld_antenna.dae","useInstanceRenderData":true}
{"class":"TSStatic","persistentId":"4abc0531-6fae-45ea-9120-593548dc0973","__parent":"tss9","position":[353.826111,-142.088867,4425.95557],"isRenderEnabled":false,"locked":true,"playAmbient":false,"rotationMatrix":[-0.314416319,-0.949284852,0,0.949284852,-0.314416319,0,0,0,1],"scale":[0.5,0.5,0.5],"shapeName":"/levels/motorsports_playground/art/shapes/buildings/italy_bld_antenna.dae","useInstanceRenderData":true}
{"class":"TSStatic","persistentId":"d98311df-2b9a-4df3-a020-579d1f53ddc5","__parent":"tss9","position":[357.658508,-132.303055,4425.95557],"isRenderEnabled":false,"locked":true,"playAmbient":false,"rotationMatrix":[-0.314416319,-0.949284852,0,0.949284852,-0.314416319,0,0,0,1],"scale":[0.5,0.5,0.5],"shapeName":"/levels/motorsports_playground/art/shapes/buildings/italy_bld_antenna.dae","useInstanceRenderData":true}
{"class":"TSStatic","persistentId":"f2c2c65a-509d-4a79-b056-96107138ba91","__parent":"tss9","position":[319.212952,-126.57634,4425.95557],"isRenderEnabled":false,"locked":true,"playAmbient":false,"rotationMatrix":[-0.314416319,-0.949284852,0,0.949284852,-0.314416319,0,0,0,1],"scale":[0.5,0.5,0.5],"shapeName":"/levels/motorsports_playground/art/shapes/buildings/italy_bld_antenna.dae","useInstanceRenderData":true}
{"class":"TSStatic","persistentId":"db9df8aa-8c24-4ea6-ad55-c0a72feb909e","__parent":"tss9","position":[317.957703,-129.680664,4425.95557],"isRenderEnabled":false,"locked":true,"playAmbient":false,"rotationMatrix":[-0.314416319,-0.949284852,0,0.949284852,-0.314416319,0,0,0,1],"scale":[0.5,0.5,0.5],"shapeName":"/levels/motorsports_playground/art/shapes/buildings/italy_bld_antenna.dae","useInstanceRenderData":true}
{"class":"TSStatic","persistentId":"db80d1dd-5f06-4266-bd82-beec8cd3b7bf","__parent":"tss9","position":[547.525513,-648.041748,914.402832],"collisionType":"Visible Mesh Final","decalType":"Visible Mesh Final","isRenderEnabled":false,"playAmbient":false,"prebuildCollisionData":true,"renderNormals":1.49011612e-08,"rotationMatrix":[0.176570952,0.984288156,0,-0.984288156,0.176570952,0,0,0,1],"scale":[7,9.5,7],"shapeName":"/levels/motorsports_playground/art/shapes/race/gerryfrod.dae","useInstanceRenderData":true}
{"class":"TSStatic","persistentId":"98d3f5d2-b2b0-4c01-8c93-55512e3f84cb","__parent":"tss9","position":[795.433228,-679.259338,944.54541],"isRenderEnabled":false,"playAmbient":false,"rotationMatrix":[-0.168224216,-0.985748947,0,0.985748947,-0.168224216,0,0,0,1],"scale":[0.5,0.5,0.5],"shapeName":"/levels/motorsports_playground/art/shapes/buildings/italy_bld_antenna.dae","useInstanceRenderData":true}
{"class":"TSStatic","persistentId":"54d2c666-39de-45de-8bfe-7345c417937d","__parent":"tss9","position":[777.149048,-670.017334,944.54541],"isRenderEnabled":false,"playAmbient":false,"rotationMatrix":[-0.168224216,-0.985748947,0,0.985748947,-0.168224216,0,0,0,1],"shapeName":"/levels/motorsports_playground/art/shapes/buildings/italy_bld_antenna.dae","useInstanceRenderData":true}
{"class":"TSStatic","persistentId":"991d017c-8563-4232-8669-6925d6b26ff6","__parent":"tss9","position":[758.107544,-672.380981,944.54541],"isRenderEnabled":false,"playAmbient":false,"rotationMatrix":[-0.168224216,-0.985748947,0,0.985748947,-0.168224216,0,0,0,1],"scale":[0.5,0.5,0.5],"shapeName":"/levels/motorsports_playground/art/shapes/buildings/italy_bld_antenna.dae","useInstanceRenderData":true}
{"class":"TSStatic","persistentId":"77d45b78-596b-4d56-8042-7e60b0ad202c","__parent":"tss9","position":[758.881958,-669.123291,944.54541],"isRenderEnabled":false,"playAmbient":false,"rotationMatrix":[-0.168224216,-0.985748947,0,0.985748947,-0.168224216,0,0,0,1],"scale":[0.5,0.5,0.5],"shapeName":"/levels/motorsports_playground/art/shapes/buildings/italy_bld_antenna.dae","useInstanceRenderData":true}
{"class":"TSStatic","persistentId":"c0ac0326-3a2d-4bf6-85c0-50c84a882bb9","__parent":"tss9","position":[759.530884,-665.720337,944.54541],"isRenderEnabled":false,"playAmbient":false,"rotationMatrix":[-0.168224216,-0.985748947,0,0.985748947,-0.168224216,0,0,0,1],"scale":[0.5,0.5,0.5],"shapeName":"/levels/motorsports_playground/art/shapes/buildings/italy_bld_antenna.dae","useInstanceRenderData":true}
{"class":"TSStatic","persistentId":"cd3d8f41-f97c-45cf-b51b-2984efd77b77","__parent":"tss9","position":[760.426392,-662.130249,944.54541],"isRenderEnabled":false,"playAmbient":false,"rotationMatrix":[-0.168224216,-0.985748947,0,0.985748947,-0.168224216,0,0,0,1],"scale":[0.5,0.5,0.5],"shapeName":"/levels/motorsports_playground/art/shapes/buildings/italy_bld_antenna.dae","useInstanceRenderData":true}
{"class":"TSStatic","persistentId":"a4f855cc-f10c-4ab7-ad95-0a2a4694d79c","__parent":"tss9","position":[797.751587,-669.008728,944.54541],"isRenderEnabled":false,"playAmbient":false,"rotationMatrix":[-0.168224216,-0.985748947,0,0.985748947,-0.168224216,0,0,0,1],"scale":[0.5,0.5,0.5],"shapeName":"/levels/motorsports_playground/art/shapes/buildings/italy_bld_antenna.dae","useInstanceRenderData":true}
{"class":"TSStatic","persistentId":"41d58b63-ff5d-4841-8fe2-8370bf16ddce","__parent":"tss9","position":[237.527832,-16.8886108,10098.5361],"collisionType":"Visible Mesh Final","decalType":"Visible Mesh Final","isRenderEnabled":false,"locked":true,"playAmbient":false,"prebuildCollisionData":true,"renderNormals":1.49011612e-08,"rotationMatrix":[0.999982119,-0.00593546033,0,0.00593546033,0.999982119,0,0,0,1],"scale":[7,9.5,7],"shapeName":"/levels/motorsports_playground/art/shapes/race/gerryfrod.dae","useInstanceRenderData":true}
{"class":"TSStatic","persistentId":"baa38044-7bc3-4462-8aaa-23af9c67e139","__parent":"tss9","position":[259.588745,-267.020813,10128.6787],"isRenderEnabled":false,"locked":true,"playAmbient":false,"rotationMatrix":[-0.999996424,-0.00253862143,0,0.00253862143,-0.999996424,0,0,0,1],"scale":[0.5,0.5,0.5],"shapeName":"/levels/motorsports_playground/art/shapes/buildings/italy_bld_antenna.dae","useInstanceRenderData":true}
{"class":"TSStatic","persistentId":"17abdcb7-f8e7-4f9e-b415-69144691a831","__parent":"tss9","position":[249.092865,-266.486267,10128.6787],"isRenderEnabled":false,"locked":true,"playAmbient":false,"rotationMatrix":[-0.999996424,-0.00253862143,0,0.00253862143,-0.999996424,0,0,0,1],"scale":[0.5,0.5,0.5],"shapeName":"/levels/motorsports_playground/art/shapes/buildings/italy_bld_antenna.dae","useInstanceRenderData":true}
{"class":"TSStatic","persistentId":"2b468613-0e93-4120-89c2-c14518ff99c7","__parent":"tss9","position":[255.077759,-246.893143,10128.6787],"isRenderEnabled":false,"locked":true,"playAmbient":false,"rotationMatrix":[-0.999996424,-0.00253862143,0,0.00253862143,-0.999996424,0,0,0,1],"shapeName":"/levels/motorsports_playground/art/shapes/buildings/italy_bld_antenna.dae","useInstanceRenderData":true}
{"class":"TSStatic","persistentId":"ce1665a1-b235-46e9-aa74-ac964fd7466a","__parent":"tss9","position":[259.993744,-229.069031,10128.6787],"isRenderEnabled":false,"locked":true,"playAmbient":false,"rotationMatrix":[-0.999996424,-0.00253862143,0,0.00253862143,-0.999996424,0,0,0,1],"scale":[0.5,0.5,0.5],"shapeName":"/levels/motorsports_playground/art/shapes/buildings/italy_bld_antenna.dae","useInstanceRenderData":true}
{"class":"TSStatic","persistentId":"29cb0e7c-226f-450a-9682-f2beb1b0418f","__parent":"tss9","position":[256.30368,-228.79953,10128.6787],"isRenderEnabled":false,"locked":true,"playAmbient":false,"rotationMatrix":[-0.999996424,-0.00253862143,0,0.00253862143,-0.999996424,0,0,0,1],"scale":[0.5,0.5,0.5],"shapeName":"/levels/motorsports_playground/art/shapes/buildings/italy_bld_antenna.dae","useInstanceRenderData":true}
{"class":"TSStatic","persistentId":"7801fa3b-3866-4fb4-bbfd-9a66546d13e9","__parent":"tss9","position":[252.839935,-228.74147,10128.6787],"isRenderEnabled":false,"locked":true,"playAmbient":false,"rotationMatrix":[-0.999996424,-0.00253862143,0,0.00253862143,-0.999996424,0,0,0,1],"scale":[0.5,0.5,0.5],"shapeName":"/levels/motorsports_playground/art/shapes/buildings/italy_bld_antenna.dae","useInstanceRenderData":true}
{"class":"TSStatic","persistentId":"60feb850-6927-44c5-be19-dad28ba031b3","__parent":"tss9","position":[249.497833,-228.534424,10128.6787],"isRenderEnabled":false,"locked":true,"playAmbient":false,"rotationMatrix":[-0.999996424,-0.00253862143,0,0.00253862143,-0.999996424,0,0,0,1],"scale":[0.5,0.5,0.5],"shapeName":"/levels/motorsports_playground/art/shapes/buildings/italy_bld_antenna.dae","useInstanceRenderData":true}
{"class":"TSStatic","persistentId":"906b62b0-820b-4f06-8f31-a3902eee637d","__parent":"tss9","position":[7.13671875,711.341736,18.1751289],"isRenderEnabled":false,"locked":true,"playAmbient":false,"rotationMatrix":[0.99999994,-2.08616257e-07,9.54366755e-08,-2.98022478e-08,0.99999994,-2.30404538e-07,-9.54366044e-08,2.30404524e-07,0.999999821],"shapeName":"/levels/motorsports_playground/art/shapes/containers/containers_40_beamng.dae","useInstanceRenderData":true}
{"class":"TSStatic","persistentId":"66973598-ee3d-4de9-a371-68742365fd70","__parent":"tss9","position":[7.13671875,723.47113,18.1751289],"isRenderEnabled":false,"locked":true,"playAmbient":false,"rotationMatrix":[0.99999994,-2.08616257e-07,9.54366755e-08,-2.98022478e-08,0.99999994,-2.30404538e-07,-9.54366044e-08,2.30404524e-07,0.999999821],"shapeName":"/levels/motorsports_playground/art/shapes/containers/containers_40_beamng.dae","useInstanceRenderData":true}
{"class":"TSStatic","persistentId":"a0f4d5bf-ea1b-41f3-927f-d12abf1f3a0a","__parent":"tss9","position":[4.69892597,711.341736,18.0588417],"isRenderEnabled":false,"locked":true,"playAmbient":false,"rotationMatrix":[0.99999994,-2.08616257e-07,9.54366755e-08,-2.98022478e-08,0.99999994,-2.30404538e-07,-9.54366044e-08,2.30404524e-07,0.999999821],"scale":[1,1,1.04999995],"shapeName":"/levels/motorsports_playground/art/shapes/containers/containers_40_beamng.dae","useInstanceRenderData":true}
{"class":"TSStatic","persistentId":"e008aff9-311f-43f2-81b5-0f61750e8a61","__parent":"tss9","position":[4.69892597,723.47113,18.1751289],"isRenderEnabled":false,"locked":true,"playAmbient":false,"rotationMatrix":[0.99999994,-2.08616257e-07,9.54366755e-08,-2.98022478e-08,0.99999994,-2.30404538e-07,-9.54366044e-08,2.30404524e-07,0.999999821],"shapeName":"/levels/motorsports_playground/art/shapes/containers/containers_40_beamng.dae","useInstanceRenderData":true}
{"class":"TSStatic","persistentId":"d83b64e0-9a10-4f5a-9855-2bfb9d3ca4a2","__parent":"tss9","position":[120.96946,850.468811,9.06400013],"isRenderEnabled":false,"locked":true,"playAmbient":false,"rotationMatrix":[-3.57627869e-07,-0.999999881,9.54366755e-08,0.999999881,-3.57627869e-07,-2.30404567e-07,2.30404609e-07,9.5436576e-08,1],"scale":[1,0.899999976,1],"shapeName":"/levels/motorsports_playground/art/shapes/containers/containers_40_beamng.dae","useInstanceRenderData":true}
{"class":"TSStatic","persistentId":"a4e0231f-1e1e-4bcc-9833-7e02d257bb7d","__parent":"tss9","position":[-25.287159,850.468811,9.06400013],"isRenderEnabled":false,"locked":true,"playAmbient":false,"rotationMatrix":[-3.57627869e-07,-0.999999881,9.54366755e-08,0.999999881,-3.57627869e-07,-2.30404567e-07,2.30404609e-07,9.5436576e-08,1],"scale":[1,0.899999976,1],"shapeName":"/levels/motorsports_playground/art/shapes/containers/containers_40_beamng.dae","useInstanceRenderData":true}
{"class":"TSStatic","persistentId":"187b903a-c3ab-4e51-8a67-25ef5e51ba0d","__parent":"tss9","position":[-920.833374,-839.931274,13.722084],"collisionType":"None","decalType":"None","isRenderEnabled":false,"playAmbient":false,"prebuildCollisionData":true,"renderNormals":1.49011612e-08,"rotationMatrix":[-0.877150774,0.0118852025,0.480067968,-0.0104258517,-0.999929428,0.00570610818,0.480101883,-2.32830644e-10,0.877212763],"scale":[0.100000001,0.100000001,0.100000001],"shapeName":"/levels/motorsports_playground/art/shapes/race/gerryfrod.dae","useInstanceRenderData":true}
