{"name":"Level_Tunnel_Closed_01","class":"SFXSpace","persistentId":"bc91362b-78ec-42b3-990f-5682bde527b7","__parent":"tunnel","position":[-1003.99805,-961.98761,156.626938],"locked":true,"rotationMatrix":[0.897982478,0.440030456,0,-0.440030456,0.897982478,0,0,0,1],"scale":[71.7164688,65.4091568,36.4038124]}
{"name":"Level_Tunnel_Closed_02","class":"SFXSpace","persistentId":"bd764418-abe7-4e94-ad5f-078da8db29fe","__parent":"tunnel","position":[-1081.24707,-981.820679,122.383392],"locked":true,"rotationMatrix":[0.845859051,0.533406079,0,-0.533406079,0.845859051,0,0,0,1],"scale":[83.472847,127.54113,47.1037064],"soundAmbience":"Level_Tunnel_Closed_Dynamic"}
{"name":"Level_Tunnel_Closed_03","class":"SFXSpace","persistentId":"5f78415f-252e-449e-af9c-fde31f307a2f","__parent":"tunnel","position":[-1088.43921,-1096.82068,127.985565],"locked":true,"rotationMatrix":[0.998837531,0.0481939763,0,-0.0481939763,0.998837531,0,0,0,1],"scale":[83.472847,127.54113,47.1037064],"soundAmbience":"Level_Tunnel_Closed_Dynamic"}
{"name":"Level_Tunnel_Closed_04","class":"SFXSpace","persistentId":"1b8fc068-b214-477d-9d73-2846c0556023","__parent":"tunnel","position":[-1023.55005,-1154.38574,150.791534],"locked":true,"rotationMatrix":[0.807954133,0.589244723,0,-0.589244723,0.807954133,0,0,0,1],"scale":[83.472847,127.54113,47.1037064],"soundAmbience":"Level_Tunnel_Closed_Dynamic"}
{"name":"Level_Tunnel_Closed_05","class":"SFXSpace","persistentId":"308b4894-8f76-408b-beb8-7154cce459a6","__parent":"tunnel","position":[-934.720764,-1166.53271,142.795593],"locked":true,"rotationMatrix":[-0.00756432302,0.999971628,0,-0.999971628,-0.00756432302,0,0,0,1],"scale":[83.472847,127.54113,47.1037064],"soundAmbience":"Level_Tunnel_Closed_Dynamic"}
{"name":"Level_Tunnel_Closed_06","class":"SFXSpace","persistentId":"a052b55a-1131-4a29-bdd7-e86cafdbe5a2","__parent":"tunnel","position":[-473.92157,-1157.12488,130.087097],"locked":true,"rotationMatrix":[-0.00756432302,0.999971628,0,-0.999971628,-0.00756432302,0,0,0,1],"scale":[83.472847,825.566589,47.1037064],"soundAmbience":"Level_Tunnel_Closed_Dynamic"}
{"name":"Level_Tunnel_Closed_07","class":"SFXSpace","persistentId":"c260e80f-601a-411b-a731-c8ae1b7486cd","__parent":"tunnel","position":[345.710632,-1140.61743,128.874237],"locked":true,"rotationMatrix":[-0.00756432302,0.999971628,0,-0.999971628,-0.00756432302,0,0,0,1],"scale":[83.472847,825.566589,53.801033],"soundAmbience":"Level_Tunnel_Closed_Dynamic"}
{"name":"Level_Tunnel_Closed_08","class":"SFXSpace","persistentId":"a7732297-cd15-483d-b8e3-b864c806777e","__parent":"tunnel","position":[1122.03687,-1167.52319,127.99498],"locked":true,"rotationMatrix":[-0.00756432302,0.999971628,0,-0.999971628,-0.00756432302,0,0,0,1],"scale":[83.472847,825.566589,53.801033],"soundAmbience":"Level_Tunnel_Closed_Dynamic"}
{"name":"Level_Tunnel_Closed_09","class":"SFXSpace","persistentId":"311ab746-8833-49d5-b2bd-fdd617293735","__parent":"tunnel","position":[1200.56018,-1113.56067,124.626556],"locked":true,"rotationMatrix":[-0.442461848,0.896788001,0,-0.896788001,-0.442461848,0,0,0,1],"scale":[83.472847,279.960754,53.801033],"soundAmbience":"Level_Tunnel_Closed_Dynamic"}
{"name":"Level_Tunnel_Closed_10","class":"SFXSpace","persistentId":"c4e975c9-27bf-4de4-b4c0-b877ec5439cd","__parent":"tunnel","position":[1246.89172,-921.018188,126.086227],"locked":true,"rotationMatrix":[-0.939567864,0.342365921,0,-0.342365921,-0.939567864,0,0,0,1],"scale":[83.472847,592.870239,53.801033],"soundAmbience":"Level_Tunnel_Closed_Dynamic"}
{"name":"Level_Tunnel_Closed_11","class":"SFXSpace","persistentId":"33d75d9a-bfbf-4a50-844b-82d6bfac1763","__parent":"tunnel","position":[1241.83826,-472.152435,124.170227],"locked":true,"rotationMatrix":[-0.998237371,0.0593678728,0,-0.0593678728,-0.998237371,0,0,0,1],"scale":[83.472847,1000,53.801033],"soundAmbience":"Level_Tunnel_Closed_Dynamic"}
{"name":"Level_Tunnel_Closed_12","class":"SFXSpace","persistentId":"daf9fc52-b155-4e18-8eeb-f4b5893afffe","__parent":"tunnel","position":[1127.52551,-571.940857,141.907944],"locked":true,"rotationMatrix":[-0.632742643,-0.774363399,0,0.774363399,-0.632742643,0,0,0,1],"scale":[83.472847,196.844299,53.801033],"soundAmbience":"Level_Tunnel_Closed_Dynamic"}
{"name":"Level_Tunnel_Closed_13","class":"SFXSpace","persistentId":"ff2c97ff-13eb-421b-a1c2-61317ce50d7d","__parent":"tunnel","position":[1038.62366,-548.525208,140.156372],"locked":true,"rotationMatrix":[0.503296077,-0.864115477,0,0.864115477,0.503296077,0,0,0,1],"scale":[83.472847,196.844299,53.801033],"soundAmbience":"Level_Tunnel_Closed_Dynamic"}
{"name":"Level_Tunnel_Position_In","class":"SFXEmitter","persistentId":"c9830cea-f612-4966-b77b-5e59db2bc132","__parent":"tunnel","position":[-1032.02136,-971.938843,137.8479],"fadeInTime":0,"fadeOutTime":0,"isLooping":false,"locked":true,"maxDistance":70,"scale":[70,70,70],"track":"event:>Snapshot Events>Snapshot_UT_Tunnel_A_Position","useTrackDescriptionOnly":true}
{"name":"Level_Tunnel_Position_Out","class":"SFXEmitter","persistentId":"b4d4c094-d0ee-40f7-a5f5-f8ee64244bab","__parent":"tunnel","position":[942.469421,-579.216125,151.598999],"cloneOrigin":"Level_Tunnel_Position_In","fadeInTime":0,"fadeOutTime":0,"isLooping":false,"locked":true,"maxDistance":70,"scale":[70,70,70],"track":"event:>Snapshot Events>Snapshot_UT_Tunnel_A_Position","useTrackDescriptionOnly":true}
