{"name":"water","class":"SimGroup","persistentId":"4c72b967-44ad-4483-9469-57dc14a2eef2","__parent":"Level_objects"}
{"name":"Sky","class":"SimGroup","persistentId":"581b7316-558b-41cd-ad3a-cc173228b1a6","__parent":"Level_objects"}
{"name":"level_info","class":"SimGroup","persistentId":"66cdb547-39fd-43bf-80d0-3d776afec464","__parent":"Level_objects"}
{"name":"time","class":"SimGroup","persistentId":"8561f7bc-b9dc-407d-ad36-d3bf8d722086","__parent":"Level_objects"}
{"name":"cloud","class":"SimGroup","persistentId":"be8c123d-49c2-40f6-868a-0adb2bba6abe","__parent":"Level_objects"}
{"name":"vegetation","class":"SimGroup","persistentId":"c0043f74-a8dd-45d2-8328-c0e8bcd4a5bf","__parent":"Level_objects"}
{"name":"terrain","class":"SimGroup","persistentId":"d040bde2-fa94-4d8b-be1f-38b589e3100d","__parent":"Level_objects"}
{"class":"River","persistentId":"2c7369f1-8c22-46aa-93d3-18505d529707","__parent":"Level_objects","position":[204.036743,917.923767,240.508286],"Foam":[{},{}],"Ripples (texture animation)":[{"rippleDir":[0,1],"rippleMagnitude":null,"rippleSpeed":0.119999997,"rippleTexScale":[6,6]},{"rippleDir":[0.100000001,1],"rippleMagnitude":null,"rippleSpeed":0.5,"rippleTexScale":[2,2]},{"rippleDir":[-0.100000001,1],"rippleMagnitude":1,"rippleSpeed":0.0399999991,"rippleTexScale":[10,10]}],"Waves (vertex undulation)":[{"waveDir":[0,1],"waveMagnitude":0.200000003,"waveSpeed":1},{"waveDir":[0.707000017,0.707000017],"waveMagnitude":0.200000003,"waveSpeed":1},{"waveDir":[0.5,0.860000014],"waveMagnitude":0.200000003,"waveSpeed":1}],"baseColor":[45,108,171,255],"cubemap":"BlackSkyCubemap","depthGradientMax":5,"depthGradientTex":"core/art/water/depthcolor_ramp.png","distortStartDist":0.0199999996,"foamAmbientLerp":1,"foamMaxDepth":0.5,"foamRippleInfluence":0.5,"foamTex":"core/art/water/foam.dds","fullReflect":false,"nodes":[],"overallRippleMagnitude":0.5,"overallWaveMagnitude":0.200000003,"reflectivity":0.800000012,"rippleTex":"core/art/water/ripple.dds","waterFogDensity":0.5,"wetDarkening":0.300000012,"wetDepth":0.300000012}
