{"class":"TSStatic","persistentId":"2f426360-2907-4e2a-ad11-15f4f364d95f","__parent":"fence_a","position":[-113.400002,-865,9.92645645],"isRenderEnabled":false,"rotationMatrix":[0.49999994,-0.866025269,0,0.866025269,0.49999994,0,0,0,1],"shapeName":"/levels/east_coast_usa/art/shapes/buildings/eca_bld_fence_b.DAE"}
{"class":"TSStatic","persistentId":"6efe66f3-90d0-4c4c-aedb-e03ccda57dc3","__parent":"fence_a","position":[-110.653564,-872.389099,9.8280983],"isRenderEnabled":false,"rotationMatrix":[0.186900511,-0.982378483,0,0.982378483,0.186900511,0,0,0,1],"shapeName":"/levels/east_coast_usa/art/shapes/buildings/eca_bld_fence_b.DAE"}
{"class":"TSStatic","persistentId":"7d4e1976-ce98-482d-b066-9d5a2b42dce4","__parent":"fence_a","position":[-109.157837,-880.250916,9.8280983],"isRenderEnabled":false,"rotationMatrix":[0.944214761,-0.329328537,0,0.329328537,0.944214761,0,0,0,1],"shapeName":"/levels/east_coast_usa/art/shapes/buildings/eca_bld_fence_b.DAE"}
{"class":"TSStatic","persistentId":"a301848f-9aab-4cca-bd3e-25bdc822acd8","__parent":"fence_a","position":[-111.400002,-868.451477,9.92113972],"isRenderEnabled":false,"rotationMatrix":[0.186900511,-0.982378483,0,0.982378483,0.186900511,0,0,0,1],"shapeName":"/levels/east_coast_usa/art/shapes/buildings/eca_bld_fence_b.DAE"}
{"class":"TSStatic","persistentId":"a71804d4-0ecf-43f3-8955-f0368ca62d6c","__parent":"fence_a","position":[-109.907272,-876.311768,9.8280983],"isRenderEnabled":false,"rotationMatrix":[0.186900511,-0.982378483,0,0.982378483,0.186900511,0,0,0,1],"shapeName":"/levels/east_coast_usa/art/shapes/buildings/eca_bld_fence_b.DAE"}
{"class":"TSStatic","persistentId":"aa2734b2-5f40-4d75-9a5d-db5d53ab0c56","__parent":"fence_a","position":[-105.370171,-881.572021,9.8280983],"isRenderEnabled":false,"rotationMatrix":[-0.0737261921,-0.997277856,0,0.997277856,-0.0737261921,0,0,0,1],"shapeName":"/levels/east_coast_usa/art/shapes/buildings/eca_bld_fence_b.DAE"}
