{"name":"police_stations","class":"SimGroup","persistentId":"01d82353-e3db-4030-a20a-568da1cc002d","__parent":"MissionGroup"}
{"name":"ai_paths","class":"SimGroup","persistentId":"038dfb91-81f4-4f8d-be1f-2bd505da5825","__parent":"MissionGroup"}
{"name":"radio_mast","class":"SimGroup","persistentId":"1777eb0f-6f9d-4381-aec0-8483ae4889b4","__parent":"MissionGroup"}
{"name":"static_stuff","class":"SimGroup","persistentId":"2d24dfb2-84c1-4340-a106-8ac36ee1c4eb","__parent":"MissionGroup"}
{"name":"powerlines_mountain_village","class":"SimGroup","persistentId":"66b08799-e226-4896-b417-9b7784daa012","__parent":"MissionGroup"}
{"name":"petrol_station","class":"SimGroup","persistentId":"6a252da0-0780-4b27-8f78-4ada83041220","__parent":"MissionGroup"}
{"name":"spawnpoints","class":"SimGroup","persistentId":"7c4e63a5-1a4a-4af5-9fd6-1e7026ca0074","__parent":"MissionGroup"}
{"name":"busstops","class":"SimGroup","persistentId":"a3675e2d-2daa-4631-89b9-ca5bbae0f8e3","__parent":"MissionGroup"}
{"name":"roads","class":"SimGroup","persistentId":"aa3826bf-e9f8-11e6-96ae-bcd60d6fa220","__parent":"MissionGroup"}
{"name":"CameraBookmarks","class":"SimGroup","persistentId":"aa3826c2-e9f8-11e6-96ae-bcd60d6fa220","__parent":"MissionGroup"}
{"name":"Level_objects","class":"SimGroup","persistentId":"aa3826c3-e9f8-11e6-96ae-bcd60d6fa220","__parent":"MissionGroup"}
{"name":"powerlines_city_main","class":"SimGroup","persistentId":"c3eefe7c-27c5-4ef4-92c6-d541c401bfc8","__parent":"MissionGroup"}
{"name":"mountain_village","class":"SimGroup","persistentId":"d2d561fb-497b-47a6-9938-147ce1fd8565","__parent":"MissionGroup"}
{"name":"particles","class":"SimGroup","persistentId":"df814e1d-a0f6-42ee-8608-e30f52820671","__parent":"MissionGroup"}
{"name":"port","class":"SimGroup","persistentId":"e6bca7e1-9b68-43ea-af6e-f29b989ff505","__parent":"MissionGroup"}
{"name":"Audio","class":"SimGroup","persistentId":"ed008a4d-22ce-4dca-8e96-e9ca405895d8","__parent":"MissionGroup","locked":true}
{"name":"SimGroup_n","class":"SimGroup","persistentId":"ef9c131e-9b95-4192-81ac-8ab37c145d1e","__parent":"MissionGroup"}
{"name":"wp_port_6","class":"BeamNGWaypoint","persistentId":"64b85765-92b9-4d70-91e3-8334fee65d62","__parent":"MissionGroup","position":[459.204712,1653.89441,139.031616],"rotationMatrix":[1,0,0,0,0.999999762,-0.000690533896,0,0.000690533896,0.999999762],"scale":[2.91472912,2.91472912,2.91472912]}
{"name":"wp_port_2","class":"BeamNGWaypoint","persistentId":"74097db6-5c12-4475-9ab9-5ef7f8df9f57","__parent":"MissionGroup","position":[460.3591,1584.42468,139.031616],"rotationMatrix":[1,0,0,0,0.999999762,-0.000690533896,0,0.000690533896,0.999999762],"scale":[3.13009095,3.13009095,3.13009095]}
{"name":"wp_port_4","class":"BeamNGWaypoint","persistentId":"847934fe-646a-40ab-b8f9-5992bb68678a","__parent":"MissionGroup","position":[468.33844,1621.12878,139.031616],"rotationMatrix":[1,0,0,0,0.999999762,-0.000690533896,0,0.000690533896,0.999999762],"scale":[3.13009095,3.13009095,3.13009095]}
{"name":"wp_port_7","class":"BeamNGWaypoint","persistentId":"97e78adb-240b-40d8-97d5-5648d0b0d5dd","__parent":"MissionGroup","position":[454.761566,1662.74585,139.031616],"rotationMatrix":[1,0,0,0,0.999999762,-0.000690533896,0,0.000690533896,0.999999762],"scale":[2.91472912,2.91472912,2.91472912]}
{"name":"wp_port_8","class":"BeamNGWaypoint","persistentId":"a675c8e0-9ad3-4338-b594-845a12286eec","__parent":"MissionGroup","position":[447.870941,1668.58765,139.031616],"rotationMatrix":[1,0,0,0,0.999999762,-0.000690533896,0,0.000690533896,0.999999762],"scale":[2.91472912,2.91472912,2.91472912]}
{"name":"wp_port_1","class":"BeamNGWaypoint","persistentId":"b19bfc28-b282-4fe3-bd9d-70903547702b","__parent":"MissionGroup","position":[461.74231,1576.73926,139.031616],"rotationMatrix":[1,0,0,0,0.999999762,-0.000690533896,0,0.000690533896,0.999999762],"scale":[3.13009095,3.13009095,3.13009095]}
{"name":"wp_port_9","class":"BeamNGWaypoint","persistentId":"b64d05e6-06cd-4772-b951-c9cbfb1d9ba2","__parent":"MissionGroup","position":[440.047028,1675.64392,139.031616],"rotationMatrix":[1,0,0,0,0.999999762,-0.000690533896,0,0.000690533896,0.999999762],"scale":[3.3663938,3.3663938,3.3663938]}
{"name":"wp_port_5","class":"BeamNGWaypoint","persistentId":"ce091447-4bec-402a-90ee-c0ac0bd06e81","__parent":"MissionGroup","position":[467.350739,1630.53296,139.031616],"rotationMatrix":[1,0,0,0,0.999999762,-0.000690533896,0,0.000690533896,0.999999762],"scale":[3.13009095,3.13009095,3.13009095]}
{"name":"wp_port_0","class":"BeamNGWaypoint","persistentId":"f948bab5-04bc-4ee8-af08-5e2840de3126","__parent":"MissionGroup","position":[461.995056,1538.05798,139.031616],"rotationMatrix":[1,0,0,0,0.999999762,-0.000690533896,0,0.000690533896,0.999999762],"scale":[3.28285217,3.28285217,3.28285217]}
{"name":"wp_port_3","class":"BeamNGWaypoint","persistentId":"ff7f46f3-e723-4f9b-a4cb-0565774b54d3","__parent":"MissionGroup","position":[464.548248,1605.5531,139.031616],"rotationMatrix":[1,0,0,0,0.999999762,-0.000690533896,0,0.000690533896,0.999999762],"scale":[3.13009095,3.13009095,3.13009095]}
{"class":"TSStatic","persistentId":"02523455-2710-4815-a4f5-1ff938d5c733","__parent":"MissionGroup","position":[619,1462,139],"annotation":"OBSTACLES","isRenderEnabled":false,"rotationMatrix":[-0.999999642,-1.63912773e-07,0,1.63912773e-07,-0.999999642,0,0,0,1],"shapeName":"/levels/italy/art/shapes/buildings/italy_curb_3m.dae"}
{"class":"TSStatic","persistentId":"1f53c5f2-5104-4709-9216-afdeef29c847","__parent":"MissionGroup","position":[612.293274,1455.29944,139.021133],"annotation":"OBSTACLES","isRenderEnabled":false,"shapeName":"/levels/italy/art/shapes/buildings/italy_clutter_CBB_c.DAE"}
{"class":"TSStatic","persistentId":"26fc2470-d828-4504-8cc1-2b472f368394","__parent":"MissionGroup","position":[613.103821,1465.85706,139.120514],"annotation":"POLE","isRenderEnabled":false,"rotationMatrix":[-0.999902964,0.0140046272,0,-0.0140046272,-0.999902964,0,0,0,1],"shapeName":"/levels/italy/art/shapes/buildings/italy_light_single.dae"}
{"class":"TSStatic","persistentId":"2ace5870-d58e-4ae8-8654-96c4abf9191a","__parent":"MissionGroup","position":[610,1462,139],"annotation":"OBSTACLES","isRenderEnabled":false,"shapeName":"/levels/italy/art/shapes/buildings/italy_curb_3m.dae"}
{"class":"TSStatic","persistentId":"3a274cc6-7edd-40ce-8dbd-8baae7149ae0","__parent":"MissionGroup","position":[592,1462,139],"annotation":"OBSTACLES","isRenderEnabled":false,"shapeName":"/levels/italy/art/shapes/buildings/italy_curb_3m.dae"}
{"class":"TSStatic","persistentId":"46d054bb-fd73-4b4c-8b2b-b8ac8a2dc7d9","__parent":"MissionGroup","position":[612.236328,1454.90076,139.021729],"annotation":"OBSTACLES","isRenderEnabled":false,"shapeName":"/levels/italy/art/shapes/buildings/italy_clutter_CBB_a.DAE"}
{"class":"TSStatic","persistentId":"586ca62d-24ca-45e4-ac1d-679f362839fc","__parent":"MissionGroup","position":[625,1462,139],"annotation":"OBSTACLES","isRenderEnabled":false,"rotationMatrix":[-0.999999642,-1.63912773e-07,0,1.63912773e-07,-0.999999642,0,0,0,1],"shapeName":"/levels/italy/art/shapes/buildings/italy_curb_3m.dae"}
{"class":"TSStatic","persistentId":"5bd0fa20-ead2-48ab-a2c5-63dabc85a9b6","__parent":"MissionGroup","position":[598,1462,139],"annotation":"OBSTACLES","isRenderEnabled":false,"shapeName":"/levels/italy/art/shapes/buildings/italy_curb_3m.dae"}
{"class":"TSStatic","persistentId":"5ce1f8b0-e9db-4ed9-9f93-e17be8c54cbf","__parent":"MissionGroup","position":[631,1462,139],"annotation":"OBSTACLES","isRenderEnabled":false,"rotationMatrix":[-0.999999642,-1.63912773e-07,0,1.63912773e-07,-0.999999642,0,0,0,1],"shapeName":"/levels/italy/art/shapes/buildings/italy_curb_3m.dae"}
{"class":"TSStatic","persistentId":"5da1368a-6373-4455-bb8a-450ae25938d1","__parent":"MissionGroup","position":[631.888428,1486.41199,139.237442],"annotation":"POLE","isRenderEnabled":false,"rotationMatrix":[1,0,0,0,0.999999762,-0.000690534245,0,0.000690534245,0.999999762],"shapeName":"/levels/italy/art/shapes/buildings/italy_light_single.dae"}
{"class":"TSStatic","persistentId":"630ffe19-9408-4ff2-9c1d-2267000ec11e","__parent":"MissionGroup","position":[652.776733,1452.31128,139.195984],"annotation":"OBSTACLES","isRenderEnabled":false,"shapeName":"/levels/italy/art/shapes/buildings/italy_clutter_CBB_a.DAE"}
{"class":"TSStatic","persistentId":"6694f0ab-25b1-497e-bda5-9a9405bc911a","__parent":"MissionGroup","position":[622,1462,139],"annotation":"OBSTACLES","isRenderEnabled":false,"shapeName":"/levels/italy/art/shapes/buildings/italy_curb_3m.dae"}
{"class":"TSStatic","persistentId":"76d96647-9fbc-460b-bc67-e53ec97b3a54","__parent":"MissionGroup","position":[628,1462,139],"annotation":"OBSTACLES","isRenderEnabled":false,"shapeName":"/levels/italy/art/shapes/buildings/italy_curb_3m.dae"}
{"class":"TSStatic","persistentId":"8849497c-a057-4099-a452-82062adb6a95","__parent":"MissionGroup","position":[612.149475,1459.35046,139.222107],"annotation":"OBSTACLES","isRenderEnabled":false,"rotationMatrix":[-0.985737503,0.168290168,0,-0.168290168,-0.985737503,0,0,0,1],"shapeName":"/levels/italy/art/shapes/buildings/italy_clutter_pallet.DAE"}
{"class":"TSStatic","persistentId":"8e170ec9-af16-4a5c-9893-7be86a6c3ff6","__parent":"MissionGroup","position":[601,1462,139],"annotation":"OBSTACLES","isRenderEnabled":false,"rotationMatrix":[-0.999999642,-1.63912773e-07,0,1.63912773e-07,-0.999999642,0,0,0,1],"shapeName":"/levels/italy/art/shapes/buildings/italy_curb_3m.dae"}
{"class":"TSStatic","persistentId":"929939ab-9eed-4832-b0e0-8e0af41c8051","__parent":"MissionGroup","position":[1150.57336,-667.521423,142.102402],"annotation":"BUILDINGS","isRenderEnabled":false,"rotationMatrix":[-0.999999464,-1.82539225e-07,0,1.82539225e-07,-0.999999464,0,0,0,1],"shapeName":"/levels/italy/art/shapes/buildings/town_bld_Com_Corner_12x12x9_OldBricks_a.DAE"}
{"class":"TSStatic","persistentId":"97f8c912-4ce2-4668-8be2-4301de7d52d5","__parent":"MissionGroup","position":[651.981873,1453.25671,139.195175],"annotation":"OBSTACLES","isRenderEnabled":false,"rotationMatrix":[-0.974413991,0.224760771,0,-0.224760771,-0.974413991,0,0,0,1],"shapeName":"/levels/italy/art/shapes/buildings/italy_clutter_CBB_b.DAE"}
{"class":"TSStatic","persistentId":"a2f65ec5-a29a-4613-aacc-5353df4afd4e","__parent":"MissionGroup","position":[612.122986,1459.28711,139.022034],"annotation":"OBSTACLES","isRenderEnabled":false,"rotationMatrix":[-0.972958863,0.230978861,0,-0.230978847,-0.972958803,0,0,0,1],"shapeName":"/levels/italy/art/shapes/buildings/italy_clutter_pallet.DAE"}
{"class":"TSStatic","persistentId":"af2fe7a0-2015-4fbb-8d9c-05ee42e99917","__parent":"MissionGroup","position":[595,1462,139],"annotation":"OBSTACLES","isRenderEnabled":false,"rotationMatrix":[-0.999999642,-1.63912773e-07,0,1.63912773e-07,-0.999999642,0,0,0,1],"shapeName":"/levels/italy/art/shapes/buildings/italy_curb_3m.dae"}
{"class":"TSStatic","persistentId":"b26ca387-59fd-47e3-9c60-b383d5f2de47","__parent":"MissionGroup","position":[458.379364,1511.90515,139.180298],"annotation":"POLE","isRenderEnabled":false,"rotationMatrix":[-0.0740929171,0.997252405,0,-0.997252405,-0.0740929171,0,0,0,1],"shapeName":"/levels/italy/art/shapes/buildings/italy_light_single.dae"}
{"class":"TSStatic","persistentId":"b2a3a357-21fc-4070-a7fa-efb396f8e1b8","__parent":"MissionGroup","position":[651.730225,1452.78479,139.197754],"annotation":"OBSTACLES","isRenderEnabled":false,"rotationMatrix":[0.957512021,-0.288392901,0,0.288392901,0.957512021,0,0,0,1],"shapeName":"/levels/italy/art/shapes/buildings/italy_clutter_dumpster.DAE"}
{"class":"TSStatic","persistentId":"b6970982-bbed-41b2-ae93-9ba4a1d66b37","__parent":"MissionGroup","position":[612.425293,1455.81458,139.02092],"annotation":"OBSTACLES","isRenderEnabled":false,"rotationMatrix":[-0.974413991,0.224760771,0,-0.224760771,-0.974413991,0,0,0,1],"shapeName":"/levels/italy/art/shapes/buildings/italy_clutter_CBB_b.DAE"}
{"class":"TSStatic","persistentId":"bc55eccd-2e81-4b29-82f9-7618c4578b7e","__parent":"MissionGroup","position":[655.374451,1454.37073,139.180298],"annotation":"POLE","isRenderEnabled":false,"rotationMatrix":[-0.0427260846,0.999087691,0,-0.999087691,-0.0427260846,0,0,0,1],"shapeName":"/levels/italy/art/shapes/buildings/italy_light_single.dae"}
{"class":"TSStatic","persistentId":"c0eece17-45e5-43ae-96cd-00ca6ae7907f","__parent":"MissionGroup","position":[636.516602,1463.21948,139.195389],"annotation":"OBSTACLES","isRenderEnabled":false,"shapeName":"/levels/italy/art/shapes/buildings/italy_clutter_CBB_c.DAE"}
{"class":"TSStatic","persistentId":"c3696954-915e-41e1-9022-9633e7e2c98d","__parent":"MissionGroup","position":[607,1462,139],"annotation":"OBSTACLES","isRenderEnabled":false,"rotationMatrix":[-0.999999642,-1.63912773e-07,0,1.63912773e-07,-0.999999642,0,0,0,1],"shapeName":"/levels/italy/art/shapes/buildings/italy_curb_3m.dae"}
{"class":"TSStatic","persistentId":"c3c1f411-ea6f-44d2-8c9d-eab221c8acd4","__parent":"MissionGroup","position":[613,1462,139],"annotation":"OBSTACLES","isRenderEnabled":false,"rotationMatrix":[-0.999999642,-1.63912773e-07,0,1.63912773e-07,-0.999999642,0,0,0,1],"shapeName":"/levels/italy/art/shapes/buildings/italy_curb_3m.dae"}
{"class":"TSStatic","persistentId":"c66a9450-9853-4642-9469-545558980245","__parent":"MissionGroup","position":[616,1462,139],"annotation":"OBSTACLES","isRenderEnabled":false,"shapeName":"/levels/italy/art/shapes/buildings/italy_curb_3m.dae"}
{"class":"TSStatic","persistentId":"c72b41ef-d986-4fb5-bfdd-a65da085438d","__parent":"MissionGroup","position":[637.484558,1463.29529,139.195984],"annotation":"OBSTACLES","isRenderEnabled":false,"shapeName":"/levels/italy/art/shapes/buildings/italy_clutter_CBB_a.DAE"}
{"class":"TSStatic","persistentId":"d8cf3e77-2603-4623-979a-3e73267e57f3","__parent":"MissionGroup","position":[650.043884,1452.82922,139.197754],"annotation":"OBSTACLES","isRenderEnabled":false,"rotationMatrix":[0.991684735,0.128690988,0,-0.128690988,0.991684735,0,0,0,1],"shapeName":"/levels/italy/art/shapes/buildings/italy_clutter_dumpster.DAE"}
{"class":"TSStatic","persistentId":"de2036ae-377f-4449-84ae-bd641b06cf2c","__parent":"MissionGroup","position":[604,1462,139],"annotation":"OBSTACLES","isRenderEnabled":false,"shapeName":"/levels/italy/art/shapes/buildings/italy_curb_3m.dae"}
{"class":"TSStatic","persistentId":"e677d83e-0cf6-48cd-aae5-76dcfa91659a","__parent":"MissionGroup","position":[644.001648,1465.69299,139.180298],"annotation":"POLE","isRenderEnabled":false,"rotationMatrix":[-0.927279472,0.374372572,0,-0.374372572,-0.927279472,0,0,0,1],"shapeName":"/levels/italy/art/shapes/buildings/italy_light_single.dae"}
{"class":"TSStatic","persistentId":"ebca54f1-70a0-49d0-87bd-0e1b901b053f","__parent":"MissionGroup","position":[639.36145,1463.28955,139.195175],"annotation":"OBSTACLES","isRenderEnabled":false,"rotationMatrix":[-0.974413991,0.224760771,0,-0.224760771,-0.974413991,0,0,0,1],"shapeName":"/levels/italy/art/shapes/buildings/italy_clutter_CBB_b.DAE"}
{"class":"TSStatic","persistentId":"ff9ef4b9-59d0-47bd-81a4-26df1fdb9ba6","__parent":"MissionGroup","position":[652.833679,1452.70996,139.195389],"annotation":"OBSTACLES","isRenderEnabled":false,"shapeName":"/levels/italy/art/shapes/buildings/italy_clutter_CBB_c.DAE"}
{"class":"Prefab","persistentId":"5bdf860b-1ca1-44f2-8920-9da831b8e724","__parent":"MissionGroup","annotation":"OBSTACLES","fileName":"levels/italy/art/prefabs/port_cylinder.prefab"}
{"name":"Dealerships","class":"SimGroup","persistentId":"99ba62e3-0a67-4e51-b2f7-cfb038d8efd8","__parent":"MissionGroup"}
{"class":"TSStatic","persistentId":"b0497e7f-5854-4048-ab2b-3e5a11f91212","__parent":"MissionGroup","position":[-696.205627,-1324.30151,140.794449],"annotation":"BUILDINGS","isRenderEnabled":false,"rotationMatrix":[-0.879521608,-0.47585845,0,0.47585845,-0.879521608,0,0,0,1],"shapeName":"/levels/italy/art/shapes/buildings/italy_bld_garage_d.DAE","useInstanceRenderData":true}
{"class":"DecalRoad","persistentId":"8087125e-3b6e-4458-a76c-c750830f46d5","__parent":"MissionGroup","position":[-707.021057,-1333.69202,140.315659],"breakAngle":6,"decalBias":0.00150000001,"distanceFade":[80,40],"improvedSpline":true,"material":"italy_road_edge_concrete","nodes":[[-707.021057,-1333.69202,140.315659,0.499999911],[-693.589172,-1327.23132,140.324188,0.499999911]],"renderPriority":22,"textureLength":4}
{"class":"TSStatic","persistentId":"e7f697ba-1110-4123-8be0-b6c6889c9869","__parent":"MissionGroup","position":[-693.924377,-1327.36035,140.225708],"annotation":"ROCK","isRenderEnabled":false,"shapeName":"/levels/italy/art/shapes/rocks/italy_rockface_small_2.dae","useInstanceRenderData":true}
{"class":"TSStatic","persistentId":"2c59d6ca-ea4d-4fae-a79b-b6d9df11869e","__parent":"MissionGroup","position":[-706.905579,-1333.53833,140.188431],"annotation":"ROCK","isRenderEnabled":false,"shapeName":"/levels/italy/art/shapes/rocks/italy_rockface_small_2.dae","useInstanceRenderData":true}
{"class":"TSStatic","persistentId":"1e595120-c559-4580-919f-4c7f300a840a","__parent":"MissionGroup","position":[-699.384033,-1326.86304,140.587997],"annotation":"OBSTACLES","isRenderEnabled":false,"shapeName":"/levels/italy/art/shapes/buildings/italy_clutter_metal_chair.DAE","useInstanceRenderData":true}
{"class":"TSStatic","persistentId":"01b0925c-cc96-4c4b-8b91-6e2bd71e864e","__parent":"MissionGroup","position":[-697.052795,-1325.22351,140.610138],"annotation":"OBSTACLES","isRenderEnabled":false,"shapeName":"/levels/italy/art/shapes/buildings/italy_clutter_trashbag.DAE","useInstanceRenderData":true}
{"class":"TSStatic","persistentId":"a005457c-9fa4-4448-9d0d-92ac74d0a5dd","__parent":"MissionGroup","position":[-699.957214,-1327.33313,140.565445],"annotation":"OBSTACLES","isRenderEnabled":false,"shapeName":"/levels/italy/art/shapes/buildings/italy_clutter_round_mtable.DAE","useInstanceRenderData":true}
{"class":"TSStatic","persistentId":"3ecfb4a3-0b1a-43de-9a47-9be0a5deef0a","__parent":"MissionGroup","position":[-696.415527,-1325.16064,140.593124],"annotation":"OBSTACLES","isRenderEnabled":false,"shapeName":"/levels/italy/art/shapes/buildings/italy_clutter_sorting_bin.DAE","useInstanceRenderData":true}
{"class":"TSStatic","persistentId":"5bec5b78-a5ee-4262-9a17-483c261c620f","__parent":"MissionGroup","position":[-695.638611,-1324.68225,140.657196],"annotation":"OBSTACLES","isRenderEnabled":false,"rotationMatrix":[0.481391877,-0.876505375,0,0.876505375,0.481391877,0,0,0,1],"shapeName":"/levels/italy/art/shapes/buildings/italy_city_tree_pot_wplant.dae","useInstanceRenderData":true}
{"class":"TSStatic","persistentId":"b7a73604-540d-4404-90f6-db29438ac06d","__parent":"MissionGroup","position":[-694.746033,-1326.3075,140.394699],"annotation":"OBSTACLES","isRenderEnabled":false,"rotationMatrix":[0.481391877,-0.876505375,0,0.876505375,0.481391877,0,0,0,1],"shapeName":"/levels/italy/art/shapes/buildings/italy_city_tree_pot_wplant.dae","useInstanceRenderData":true}
{"class":"TSStatic","persistentId":"376eabb0-24fa-4369-a3a1-33fc4e824570","__parent":"MissionGroup","position":[-1797.47632,1523.39392,143.068619],"annotation":"BUILDINGS","isRenderEnabled":false,"rotationMatrix":[-0.999987364,0.00501455925,0,-0.00501455925,-0.999987364,0,0,0,1],"shapeName":"/levels/italy/art/shapes/buildings/italy_bld_garage_a.DAE","useInstanceRenderData":true}
{"class":"TSStatic","persistentId":"f624573f-0043-4193-8e12-9d0c73d22cc4","__parent":"MissionGroup","position":[-1807.16199,1523.33826,142.972153],"annotation":"BUILDINGS","isRenderEnabled":false,"shapeName":"/levels/italy/art/shapes/buildings/ind_bld_12x5.dae","useInstanceRenderData":true}
{"class":"TSStatic","persistentId":"20797e86-4840-4633-8a2c-35831b7ca584","__parent":"MissionGroup","position":[-1796.06787,1523.88977,143.628204],"annotation":"OBSTACLES","isRenderEnabled":false,"shapeName":"/levels/italy/art/shapes/buildings/italy_wall_stone.dae","useInstanceRenderData":true}
{"class":"TSStatic","persistentId":"7743235f-9f0b-4e7d-93aa-7e3ee8ba661d","__parent":"MissionGroup","position":[-1813.99536,1524.28674,143.196671],"annotation":"OBSTACLES","isRenderEnabled":false,"scale":[1.21523428,1,1],"shapeName":"/levels/italy/art/shapes/buildings/italy_wall_stone.dae","useInstanceRenderData":true}
{"class":"TSStatic","persistentId":"0916ce50-c645-4070-b38f-d47ef1b9e734","__parent":"MissionGroup","position":[-690.640625,-1311.73962,141.672531],"annotation":"TRAFFIC_SIGNS","isRenderEnabled":false,"rotationMatrix":[-0.676867962,0.73610425,0,-0.73610425,-0.676867962,0,0,0,1],"shapeName":"/art/shapes/garage_and_dealership/s_billboard_wood_pole_02.dae","useInstanceRenderData":true}
{"class":"TSStatic","persistentId":"95c382fa-6e9a-42c9-b847-ee79df18b37b","__parent":"MissionGroup","position":[-710.366028,-1323.70459,143.669052],"annotation":"OBSTACLES","isRenderEnabled":false,"rotationMatrix":[0.876454234,0.48148489,0,-0.48148489,0.876454234,0,0,0,1],"shapeName":"/art/shapes/garage_and_dealership/s_billboard_wood_stand_01.dae","useInstanceRenderData":true}
{"class":"TSStatic","persistentId":"33289f30-3505-458e-ab29-e3ff4c77a76a","__parent":"MissionGroup","position":[-700.710083,-1326.74292,142.445282],"annotation":"OBSTACLES","isRenderEnabled":false,"rotationMatrix":[0.886179209,0.463342577,0,-0.463342577,0.886179209,0,0,0,1],"shapeName":"/art/shapes/garage_and_dealership/s_billboard_garage_03.dae","useInstanceRenderData":true}
{"class":"TSStatic","persistentId":"1ce05d22-9512-4b78-aa96-c6885048848e","__parent":"MissionGroup","position":[-699.021484,-1325.84167,143.296494],"annotation":"OBSTACLES","isRenderEnabled":false,"rotationMatrix":[0.878577888,0.477598876,0,-0.477598876,0.878577888,0,0,0,1],"scale":[1.92980778,1.92980778,1.92980778],"shapeName":"/art/shapes/garage_and_dealership/s_billboard_garage_016.dae","useInstanceRenderData":true}
{"class":"TSStatic","persistentId":"ea825638-a0e4-4c5f-b35d-3b83aca80faf","__parent":"MissionGroup","position":[-696.088318,-1325.32007,140.497955],"annotation":"OBSTACLES","isRenderEnabled":false,"shapeName":"/art/shapes/garage_and_dealership/Clutter/plastic_can_small.DAE","useInstanceRenderData":true}
{"class":"TSStatic","persistentId":"66a90951-7bd5-4934-8461-842fca267373","__parent":"MissionGroup","position":[-697.688232,-1325.74048,140.58934],"annotation":"OBSTACLES","isRenderEnabled":false,"shapeName":"/art/shapes/garage_and_dealership/Clutter/clutter_workshop_hand_truck.dae","useInstanceRenderData":true}
{"class":"TSStatic","persistentId":"8f2f4dca-3050-4337-8dda-d6f613d312e6","__parent":"MissionGroup","position":[-695.902283,-1325.22473,140.490341],"annotation":"OBSTACLES","isRenderEnabled":false,"shapeName":"/art/shapes/garage_and_dealership/Clutter/clutter_workshop_white_bottle.dae","useInstanceRenderData":true}
{"class":"TSStatic","persistentId":"3bf9ac7a-e329-4d0d-accb-2cf9220f7413","__parent":"MissionGroup","position":[-695.543945,-1325.92456,140.353271],"annotation":"OBSTACLES","isRenderEnabled":false,"shapeName":"/art/shapes/garage_and_dealership/Clutter/plastic_can_big.DAE","useInstanceRenderData":true}
{"class":"TSStatic","persistentId":"886d1844-c32a-4950-abea-bca48beaef9f","__parent":"MissionGroup","position":[-710.370911,-1323.69922,146.980194],"annotation":"OBSTACLES","isRenderEnabled":false,"rotationMatrix":[-0.881444693,-0.472287297,0,0.472287297,-0.881444693,0,0,0,1],"shapeName":"/levels/italy/art/shapes/buildings/s_garage_billboard_Portino_3m.dae","useInstanceRenderData":true}
{"class":"TSStatic","persistentId":"7f8d4474-0e29-4e20-a326-b0b87307e38b","__parent":"MissionGroup","position":[-698.133667,-1320.72571,145.052292],"annotation":"OBSTACLES","isRenderEnabled":false,"rotationMatrix":[-0.473846138,0.880607605,0,-0.880607605,-0.473846138,0,0,0,1],"shapeName":"/levels/italy/art/shapes/buildings/s_garage_billboard_Portino_1.5m.dae","useInstanceRenderData":true}
{"class":"TSStatic","persistentId":"d590349e-c28f-491a-9004-010aac86a7a9","__parent":"MissionGroup","position":[-699.049438,-1325.85669,144.675934],"annotation":"OBSTACLES","isRenderEnabled":false,"rotationMatrix":[0.883128941,0.469130248,0,-0.469130248,0.883128941,0,0,0,1],"scale":[0.820149779,0.820149779,0.820149779],"shapeName":"/levels/italy/art/shapes/buildings/s_garage_billboard_Portino_3m.dae","useInstanceRenderData":true}
{"class":"TSStatic","persistentId":"f37d6740-9fee-40e8-a2f4-5e85e1f3e6ec","__parent":"MissionGroup","position":[-690.59552,-1311.69666,145.142365],"annotation":"TRAFFIC_SIGNS","isRenderEnabled":false,"rotationMatrix":[-0.677947521,0.735110044,0,-0.735110044,-0.677947521,0,0,0,1],"shapeName":"/levels/italy/art/shapes/buildings/s_garage_billboard_Portino_1.5m.dae","useInstanceRenderData":true}
{"class":"TSStatic","persistentId":"6a383c0a-e458-47fe-8368-1abd57f2ea55","__parent":"MissionGroup","position":[-690.5672,-1311.75354,144.179489],"annotation":"TRAFFIC_SIGNS","isRenderEnabled":false,"rotationMatrix":[-0.529222786,0.848483026,0,-0.848483026,-0.529222786,0,0,0,1],"shapeName":"/levels/italy/art/shapes/buildings/s_garage_billboard_arrow_brown.dae","useInstanceRenderData":true}
{"class":"TSStatic","persistentId":"b2be96fd-b9c3-4059-b88e-67242fd26337","__parent":"MissionGroup","position":[745.126282,407.944733,181.05835],"annotation":"OBSTACLES","isRenderEnabled":false,"rotationMatrix":[0.708938062,-0.705270529,0,0.705270529,0.708938062,0,0,0,1],"scale":[1.38073337,1.38073337,1.38073337],"shapeName":"/levels/italy/art/shapes/buildings/s_garage_billboard_carlino_01.dae","useInstanceRenderData":true}
{"class":"TSStatic","persistentId":"4c824fff-9d69-4c26-a0e8-26a18b80b0f5","__parent":"MissionGroup","position":[747.031067,418.632416,180.21666],"annotation":"TRAFFIC_SIGNS","isRenderEnabled":false,"rotationMatrix":[0.0246812906,0.99969542,0,-0.99969542,0.0246812906,0,0,0,1],"shapeName":"/levels/italy/art/shapes/buildings/s_garage_billboard_carlino_1.5m.dae","useInstanceRenderData":true}
{"class":"TSStatic","persistentId":"d8a00dd5-47ad-4bf2-8dd4-9596a1fdfb47","__parent":"MissionGroup","position":[746.961853,418.624634,176.808105],"annotation":"TRAFFIC_SIGNS","isRenderEnabled":false,"rotationMatrix":[0.0143532604,0.999896944,0,-0.999896944,0.0143532604,0,0,0,1],"shapeName":"/art/shapes/garage_and_dealership/s_billboard_wood_pole_02.dae","useInstanceRenderData":true}
{"class":"TSStatic","persistentId":"fcc62b6f-9977-4865-9e65-669a535d96db","__parent":"MissionGroup","position":[794.856384,390.998016,181.294296],"annotation":"TRAFFIC_SIGNS","isRenderEnabled":false,"rotationMatrix":[0.0246812906,0.99969542,0,-0.99969542,0.0246812906,0,0,0,1],"shapeName":"/levels/italy/art/shapes/buildings/s_garage_billboard_carlino_1.5m.dae","useInstanceRenderData":true}
{"class":"TSStatic","persistentId":"41fb3534-ea04-4fce-90ba-abdaa4f693e9","__parent":"MissionGroup","position":[794.78717,390.990234,177.885742],"annotation":"TRAFFIC_SIGNS","isRenderEnabled":false,"rotationMatrix":[0.0143532604,0.999896944,0,-0.999896944,0.0143532604,0,0,0,1],"shapeName":"/art/shapes/garage_and_dealership/s_billboard_wood_pole_02.dae","useInstanceRenderData":true}
{"class":"TSStatic","persistentId":"5aa4521a-1fc6-42d8-b1c8-aa7a8ff74e28","__parent":"MissionGroup","position":[794.831726,390.963501,180.216171],"annotation":"TRAFFIC_SIGNS","isRenderEnabled":false,"rotationMatrix":[0.761351883,0.648338795,0,-0.648338795,0.761351883,0,0,0,1],"scale":[0.860376775,1,1],"shapeName":"/levels/italy/art/shapes/buildings/s_garage_billboard_arrow.dae","useInstanceRenderData":true}
{"class":"TSStatic","persistentId":"d7496a57-85a4-4ab1-a33f-fb1cfa6b56ec","__parent":"MissionGroup","position":[755.045288,405.906525,178.071243],"annotation":"OBSTACLES","isRenderEnabled":false,"shapeName":"/art/shapes/garage_and_dealership/Clutter/cbbox_large_dirt.DAE","useInstanceRenderData":true}
{"class":"TSStatic","persistentId":"50118ed4-c4f7-441d-bd2c-7c59f8f88ef0","__parent":"MissionGroup","position":[755.408875,405.328735,178.069305],"annotation":"OBSTACLES","isRenderEnabled":false,"rotationMatrix":[0.348647475,-0.937253952,0,0.937253952,0.348647475,0,0,0,1],"shapeName":"/art/shapes/garage_and_dealership/Clutter/cbbox_medium_dirt.DAE","useInstanceRenderData":true}
{"class":"TSStatic","persistentId":"0ed5ecf5-cf0a-4fb2-acb5-d90a0b4f0f7d","__parent":"MissionGroup","position":[756.457153,404.694794,178.197372],"annotation":"OBSTACLES","isRenderEnabled":false,"shapeName":"/art/shapes/garage_and_dealership/Clutter/clutter_workshop_white_bottle.dae","useInstanceRenderData":true}
{"class":"TSStatic","persistentId":"cb019dd2-9e64-4f90-8166-97c60a87936c","__parent":"MissionGroup","position":[756.19043,404.895691,178.19957],"annotation":"OBSTACLES","isRenderEnabled":false,"shapeName":"/art/shapes/garage_and_dealership/Clutter/clutter_workshop_short_bottle.dae","useInstanceRenderData":true}
{"class":"TSStatic","persistentId":"5ca49582-c69a-486b-bef5-fc19bf8cf3e5","__parent":"MissionGroup","position":[743.215576,415.107239,178.063965],"annotation":"OBSTACLES","isRenderEnabled":false,"rotationMatrix":[0.128606677,0.991695642,0,-0.991695642,0.128606677,0,0,0,1],"shapeName":"/art/shapes/garage_and_dealership/Clutter/clutter_workshop_hand_dolly.dae","useInstanceRenderData":true}
{"class":"TSStatic","persistentId":"f0b6bf19-3f24-48d1-8129-1988a1537681","__parent":"MissionGroup","position":[742.196533,414.120361,178.062195],"annotation":"OBSTACLES","isRenderEnabled":false,"shapeName":"/art/shapes/garage_and_dealership/Clutter/metal_drum_a.DAE","useInstanceRenderData":true}
{"class":"TSStatic","persistentId":"550c3775-e9f9-4b6c-90df-2b7b36752d0b","__parent":"MissionGroup","position":[740.871338,408.485199,178.063965],"annotation":"OBSTACLES","isRenderEnabled":false,"rotationMatrix":[-0.724406362,0.689373136,0,-0.689373136,-0.724406362,0,0,0,1],"shapeName":"/art/shapes/garage_and_dealership/Clutter/italy_clutter_dumpster.DAE","useInstanceRenderData":true}
{"class":"TSStatic","persistentId":"d6a7ffd3-08f6-4cdd-b965-d993f61b260d","__parent":"MissionGroup","position":[756.222778,404.313354,178.19751],"annotation":"OBSTACLES","isRenderEnabled":false,"shapeName":"/art/shapes/garage_and_dealership/Clutter/plastic_can_small.DAE","useInstanceRenderData":true}
{"class":"TSStatic","persistentId":"2e752ee9-f436-4b8a-90dd-ed4cbb599c89","__parent":"MissionGroup","position":[741.171814,413.305756,178.066803],"annotation":"OBSTACLES","isRenderEnabled":false,"rotationMatrix":[-0.707005739,-0.707207918,0,0.707207918,-0.707005739,0,0,0,1],"shapeName":"/art/shapes/garage_and_dealership/Clutter/ind_pallet_cans.DAE","useInstanceRenderData":true}
{"class":"TSStatic","persistentId":"888e7539-7a11-4acb-8c85-1a4237756e2b","__parent":"MissionGroup","position":[754.405396,406.16098,178.065826],"annotation":"OBSTACLES","isRenderEnabled":false,"shapeName":"/art/shapes/garage_and_dealership/Clutter/metal_drum_old_b.DAE","useInstanceRenderData":true}
{"class":"TSStatic","persistentId":"abd2de65-1835-4846-9099-9f1508e445ff","__parent":"MissionGroup","position":[753.769287,405.534241,178.060837],"annotation":"OBSTACLES","isRenderEnabled":false,"rotationMatrix":[-0.727797449,-0.685792089,0,0.685792089,-0.727797449,0,0,0,1],"shapeName":"/art/shapes/garage_and_dealership/Clutter/clutter_workshop_fire_extinguisher.dae","useInstanceRenderData":true}
{"class":"TSStatic","persistentId":"82855e7c-75e0-4534-b90b-aef496fea1b8","__parent":"MissionGroup","position":[753.933228,405.950867,178.105743],"annotation":"OBSTACLES","isRenderEnabled":false,"rotationMatrix":[1,0,0,0,0.982761145,0.184879422,0,-0.184879422,0.982761145],"shapeName":"/art/shapes/garage_and_dealership/Clutter/clutter_workshop_broom.dae","useInstanceRenderData":true}
{"class":"TSStatic","persistentId":"3891f351-32d2-48d6-aa54-c584185927f3","__parent":"MissionGroup","position":[756.091553,404.672638,178.071259],"annotation":"OBSTACLES","isRenderEnabled":false,"rotationMatrix":[0.744891047,-0.667186141,0,0.667186141,0.744891047,0,0,0,1],"shapeName":"/art/shapes/garage_and_dealership/Clutter/wood_pallet.DAE","useInstanceRenderData":true}
{"class":"TSStatic","persistentId":"e3ee297f-8469-4020-aee1-ec480cf5ff81","__parent":"MissionGroup","position":[757.253723,402.597778,179.431976],"annotation":"OBSTACLES","isRenderEnabled":false,"rotationMatrix":[-0.702753782,0.711433232,0,-0.711433232,-0.702753782,0,0,0,1],"shapeName":"/art/shapes/garage_and_dealership/s_billboard_garage_016.dae","useInstanceRenderData":true}
{"class":"TSStatic","persistentId":"bd1dc4ef-c7e3-4c26-b95e-59ebb93ae971","__parent":"MissionGroup","position":[756.000122,404.866394,178.202148],"annotation":"OBSTACLES","isRenderEnabled":false,"shapeName":"/art/shapes/garage_and_dealership/Clutter/debris_m_can_b.DAE","useInstanceRenderData":true}
{"class":"TSStatic","persistentId":"1fe370b0-800e-42fb-8000-a23fe525785f","__parent":"MissionGroup","position":[750.798828,402.954407,178.060287],"annotation":"OBSTACLES","isRenderEnabled":false,"shapeName":"/art/shapes/garage_and_dealership/Clutter/clutter_barrels_red.dae","useInstanceRenderData":true}
{"class":"TSStatic","persistentId":"8de23eca-4bf7-481a-98ac-9b80f3660b63","__parent":"MissionGroup","position":[742.042542,411.944641,178.064072],"annotation":"OBSTACLES","isRenderEnabled":false,"shapeName":"/levels/italy/art/shapes/buildings/italy_clutter_big_dustbin.DAE","useInstanceRenderData":true}
{"class":"TSStatic","persistentId":"a819ead3-5bb4-4bc1-938a-b41b651faf49","__parent":"MissionGroup","position":[743.237915,415.093506,178.220032],"annotation":"OBSTACLES","isRenderEnabled":false,"shapeName":"/levels/italy/art/shapes/buildings/italy_clutter_concrete_bag.DAE","useInstanceRenderData":true}
{"class":"TSStatic","persistentId":"6712e162-010b-4248-9c69-34bebdf05e2e","__parent":"MissionGroup","position":[744.338989,409.188873,178.056335],"annotation":"OBSTACLES","isRenderEnabled":false,"rotationMatrix":[-0.733050585,0.680174053,0,-0.680174053,-0.733050585,0,0,0,1],"shapeName":"/levels/italy/art/shapes/buildings/italy_clutter_metalbench.DAE","useInstanceRenderData":true}
{"class":"TSStatic","persistentId":"4951835c-2433-409b-990b-572d5a4b414a","__parent":"MissionGroup","position":[1195.35632,-835.004517,149.247711],"annotation":"OBSTACLES","isRenderEnabled":false,"rotationMatrix":[-0.826988816,0.56221801,0,-0.56221801,-0.826988816,0,0,0,1],"scale":[1.10261846,1.10261846,1.10261846],"shapeName":"/levels/italy/art/shapes/buildings/s_garage_billboard_fbx_3m.dae","useInstanceRenderData":true}
{"class":"TSStatic","persistentId":"5ed39ee7-cd72-48f3-8d79-bf9b4c7f7092","__parent":"MissionGroup","position":[1210.42224,-826.037903,146.704208],"annotation":"OBSTACLES","isRenderEnabled":false,"rotationMatrix":[-0.907992899,-0.418985784,0,0.418985784,-0.907992899,0,0,0,1],"shapeName":"/levels/italy/art/shapes/buildings/s_garage_billboard_fbx_1.5m.dae","useInstanceRenderData":true}
{"class":"TSStatic","persistentId":"b9a2ab98-d927-492f-86cd-47e6c6ac590b","__parent":"MissionGroup","position":[1210.38892,-825.972473,145.328583],"annotation":"TRAFFIC_SIGNS","isRenderEnabled":false,"rotationMatrix":[0.899085522,0.43777293,0,-0.43777293,0.899085522,0,0,0,1],"shapeName":"/art/shapes/garage_and_dealership/s_billboard_metal_stand_03.dae","useInstanceRenderData":true}
{"class":"TSStatic","persistentId":"d8e64645-f18d-4f89-8974-2657d5bdd69f","__parent":"MissionGroup","position":[1202.70972,-835.728699,147.25029],"annotation":"OBSTACLES","isRenderEnabled":false,"rotationMatrix":[-0.565094769,-0.825025976,0,0.825025976,-0.565094769,0,0,0,1],"scale":[1.40295601,1.40295601,1.40295601],"shapeName":"/art/shapes/garage_and_dealership/s_billboard_garage_016.dae","useInstanceRenderData":true}
{"class":"TSStatic","persistentId":"a430e1f0-80a9-4862-ac95-97f6e0c20567","__parent":"MissionGroup","position":[1202.11328,-836.598267,147.265442],"annotation":"OBSTACLES","isRenderEnabled":false,"rotationMatrix":[-0.581195176,-0.813763976,0,0.813763976,-0.581195176,0,0,0,1],"scale":[1.64892769,1.64892769,1.64892769],"shapeName":"/art/shapes/garage_and_dealership/s_billboard_garage_03.dae","useInstanceRenderData":true}
{"class":"TSStatic","persistentId":"d87745a3-589b-4531-9336-af82d0d5fcb7","__parent":"MissionGroup","position":[1201.50317,-837.467712,147.249969],"annotation":"OBSTACLES","isRenderEnabled":false,"rotationMatrix":[-0.581271589,-0.813709497,0,0.813709497,-0.581271589,0,0,0,1],"scale":[1.64892769,1.64892769,1.64892769],"shapeName":"/art/shapes/garage_and_dealership/s_billboard_garage_02.dae","useInstanceRenderData":true}
{"class":"TSStatic","persistentId":"385775d7-15e3-45d7-b2e5-7e40f12afc12","__parent":"MissionGroup","position":[1204.11255,-833.736938,148.200775],"annotation":"OBSTACLES","isRenderEnabled":false,"rotationMatrix":[-0.571234226,-0.820787013,0,0.820787013,-0.571234226,0,0,0,1],"shapeName":"/art/shapes/garage_and_dealership/s_billboard_metal_04.dae","useInstanceRenderData":true}
{"class":"TSStatic","persistentId":"63d03564-4f63-4d8d-a56e-09cd1e77a492","__parent":"MissionGroup","position":[1201.08777,-837.550781,145.84845],"annotation":"OBSTACLES","isRenderEnabled":false,"shapeName":"/art/shapes/garage_and_dealership/Clutter/italy_clutter_big_dustbin.DAE","useInstanceRenderData":true}
{"class":"TSStatic","persistentId":"e9a8c524-9600-4306-9e21-28238317e6dd","__parent":"MissionGroup","position":[1204.7019,-832.015259,145.85202],"annotation":"OBSTACLES","isRenderEnabled":false,"rotationMatrix":[0.58076489,0.814071357,0,-0.814071357,0.58076489,0,0,0,1],"shapeName":"/art/shapes/garage_and_dealership/Clutter/ind_pallet_cardboard.DAE","useInstanceRenderData":true}
{"class":"TSStatic","persistentId":"10eb0753-9284-48b5-8997-bdac5a38101b","__parent":"MissionGroup","position":[1189.73792,-830.397827,145.853638],"annotation":"OBSTACLES","isRenderEnabled":false,"rotationMatrix":[0.0205080397,0.999789655,0,-0.999789655,0.0205080397,0,0,0,1],"shapeName":"/art/shapes/garage_and_dealership/Clutter/clutter_workshop_hand_truck.dae","useInstanceRenderData":true}
{"class":"TSStatic","persistentId":"bdb0c427-562b-4f9e-8f0b-812cb4cbe963","__parent":"MissionGroup","position":[1203.78088,-832.973511,145.85434],"annotation":"OBSTACLES","isRenderEnabled":false,"shapeName":"/art/shapes/garage_and_dealership/Clutter/clutter_workshop_hand_dolly.dae","useInstanceRenderData":true}
{"class":"TSStatic","persistentId":"e0fac731-441d-4673-915d-f319f0f93c3b","__parent":"MissionGroup","position":[1206.11499,-831.565002,145.82254],"annotation":"OBSTACLES","isRenderEnabled":false,"shapeName":"/art/shapes/garage_and_dealership/Clutter/clutter_barrels_white.dae","useInstanceRenderData":true}
{"class":"DecalRoad","persistentId":"e14b4641-cf31-45a0-a73f-51992d23a5da","__parent":"MissionGroup","position":[1196.91174,-827.191589,145.859497],"decalBias":0.00150000001,"distanceFade":[80,40],"improvedSpline":true,"material":"italy_road_markings_line_thin","nodes":[[1196.91174,-827.191589,145.859497,0.150000006],[1192.64612,-824.357422,145.847733,0.150000006]],"renderPriority":23,"startEndFade":[0.100000001,0.100000001],"textureLength":4}
{"class":"DecalRoad","persistentId":"a93c09b1-e60e-42e5-9612-c36f252ada05","__parent":"MissionGroup","position":[1195.46228,-829.241333,145.856186],"decalBias":0.00150000001,"distanceFade":[80,40],"improvedSpline":true,"material":"italy_road_markings_line_thin","nodes":[[1195.46228,-829.241333,145.856186,0.150000006],[1191.16772,-826.487366,145.852661,0.150000006]],"renderPriority":23,"startEndFade":[0.100000001,0.100000001],"textureLength":4}
{"class":"DecalRoad","persistentId":"d9ac1542-d610-4892-a7dd-ccc456b17348","__parent":"MissionGroup","position":[1194.05042,-831.160461,145.860291],"decalBias":0.00150000001,"distanceFade":[80,40],"improvedSpline":true,"material":"italy_road_markings_line_thin","nodes":[[1194.05042,-831.160461,145.860291,0.150000006],[1189.83093,-828.534851,145.852661,0.150000006]],"renderPriority":23,"startEndFade":[0.100000001,0.100000001],"textureLength":4}
{"class":"TSStatic","persistentId":"d8eb9542-10f3-4c3f-a0f4-3320568dea1a","__parent":"MissionGroup","position":[1196.26465,-822.699524,145.852051],"annotation":"OBSTACLES","isRenderEnabled":false,"rotationMatrix":[0.725033164,-0.688713849,0,0.688713849,0.725033164,0,0,0,1],"shapeName":"/art/shapes/garage_and_dealership/Clutter/ind_clutter_mix.DAE","useInstanceRenderData":true}
{"class":"TSStatic","persistentId":"84e00e0e-c60b-4348-b58b-6cc19c063cac","__parent":"MissionGroup","position":[1205.46851,-831.547607,145.860535],"annotation":"OBSTACLES","isRenderEnabled":false,"rotationMatrix":[1,0,0,0,0.992681086,0.120764866,0,-0.120764866,0.992681086],"shapeName":"/art/shapes/garage_and_dealership/Clutter/clutter_workshop_broom.dae","useInstanceRenderData":true}
{"class":"TSStatic","persistentId":"de57027d-907c-40e8-ad51-5eacffb0f4ea","__parent":"MissionGroup","position":[1203.67712,-832.926208,146.011856],"annotation":"OBSTACLES","isRenderEnabled":false,"shapeName":"/art/shapes/garage_and_dealership/Clutter/clutter_workshop_black_oil.dae","useInstanceRenderData":true}
{"class":"TSStatic","persistentId":"586de93f-eff3-4858-ae7d-0b963d5db8f4","__parent":"MissionGroup","position":[1203.63672,-833.080566,146.011856],"annotation":"OBSTACLES","isRenderEnabled":false,"shapeName":"/art/shapes/garage_and_dealership/Clutter/clutter_workshop_black_oil.dae","useInstanceRenderData":true}
{"class":"TSStatic","persistentId":"e52fe5e0-5099-49f7-9b4a-6aa3c6d7e4dd","__parent":"MissionGroup","position":[1203.77808,-832.784851,146.011856],"annotation":"OBSTACLES","isRenderEnabled":false,"shapeName":"/art/shapes/garage_and_dealership/Clutter/clutter_workshop_black_oil.dae","useInstanceRenderData":true}
{"class":"TSStatic","persistentId":"c5c05fea-4263-48e8-b2f3-d31a24d886e5","__parent":"MissionGroup","position":[1200.8064,-819.998474,146.895508],"annotation":"TRAFFIC_SIGNS","isRenderEnabled":false,"rotationMatrix":[-0.207667828,0.978199303,0,-0.978199303,-0.207667828,0,0,0,1],"shapeName":"/levels/italy/art/shapes/buildings/s_garage_billboard_fbx_1.5m.dae","useInstanceRenderData":true}
{"class":"TSStatic","persistentId":"0c3ce519-5343-49ed-9d2d-a8a59e70b0ca","__parent":"MissionGroup","position":[1200.87744,-819.980408,145.519882],"annotation":"TRAFFIC_SIGNS","isRenderEnabled":false,"rotationMatrix":[0.227960318,-0.973670185,0,0.973670185,0.227960318,0,0,0,1],"shapeName":"/art/shapes/garage_and_dealership/s_billboard_metal_stand_03.dae","useInstanceRenderData":true}
{"class":"TSStatic","persistentId":"98a35ecb-b2ef-4822-9da6-0e7fca8f3fa5","__parent":"MissionGroup","position":[1192.89856,-829.077393,145.856125],"annotation":"OBSTACLES","decalType":"None","isRenderEnabled":false,"rotationMatrix":[0.545196593,0.838308215,0,-0.838308215,0.545196593,0,0,0,1],"shapeName":"/art/shapes/garage_and_dealership/deal_covered_car_barstow_1.dae","useInstanceRenderData":true}
{"class":"TSStatic","persistentId":"b7ccf4b8-b322-4846-8096-715e22e6c91d","__parent":"MissionGroup","position":[1189.97107,-830.953613,145.852661],"annotation":"OBSTACLES","isRenderEnabled":false,"rotationMatrix":[0.818679273,-0.574250937,0,0.574250937,0.818679273,0,0,0,1],"shapeName":"/art/shapes/garage_and_dealership/Clutter/clutter_workshop_toolbox.dae","useInstanceRenderData":true}
{"class":"TSStatic","persistentId":"d3791e49-307b-41f4-ab43-3eed303f77f0","__parent":"MissionGroup","position":[1190.14221,-831.337158,145.847504],"annotation":"OBSTACLES","isRenderEnabled":false,"shapeName":"/art/shapes/garage_and_dealership/Clutter/clutter_workshop_white_bottle.dae","useInstanceRenderData":true}
{"class":"TSStatic","persistentId":"fe8d845b-4180-467f-88d4-16be354d0625","__parent":"MissionGroup","position":[1190.44153,-831.508423,145.84491],"annotation":"OBSTACLES","isRenderEnabled":false,"shapeName":"/art/shapes/garage_and_dealership/Clutter/clutter_workshop_green_can.dae","useInstanceRenderData":true}
{"class":"TSStatic","persistentId":"1c72d63d-d74c-42ac-9878-e37d85b71942","__parent":"MissionGroup","position":[-1800.60486,1526.50122,148.031952],"annotation":"OBSTACLES","isRenderEnabled":false,"shapeName":"/levels/italy/art/shapes/buildings/s_garage_billboard_Bianco_3m.dae","useInstanceRenderData":true}
{"class":"TSStatic","persistentId":"a95c40b0-81c5-4705-8219-2ba6f7c90730","__parent":"MissionGroup","position":[-1800.60718,1526.53247,145.009125],"annotation":"OBSTACLES","isRenderEnabled":false,"shapeName":"/art/shapes/garage_and_dealership/s_billboard_wood_stand_01.dae","useInstanceRenderData":true}
{"class":"TSStatic","persistentId":"9ab6c221-2e95-4a11-a6e4-a6e80c4f932f","__parent":"MissionGroup","position":[-1795.82312,1512.43909,143.149979],"annotation":"TRAFFIC_SIGNS","isRenderEnabled":false,"rotationMatrix":[0.83356148,0.552426696,0,-0.552426696,0.83356148,0,0,0,1],"shapeName":"/art/shapes/garage_and_dealership/s_billboard_metal_stand_03.dae","useInstanceRenderData":true}
{"class":"TSStatic","persistentId":"1d7546b2-020e-45b8-bfde-54fc2a65694c","__parent":"MissionGroup","position":[-1795.78381,1512.38855,144.382095],"annotation":"TRAFFIC_SIGNS","isRenderEnabled":false,"rotationMatrix":[0.834017456,0.551737785,0,-0.551737785,0.834017456,0,0,0,1],"scale":[0.497712195,0.497712195,0.497712195],"shapeName":"/levels/italy/art/shapes/buildings/s_garage_billboard_Bianco_3m.dae","useInstanceRenderData":true}
{"class":"TSStatic","persistentId":"ff80411f-6e76-4ff9-abc5-f7923195da34","__parent":"MissionGroup","position":[-1795.09631,1520.07495,143.149994],"annotation":"OBSTACLES","isRenderEnabled":false,"shapeName":"/art/shapes/garage_and_dealership/Clutter/metal_drum_old_a.DAE","useInstanceRenderData":true}
{"class":"TSStatic","persistentId":"73ee2c08-43d8-4da5-b059-fe3021b8518f","__parent":"MissionGroup","position":[-1797.90344,1523.07483,143.027908],"annotation":"OBSTACLES","isRenderEnabled":false,"shapeName":"/art/shapes/garage_and_dealership/Clutter/clutter_workshop_white_bottle.dae","useInstanceRenderData":true}
{"class":"TSStatic","persistentId":"ee344485-193f-4bf6-b528-5ff7db06514d","__parent":"MissionGroup","position":[-1807.09644,1522.84558,143.022141],"annotation":"OBSTACLES","isRenderEnabled":false,"shapeName":"/art/shapes/garage_and_dealership/Clutter/clutter_workshop_hand_truck.dae","useInstanceRenderData":true}
{"class":"TSStatic","persistentId":"36ffcdbc-9b43-4fa5-866f-6e816e50dc36","__parent":"MissionGroup","position":[-1795.005,1519.10547,143.149994],"annotation":"OBSTACLES","isRenderEnabled":false,"shapeName":"/art/shapes/garage_and_dealership/Clutter/clutter_workshop_hand_dolly.dae","useInstanceRenderData":true}
{"class":"TSStatic","persistentId":"c48c2036-9f60-46e1-9f75-aef9757df056","__parent":"MissionGroup","position":[-1795.08679,1519.12695,143.306046],"annotation":"OBSTACLES","isRenderEnabled":false,"shapeName":"/art/shapes/garage_and_dealership/Clutter/clutter_workshop_black_oil.dae","useInstanceRenderData":true}
{"class":"TSStatic","persistentId":"20846b2e-b8c0-4233-b9f4-0182c65630ee","__parent":"MissionGroup","position":[-1811.22827,1522.79895,143.027832],"annotation":"OBSTACLES","isRenderEnabled":false,"shapeName":"/art/shapes/garage_and_dealership/Clutter/wood_pallet.DAE","useInstanceRenderData":true}
{"class":"TSStatic","persistentId":"b12d91fc-8c3f-47d1-8e05-cb0cc0051697","__parent":"MissionGroup","position":[-1810.87573,1522.93835,143.158722],"annotation":"OBSTACLES","isRenderEnabled":false,"shapeName":"/art/shapes/garage_and_dealership/Clutter/plastic_can_small.DAE","useInstanceRenderData":true}
{"class":"TSStatic","persistentId":"7a8c5c10-e11b-48bf-b6a8-c63fb8c5d34d","__parent":"MissionGroup","position":[-1809.39856,1523.15735,143.025543],"annotation":"OBSTACLES","isRenderEnabled":false,"shapeName":"/art/shapes/garage_and_dealership/Clutter/italy_clutter_metal_bin_small.DAE","useInstanceRenderData":true}
{"class":"TSStatic","persistentId":"2993d146-c516-43ef-9756-0f3c8f0f3e47","__parent":"MissionGroup","position":[-1811.02295,1522.71948,143.158722],"annotation":"OBSTACLES","isRenderEnabled":false,"shapeName":"/art/shapes/garage_and_dealership/Clutter/clutter_workshop_short_bottle.dae","useInstanceRenderData":true}
{"class":"TSStatic","persistentId":"a264339c-84f2-415c-aa07-20f0822e9718","__parent":"MissionGroup","position":[-1811.42822,1522.89319,143.158722],"annotation":"OBSTACLES","isRenderEnabled":false,"shapeName":"/art/shapes/garage_and_dealership/Clutter/cbbox_medium_dirt.DAE","useInstanceRenderData":true}
{"class":"TSStatic","persistentId":"e72c3788-0ffe-460b-b1c3-1c078467fc2e","__parent":"MissionGroup","position":[-1808.64355,1523.43298,144.476044],"annotation":"OBSTACLES","isRenderEnabled":false,"scale":[1.29428291,1.29428291,1.29428291],"shapeName":"/art/shapes/garage_and_dealership/s_billboard_garage_016.dae","useInstanceRenderData":true}
{"class":"TSStatic","persistentId":"737fe24b-eb00-4a87-ae23-7b7102fbea6a","__parent":"MissionGroup","position":[-1802.3125,1523.41956,144.426163],"annotation":"OBSTACLES","isRenderEnabled":false,"scale":[1.61246848,1.61246848,1.61246848],"shapeName":"/art/shapes/garage_and_dealership/s_billboard_garage_03.dae","useInstanceRenderData":true}
{"class":"DecalRoad","persistentId":"07df1686-1bb2-42fc-a117-0e38a5eb872a","__parent":"MissionGroup","position":[907.313782,1309.86768,144.006348],"breakAngle":6,"decalBias":0.00150000001,"distanceFade":[80,40],"improvedSpline":true,"material":"italy_road_edge_concrete","nodes":[[907.313782,1309.86768,144.006348,0.400000006],[895.960571,1309.86023,144.006348,0.400000006],[873.971191,1309.83911,144.006348,0.400000006],[856.956726,1309.86975,144.006348,0.400000006],[849.967651,1309.86072,143.998962,0.400000006],[847.979675,1309.26428,144.006348,0.400000006],[847.171509,1307.64941,144.006348,0.400000006],[847.151001,1304.51685,144.047668,0.400000006],[847.130005,1295.62573,145.077179,0.400000006],[847.128662,1285.91553,146.767639,0.400000006],[847.135376,1281.54297,147.019958,0.400000006],[847.827759,1279.84326,147.019958,0.400000006],[849.112488,1279.1908,147.019958,0.400000006],[850.574585,1279.17212,147.019958,0.400000006],[854.284363,1279.14185,147.012329,0.400000006],[864.339783,1279.15149,147.027588,0.400000006],[882.552429,1279.13428,147.012329,0.400000006],[897.912415,1279.15198,147.013672,0.400000006],[901.591064,1279.172,147.015442,0.400000006]],"renderPriority":27,"textureLength":4}
{"class":"DecalRoad","persistentId":"8b893d4c-59ff-40bb-b1ba-ebe770d9463e","__parent":"MissionGroup","position":[1167.92993,1355.16296,141.007996],"detail":1,"drivability":1,"improvedSpline":true,"material":"road_invisible","nodes":[[1167.92993,1355.16296,141.007996,10],[1145.55676,1356.93396,141.007996,10],[1120.68872,1359.35547,141.007996,10],[1102.43848,1360.39478,141.007996,10],[1080.18396,1360.44141,141.396301,10],[1059.1239,1360.88147,141.975983,10],[1036.95337,1360.50256,142.007446,10]]}
{"name":"decalroads","class":"SimGroup","persistentId":"c1894e06-8a21-4c40-91d6-1e33c8246aee","__parent":"MissionGroup"}
{"name":"BeamLR","class":"SimGroup","persistentId":"6bce5157-7a75-47df-916a-abf286201c91","__parent":"MissionGroup"}
