{"class":"TSStatic","persistentId":"3e4b2966-e072-46c6-875e-80ff664785f9","__parent":"Shack_b","position":[-186.402557,-867.442566,9.90351677],"annotation":"OBSTACLES","isRenderEnabled":false,"rotationMatrix":[-0.814288259,-0.580460727,0,0.580460727,-0.814288259,0,0,0,1],"shapeName":"/levels/east_coast_usa/art/shapes/buildings/eca_fv_lobstertrap_stack_c.DAE"}
{"class":"TSStatic","persistentId":"4e716baa-bf36-4a3f-9680-d24b05dd57a4","__parent":"Shack_b","position":[-189.989563,-863.809998,9.90351677],"annotation":"OBSTACLES","isRenderEnabled":false,"rotationMatrix":[-0.670244098,-0.74214083,0,0.74214083,-0.670244098,0,0,0,1],"shapeName":"/levels/east_coast_usa/art/shapes/buildings/eca_fv_lobstertrap_stack_d.DAE"}
{"class":"TSStatic","persistentId":"81fe2660-9363-437d-a7a5-9304d92097e7","__parent":"Shack_b","position":[-188.286957,-865.417847,9.90351677],"annotation":"OBSTACLES","isRenderEnabled":false,"rotationMatrix":[0.670243502,0.742141306,0,-0.742141306,0.670243502,0,0,0,1],"shapeName":"/levels/east_coast_usa/art/shapes/buildings/eca_fv_lobstertrap_stack_d.DAE"}
{"class":"TSStatic","persistentId":"fb732a35-bad8-4fc6-8a4c-ff1b03f8c65c","__parent":"Shack_b","position":[-192.236115,-869.840515,9.90351677],"annotation":"BUILDINGS","isRenderEnabled":false,"rotationMatrix":[0.676031232,0.73687309,0,-0.736873031,0.676031232,0,0,0,1],"shapeName":"/levels/east_coast_usa/art/shapes/buildings/eca_bld_fv_house_b.DAE"}
