{"name":"Amb_2D","class":"SimGroup","persistentId":"9131b931-d4c2-4444-b483-7bef48f48309","__parent":"Audio","locked":true}
{"name":"Amb_3D","class":"SimGroup","persistentId":"30c85761-db88-4976-8d69-809e63df85b7","__parent":"Audio","locked":true}
{"name":"Snapshots","class":"SimGroup","persistentId":"65f64b92-e7f6-4cde-9eee-0b74bcd78ba9","__parent":"Audio","locked":true}
{"name":"Whooshes","class":"SimGroup","persistentId":"f3bc82b8-a761-4bf3-9247-7d754a550abc","__parent":"Audio","locked":true}
{"name":"Air_Generic","class":"SFXEmitter","persistentId":"f73a79ae-ef61-401b-8dff-345836c33c6c","__parent":"Audio","position":[-143.081879,13.4667625,12.580616],"fadeInTime":0,"fadeOutTime":0,"is3D":false,"isLooping":false,"locked":true,"maxDistance":20,"rotationMatrix":[1,0,0,0,0.999999762,-0.000690533896,0,0.000690533896,0.999999762],"scale":[20,20,20],"track":"event:>Ambient>2D>Generic_Air","useTrackDescriptionOnly":true}
{"name":"Airplanes","class":"SFXEmitter","persistentId":"7824d26b-9b41-48c7-8b24-db3190556bc9","__parent":"Audio","position":[0,0,16.7925701],"fadeInTime":0,"fadeOutTime":0,"isLooping":false,"locked":true,"maxDistance":5000,"referenceDistance":2000,"scale":[5000,5000,5000],"track":"event:>Ambient>3D Shared>Airplanes","useTrackDescriptionOnly":true}
{"name":"Reverb_Generic","class":"SFXEmitter","persistentId":"020c5819-1019-4bc0-a5a6-597a7a9ee193","__parent":"Audio","position":[-49.858902,38.759285,38.3730125],"fadeInTime":0,"fadeOutTime":0,"is3D":false,"isLooping":false,"locked":true,"maxDistance":0.00999999978,"referenceDistance":0,"rotationMatrix":[1,0,0,0,0.999999762,-0.000690533896,0,0.000690533896,0.999999762],"scale":[0.00999999978,0.00999999978,0.00999999978],"track":"snapshot:>Reverb_HI","useTrackDescriptionOnly":true}
{"name":"Wind_Generic","class":"SFXEmitter","persistentId":"ee2ad666-028f-4988-ae68-add9211f8209","__parent":"Audio","position":[-143.081879,13.4667625,12.580616],"fadeInTime":0,"fadeOutTime":0,"is3D":false,"isLooping":false,"locked":true,"maxDistance":20,"rotationMatrix":[1,0,0,0,0.999999762,-0.000690533896,0,0.000690533896,0.999999762],"scale":[20,20,20],"track":"event:>Ambient>2D>HI","useTrackDescriptionOnly":true}
