{"class":"TSStatic","persistentId":"06f09283-c335-447a-a7ea-ce2430d2c314","__parent":"ranger_station","position":[142.942856,15.1858101,171.375244],"annotation":"OBSTACLES","isRenderEnabled":false,"rotationMatrix":[-0.93650645,0.35065037,0,-0.35065037,-0.93650645,0,0,0,1],"shapeName":"/levels/utah/art/shapes/buildings/ut_camp_barrier.DAE"}
{"class":"TSStatic","persistentId":"0e59428f-b273-489e-b48b-1e255f5e214e","__parent":"ranger_station","position":[108.838455,-13.0593214,171.128525],"annotation":"OBSTACLES","isRenderEnabled":false,"rotationMatrix":[0.487344772,0.873209894,0,-0.873209894,0.487344772,0,0,0,1],"shapeName":"/levels/utah/art/shapes/buildings/flag_pole.dae"}
{"class":"TSStatic","persistentId":"196d2185-5933-40af-af06-1bb0585e95ad","__parent":"ranger_station","position":[131.257004,-17.9034996,171.718994],"annotation":"BUILDINGS","isRenderEnabled":false,"rotationMatrix":[0.493172169,0.869931757,0,-0.869931757,0.493172169,0,0,0,1],"shapeName":"/levels/utah/art/shapes/buildings/ranger_station.dae"}
{"class":"TSStatic","persistentId":"1f5649f4-7183-4bc6-a50e-4a6ba20d00d2","__parent":"ranger_station","position":[119.283775,6.52216339,171.382248],"annotation":"OBSTACLES","isRenderEnabled":false,"rotationMatrix":[-0.350649714,-0.936505079,0,0.936505079,-0.350649714,0,0,0,1],"shapeName":"/levels/utah/art/shapes/buildings/ut_camp_barrier.DAE"}
{"class":"TSStatic","persistentId":"2bdf7afc-edb5-44c3-9f6d-d61de0b65378","__parent":"ranger_station","position":[110.832527,-13.0227613,180.873215],"annotation":"OBSTACLES","shapeName":"/levels/utah/art/shapes/misc/flag_usa_anim.dae","useInstanceRenderData":true}
{"class":"TSStatic","persistentId":"4342a753-525c-4331-859c-b3e3927fedd2","__parent":"ranger_station","isRenderEnabled":false,"rotationMatrix":[1,0,0,0,0.999999762,-0.000690534245,0,0.000690534245,0.999999762],"shapeName":"/levels/utah/art/shapes/buildings/ut_ranger_station_int.DAE"}
{"class":"TSStatic","persistentId":"4591690d-07c3-43c2-b69c-8dd13d7b1d45","__parent":"ranger_station","position":[129.188019,20.3358555,171.392868],"annotation":"OBSTACLES","isRenderEnabled":false,"rotationMatrix":[-0.93650645,0.35065037,0,-0.35065037,-0.93650645,0,0,0,1],"shapeName":"/levels/utah/art/shapes/buildings/ut_camp_barrier.DAE"}
{"class":"TSStatic","persistentId":"54959d2e-a85c-4c3e-bf17-a23ea4255c79","__parent":"ranger_station","position":[120.946144,11.0040302,171.371033],"annotation":"OBSTACLES","isRenderEnabled":false,"rotationMatrix":[-0.350649714,-0.936505079,0,0.936505079,-0.350649714,0,0,0,1],"shapeName":"/levels/utah/art/shapes/buildings/ut_camp_barrier.DAE"}
{"class":"TSStatic","persistentId":"674f2256-7d00-422b-9a05-79dbfb222c39","__parent":"ranger_station","position":[123.491592,17.8023529,171.371033],"annotation":"OBSTACLES","isRenderEnabled":false,"rotationMatrix":[-0.350649714,-0.936505079,0,0.936505079,-0.350649714,0,0,0,1],"shapeName":"/levels/utah/art/shapes/buildings/ut_camp_barrier.DAE"}
{"class":"TSStatic","persistentId":"7c04bd0b-abba-4cd9-be02-74a9b29a5d27","__parent":"ranger_station","position":[118.419662,4.21430063,171.380447],"annotation":"OBSTACLES","isRenderEnabled":false,"rotationMatrix":[-0.350649714,-0.936505079,0,0.936505079,-0.350649714,0,0,0,1],"shapeName":"/levels/utah/art/shapes/buildings/ut_camp_barrier.DAE"}
{"class":"TSStatic","persistentId":"85e3c300-72dd-435f-b73b-dbfc067ec5c3","__parent":"ranger_station","position":[144.774811,-1.15965104,171.396881],"annotation":"OBSTACLES","isRenderEnabled":false,"rotationMatrix":[0.350650579,0.93650645,0,-0.93650645,0.350650579,0,0,0,1],"shapeName":"/levels/utah/art/shapes/buildings/ut_camp_barrier.DAE"}
{"class":"TSStatic","persistentId":"9ef88891-625e-4133-82d9-42adf6da7045","__parent":"ranger_station","position":[149.012054,10.1525602,171.390625],"annotation":"OBSTACLES","isRenderEnabled":false,"rotationMatrix":[0.350650579,0.93650645,0,-0.93650645,0.350650579,0,0,0,1],"shapeName":"/levels/utah/art/shapes/buildings/ut_camp_barrier.DAE"}
{"class":"TSStatic","persistentId":"bb9e8d71-65e6-469a-a6bb-a22e9680715a","__parent":"ranger_station","position":[107.198891,-5.62424088,171.179306],"annotation":"OBSTACLES","isRenderEnabled":false,"rotationMatrix":[-0.861251712,0.508178771,0,-0.508178771,-0.861251712,0,0,0,1],"shapeName":"/levels/utah/art/shapes/buildings/ranger_station_sign.dae"}
{"class":"DecalRoad","persistentId":"1dd1b4e3-f615-444d-9cf7-08f292f13e13","__parent":"ranger_station","position":[122.27195,12.0888729,171.40451],"improvedSpline":true,"material":"dirt_tiretracks","nodes":[[122.27195,12.0888729,171.40451,4],[131.098267,9.83446503,171.40451,4],[138.222275,17.8292084,171.40451,4],[132.789032,27.2571487,171.40451,4],[119.469933,40.8736725,172.034088,4],[121.314117,57.6291046,172.406738,4]],"renderPriority":5,"startEndFade":[5,5],"textureLength":16}
{"class":"DecalRoad","persistentId":"316d6272-0ea4-4b5c-9c8b-40c2b1a99bf7","__parent":"ranger_station","position":[122.44574,12.1595345,171.40451],"improvedSpline":true,"material":"dirt_tiretracks","nodes":[[122.44574,12.1595345,171.40451,4],[131.884537,2.11205673,171.40451,4],[133.336319,-8.36523628,171.629791,4],[142.006485,-16.1312027,171.597443,4]],"renderPriority":5,"startEndFade":[5,5],"textureLength":16}
{"class":"DecalRoad","persistentId":"48588321-d02e-4a8d-b04b-560b180718d8","__parent":"ranger_station","position":[143.774734,1.37325287,171.40451],"improvedSpline":true,"material":"dirt_tiretracks","nodes":[[143.774734,1.37325287,171.40451,4],[135.334961,11.6596193,171.40451,4],[137.026718,22.9685516,171.40451,4],[127.468483,33.0461922,171.395081,4],[116.87822,41.3240662,172.014954,4],[118.353172,54.8832703,172.416107,4]],"renderPriority":5,"startEndFade":[5,5],"textureLength":16}
{"class":"DecalRoad","persistentId":"67c3ec0b-a651-4423-a842-8a7237846d57","__parent":"ranger_station","position":[138.86113,21.7424889,171.40451],"improvedSpline":true,"material":"dirt_road_gravels","nodes":[[138.86113,21.7424889,171.40451,5],[133.932602,13.4842377,171.40451,5],[123.176857,13.4665947,171.40451,5]],"renderPriority":2,"startEndFade":[1,1],"textureLength":8}
{"class":"DecalRoad","persistentId":"9e9d50d2-8e14-4f58-b482-4ebd358ffe3c","__parent":"ranger_station","position":[146.821762,6.88671207,171.40451],"improvedSpline":true,"material":"dirt_road_gravels","nodes":[[146.821762,6.88671207,171.40451,5],[138.284912,8.36402512,171.40451,5],[128.071457,0.594799042,171.40451,5],[114.169312,0.910750389,171.31897,5]],"renderPriority":2,"startEndFade":[1,1],"textureLength":8}
{"class":"DecalRoad","persistentId":"9fddf94c-a671-4432-9106-98df114533ff","__parent":"ranger_station","position":[147.418106,8.7214489,171.40451],"improvedSpline":true,"material":"dirt_tiretracks","nodes":[[147.418106,8.7214489,171.40451,4],[138.825943,10.8208046,171.40451,4],[130.185684,7.03690624,171.40451,4],[121.182243,-1.43218613,171.288223,4],[109.108665,1.97337818,171.516174,4]],"renderPriority":5,"startEndFade":[5,5],"textureLength":16}
{"class":"DecalRoad","persistentId":"ae15b595-ac67-4974-915c-fb4b7915af2e","__parent":"ranger_station","position":[120.913757,6.47626305,171.40451],"improvedSpline":true,"material":"dirt_road_gravels","nodes":[[120.913757,6.47626305,171.40451,5],[130.814178,6.57718515,171.40451,5],[136.942032,15.7648764,171.40451,5]],"renderPriority":2,"startEndFade":[1,1],"textureLength":8}
{"class":"DecalRoad","persistentId":"bbae8587-9107-451f-a132-ebb208224e2a","__parent":"ranger_station","position":[117.731316,-1.8986187,171.274841],"improvedSpline":true,"material":"dirt_tiretracks","nodes":[[117.731316,-1.8986187,171.274841,4],[129.958298,1.85686493,171.40451,4],[136.273163,16.1383743,171.395645,4],[134.43248,25.2509861,171.40451,4],[122.569138,33.8233757,171.38501,4],[114.068481,31.5168419,171.868912,4],[107.606354,16.8158779,171.889404,4]],"renderPriority":5,"startEndFade":[5,5],"textureLength":16}
{"class":"DecalRoad","persistentId":"ef3c0c7c-0b80-49e5-8eb0-ae9eebe8cd3a","__parent":"ranger_station","position":[143.017929,-1.87505817,171.40451],"improvedSpline":true,"material":"dirt_road_gravels","nodes":[[143.017929,-1.87505817,171.40451,5],[134.579132,1.50622654,171.40451,5]],"renderPriority":2,"startEndFade":[1,1],"textureLength":8}
