{"name":"theLevelInfo","class":"LevelInfo","persistentId":"aaf8f4c3-9e21-4bdb-8083-930d5a124a8e","__parent":"sky_and_sun","canvasClearColor":[1,1,1,255],"enabled":"1","fogAtmosphereHeight":800,"fogColor":[0.737254977,0.811765015,0.92156899,1],"fogDensity":0.00039999999,"globalEnviromentMap":"cubemap_hirochi_raceway_reflection","gravity":-9.81000042,"visibleDistance":4500}
{"name":"tod","class":"TimeOfDay","persistentId":"c0afe074-0bca-4662-9a8e-5cd636592fe3","__parent":"sky_and_sun","position":[36.6227989,-62.5098,15.3204002],"animate":"0","axisTilt":10,"azimuthOverride":0,"play":false,"startTime":0.100000001,"time":0.100000001}
{"name":"clouds","class":"CloudLayer","persistentId":"d90ae721-e011-4436-a6e2-2e69e41d4aad","__parent":"sky_and_sun","position":[547.21698,-452.971985,609.744995],"Textures":[{"texDirection":null,"texScale":1.5,"texSpeed":0.00200000009},{"texDirection":[0.800000012,0.200000003],"texScale":3,"texSpeed":0.0250000004},{"texDirection":[0.200000003,0.5],"texScale":4,"texSpeed":0.0350000001}],"baseColor":[0.996078014,0.996078014,0.996078014,0.996078014],"coverage":0.200000003,"exposure":1.39999998,"height":2,"texture":"levels/jungle_rock_island/art/skies/SkyNormals_05.dds","windSpeed":0.200000003}
{"name":"clouds1","class":"CloudLayer","persistentId":"f1692183-8f48-46b4-b5b2-16e2e2367e79","__parent":"sky_and_sun","position":[-1278.56006,-1211.32996,-186.731003],"Textures":[{"texDirection":null,"texScale":null,"texSpeed":0.00200000009},{"texDirection":[0.800000012,0.200000003],"texScale":2,"texSpeed":0.0250000004},{"texDirection":[0.200000003,0.5],"texScale":0.5,"texSpeed":0.0350000001}],"baseColor":[0.996078014,0.996078014,0.996078014,0.996078014],"cloneOrigin":"clouds","coverage":0.200000003,"exposure":1.60000002,"height":5,"texture":"levels/jungle_rock_island/art/skies/SkyNormals_05.dds","windSpeed":0.200000003}
{"name":"sunsky","class":"ScatterSky","persistentId":"25209345-9b9c-4a93-acda-789aec4adc2e","__parent":"sky_and_sun","position":[70.3971024,4.53920984,73.9923019],"ambientScale":[1,0.894117653,0.78039217,1],"ambientScaleGradientFile":"art/sky_gradients/default/gradient_ambient.png","azimuth":286.698456,"colorize":[0.215686277,0.349019617,0.603921592,1],"colorizeGradientFile":"art/sky_gradients/default/gradient_colorize.png","elevation":52.8186035,"enableFogFallBack":false,"fadeStartDistance":1000,"flareScale":5,"flareType":"BNG_Sunflare_3","fogScale":[0.396078438,0.666666687,1,1],"fogScaleGradientFile":"art/sky_gradients/default/gradient_fog.png","lastSplitTerrainOnly":true,"logWeight":0.980000019,"mieScattering":0.000607529713,"moonLightColor":[0.0980392024,0.0980392024,0.0980392024,1],"moonMat":"Moon_Glow_Mat","moonScale":0.0299999993,"nightColor":[1,0.894117653,0.78039217,1],"nightCubemap":"nightCubemap","nightFogColor":[0.396078438,0.666666687,1,1],"nightFogGradientFile":"art/sky_gradients/default/gradient_fog.png","nightGradientFile":"art/sky_gradients/default/gradient_ambient.png","occlusionScale":0.0250000004,"overDarkFactor":[40000,8000,5000,650],"shadowDarkenColor":[0,0,0,0],"shadowDistance":1600,"shadowSoftness":0.200000003,"skyBrightness":40,"sunScale":[0.996078432,0.862745106,0.772549033,1],"sunScaleGradientFile":"art/sky_gradients/default/gradient_sunscale.png","texSize":1024,"useNightCubemap":true}
