{"class":"TSStatic","persistentId":"54a3fe14-53b4-409f-9266-1be150c1c0e9","__parent":"billboards","position":[1037.5,1159.46802,153.699997],"annotation":"OBSTACLES","isRenderEnabled":false,"rotationMatrix":[-0.999999821,-1.1920929e-07,0,1.1920929e-07,-0.999999821,0,0,0,1],"shapeName":"/levels/italy/art/shapes/buildings/italy_billboard_small_tuna.dae"}
{"class":"TSStatic","persistentId":"02a8d84a-0a85-4b4d-a790-77ea2add0bbc","__parent":"billboards","position":[617.619202,1280.56506,155.7686],"annotation":"OBSTACLES","isRenderEnabled":false,"rotationMatrix":[-0.999999821,2.98023224e-08,0,-2.98023224e-08,-0.999999821,0,0,0,1],"shapeName":"/levels/italy/art/shapes/buildings/italy_billboard_small_washing.dae"}
{"class":"TSStatic","persistentId":"044b06e4-7fe8-4a62-ac1b-2cce0cfdfbf3","__parent":"billboards","position":[995.287659,1375.97876,140.786423],"annotation":"OBSTACLES","isRenderEnabled":false,"rotationMatrix":[-2.98023224e-08,0.999999881,0,-0.999999881,-2.98023224e-08,0,0,0,1],"shapeName":"/levels/italy/art/shapes/buildings/italy_billboard_small_pizza.dae"}
{"class":"TSStatic","persistentId":"05b788a1-c3de-4b1f-8bf1-1be07011e89d","__parent":"billboards","position":[1054.2887,1305.51575,144.935776],"annotation":"OBSTACLES","isRenderEnabled":false,"rotationMatrix":[-0.999999523,0,0,0,-0.999999523,0,0,0,1],"shapeName":"/levels/italy/art/shapes/buildings/italy_billboard_movie_03.dae"}
{"class":"TSStatic","persistentId":"0b865891-0c0c-4e26-8f21-06ecc91e665b","__parent":"billboards","position":[1033.00513,1330.41309,145.701416],"annotation":"OBSTACLES","isRenderEnabled":false,"rotationMatrix":[0,0.999999881,0,-0.999999881,0,0,0,0,1],"shapeName":"/levels/italy/art/shapes/buildings/italy_billboard_streaming.dae"}
{"class":"TSStatic","persistentId":"0cc4b431-0125-4278-a1e8-c3457a309311","__parent":"billboards","position":[1210.55383,1323.74072,147.465363],"annotation":"OBSTACLES","isRenderEnabled":false,"shapeName":"/levels/italy/art/shapes/buildings/italy_billboard_airlines_independent.dae"}
{"class":"TSStatic","persistentId":"0d7e90ab-f2f8-46ac-b9f0-0fa6a108fa4c","__parent":"billboards","position":[1093.37292,1302.94043,150.359039],"annotation":"OBSTACLES","isRenderEnabled":false,"rotationMatrix":[-0.559629083,0.82874316,0,-0.82874316,-0.559629083,0,0,0,1],"scale":[1.44984818,1.44984818,1.44984818],"shapeName":"/levels/italy/art/shapes/buildings/italy_billboard_streaming_independent.dae"}
{"name":"billboard2","class":"TSStatic","persistentId":"16e1ed32-2f93-4a2d-a416-4139865c0e07","__parent":"billboards","position":[956.483154,1333.4425,144.826675],"annotation":"OBSTACLES","isRenderEnabled":false,"rotationMatrix":[-2.98023224e-08,0.99999994,0,-0.99999994,-2.98023224e-08,0,0,0,1],"shapeName":"/levels/italy/art/shapes/buildings/italy_billboard_streaming.dae"}
{"class":"TSStatic","persistentId":"1f19379e-d081-46af-8427-1536a7de2798","__parent":"billboards","position":[1084.72559,1117.75244,156.543472],"annotation":"OBSTACLES","isRenderEnabled":false,"rotationMatrix":[-0.0543512739,0.998521566,0,-0.998521566,-0.0543512739,0,0,0,1],"shapeName":"/levels/italy/art/shapes/buildings/italy_billboard_airlines_independent.dae"}
{"class":"TSStatic","persistentId":"1f3308e7-0d97-47ec-ace2-9e9b56e29c98","__parent":"billboards","position":[635.818176,1280.14563,152.942871],"annotation":"OBSTACLES","isRenderEnabled":false,"rotationMatrix":[-0.992214203,0.124542847,0,-0.124542847,-0.992214203,0,0,0,1],"shapeName":"/levels/italy/art/shapes/buildings/italy_billboard_small_cereal.dae"}
{"name":"billboard4","class":"TSStatic","persistentId":"1f507aef-56a2-43c7-a533-48dcfb62399a","__parent":"billboards","position":[601.565613,1283.41602,157.028397],"annotation":"OBSTACLES","isRenderEnabled":false,"rotationMatrix":[-0.998195946,0.0600315854,0,-0.0600315854,-0.998195946,0,0,0,1],"shapeName":"/levels/italy/art/shapes/buildings/italy_billboard_streaming_independent.dae"}
{"class":"TSStatic","persistentId":"2945ce13-989c-49c7-ae7b-dfdc56e66b85","__parent":"billboards","position":[1067.76697,1184.12976,152.332031],"annotation":"OBSTACLES","isRenderEnabled":false,"rotationMatrix":[-0.686151445,0.727458119,0,-0.727458119,-0.686151445,0,0,0,1],"shapeName":"/levels/italy/art/shapes/buildings/italy_billboard_small_cereal.dae"}
{"class":"TSStatic","persistentId":"2e924de6-e33f-4aed-b06d-5e7500f6f42b","__parent":"billboards","position":[634.050293,1280.37109,152.628464],"annotation":"OBSTACLES","isRenderEnabled":false,"rotationMatrix":[-0.99589324,0.0905390009,0,-0.0905390009,-0.99589324,0,0,0,1],"shapeName":"/levels/italy/art/shapes/buildings/italy_billboard_beauty_02.dae"}
{"class":"TSStatic","persistentId":"2f920572-68a1-40da-bfd6-3832657e762a","__parent":"billboards","position":[857.820129,1268.47083,149.183533],"annotation":"OBSTACLES","isRenderEnabled":false,"rotationMatrix":[-0.999999404,-1.04308128e-07,0,1.04308128e-07,-0.999999404,0,0,0,1],"shapeName":"/levels/italy/art/shapes/buildings/italy_billboard_small_supermarket_01.dae"}
{"class":"TSStatic","persistentId":"30924f09-d0a6-4781-8e09-20b603aae633","__parent":"billboards","position":[644.784668,1279.63733,152.157455],"annotation":"OBSTACLES","isRenderEnabled":false,"rotationMatrix":[-0.999989808,-0.00446227472,0,0.00446227472,-0.999989808,0,0,0,1],"scale":[1.1081413,1.1081413,1.1081413],"shapeName":"/levels/italy/art/shapes/buildings/italy_billboard_beauty_02.dae"}
{"class":"TSStatic","persistentId":"357f1703-3011-4a59-a456-be419a2835b5","__parent":"billboards","position":[-1741.47644,1378.2063,139.291702],"annotation":"OBSTACLES","isRenderEnabled":false,"rotationMatrix":[2.98023224e-08,-0.99999994,0,0.99999994,2.98023224e-08,0,0,0,1],"shapeName":"/levels/italy/art/shapes/buildings/italy_billboard_phone_big.dae"}
{"class":"TSStatic","persistentId":"360c1c47-49b0-4a8e-955a-d8b06b3e18c0","__parent":"billboards","position":[-1775.8042,1396.63574,137.029892],"annotation":"OBSTACLES","isRenderEnabled":false,"rotationMatrix":[-0.999999404,-1.93715096e-07,0,1.93715096e-07,-0.999999404,0,0,0,1],"shapeName":"/levels/italy/art/shapes/buildings/italy_billboard_airlines_independent.dae"}
{"class":"TSStatic","persistentId":"3e854e56-d26b-4e42-8a37-ca2020eee54e","__parent":"billboards","position":[807.856873,1334.52295,155.821182],"annotation":"OBSTACLES","isRenderEnabled":false,"rotationMatrix":[-5.96046448e-08,0.999999881,0,-0.999999881,-5.96046448e-08,0,0,0,1],"scale":[1.90687811,1.90687811,1.90687811],"shapeName":"/levels/italy/art/shapes/buildings/italy_billboard_phone_big.dae"}
{"class":"TSStatic","persistentId":"40effab5-f6f3-412b-994f-dc0aaf9ef59c","__parent":"billboards","position":[608.949768,1360.52771,158.228668],"annotation":"OBSTACLES","isRenderEnabled":false,"rotationMatrix":[-5.96046448e-08,1,0,-1,-5.96046448e-08,0,0,0,1],"scale":[1.84511626,1.84511626,1.84511626],"shapeName":"/levels/italy/art/shapes/buildings/italy_billboard_phone_big.dae"}
{"class":"TSStatic","persistentId":"4456a628-b2ad-4973-99c3-c4d684b19ee7","__parent":"billboards","position":[1346.4375,1304.88708,147.266861],"annotation":"OBSTACLES","isRenderEnabled":false,"rotationMatrix":[-8.94069672e-08,0.999999642,0,-0.999999642,-8.94069672e-08,0,0,0,1],"scale":[1.09868395,1.09868395,1.09868395],"shapeName":"/levels/italy/art/shapes/buildings/italy_billboard_fashion_big.dae"}
{"class":"TSStatic","persistentId":"51615a2d-b7cc-4a83-80be-528fab4e4703","__parent":"billboards","position":[1064.73987,1187.11169,151.698944],"annotation":"OBSTACLES","isRenderEnabled":false,"rotationMatrix":[-0.714505553,0.699629605,0,-0.699629605,-0.714505553,0,0,0,1],"shapeName":"/levels/italy/art/shapes/buildings/italy_billboard_beauty_03.dae"}
{"class":"TSStatic","persistentId":"51cbad34-2985-4c6a-ac90-acd44ec22c7c","__parent":"billboards","position":[430.346588,1407.45007,158.504303],"annotation":"OBSTACLES","isRenderEnabled":false,"rotationMatrix":[-0.999999702,-1.34110451e-07,0,1.34110451e-07,-0.999999702,0,0,0,1],"scale":[1.3191222,1,1.3191222],"shapeName":"/levels/italy/art/shapes/buildings/italy_billboard_fashion_big.dae"}
{"class":"TSStatic","persistentId":"585f479d-4e95-43b1-beb5-0c2bbc817094","__parent":"billboards","position":[638.830383,1366.7218,142.155975],"annotation":"OBSTACLES","isRenderEnabled":false,"rotationMatrix":[-2.98023224e-08,-0.999999821,0,0.999999821,-2.98023224e-08,0,0,0,1],"scale":[1.68677831,1.68677831,1.68677831],"shapeName":"/levels/italy/art/shapes/buildings/italy_billboard_streaming_independent.dae"}
{"class":"TSStatic","persistentId":"5ca59962-2571-4d77-aeb9-e9295a4ba5a6","__parent":"billboards","position":[639.931458,1279.72803,152.268539],"annotation":"OBSTACLES","isRenderEnabled":false,"rotationMatrix":[-0.996590018,0.0825090557,0,-0.0825090557,-0.996590018,0,0,0,1],"shapeName":"/levels/italy/art/shapes/buildings/italy_billboard_beauty_01.dae"}
{"class":"TSStatic","persistentId":"5ce805c8-e24f-426d-9ec4-278acd312e9a","__parent":"billboards","position":[577.848755,1349.92712,156.587891],"annotation":"OBSTACLES","isRenderEnabled":false,"rotationMatrix":[-0.965748906,0.259478986,0,-0.259478986,-0.965748906,0,0,0,1],"shapeName":"/levels/italy/art/shapes/buildings/italy_billboard_beauty_01.dae"}
{"class":"TSStatic","persistentId":"6016a803-1578-4093-8e14-fce54cdf3c7a","__parent":"billboards","position":[1083.06201,1092.96667,157.469971],"annotation":"OBSTACLES","isRenderEnabled":false,"rotationMatrix":[-0.999999583,-1.04308128e-07,0,1.04308128e-07,-0.999999583,0,0,0,1],"shapeName":"/levels/italy/art/shapes/buildings/italy_billboard_hotel_independent.dae"}
{"class":"TSStatic","persistentId":"62d0bfe5-23ca-4e5a-9199-d074fb531e57","__parent":"billboards","position":[591.457764,1389.89709,145.524033],"annotation":"OBSTACLES","isRenderEnabled":false,"rotationMatrix":[-0.114617236,0.993409514,0,-0.993409514,-0.114617236,0,0,0,1],"shapeName":"/levels/italy/art/shapes/buildings/italy_billboard_hotel_independent.dae"}
{"class":"TSStatic","persistentId":"62f54303-da24-43ee-a2b1-acd76b527938","__parent":"billboards","position":[-1206.57849,1606.9917,151.584106],"annotation":"OBSTACLES","isRenderEnabled":false,"rotationMatrix":[-0.788135707,0.615501225,0,-0.615501225,-0.788135707,0,0,0,1],"shapeName":"/levels/italy/art/shapes/buildings/italy_billboard_streaming_independent.dae"}
{"class":"TSStatic","persistentId":"7d44fa44-b5be-4e8c-9209-db1a163cb27c","__parent":"billboards","position":[995.28009,1377.50134,140.299545],"annotation":"OBSTACLES","isRenderEnabled":false,"rotationMatrix":[2.98023224e-08,0.999999821,0,-0.999999821,2.98023224e-08,0,0,0,1],"shapeName":"/levels/italy/art/shapes/buildings/italy_billboard_movie_03.dae"}
{"class":"TSStatic","persistentId":"7d89d6ac-2ef8-44e6-8a28-c9940b15500a","__parent":"billboards","position":[1182.02441,1184.0509,153.952606],"annotation":"OBSTACLES","isRenderEnabled":false,"rotationMatrix":[2.23517418e-08,-1,0,1,2.23517418e-08,0,0,0,1],"shapeName":"/levels/italy/art/shapes/buildings/italy_billboard_small_pizza.dae"}
{"class":"TSStatic","persistentId":"88e32b88-9308-4cbd-8966-a66e9852d92e","__parent":"billboards","position":[1120.4519,1257.80359,151.111496],"annotation":"OBSTACLES","isRenderEnabled":false,"rotationMatrix":[-5.96046448e-08,0.99999994,0,-0.99999994,-5.96046448e-08,0,0,0,1],"scale":[1.79478574,1.79478574,1.79478574],"shapeName":"/levels/italy/art/shapes/buildings/italy_billboard_phone_big.dae"}
{"class":"TSStatic","persistentId":"8b6a29d2-f3e1-4dc1-ab15-b1c15320e09f","__parent":"billboards","position":[1181.49683,1249.96436,149],"annotation":"OBSTACLES","isRenderEnabled":false,"rotationMatrix":[-1.1920929e-07,-0.99999994,0,0.99999994,-1.1920929e-07,0,0,0,1],"shapeName":"/levels/italy/art/shapes/buildings/italy_billboard_movie_01.dae"}
{"class":"TSStatic","persistentId":"93e387d6-9497-47c2-8d43-685cc5c46747","__parent":"billboards","position":[931.50116,578.947876,188.813004],"annotation":"OBSTACLES","isRenderEnabled":false,"rotationMatrix":[0.535119593,0.84477669,0,-0.84477669,0.535119593,0,0,0,1],"shapeName":"/levels/italy/art/shapes/buildings/italy_billboard_boots_independent.dae"}
{"class":"TSStatic","persistentId":"9402eef6-880c-420f-b1ed-35d55d3d1375","__parent":"billboards","position":[649.632629,1404.17224,141.186676],"annotation":"OBSTACLES","isRenderEnabled":false,"rotationMatrix":[-0.866025448,0.5,0,-0.5,-0.866025448,0,0,0,1],"shapeName":"/levels/italy/art/shapes/buildings/italy_billboard_airlines_independent.dae"}
{"class":"TSStatic","persistentId":"9a1c371d-a9e4-4e63-ba3d-9c2f88046ab9","__parent":"billboards","position":[904.152527,1283.44153,147.059952],"annotation":"OBSTACLES","isRenderEnabled":false,"shapeName":"/levels/italy/art/shapes/buildings/italy_billboard_airlines_independent.dae"}
{"class":"TSStatic","persistentId":"9bb24b91-075f-4a74-9f19-61cb6ecfc46b","__parent":"billboards","position":[1259.35962,1368.09985,140.489487],"annotation":"OBSTACLES","isRenderEnabled":false,"rotationMatrix":[0.990395606,0.138263226,0,-0.138263226,0.990395606,0,0,0,1],"shapeName":"/levels/italy/art/shapes/buildings/italy_billboard_streaming_independent.dae"}
{"class":"TSStatic","persistentId":"a1505561-ef32-402f-8ddd-b937c356a74c","__parent":"billboards","position":[1047.42419,1297.26514,144.972717],"annotation":"OBSTACLES","isRenderEnabled":false,"rotationMatrix":[4.47034836e-08,-0.999999881,0,0.999999881,4.47034836e-08,0,0,0,1],"scale":[0.947676182,0.947676182,0.947676182],"shapeName":"/levels/italy/art/shapes/buildings/italy_billboard_phone_big.dae"}
{"class":"TSStatic","persistentId":"a61ec996-c7d2-4dcb-9795-6ecc7dc744e0","__parent":"billboards","position":[1130.4231,1106.30786,159.993774],"annotation":"OBSTACLES","isRenderEnabled":false,"rotationMatrix":[2.98023224e-08,0.999999881,0,-0.999999881,2.98023224e-08,0,0,0,1],"shapeName":"/levels/italy/art/shapes/buildings/italy_billboard_phone_big.dae"}
{"name":"billboard3","class":"TSStatic","persistentId":"a738a15f-b4ae-4c1e-a8b9-dc1cb01ad9ab","__parent":"billboards","position":[956.492493,1329.65955,145.135178],"annotation":"OBSTACLES","isRenderEnabled":false,"rotationMatrix":[-1.34110721e-07,0.99999994,-1.45519152e-11,-0.999999642,-1.53216874e-07,-0.000690534944,-0.000690535235,-5.82076609e-11,0.999999762],"shapeName":"/levels/italy/art/shapes/buildings/italy_billboard_beauty_02.dae"}
{"class":"TSStatic","persistentId":"aa89f98b-4156-45cc-a2bc-f540fa44f7d4","__parent":"billboards","position":[610.041016,1345.41516,157.558762],"annotation":"OBSTACLES","isRenderEnabled":false,"rotationMatrix":[-0.702504158,0.711679876,0,-0.711679876,-0.702504158,0,0,0,1],"shapeName":"/levels/italy/art/shapes/buildings/italy_billboard_beauty_02.dae"}
{"class":"TSStatic","persistentId":"aa9245fb-80f4-4e4c-9b58-00d4e5bdd760","__parent":"billboards","position":[626.65918,1280.56506,154.099686],"annotation":"OBSTACLES","isRenderEnabled":false,"rotationMatrix":[-0.999999821,-1.1920929e-07,0,1.1920929e-07,-0.999999821,0,0,0,1],"shapeName":"/levels/italy/art/shapes/buildings/italy_billboard_small_supermarket_02.dae"}
{"class":"TSStatic","persistentId":"ab2d9336-ab2f-4dfe-821b-ab4dfb92a78b","__parent":"billboards","position":[905.954407,1346.42786,146.650085],"annotation":"OBSTACLES","isRenderEnabled":false,"rotationMatrix":[2.98023224e-08,0.99999994,0,-0.99999994,2.98023224e-08,0,0,0,1],"scale":[1.82444453,1.82444453,1.82444453],"shapeName":"/levels/italy/art/shapes/buildings/italy_billboard_airlines_big.dae"}
{"class":"TSStatic","persistentId":"ac21d788-53a4-4a0a-8326-92061d7593f2","__parent":"billboards","position":[456.7995,1408.60986,157.73143],"annotation":"OBSTACLES","isRenderEnabled":false,"rotationMatrix":[-0.983255029,-0.182235122,0,0.182235122,-0.983255029,0,0,0,1],"scale":[1.13578176,1.13578176,1.13578176],"shapeName":"/levels/italy/art/shapes/buildings/italy_billboard_boots_big.dae"}
{"class":"TSStatic","persistentId":"b0bac392-3ad5-4a59-938f-6904b22db88d","__parent":"billboards","position":[655.159729,863.831421,179.968842],"annotation":"OBSTACLES","isRenderEnabled":false,"shapeName":"/levels/italy/art/shapes/buildings/italy_billboard_boots_independent.dae"}
{"class":"TSStatic","persistentId":"b1f0d41d-5366-4dd0-bc97-64163b1af599","__parent":"billboards","position":[-1741.86536,1384.16785,140.019089],"annotation":"OBSTACLES","isRenderEnabled":false,"rotationMatrix":[-5.96046448e-08,-0.999999702,0,0.999999702,-5.96046448e-08,0,0,0,1],"shapeName":"/levels/italy/art/shapes/buildings/italy_billboard_beauty_02.dae"}
{"class":"TSStatic","persistentId":"b408a3ae-ca44-4af0-a03a-19b90aed8f17","__parent":"billboards","position":[472.505768,1429.40698,156.740494],"annotation":"OBSTACLES","isRenderEnabled":false,"rotationMatrix":[-2.98023224e-08,-0.999999881,0,0.999999881,-2.98023224e-08,0,0,0,1],"scale":[1.82183301,1.82183301,1.82183301],"shapeName":"/levels/italy/art/shapes/buildings/italy_billboard_cola_big.dae"}
{"class":"TSStatic","persistentId":"b49ae615-748e-4fee-a1e2-58c337a9d098","__parent":"billboards","position":[619.009277,1280.56921,155.152237],"annotation":"OBSTACLES","isRenderEnabled":false,"rotationMatrix":[-0.999999702,-8.94069672e-08,0,8.94069672e-08,-0.999999702,0,0,0,1],"shapeName":"/levels/italy/art/shapes/buildings/italy_billboard_beauty_03.dae"}
{"class":"TSStatic","persistentId":"b6d93258-65c4-4059-aad0-3cb66c7ec699","__parent":"billboards","position":[586.067871,1393.36279,145.457947],"annotation":"OBSTACLES","isRenderEnabled":false,"rotationMatrix":[-0.960422456,-0.27854681,0,0.27854681,-0.960422456,0,0,0,1],"shapeName":"/levels/italy/art/shapes/buildings/italy_billboard_airlines_independent.dae"}
{"class":"TSStatic","persistentId":"ba9625d9-53b4-42d9-ae93-a30ff6236e1a","__parent":"billboards","position":[637.37207,1279.98706,152.937912],"annotation":"OBSTACLES","isRenderEnabled":false,"rotationMatrix":[-0.993373036,0.114934176,0,-0.114934176,-0.993373036,0,0,0,1],"shapeName":"/levels/italy/art/shapes/buildings/italy_billboard_small_food_01.dae"}
{"class":"TSStatic","persistentId":"c4c2ceb1-cfc7-474c-a027-6589885202b7","__parent":"billboards","position":[1032.96094,1331.37183,149.751968],"annotation":"OBSTACLES","isRenderEnabled":false,"rotationMatrix":[-2.98023224e-08,0.999999881,0,-0.999999881,-2.98023224e-08,0,0,0,1],"scale":[4.08858871,4.08858871,4.08858871],"shapeName":"/levels/italy/art/shapes/buildings/italy_billboard_beauty_02.dae"}
{"class":"TSStatic","persistentId":"c79bba19-98b6-49da-bc61-c436f8b22c50","__parent":"billboards","position":[1360.51355,1353.97937,142.621704],"annotation":"OBSTACLES","isRenderEnabled":false,"rotationMatrix":[2.98023224e-08,-0.999999881,0,0.999999881,2.98023224e-08,0,0,0,1],"scale":[2.08444643,1.29431033,2.08444643],"shapeName":"/levels/italy/art/shapes/buildings/italy_billboard_movie_02.dae"}
{"class":"TSStatic","persistentId":"cb18895a-6b61-4d01-ac75-64380d44da6b","__parent":"billboards","position":[1047.51257,1304.77722,144.931732],"annotation":"OBSTACLES","isRenderEnabled":false,"rotationMatrix":[-5.96046448e-08,-0.999999881,0,0.999999881,-5.96046448e-08,0,0,0,1],"shapeName":"/levels/italy/art/shapes/buildings/italy_billboard_movie_02.dae"}
{"class":"TSStatic","persistentId":"ce8bd12a-acf7-4f84-80cb-98f07cda98a6","__parent":"billboards","position":[1065.79919,1186.05945,151.6996],"annotation":"OBSTACLES","isRenderEnabled":false,"rotationMatrix":[-0.714021206,0.700123906,0,-0.700123906,-0.714021206,0,0,0,1],"shapeName":"/levels/italy/art/shapes/buildings/italy_billboard_movie_03.dae"}
{"class":"TSStatic","persistentId":"e1554bf8-4a1c-4660-8a51-c9be66f39fd9","__parent":"billboards","position":[641.379395,1279.5741,152.14299],"annotation":"OBSTACLES","isRenderEnabled":false,"rotationMatrix":[-0.993804336,0.111145571,0,-0.111145571,-0.993804336,0,0,0,1],"shapeName":"/levels/italy/art/shapes/buildings/italy_billboard_movie_01.dae"}
{"class":"TSStatic","persistentId":"e3f0dac5-2a64-413d-b357-47bbc9f31289","__parent":"billboards","position":[727.490051,1274.521,151.893158],"annotation":"OBSTACLES","isRenderEnabled":false,"rotationMatrix":[-0.999999881,-1.63912773e-07,0,1.63912773e-07,-0.999999881,0,0,0,1],"shapeName":"/levels/italy/art/shapes/buildings/italy_billboard_streaming.dae"}
{"class":"TSStatic","persistentId":"e740f9d7-63c1-4b65-a8a2-04e17366b8f9","__parent":"billboards","position":[1411.80212,1397.52502,137.916428],"annotation":"OBSTACLES","isRenderEnabled":false,"rotationMatrix":[0.817751884,0.575571418,0,-0.575571418,0.817751884,0,0,0,1],"shapeName":"/levels/italy/art/shapes/buildings/italy_billboard_hotel_independent.dae"}
{"class":"TSStatic","persistentId":"e85075f9-99ba-47a8-bf74-a6cdea13478b","__parent":"billboards","position":[-1040.72559,1608.85559,153.184647],"annotation":"OBSTACLES","isRenderEnabled":false,"rotationMatrix":[-0.978603423,-0.20575285,0,0.20575285,-0.978603423,0,0,0,1],"shapeName":"/levels/italy/art/shapes/buildings/italy_billboard_beauty_02.dae"}
{"class":"TSStatic","persistentId":"e8a42028-a2fc-4641-84f9-5cae45363325","__parent":"billboards","position":[1171.42065,1106.30652,158.277145],"annotation":"OBSTACLES","isRenderEnabled":false,"rotationMatrix":[4.47034836e-08,0.999999881,0,-0.999999881,4.47034836e-08,0,0,0,1],"shapeName":"/levels/italy/art/shapes/buildings/italy_billboard_fashion_big.dae"}
{"class":"TSStatic","persistentId":"e9272340-2667-4243-af40-75191019d4ee","__parent":"billboards","position":[995.284058,1379.07031,139.950958],"annotation":"OBSTACLES","isRenderEnabled":false,"rotationMatrix":[4.47034836e-08,0.999999881,0,-0.999999881,4.47034836e-08,0,0,0,1],"shapeName":"/levels/italy/art/shapes/buildings/italy_billboard_small_food_02.dae"}
{"class":"TSStatic","persistentId":"eaaafd81-93c1-496d-98a4-c809446e34bc","__parent":"billboards","position":[-1046.01819,1607.75049,152.58194],"annotation":"OBSTACLES","isRenderEnabled":false,"rotationMatrix":[-0.979575157,-0.201078013,0,0.201078013,-0.979575157,0,0,0,1],"scale":[0.792578936,0.792578936,0.792578936],"shapeName":"/levels/italy/art/shapes/buildings/italy_billboard_fashion_big.dae"}
{"class":"TSStatic","persistentId":"eba66ad7-e18d-4f32-ad4f-8a8ed447cead","__parent":"billboards","position":[-1741.47119,1380.56567,142.607315],"annotation":"OBSTACLES","isRenderEnabled":false,"rotationMatrix":[-2.98023224e-08,-0.999999881,0,0.999999881,-2.98023224e-08,0,0,0,1],"scale":[1.71777225,1.71777225,1.71777225],"shapeName":"/levels/italy/art/shapes/buildings/italy_billboard_fashion_big.dae"}
{"class":"TSStatic","persistentId":"ec7d022a-29e3-4b51-89e2-c81a88312897","__parent":"billboards","position":[631.427979,964.067688,175.685623],"annotation":"OBSTACLES","isRenderEnabled":false,"rotationMatrix":[-0.971610367,0.236585885,0,-0.236585885,-0.971610367,0,0,0,1],"shapeName":"/levels/italy/art/shapes/buildings/italy_billboard_cola_independent.dae"}
{"class":"TSStatic","persistentId":"f028672d-d67b-47b1-a3e6-b3c23779829b","__parent":"billboards","position":[794.505127,1287.151,155.508163],"annotation":"OBSTACLES","isRenderEnabled":false,"rotationMatrix":[-7.4505806e-08,-0.999999881,0,0.999999881,-7.4505806e-08,0,0,0,1],"scale":[2.41668391,2.41668391,2.41668391],"shapeName":"/levels/italy/art/shapes/buildings/italy_billboard_beauty_02.dae"}
{"class":"TSStatic","persistentId":"f386f7e9-7da1-4dc4-83ae-6ed53065e254","__parent":"billboards","position":[1097.50977,1103.41626,157.013016],"annotation":"OBSTACLES","isRenderEnabled":false,"rotationMatrix":[1.93715096e-07,-0.999999821,0,0.999999821,1.93715096e-07,0,0,0,1],"scale":[1.61269605,1.61269605,1.61269605],"shapeName":"/levels/italy/art/shapes/buildings/italy_billboard_phone_big.dae"}
{"class":"TSStatic","persistentId":"f845b8ac-fef2-4b31-923e-1f0be9914ca8","__parent":"billboards","position":[486.394043,826.037109,171.349075],"annotation":"OBSTACLES","isRenderEnabled":false,"rotationMatrix":[0.0756989419,0.99713105,0,-0.99713105,0.0756989419,0,0,0,1],"shapeName":"/levels/italy/art/shapes/buildings/italy_billboard_airlines_independent.dae"}
