{"class":"TSStatic","persistentId":"1dd45fa7-b546-4725-ad1e-511dbd98289e","__parent":"Signs","position":[-344.389008,-865.031982,132.475998],"annotation":"TRAFFIC_SIGNS","isRenderEnabled":false,"rotationMatrix":[-0.731496453,-0.681845188,0,0.681845188,-0.731496453,0,0,0,1],"shapeName":"/levels/Utah/art/shapes/buildings/ut_roadsign_onramp.dae"}
{"class":"TSStatic","persistentId":"5433e83f-93f7-4f4a-a273-217c74aa5c43","__parent":"Signs","position":[806.661987,-611.88501,146.979004],"annotation":"TRAFFIC_SIGNS","isRenderEnabled":false,"rotationMatrix":[-0.961083412,0.276258081,0,-0.276258081,-0.961083412,0,0,0,1],"shapeName":"/levels/Utah/art/shapes/buildings/ut_roadsign_onramp.dae"}
{"class":"TSStatic","persistentId":"5d2c72d9-d4f0-4064-bfb3-49c0a1a0b8cf","__parent":"Signs","position":[-808.191467,-922.043274,135.684998],"annotation":"TRAFFIC_SIGNS","isRenderEnabled":false,"rotationMatrix":[-0.248132229,-0.968726218,0,0.968726218,-0.248132229,0,0,0,1],"shapeName":"/levels/Utah/art/shapes/buildings/ut_roadsign_east_highway.dae"}
{"class":"TSStatic","persistentId":"5dd04a2a-cd62-4168-901b-84390b496871","__parent":"Signs","position":[-124.139,-900.892029,136.365692],"annotation":"TRAFFIC_SIGNS","isRenderEnabled":false,"rotationMatrix":[0.210906684,0.97750622,0,-0.97750622,0.210906684,0,0,0,1],"shapeName":"/levels/Utah/art/shapes/buildings/ut_roadsigns_east_highway_2.dae"}
{"class":"TSStatic","persistentId":"6e851e67-7907-4b3d-9ca1-2360061600d7","__parent":"Signs","position":[-523.968018,-923.435974,134.042999],"annotation":"TRAFFIC_SIGNS","isRenderEnabled":false,"rotationMatrix":[-0.117377996,-0.993087292,0,0.993087292,-0.117377996,0,0,0,1],"shapeName":"/levels/Utah/art/shapes/buildings/ut_roadsign_east_highway.dae"}
{"class":"TSStatic","persistentId":"c8116cc3-3461-49a0-8fd1-b312800bb655","__parent":"Signs","position":[659.906677,-785.057495,143.409683],"annotation":"TRAFFIC_SIGNS","isRenderEnabled":false,"rotationMatrix":[0.521337152,-0.853350818,0,0.853350818,0.521337152,0,0,0,1],"shapeName":"/levels/Utah/art/shapes/buildings/ut_roadsign_west_highway.dae"}
