{"name":"auto_repair_lights","class":"SimGroup","persistentId":"7ed1637a-90fe-4513-8f96-da3472524030","__parent":"auto_repair_zone"}
{"class":"TSStatic","persistentId":"01b74d9d-3096-4f80-8a7c-547bc0eaaabe","__parent":"auto_repair_zone","position":[795.360718,-168.87178,144.91835],"isRenderEnabled":false,"rotationMatrix":[0.0643483624,-0.997927487,0,0.997927487,0.0643483624,0,0,0,1],"shapeName":"/levels/utah/art/shapes/clutter/clutter_workshop_short_bottle.dae"}
{"class":"TSStatic","persistentId":"0a0e6e8f-5646-4b33-aac8-6a8fc4989aaf","__parent":"auto_repair_zone","position":[793.49707,-168.803452,146.415146],"isRenderEnabled":false,"rotationMatrix":[-0.517409384,0.855737984,0,-0.855737984,-0.517409384,0,0,0,1],"shapeName":"/levels/utah/art/shapes/clutter/clutter_workshop_white_bucket.dae"}
{"class":"TSStatic","persistentId":"0ba3f6c7-c2c5-42b9-bd7a-c70f5bf0b385","__parent":"auto_repair_zone","position":[795.952637,-168.735138,146.416901],"isRenderEnabled":false,"rotationMatrix":[0.98012799,0.198366195,0,-0.198366195,0.98012799,0,0,0,1],"shapeName":"/levels/utah/art/shapes/clutter/clutter_workshop_black_oil.dae"}
{"class":"TSStatic","persistentId":"0c9dfc81-8124-4082-9568-87c88607e31e","__parent":"auto_repair_zone","position":[795.419617,-168.550232,144.91835],"isRenderEnabled":false,"rotationMatrix":[0.864166975,-0.503205359,0,0.503205299,0.864166856,0,0,0,1],"shapeName":"/levels/utah/art/shapes/clutter/clutter_workshop_short_bottle.dae"}
{"class":"TSStatic","persistentId":"11b295a6-efc7-4b94-88ad-c57c65ed1f2c","__parent":"auto_repair_zone","position":[795.97345,-190.274506,144.414185],"annotation":"OBSTACLES","isRenderEnabled":false,"rotationMatrix":[-0.948125303,0.317896962,0,-0.317896962,-0.948125303,0,0,0,1],"shapeName":"/levels/utah/art/shapes/buildings/ut_toolbox.DAE"}
{"class":"TSStatic","persistentId":"146ddf8a-1303-4394-938a-8dbf5be4707c","__parent":"auto_repair_zone","position":[795.449829,-168.662827,144.91835],"isRenderEnabled":false,"rotationMatrix":[-0.468949735,0.883224905,0,-0.883224905,-0.468949735,0,0,0,1],"shapeName":"/levels/utah/art/shapes/clutter/clutter_workshop_short_bottle.dae"}
{"class":"TSStatic","persistentId":"1548faef-39f5-49fc-a21d-b483643be2a1","__parent":"auto_repair_zone","position":[797.288513,-168.308121,144.91713],"isRenderEnabled":false,"rotationMatrix":[-0.185563222,0.982632279,0,-0.982632399,-0.185563236,0,0,0,1],"shapeName":"/levels/utah/art/shapes/clutter/clutter_workshop_white_bottle.dae"}
{"class":"TSStatic","persistentId":"1806963d-dbf4-44be-a87d-0b8761e372ac","__parent":"auto_repair_zone","position":[823.373962,-135.495041,144.286728],"annotation":"OBSTACLES","isRenderEnabled":false,"rotationMatrix":[0.985384285,0.170346513,0,-0.170346513,0.985384285,0,0,0,1],"shapeName":"/levels/utah/art/shapes/buildings/ut_petrolstation_sign.DAE"}
{"class":"TSStatic","persistentId":"184fc14d-beba-444b-9c96-a99a4e274c52","__parent":"auto_repair_zone","position":[796.976135,-168.375275,144.91835],"isRenderEnabled":false,"rotationMatrix":[-0.93902123,-0.343859226,0,0.343859255,-0.939021289,0,0,0,1],"shapeName":"/levels/utah/art/shapes/clutter/clutter_workshop_short_bottle.dae"}
{"class":"TSStatic","persistentId":"2231a1bc-a74c-4dd8-adbd-503ae078386e","__parent":"auto_repair_zone","position":[798.784363,-168.946457,144.415329],"annotation":"OBSTACLES","isRenderEnabled":false,"rotationMatrix":[0.754291177,-0.656540036,0,0.656540036,0.754291177,0,0,0,1],"shapeName":"/levels/utah/art/shapes/clutter/clutter_workshop_hand_dolly.dae"}
{"class":"TSStatic","persistentId":"2300b00c-0c5e-4a62-babe-0e477bf27f1f","__parent":"auto_repair_zone","position":[792.701782,-181.69545,144.426834],"annotation":"OBSTACLES","isRenderEnabled":false,"rotationMatrix":[0.986723959,0.162406474,0,-0.162406474,0.986723959,0,0,0,1],"shapeName":"/levels/utah/art/shapes/buildings/ut_car_overhead.DAE"}
{"class":"TSStatic","persistentId":"23817088-56d5-4946-be64-2e279b1c852c","__parent":"auto_repair_zone","position":[800.426331,-189.689728,144.417618],"annotation":"OBSTACLES","isRenderEnabled":false,"rotationMatrix":[-0.984896481,-0.173144683,0,0.173144668,-0.984896481,0,0,0,1],"shapeName":"/levels/utah/art/shapes/clutter/clutter_workshop_shelves_4x1.dae"}
{"class":"TSStatic","persistentId":"2411b772-321e-4ea9-8ca2-ee13412c66c6","__parent":"auto_repair_zone","position":[795.468262,-168.783173,144.915009],"isRenderEnabled":false,"rotationMatrix":[0.908025146,-0.418915838,0,0.418915838,0.908025146,0,0,0,1],"shapeName":"/levels/utah/art/shapes/clutter/clutter_workshop_black_oil.dae"}
{"class":"TSStatic","persistentId":"26ddcc11-104f-403d-be7c-ecef04ce5b9e","__parent":"auto_repair_zone","position":[796.671082,-168.638382,145.666855],"isRenderEnabled":false,"rotationMatrix":[0.98012799,0.198366195,0,-0.198366195,0.98012799,0,0,0,1],"shapeName":"/levels/utah/art/shapes/clutter/clutter_workshop_black_oil.dae"}
{"class":"TSStatic","persistentId":"276096f1-21ad-4e23-ae69-560cbc0ce789","__parent":"auto_repair_zone","position":[796.868225,-167.9953,145.665695],"isRenderEnabled":false,"rotationMatrix":[0.295774728,-0.955257714,0,0.955257714,0.295774728,0,0,0,1],"shapeName":"/levels/utah/art/shapes/clutter/clutter_workshop_green_can.dae"}
{"class":"TSStatic","persistentId":"27efc1ec-e808-4328-bc1e-2d40b21d74db","__parent":"auto_repair_zone","position":[788.144287,-175.571381,144.414185],"annotation":"OBSTACLES","isRenderEnabled":false,"rotationMatrix":[0.12515679,0.992137015,0,-0.992137015,0.12515679,0,0,0,1],"shapeName":"/levels/utah/art/shapes/buildings/ut_toolbox.DAE"}
{"class":"TSStatic","persistentId":"2e6d4767-379b-447d-bc9b-26e0a0176fe8","__parent":"auto_repair_zone","position":[797.265015,-167.808167,145.665695],"isRenderEnabled":false,"rotationMatrix":[0.97240144,0.233314261,0,-0.233314276,0.97240144,0,0,0,1],"shapeName":"/levels/utah/art/shapes/clutter/clutter_workshop_green_can.dae"}
{"class":"TSStatic","persistentId":"2fcebcf6-7c32-49f7-9368-3cad0f628f79","__parent":"auto_repair_zone","position":[791.176453,-169.311737,146.415146],"isRenderEnabled":false,"rotationMatrix":[-0.868533373,-0.495630682,0,0.495630682,-0.868533373,0,0,0,1],"shapeName":"/levels/utah/art/shapes/clutter/clutter_workshop_white_bucket.dae"}
{"class":"TSStatic","persistentId":"379b10c0-d613-41cf-8bc1-86be02517faf","__parent":"auto_repair_zone","position":[798.671936,-196.655304,144.304855],"annotation":"BUILDINGS","isRenderEnabled":false,"rotationMatrix":[-0.166741565,0.986000657,0,-0.986000657,-0.166741565,0,0,0,1],"shapeName":"/levels/utah/art/shapes/buildings/ut_autorepair_walls.DAE"}
{"class":"TSStatic","persistentId":"3cbf82d6-80ff-4c74-9673-2c0459f0e4bb","__parent":"auto_repair_zone","position":[792.687561,-169.879135,144.646164],"annotation":"OBSTACLES","isRenderEnabled":false,"rotationMatrix":[-0.40061754,-0.916245401,-5.81286379e-08,-0.00936614815,0.0040953015,-0.999947786,0.916197538,-0.400596619,-0.0102223391],"shapeName":"/levels/utah/art/shapes/clutter/clutter_workshop_hand_truck.dae"}
{"class":"TSStatic","persistentId":"3f0abcf4-d215-4d80-b144-1fac2a74230b","__parent":"auto_repair_zone","position":[800.542908,-189.598129,145.665298],"isRenderEnabled":false,"rotationMatrix":[0.184554115,-0.982822359,0,0.982822359,0.184554115,0,0,0,1],"shapeName":"/levels/utah/art/shapes/clutter/clutter_workshop_toolbox.dae"}
{"class":"TSStatic","persistentId":"4422e244-fecd-4dc1-84e6-8145bcc11ae6","__parent":"auto_repair_zone","position":[790.330627,-169.374359,144.417618],"annotation":"OBSTACLES","isRenderEnabled":false,"rotationMatrix":[0.984896481,0.173144683,0,-0.173144668,0.984896481,0,0,0,1],"shapeName":"/levels/utah/art/shapes/clutter/clutter_workshop_shelves_4x1.dae"}
{"class":"TSStatic","persistentId":"4b917fae-4265-46ca-a73a-6b7d2b1e333a","__parent":"auto_repair_zone","position":[799.88623,-189.676086,145.665695],"isRenderEnabled":false,"rotationMatrix":[-0.819159687,-0.573565483,0,0.573565483,-0.819159687,0,0,0,1],"shapeName":"/levels/utah/art/shapes/clutter/clutter_workshop_green_can.dae"}
{"class":"TSStatic","persistentId":"4be7f486-4e34-4577-b522-7b33e65a8223","__parent":"auto_repair_zone","position":[801.268738,-189.668396,145.665695],"isRenderEnabled":false,"rotationMatrix":[-0.739930153,-0.672683716,0,0.672683716,-0.739930153,0,0,0,1],"shapeName":"/levels/utah/art/shapes/clutter/clutter_workshop_green_can.dae"}
{"class":"TSStatic","persistentId":"4d34e1f5-0a1e-4b33-ad73-f5b66a716289","__parent":"auto_repair_zone","position":[794.366333,-168.681305,144.417618],"annotation":"OBSTACLES","isRenderEnabled":false,"rotationMatrix":[0.984896481,0.173144683,0,-0.173144668,0.984896481,0,0,0,1],"shapeName":"/levels/utah/art/shapes/clutter/clutter_workshop_shelves_4x1.dae"}
{"class":"TSStatic","persistentId":"50d52423-d704-4121-b2dd-44532c91428a","__parent":"auto_repair_zone","position":[798.77356,-168.250412,144.91713],"isRenderEnabled":false,"rotationMatrix":[-0.185563222,0.982632279,0,-0.982632399,-0.185563236,0,0,0,1],"shapeName":"/levels/utah/art/shapes/clutter/clutter_workshop_white_bottle.dae"}
{"class":"TSStatic","persistentId":"5ced0d55-503f-4c8c-8d5a-c736ae2d42f6","__parent":"auto_repair_zone","position":[799.750916,-167.992203,144.915741],"isRenderEnabled":false,"rotationMatrix":[0.784113586,0.620617509,0,-0.620617449,0.784113586,0,0,0,1],"shapeName":"/levels/utah/art/shapes/clutter/clutter_workshop_white_bucket.dae"}
{"class":"TSStatic","persistentId":"5e5e5da1-7523-42b0-b5d6-7baac47afe46","__parent":"auto_repair_zone","position":[794.264709,-168.456238,145.662811],"isRenderEnabled":false,"rotationMatrix":[0.784113586,0.620617509,0,-0.620617449,0.784113586,0,0,0,1],"shapeName":"/levels/utah/art/shapes/clutter/clutter_workshop_white_bucket.dae"}
{"class":"TSStatic","persistentId":"60f4832a-e3ad-43d4-9ea5-d246a36c4745","__parent":"auto_repair_zone","position":[796.783325,-168.538223,145.666855],"isRenderEnabled":false,"rotationMatrix":[-0.124786347,0.992183626,0,-0.992183626,-0.124786347,0,0,0,1],"shapeName":"/levels/utah/art/shapes/clutter/clutter_workshop_black_oil.dae"}
{"class":"TSStatic","persistentId":"63fcb5db-9717-4803-a264-e8013d00e1a1","__parent":"auto_repair_zone","position":[802.10791,-189.106262,145.665695],"isRenderEnabled":false,"rotationMatrix":[-0.97240144,-0.233314261,0,0.233314276,-0.97240144,0,0,0,1],"shapeName":"/levels/utah/art/shapes/clutter/clutter_workshop_green_can.dae"}
{"class":"TSStatic","persistentId":"6fda3320-d430-40ad-9ff9-bd17a99c19b8","__parent":"auto_repair_zone","position":[797.105652,-168.486588,145.71785],"isRenderEnabled":false,"rotationMatrix":[-0.631457508,0.775410473,-4.63210981e-08,2.99033225e-08,-3.53856713e-08,-1,-0.775410473,-0.631457508,-8.42801384e-10],"shapeName":"/levels/utah/art/shapes/clutter/clutter_workshop_black_oil.dae"}
{"class":"TSStatic","persistentId":"70350495-e785-40b7-9ad1-e413c35dedbd","__parent":"auto_repair_zone","position":[795.902283,-169.231644,144.446152],"isRenderEnabled":false,"rotationMatrix":[0.975920856,0.215009972,0.0367308334,-0.197747886,0.943184555,-0.26701805,-0.092055507,0.253325045,0.962991297],"shapeName":"/levels/utah/art/shapes/clutter/clutter_workshop_broom.dae"}
{"class":"TSStatic","persistentId":"78521e25-9d52-4147-bbc1-85b672651639","__parent":"auto_repair_zone","position":[810.596802,-155.293854,144.656387],"isRenderEnabled":false,"rotationMatrix":[-0.993813038,0.111066066,0,-0.111066066,-0.993813038,0,0,0,1],"shapeName":"/levels/Utah/art/shapes/buildings/ut_pallet.DAE"}
{"class":"TSStatic","persistentId":"7971efdb-e6d5-478c-b006-5d31a88ed029","__parent":"auto_repair_zone","position":[787.614563,-170.724335,144.42334],"annotation":"OBSTACLES","isRenderEnabled":false,"rotationMatrix":[0.341539323,-0.939867496,0,0.939867496,0.341539323,0,0,0,1],"shapeName":"/levels/Utah/art/shapes/clutter/clutter_barrels_red.dae"}
{"class":"TSStatic","persistentId":"7f1d0685-5dbc-4f34-9b7e-502d605982f1","__parent":"auto_repair_zone","position":[794.695862,-154.551544,144.972534],"isRenderEnabled":false,"rotationMatrix":[0.985879242,0.166934237,-0.0132366531,-0.0475687534,0.203387693,-0.97794205,-0.160559818,0.96476239,0.208456561],"shapeName":"/levels/Utah/art/shapes/buildings/ut_pallet.DAE"}
{"class":"TSStatic","persistentId":"81dd665b-4757-4fe9-9c85-65107a92cc64","__parent":"auto_repair_zone","position":[793.03595,-169.282471,145.666855],"isRenderEnabled":false,"rotationMatrix":[0.721195757,0.69273138,0,-0.69273138,0.721195757,0,0,0,1],"shapeName":"/levels/utah/art/shapes/clutter/clutter_workshop_black_oil.dae"}
{"class":"TSStatic","persistentId":"83080655-fab3-4761-839a-36985ea671fd","__parent":"auto_repair_zone","position":[789.367554,-169.834625,144.91713],"isRenderEnabled":false,"rotationMatrix":[-0.651527762,0.758624792,0,-0.758624792,-0.651527762,0,0,0,1],"shapeName":"/levels/utah/art/shapes/clutter/clutter_workshop_white_bottle.dae"}
{"class":"TSStatic","persistentId":"84bf7958-6799-48be-a55b-d563eb7b0726","__parent":"auto_repair_zone","position":[797.557007,-168.3685,144.91835],"isRenderEnabled":false,"rotationMatrix":[-0.859843314,-0.510558069,0,0.510558069,-0.859843314,0,0,0,1],"shapeName":"/levels/utah/art/shapes/clutter/clutter_workshop_short_bottle.dae"}
{"class":"TSStatic","persistentId":"84cd4b91-a1e0-4235-93b5-3f6119921068","__parent":"auto_repair_zone","position":[801.843384,-152.717743,144.51445],"annotation":"OBSTACLES","isRenderEnabled":false,"rotationMatrix":[-0.946953654,0.321370304,0,-0.321370304,-0.946953654,0,0,0,1],"shapeName":"/levels/Utah/art/shapes/buildings/ut_trash_bag.DAE"}
{"class":"TSStatic","persistentId":"96130fbc-8273-4db2-af10-affc51369537","__parent":"auto_repair_zone","position":[804.084656,-155.162918,144.542099],"annotation":"OBSTACLES","isRenderEnabled":false,"rotationMatrix":[0.358492583,0.933532596,0,-0.933532596,0.358492583,0,0,0,1],"shapeName":"/levels/Utah/art/shapes/buildings/ut_trash_bag.DAE"}
{"class":"TSStatic","persistentId":"96541554-0b02-4819-98a7-11a2182d6fc3","__parent":"auto_repair_zone","position":[799.184265,-167.982712,144.91188],"isRenderEnabled":false,"rotationMatrix":[0.988863111,0.148828045,0,-0.148828045,0.988863111,0,0,0,1],"shapeName":"/levels/utah/art/shapes/clutter/clutter_workshop_toolbox.dae"}
{"class":"TSStatic","persistentId":"96a8e3e1-97de-4332-bd6b-4aa4cc13fd25","__parent":"auto_repair_zone","position":[797.36377,-168.434402,144.91713],"isRenderEnabled":false,"rotationMatrix":[0.341539323,-0.939867496,0,0.939867496,0.341539323,0,0,0,1],"shapeName":"/levels/utah/art/shapes/clutter/clutter_workshop_white_bottle.dae"}
{"class":"TSStatic","persistentId":"9981d639-5664-4ef7-b848-45aeea625ce1","__parent":"auto_repair_zone","position":[801.067871,-189.408203,144.91188],"isRenderEnabled":false,"rotationMatrix":[0.897023499,-0.441982955,0,0.441982955,0.897023499,0,0,0,1],"shapeName":"/levels/utah/art/shapes/clutter/clutter_workshop_toolbox.dae"}
{"class":"TSStatic","persistentId":"9e76a6cf-f42a-43c3-985e-d600e1cf3f07","__parent":"auto_repair_zone","position":[801.904236,-189.327484,145.665695],"isRenderEnabled":false,"rotationMatrix":[-0.798708439,0.601718307,0,-0.601718307,-0.798708439,0,0,0,1],"shapeName":"/levels/utah/art/shapes/clutter/clutter_workshop_green_can.dae"}
{"class":"TSStatic","persistentId":"a4f1ab83-6bc3-4824-b459-baae068ccf68","__parent":"auto_repair_zone","position":[797.973022,-189.417114,144.426117],"annotation":"OBSTACLES","isRenderEnabled":false,"rotationMatrix":[0.77843976,0.627719343,0,-0.627719343,0.77843976,0,0,0,1],"shapeName":"/levels/utah/art/shapes/clutter/clutter_workshop_hand_truck.dae"}
{"class":"TSStatic","persistentId":"a6c9850e-9b76-4892-8ae6-31d9c15b1714","__parent":"auto_repair_zone","position":[790.22998,-169.763809,145.666855],"isRenderEnabled":false,"rotationMatrix":[0.903336823,0.428931922,0,-0.428931922,0.903336823,0,0,0,1],"shapeName":"/levels/utah/art/shapes/clutter/clutter_workshop_short_bottle.dae"}
{"class":"TSStatic","persistentId":"a75fb99a-67c5-4dfb-8cff-5d8ff2e7cbb1","__parent":"auto_repair_zone","position":[799.58783,-189.602676,144.91188],"isRenderEnabled":false,"rotationMatrix":[-0.988863111,-0.148828045,0,0.148828045,-0.988863111,0,0,0,1],"shapeName":"/levels/utah/art/shapes/clutter/clutter_workshop_toolbox.dae"}
{"class":"TSStatic","persistentId":"a7c9ee7c-83aa-4bc0-a7b2-93daeb0a14f0","__parent":"auto_repair_zone","position":[793.076782,-169.137802,145.666855],"isRenderEnabled":false,"rotationMatrix":[-0.637070298,0.770805776,0,-0.770805776,-0.637070298,0,0,0,1],"shapeName":"/levels/utah/art/shapes/clutter/clutter_workshop_black_oil.dae"}
{"class":"TSStatic","persistentId":"ae06ae31-b697-4396-9b3a-88de59207448","__parent":"auto_repair_zone","position":[798.803101,-168.873672,144.566681],"annotation":"OBSTACLES","isRenderEnabled":false,"rotationMatrix":[0.200482816,0.979697227,0,-0.979697227,0.200482816,0,0,0,1],"shapeName":"/levels/Utah/art/shapes/clutter/clutter_barrels_white.dae"}
{"class":"TSStatic","persistentId":"b26cccf5-46c8-4a48-88fe-9602399610cf","__parent":"auto_repair_zone","position":[789.257263,-169.621246,144.91713],"isRenderEnabled":false,"rotationMatrix":[-0.931389987,0.364023,0,-0.364023,-0.931389987,0,0,0,1],"shapeName":"/levels/utah/art/shapes/clutter/clutter_workshop_white_bottle.dae"}
{"class":"TSStatic","persistentId":"b52afc4f-6d6f-443e-ba13-085e88ee8ab2","__parent":"auto_repair_zone","position":[793.723999,-187.905426,144.426834],"annotation":"OBSTACLES","isRenderEnabled":false,"rotationMatrix":[-0.986723959,-0.162406474,0,0.162406474,-0.986723959,0,0,0,1],"shapeName":"/levels/utah/art/shapes/buildings/ut_car_overhead.DAE"}
{"class":"TSStatic","persistentId":"b617f9d9-3320-4fc1-a9a3-11ee1b0ade9f","__parent":"auto_repair_zone","position":[788.855774,-169.87413,144.91188],"isRenderEnabled":false,"rotationMatrix":[0.988863111,0.148828045,0,-0.148828045,0.988863111,0,0,0,1],"shapeName":"/levels/utah/art/shapes/clutter/clutter_workshop_toolbox.dae"}
{"class":"TSStatic","persistentId":"ba3cd511-ab22-4a3a-af0b-6ce7851657f7","__parent":"auto_repair_zone","position":[802.214905,-162.479675,147.131271],"annotation":"OBSTACLES","isRenderEnabled":false,"rotationMatrix":[0.345820963,0.93830055,-9.09085784e-09,-1.25657223e-07,3.66237032e-08,-1,-0.93830055,0.345820963,1.30569489e-07],"shapeName":"/levels/utah/art/shapes/buildings/ut_neon.DAE"}
{"class":"TSStatic","persistentId":"bb056ae2-539d-445b-8486-158c52d1696d","__parent":"auto_repair_zone","position":[801.816406,-152.872635,144.381622],"isRenderEnabled":false,"rotationMatrix":[0.115437627,-0.993314743,0,0.993314743,0.115437627,0,0,0,1],"shapeName":"/levels/Utah/art/shapes/buildings/ut_pallet.DAE"}
{"class":"TSStatic","persistentId":"c0153cf2-4dbc-4066-8033-c4494ac5ed74","__parent":"auto_repair_zone","position":[790.277771,-169.77034,144.91713],"isRenderEnabled":false,"rotationMatrix":[0.215716183,0.976456106,0,-0.976456106,0.215716183,0,0,0,1],"shapeName":"/levels/utah/art/shapes/clutter/clutter_workshop_white_bottle.dae"}
{"class":"TSStatic","persistentId":"c284ad9f-5e32-439c-9ad4-e58a6e166c70","__parent":"auto_repair_zone","position":[804.243286,-154.650421,144.409271],"isRenderEnabled":false,"rotationMatrix":[-0.997096717,-0.0761465505,0,0.0761465505,-0.997096717,0,0,0,1],"shapeName":"/levels/Utah/art/shapes/buildings/ut_pallet.DAE"}
{"class":"TSStatic","persistentId":"c7352ad0-d3d3-4b60-ac6e-1638300895cf","__parent":"auto_repair_zone","position":[799.270752,-167.610367,145.66658],"isRenderEnabled":false,"rotationMatrix":[-0.906028211,-0.423217356,0,0.423217356,-0.906028211,0,0,0,1],"shapeName":"/levels/utah/art/shapes/clutter/clutter_workshop_white_bucket.dae"}
{"class":"TSStatic","persistentId":"cac18a36-0e1b-41c5-874c-e8404b87f20e","__parent":"auto_repair_zone","position":[801.537109,-153.050461,144.514771],"annotation":"OBSTACLES","isRenderEnabled":false,"rotationMatrix":[1,2.38418551e-07,0,-2.38418551e-07,1,0,0,0,1],"shapeName":"/levels/Utah/art/shapes/buildings/ut_trash_bag.DAE"}
{"class":"TSStatic","persistentId":"cafcc8fe-ec47-4599-b283-81fbcd53d7c4","__parent":"auto_repair_zone","position":[793.526001,-168.986038,145.782135],"isRenderEnabled":false,"rotationMatrix":[-0.150717571,0.988572001,-0.00312678935,0.0331058279,0.00820840616,0.999418199,0.988022447,0.15052636,-0.0339646451],"shapeName":"/levels/utah/art/shapes/clutter/clutter_workshop_broom.dae"}
{"class":"TSStatic","persistentId":"cd83424a-4a76-4fba-92cf-82bb77625367","__parent":"auto_repair_zone","position":[787.3974,-169.999527,144.418747],"annotation":"OBSTACLES","isRenderEnabled":false,"rotationMatrix":[0.352307737,-0.935884297,0,0.935884237,0.352307677,0,0,0,1],"shapeName":"/levels/Utah/art/shapes/clutter/clutter_barrels_white.dae"}
{"class":"TSStatic","persistentId":"cecd19a2-6891-4586-90c0-35572965da52","__parent":"auto_repair_zone","position":[798.118713,-167.91568,145.66658],"isRenderEnabled":false,"rotationMatrix":[-0.857679009,0.514185548,0,-0.514185548,-0.857679009,0,0,0,1],"shapeName":"/levels/utah/art/shapes/clutter/clutter_workshop_white_bucket.dae"}
{"class":"TSStatic","persistentId":"d21b8882-7234-4ede-b007-57a3cea66351","__parent":"auto_repair_zone","position":[797.201843,-168.401566,144.91835],"isRenderEnabled":false,"rotationMatrix":[0.714607298,0.699525774,0,-0.699525774,0.714607298,0,0,0,1],"shapeName":"/levels/utah/art/shapes/clutter/clutter_workshop_short_bottle.dae"}
{"class":"TSStatic","persistentId":"d54eedbc-c709-4cdc-bc27-d23582634c6f","__parent":"auto_repair_zone","position":[795.297852,-168.690994,144.91835],"isRenderEnabled":false,"rotationMatrix":[0.643122733,0.765763164,0,-0.765763223,0.643122733,0,0,0,1],"shapeName":"/levels/utah/art/shapes/clutter/clutter_workshop_short_bottle.dae"}
{"class":"TSStatic","persistentId":"d5b06970-11cb-41de-84b1-04b7fb35bf9c","__parent":"auto_repair_zone","position":[795.946106,-168.600266,144.915009],"isRenderEnabled":false,"rotationMatrix":[0.354253471,0.935149491,0,-0.935149491,0.354253441,0,0,0,1],"shapeName":"/levels/utah/art/shapes/clutter/clutter_workshop_black_oil.dae"}
{"class":"TSStatic","persistentId":"d9732726-aeb2-40ff-8798-4af560945e13","__parent":"auto_repair_zone","position":[797.661072,-168.341919,144.91835],"isRenderEnabled":false,"rotationMatrix":[-0.795576811,0.605852723,0,-0.605852723,-0.795576811,0,0,0,1],"shapeName":"/levels/utah/art/shapes/clutter/clutter_workshop_short_bottle.dae"}
{"class":"TSStatic","persistentId":"dbc629e9-3a67-4b43-b7dd-8328cdb546b7","__parent":"auto_repair_zone","position":[796.86615,-168.0345,145.087631],"isRenderEnabled":false,"rotationMatrix":[-0.0147922542,-0.032322295,-0.999368012,0.909301102,-0.416138798,-5.21540642e-08,-0.415875822,-0.908726454,0.0355463289],"shapeName":"/levels/utah/art/shapes/clutter/clutter_workshop_white_bucket.dae"}
{"class":"TSStatic","persistentId":"dbd81b2d-16c5-40cf-bca1-469fbb19ae8c","__parent":"auto_repair_zone","position":[810.626892,-155.388336,144.506409],"isRenderEnabled":false,"rotationMatrix":[0.997335672,0.0729500055,0,-0.0729500055,0.997335672,0,0,0,1],"shapeName":"/levels/Utah/art/shapes/buildings/ut_pallet.DAE"}
{"class":"TSStatic","persistentId":"e0737028-d009-4a72-8a8e-8b4e004c95a7","__parent":"auto_repair_zone","position":[797.107056,-168.452332,144.91835],"isRenderEnabled":false,"rotationMatrix":[0.916347504,-0.400383919,0,0.400383919,0.916347504,0,0,0,1],"shapeName":"/levels/utah/art/shapes/clutter/clutter_workshop_short_bottle.dae"}
{"class":"TSStatic","persistentId":"e1a2e4b4-8a1a-4d79-ac42-cfbcb3d6f5ba","__parent":"auto_repair_zone","position":[789.23938,-169.946548,144.91713],"isRenderEnabled":false,"rotationMatrix":[0.969303489,0.245867625,0,-0.245867625,0.969303489,0,0,0,1],"shapeName":"/levels/utah/art/shapes/clutter/clutter_workshop_white_bottle.dae"}
{"class":"TSStatic","persistentId":"e2e29931-1555-4aaf-a2c1-de9bcf3869c6","__parent":"auto_repair_zone","position":[796.234741,-168.523102,144.91835],"isRenderEnabled":false,"rotationMatrix":[0.83765012,-0.54620719,0,0.54620719,0.83765012,0,0,0,1],"shapeName":"/levels/utah/art/shapes/clutter/clutter_workshop_short_bottle.dae"}
{"class":"TSStatic","persistentId":"e42c77a1-a5e0-4833-acdc-1a0a0df9d831","__parent":"auto_repair_zone","position":[797.503479,-167.917191,145.665695],"isRenderEnabled":false,"rotationMatrix":[0.739930153,0.672683716,0,-0.672683716,0.739930153,0,0,0,1],"shapeName":"/levels/utah/art/shapes/clutter/clutter_workshop_green_can.dae"}
{"class":"TSStatic","persistentId":"e49b5510-d5e4-4b25-a09b-d9390f5af792","__parent":"auto_repair_zone","position":[796.09436,-168.559265,144.91835],"isRenderEnabled":false,"rotationMatrix":[-0.1924963,-0.981297731,0,0.981297731,-0.1924963,0,0,0,1],"shapeName":"/levels/utah/art/shapes/clutter/clutter_workshop_short_bottle.dae"}
{"class":"TSStatic","persistentId":"e55212b6-b99c-48b3-9f4f-db1ba9ed93d5","__parent":"auto_repair_zone","position":[800.157349,-167.870575,144.915741],"isRenderEnabled":false,"rotationMatrix":[0.341539323,-0.939867496,0,0.939867496,0.341539323,0,0,0,1],"shapeName":"/levels/utah/art/shapes/clutter/clutter_workshop_white_bucket.dae"}
{"class":"TSStatic","persistentId":"e56e9a45-0bcf-4d8c-b87b-46fe279adfc5","__parent":"auto_repair_zone","position":[797.258545,-168.253784,145.737274],"isRenderEnabled":false,"rotationMatrix":[-0.0473575145,-0.998878062,4.67303281e-08,-3.32030425e-09,-4.66253987e-08,-1,0.998878062,-0.0473575145,-1.10851606e-09],"shapeName":"/levels/utah/art/shapes/clutter/clutter_workshop_green_can.dae"}
{"class":"TSStatic","persistentId":"edeed953-907c-4301-968d-ca37cd11d0dc","__parent":"auto_repair_zone","position":[798.400146,-167.965637,144.417618],"annotation":"OBSTACLES","isRenderEnabled":false,"rotationMatrix":[0.984896481,0.173144683,0,-0.173144668,0.984896481,0,0,0,1],"shapeName":"/levels/utah/art/shapes/clutter/clutter_workshop_shelves_4x1.dae"}
{"class":"TSStatic","persistentId":"f1965983-d984-430a-9571-c80c86220bbd","__parent":"auto_repair_zone","position":[789.208008,-183.747284,144.414185],"annotation":"OBSTACLES","isRenderEnabled":false,"rotationMatrix":[-0.149769485,0.988721013,0,-0.988721013,-0.149769485,0,0,0,1],"shapeName":"/levels/utah/art/shapes/buildings/ut_toolbox.DAE"}
{"class":"TSStatic","persistentId":"f23276f3-d12b-4ceb-8d2d-de1f1eb737c5","__parent":"auto_repair_zone","position":[795.945007,-168.737823,144.915009],"isRenderEnabled":false,"rotationMatrix":[0.98012799,0.198366195,0,-0.198366195,0.98012799,0,0,0,1],"shapeName":"/levels/utah/art/shapes/clutter/clutter_workshop_black_oil.dae"}
{"class":"TSStatic","persistentId":"f2a4f5f0-b986-49d2-a4b5-fd15df887ed1","__parent":"auto_repair_zone","position":[792.00946,-164.191376,144.490387],"isRenderEnabled":false,"rotationMatrix":[0.909311891,0.416115344,1.31201944e-07,-0.408930629,0.893611491,0.185024843,0.0769915506,-0.168245345,0.982733846],"shapeName":"/levels/Utah/art/shapes/buildings/ut_pallet.DAE"}
{"class":"TSStatic","persistentId":"f2d7b235-1c84-46b6-a2fd-2de46f2c8e2b","__parent":"auto_repair_zone","position":[790.073303,-170.674362,144.415329],"annotation":"OBSTACLES","isRenderEnabled":false,"rotationMatrix":[0.507657945,0.861558735,0,-0.861558735,0.507657945,0,0,0,1],"shapeName":"/levels/utah/art/shapes/clutter/clutter_workshop_hand_dolly.dae"}
{"class":"TSStatic","persistentId":"f3d2c82c-368e-46d3-b599-66701fbb8759","__parent":"auto_repair_zone","position":[792.659485,-169.151443,145.666855],"isRenderEnabled":false,"rotationMatrix":[-0.468949735,0.883224905,0,-0.883224905,-0.468949735,0,0,0,1],"shapeName":"/levels/utah/art/shapes/clutter/clutter_workshop_short_bottle.dae"}
{"class":"TSStatic","persistentId":"f6f0fe06-2477-4d0d-aaad-a82dbe26b0e9","__parent":"auto_repair_zone","position":[792.875183,-169.186523,145.71785],"isRenderEnabled":false,"rotationMatrix":[-0.631457508,0.775410473,-4.63210981e-08,2.99033225e-08,-3.53856713e-08,-1,-0.775410473,-0.631457508,-8.42801384e-10],"shapeName":"/levels/utah/art/shapes/clutter/clutter_workshop_black_oil.dae"}
{"class":"TSStatic","persistentId":"f7332431-c27a-47b9-96d6-a20f7f59498e","__parent":"auto_repair_zone","position":[791.703369,-163.397705,144.381622],"isRenderEnabled":false,"rotationMatrix":[-0.909312606,-0.416113704,0,0.416113704,-0.909312606,0,0,0,1],"shapeName":"/levels/Utah/art/shapes/buildings/ut_pallet.DAE"}
{"class":"TSStatic","persistentId":"f9e2489b-dd39-4d11-a1a8-fc3d20d2e6de","__parent":"auto_repair_zone","position":[800.947327,-153.055634,144.40271],"annotation":"OBSTACLES","isRenderEnabled":false,"rotationMatrix":[0.186488301,-0.969497323,-0.159050837,0.957209289,0.215764716,-0.192862868,0.221297562,-0.116278246,0.968249321],"shapeName":"/levels/Utah/art/shapes/buildings/ut_trash_bag.DAE"}
{"class":"TSStatic","persistentId":"fa88e9e2-f6c0-49f8-aaef-5a7c1283a580","__parent":"auto_repair_zone","position":[788.871277,-169.86908,145.211823],"isRenderEnabled":false,"rotationMatrix":[0.810901046,0.585183382,0,-0.585183382,0.810901046,0,0,0,1],"shapeName":"/levels/utah/art/shapes/clutter/clutter_workshop_toolbox.dae"}
{"class":"TSStatic","persistentId":"fbc9948f-774a-4cf2-aef5-393890274d31","__parent":"auto_repair_zone","position":[799.870789,-167.600555,144.915741],"isRenderEnabled":false,"rotationMatrix":[-0.825529814,0.564358532,0,-0.564358532,-0.825529814,0,0,0,1],"shapeName":"/levels/utah/art/shapes/clutter/clutter_workshop_white_bucket.dae"}
{"class":"TSStatic","persistentId":"fc945c26-f2b1-4b58-988f-e02f1563d93a","__parent":"auto_repair_zone","position":[799.589294,-167.714706,145.665695],"isRenderEnabled":false,"rotationMatrix":[0.819159687,0.573565483,0,-0.573565483,0.819159687,0,0,0,1],"shapeName":"/levels/utah/art/shapes/clutter/clutter_workshop_green_can.dae"}
{"class":"TSStatic","persistentId":"ffb4d127-754e-4530-b955-6e6c013e984f","__parent":"auto_repair_zone","position":[801.513611,-189.331589,145.737274],"isRenderEnabled":false,"rotationMatrix":[0.0473567769,0.998878121,4.67302712e-08,3.32030248e-09,4.66253418e-08,-1,-0.998878121,0.0473567769,-1.10855114e-09],"shapeName":"/levels/utah/art/shapes/clutter/clutter_workshop_green_can.dae"}
{"name":"ut_pallet_pile_46861","internalName":"ut_pallet_pile","class":"Prefab","persistentId":"05402fea-90b0-4da4-8aac-b74f077ef730","__parent":"auto_repair_zone","position":[797.723816,-196.288193,144.79805],"filename":"/levels/Utah/art/prefabs/ut_pallet_pile.prefab.json","rotationMatrix":[-0.913594484,-0.406626552,0,0.406626552,-0.913594484,0,0,0,1]}
{"name":"ut_pallet_pile_46869","internalName":"ut_pallet_pile","class":"Prefab","persistentId":"527dbc2f-a997-4fdb-9d73-7a02d6b24d32","__parent":"auto_repair_zone","position":[798.962769,-196.091934,144.79805],"filename":"/levels/Utah/art/prefabs/ut_pallet_pile.prefab.json","rotationMatrix":[0.52626133,-0.850322962,0,0.850322962,0.52626133,0,0,0,1]}
{"name":"ut_pallet_pile_46877","internalName":"ut_pallet_pile","class":"Prefab","persistentId":"78544ff8-49e7-44cc-a2a6-e43b0be14267","__parent":"auto_repair_zone","position":[798.37085,-196.282898,145.69545],"filename":"/levels/Utah/art/prefabs/ut_pallet_pile.prefab.json","rotationMatrix":[0.52626133,-0.850322962,0,0.850322962,0.52626133,0,0,0,1]}
{"class":"DecalRoad","persistentId":"03f1286c-12af-43ae-89cf-412ac0e18f45","__parent":"auto_repair_zone","position":[824.185181,-259.815674,143.711273],"improvedSpline":true,"material":"AsphaltRoad_variation_01","nodes":[[824.185181,-259.815674,143.711273,4],[833.214905,-245.78511,143.909485,4],[821.60675,-221.684769,144.304901,4],[813.068848,-188.074646,144.304901,4],[811.185059,-158.378403,144.304901,4]],"renderPriority":5,"startEndFade":[5,5],"textureLength":40}
{"class":"DecalRoad","persistentId":"049245d1-de15-4a44-98ca-345d9f45639d","__parent":"auto_repair_zone","position":[839.781799,-237.059555,144.297821],"improvedSpline":true,"material":"utah_asphalt_road_dirt_edge","nodes":[[839.781799,-237.059555,144.297821,1],[840.801575,-234.63475,144.167679,1],[840.504944,-226.150162,144.125504,1],[839.897339,-222.37674,144.139832,1],[839.177856,-215.908188,144.146362,1],[838.357666,-209.194946,144.153183,1],[837.286072,-201.47438,144.174316,1],[835.361267,-189.644424,144.189865,1],[832.609924,-174.079742,144.251892,1],[831.523987,-167.720032,144.285385,1],[829.578857,-166.681961,144.26947,1]],"renderPriority":7,"startEndFade":[1,1],"textureLength":6}
{"class":"DecalRoad","persistentId":"0a861097-b4ff-47b4-bb27-6f1cef6e20ea","__parent":"auto_repair_zone","position":[828.992554,-154.671326,144.379822],"improvedSpline":true,"material":"line_white_damage_01","nodes":[[828.992554,-154.671326,144.379822,0.5],[830.154602,-153.338638,144.434052,0.5]],"renderPriority":2,"startEndFade":[0.100000001,0.100000001],"textureLength":8}
{"class":"DecalRoad","persistentId":"0b8e6b47-01c4-4f8c-afdb-df4c6c1c3a6b","__parent":"auto_repair_zone","position":[819.269043,-164.865311,144.304901],"improvedSpline":true,"material":"tread_marks_damaged_02","nodes":[[819.269043,-164.865311,144.304901,4],[816.354187,-157.365189,144.304901,4],[814.206848,-145.036758,144.304901,4]],"renderPriority":2,"startEndFade":[10,10],"textureLength":20}
{"class":"DecalRoad","persistentId":"0d65f313-aa9c-46a8-871b-406d0429f145","__parent":"auto_repair_zone","position":[752.671326,-169.348877,144.304901],"improvedSpline":true,"material":"line_white_damage_01","nodes":[[752.671326,-169.348877,144.304901,0.200000003],[758.117065,-168.405121,144.304901,0.200000003]],"renderPriority":2,"startEndFade":[0.200000003,0.100000001],"textureLength":6}
{"class":"DecalRoad","persistentId":"13ad7a4b-0866-4c70-9b9a-08e04cd9bb94","__parent":"auto_repair_zone","position":[749.343933,-149.817947,144.304901],"improvedSpline":true,"material":"line_white_damage_01","nodes":[[749.343933,-149.817947,144.304901,0.200000003],[754.593262,-148.900223,144.304901,0.200000003]],"renderPriority":2,"startEndFade":[1,0],"textureLength":6}
{"class":"DecalRoad","persistentId":"151f315d-32a9-4a79-bde2-bb7a6223abf8","__parent":"auto_repair_zone","position":[822.000732,-161.271561,144.304901],"improvedSpline":true,"material":"AsphaltRoad_variation_01","nodes":[[822.000732,-161.271561,144.304901,4],[830.45459,-159.233246,144.372971,4],[835.660706,-150.305161,144.449631,4],[832.171143,-132.984131,144.615814,4]],"renderPriority":5,"startEndFade":[5,5],"textureLength":40}
{"class":"DecalRoad","persistentId":"1b5eec3b-886e-4e15-9d19-62f2656b7953","__parent":"auto_repair_zone","position":[750.393616,-156.094772,144.304901],"improvedSpline":true,"material":"line_white_damage_01","nodes":[[750.393616,-156.094772,144.304901,0.200000003],[755.806396,-155.200592,144.304901,0.200000003]],"renderPriority":2,"startEndFade":[0.200000003,0],"textureLength":6}
{"class":"DecalRoad","persistentId":"1bc8890c-5a30-45c0-a735-bedd2398c96e","__parent":"auto_repair_zone","position":[771.208679,-177.156662,144.304901],"improvedSpline":true,"material":"line_white_damage_01","nodes":[[771.208679,-177.156662,144.304901,0.200000003],[773.474182,-170.890411,144.304901,0.200000003]],"renderPriority":2,"startEndFade":[0.200000003,0.100000001],"textureLength":6}
{"class":"DecalRoad","persistentId":"20c74762-27c0-432c-badc-0609108781d1","__parent":"auto_repair_zone","position":[751.044983,-159.274124,144.304901],"improvedSpline":true,"material":"line_white_damage_01","nodes":[[751.044983,-159.274124,144.304901,0.200000003],[756.161987,-158.425278,144.304901,0.200000003]],"renderPriority":2,"startEndFade":[0.300000012,0],"textureLength":6}
{"class":"DecalRoad","persistentId":"2515b297-85c7-49a6-9c8b-0bb8e383248f","__parent":"auto_repair_zone","position":[802.992065,-173.449539,144.304901],"improvedSpline":true,"material":"AsphaltRoad_variation_01","nodes":[[802.992065,-173.449539,144.304901,4],[813.423218,-169.627075,144.304901,4],[820.538452,-161.950378,144.304901,4],[823.589905,-141.587494,144.306152,4]],"renderPriority":5,"startEndFade":[5,5],"textureLength":40}
{"class":"DecalRoad","persistentId":"25da0347-993f-4a98-8987-5770e07a844c","__parent":"auto_repair_zone","position":[748.815308,-146.436142,144.304901],"improvedSpline":true,"material":"line_white_damage_01","nodes":[[748.815308,-146.436142,144.304901,0.200000003],[753.777161,-145.543777,144.304901,0.200000003]],"renderPriority":2,"startEndFade":[0.200000003,0],"textureLength":6}
{"class":"DecalRoad","persistentId":"28f3eed7-3cee-46b2-960f-ce34a6f07db5","__parent":"auto_repair_zone","position":[833.735046,-249.458282,143.905121],"breakAngle":1,"distanceFade":[400,200],"improvedSpline":true,"material":"AsphaltRoad_damage_large_cracks_decal","nodes":[[833.735046,-249.458282,143.905121,2],[838.583008,-244.400925,143.948242,2],[840.73291,-240.382416,144.074402,2]],"renderPriority":2,"startEndFade":[2,2],"textureLength":8}
{"class":"DecalRoad","persistentId":"2e001578-6d91-4526-a914-352fc459cfe6","__parent":"auto_repair_zone","position":[813.125916,-159.367905,144.304901],"improvedSpline":true,"material":"tread_marks_damaged_02","nodes":[[813.125916,-159.367905,144.304901,4],[811.165588,-146.215088,144.304901,4]],"renderPriority":2,"startEndFade":[5,5],"textureLength":20}
{"class":"DecalRoad","persistentId":"2e9ee469-b0c1-4d39-adaf-02d741660aa1","__parent":"auto_repair_zone","position":[784.451172,-127.855583,144.304901],"improvedSpline":true,"material":"line_white_damage_01","nodes":[[784.451172,-127.855583,144.304901,0.200000003],[779.805359,-128.620361,144.304901,0.200000003]],"renderPriority":2,"startEndFade":[1,0],"textureLength":6}
{"class":"DecalRoad","persistentId":"391ae1a0-0700-4f33-9c57-e98377a1f965","__parent":"auto_repair_zone","position":[802.098999,-179.974213,144.304901],"improvedSpline":true,"material":"AsphaltRoad_variation_01","nodes":[[802.098999,-179.974213,144.304901,4],[811.539551,-178.710037,144.304901,4],[821.771057,-186.099854,144.304901,4]],"renderPriority":5,"startEndFade":[5,5],"textureLength":40}
{"class":"DecalRoad","persistentId":"3a6d70d8-7161-4268-a7cc-aff12fec47d0","__parent":"auto_repair_zone","position":[802.098999,-179.974213,144.304901],"improvedSpline":true,"material":"AsphaltRoad_variation_01","nodes":[[802.098999,-179.974213,144.304901,4],[811.539551,-178.710037,144.304901,4],[821.771057,-186.099854,144.304901,4]],"renderPriority":5,"startEndFade":[5,5],"textureLength":40}
{"class":"DecalRoad","persistentId":"3bee3e5d-8aee-4352-aad1-5922b75e95d4","__parent":"auto_repair_zone","position":[807.532471,-143.762054,144.304901],"improvedSpline":true,"material":"tread_marks_damaged_02","nodes":[[807.532471,-143.762054,144.304901,4],[809.016113,-152.996826,144.304901,4],[810.332581,-164.397827,144.304901,4]],"renderPriority":2,"startEndFade":[10,10],"textureLength":20}
{"class":"DecalRoad","persistentId":"3ee3ebdf-a52c-460b-9420-f3b21ca7e42b","__parent":"auto_repair_zone","position":[806.868347,-161.270767,144.304901],"improvedSpline":true,"material":"tread_marks_damaged_02","nodes":[[806.868347,-161.270767,144.304901,4],[805.624023,-153.488556,144.304901,4]],"renderPriority":2,"startEndFade":[2,5],"textureLength":20}
{"class":"DecalRoad","persistentId":"47fe4736-a38e-419c-a849-9d005a39012f","__parent":"auto_repair_zone","position":[816.419189,-142.160553,144.304901],"improvedSpline":true,"material":"AsphaltRoad_variation_01","nodes":[[816.419189,-142.160553,144.304901,4],[827.198242,-139.293106,144.563171,4],[831.430725,-132.550583,144.62204,4],[829.128296,-119.668068,144.781586,4]],"renderPriority":5,"startEndFade":[5,5],"textureLength":40}
{"class":"DecalRoad","persistentId":"4843ba3f-59ec-4243-9318-926666688c9b","__parent":"auto_repair_zone","position":[808.551392,-204.842102,144.304901],"improvedSpline":true,"material":"AsphaltRoad_variation_01","nodes":[[808.551392,-204.842102,144.304901,4],[820.117859,-207.859619,144.304901,4],[825.295288,-221.027145,144.304901,4],[831.549316,-239.048065,144.233459,4],[838.752136,-246.78511,143.958618,4],[847.766541,-242.114532,144.16452,4],[848.774963,-228.324829,144.16452,4]],"renderPriority":5,"startEndFade":[5,5],"textureLength":40}
{"class":"DecalRoad","persistentId":"4a2e1b7f-1abc-4cf0-ac5d-c541796b184f","__parent":"auto_repair_zone","position":[752.014038,-165.990082,144.304901],"improvedSpline":true,"material":"line_white_damage_01","nodes":[[752.014038,-165.990082,144.304901,0.200000003],[757.429199,-165.046768,144.304901,0.200000003]],"renderPriority":2,"startEndFade":[0.5,0.200000003],"textureLength":6}
{"class":"DecalRoad","persistentId":"4ddc8501-c8b1-405f-a8c7-9fde4615ff31","__parent":"auto_repair_zone","position":[801.982666,-185.539368,144.304901],"improvedSpline":true,"material":"AsphaltRoad_variation_01","nodes":[[801.982666,-185.539368,144.304901,4],[820.282227,-194.432663,144.304901,4],[830.449341,-254.610855,143.872314,4]],"renderPriority":9,"startEndFade":[10,10],"textureLength":50}
{"class":"DecalRoad","persistentId":"4f011c8e-f226-492e-bddb-0a738769ecac","__parent":"auto_repair_zone","position":[767.287598,-177.921188,144.304901],"improvedSpline":true,"material":"line_white_damage_01","nodes":[[767.287598,-177.921188,144.304901,0.200000003],[769.586365,-171.494415,144.304901,0.200000003]],"renderPriority":2,"startEndFade":[0.200000003,0],"textureLength":6}
{"class":"DecalRoad","persistentId":"515d406a-a090-4675-8678-080c3d35ab21","__parent":"auto_repair_zone","position":[778.440796,-175.795349,144.304901],"improvedSpline":true,"material":"line_white_damage_01","nodes":[[778.440796,-175.795349,144.304901,0.200000003],[780.5495,-170.150589,144.304901,0.200000003]],"renderPriority":2,"startEndFade":[0.300000012,0.100000001],"textureLength":6}
{"class":"DecalRoad","persistentId":"53070f91-d2ff-4ce0-be7a-379e137ddfc0","__parent":"auto_repair_zone","position":[749.855957,-152.958664,144.304901],"improvedSpline":true,"material":"line_white_damage_01","nodes":[[749.855957,-152.958664,144.304901,0.200000003],[755.238403,-152.043457,144.304901,0.200000003]],"renderPriority":2,"startEndFade":[0.200000003,0.100000001],"textureLength":6}
{"class":"DecalRoad","persistentId":"563b4b77-e9f7-4d63-9235-0cc06ef1ae53","__parent":"auto_repair_zone","position":[783.892334,-124.869286,144.304901],"improvedSpline":true,"material":"line_white_damage_01","nodes":[[783.892334,-124.869286,144.304901,0.200000003],[779.195312,-125.670776,144.304901,0.200000003]],"renderPriority":2,"startEndFade":[0.300000012,0],"textureLength":6}
{"class":"DecalRoad","persistentId":"5836523b-1fbc-4292-805a-3b2dab366508","__parent":"auto_repair_zone","position":[846.630005,-261.332855,144.176727],"improvedSpline":true,"material":"AsphaltRoad_variation_01","nodes":[[846.630005,-261.332855,144.176727,4],[841.568665,-248.769058,144.079041,4],[831.701477,-233.80632,144.295746,4],[826.292969,-213.550827,144.304901,4],[822.218384,-183.811157,144.304901,4],[823.630493,-161.005615,144.304901,4]],"renderPriority":5,"startEndFade":[5,5],"textureLength":40}
{"class":"DecalRoad","persistentId":"5de15561-be4c-4b0d-89a6-e7060dde56d4","__parent":"auto_repair_zone","position":[769.60022,-178.467865,144.304901],"breakAngle":5,"distanceFade":[100,50],"improvedSpline":true,"material":"AsphaltRoad_variation_01","nodes":[[769.60022,-178.467865,144.304901,6],[776.223389,-159.184814,144.304901,6],[789.880371,-146.674423,144.304901,6]],"renderPriority":3,"startEndFade":[15,15],"textureLength":110}
{"class":"DecalRoad","persistentId":"65039b4e-482d-443f-a208-078848cd9839","__parent":"auto_repair_zone","position":[784.893616,-130.64827,144.304901],"improvedSpline":true,"material":"line_white_damage_01","nodes":[[784.893616,-130.64827,144.304901,0.200000003],[780.368042,-131.451096,144.304901,0.200000003]],"renderPriority":2,"startEndFade":[0.200000003,0.100000001],"textureLength":6}
{"class":"DecalRoad","persistentId":"66108221-6ec0-475a-b352-adc3dc3957ca","__parent":"auto_repair_zone","position":[816.419189,-142.160553,144.304901],"improvedSpline":true,"material":"AsphaltRoad_variation_01","nodes":[[816.419189,-142.160553,144.304901,4],[827.198242,-139.293106,144.563171,4],[831.430725,-132.550583,144.62204,4],[829.128296,-119.668068,144.781586,4]],"renderPriority":5,"startEndFade":[5,5],"textureLength":40}
{"class":"DecalRoad","persistentId":"6a37b102-71d9-4f42-8544-5434fb049448","__parent":"auto_repair_zone","position":[785.42804,-133.660873,144.304901],"improvedSpline":true,"material":"line_white_damage_01","nodes":[[785.42804,-133.660873,144.304901,0.200000003],[781.011963,-134.39183,144.304901,0.200000003]],"renderPriority":2,"startEndFade":[1,0],"textureLength":6}
{"class":"DecalRoad","persistentId":"6b28c089-06a1-44b5-b943-b7d29d444bdb","__parent":"auto_repair_zone","position":[775.041077,-176.337494,144.304901],"improvedSpline":true,"material":"line_white_damage_01","nodes":[[775.041077,-176.337494,144.304901,0.200000003],[777.161804,-170.488861,144.304901,0.200000003]],"renderPriority":2,"startEndFade":[0.5,0],"textureLength":6}
{"class":"DecalRoad","persistentId":"6b6200a8-e181-4451-b05f-4d49e8b87bed","__parent":"auto_repair_zone","position":[839.781799,-237.059555,144.297821],"improvedSpline":true,"material":"utah_asphalt_road_dirt_edge","nodes":[[839.781799,-237.059555,144.297821,1],[840.801575,-234.63475,144.167679,1],[840.504944,-226.150162,144.125504,1],[839.897339,-222.37674,144.139832,1],[839.177856,-215.908188,144.146362,1],[838.357666,-209.194946,144.153183,1],[837.286072,-201.47438,144.174316,1],[835.361267,-189.644424,144.189865,1],[832.609924,-174.079742,144.251892,1],[831.523987,-167.720032,144.285385,1],[829.578857,-166.681961,144.26947,1]],"renderPriority":7,"startEndFade":[1,1],"textureLength":6}
{"class":"DecalRoad","persistentId":"712c88f2-7924-416f-9405-8ff70a66d3dc","__parent":"auto_repair_zone","position":[825.773682,-153.080154,144.304901],"improvedSpline":true,"material":"line_white_damage_01","nodes":[[825.773682,-153.080154,144.304901,0.5],[829.476013,-149.396088,144.456787,0.5]],"renderPriority":2,"startEndFade":[0.100000001,0.100000001],"textureLength":8}
{"class":"DecalRoad","persistentId":"77198fc5-6f10-4ed3-97c5-756af0a1bba6","__parent":"auto_repair_zone","position":[781.276672,-108.720367,144.304901],"improvedSpline":true,"material":"line_white_damage_01","nodes":[[781.276672,-108.720367,144.304901,0.200000003],[776.225586,-109.583176,144.304901,0.200000003]],"renderPriority":2,"startEndFade":[0.300000012,0],"textureLength":6}
{"class":"DecalRoad","persistentId":"7956e48b-1edc-47b6-9712-dc7f2a56c217","__parent":"auto_repair_zone","position":[751.621277,-162.626175,144.304901],"improvedSpline":true,"material":"line_white_damage_01","nodes":[[751.621277,-162.626175,144.304901,0.200000003],[756.834106,-161.694839,144.304901,0.200000003]],"renderPriority":2,"startEndFade":[0.300000012,0.100000001],"textureLength":6}
{"class":"DecalRoad","persistentId":"79b9faf4-9748-44aa-b3d6-0f6f30df5778","__parent":"auto_repair_zone","position":[814.491089,-143.408188,144.304901],"improvedSpline":true,"material":"AsphaltRoad_variation_01","nodes":[[814.491089,-143.408188,144.304901,4],[817.394165,-162.409897,144.304901,4]],"renderPriority":5,"startEndFade":[5,5],"textureLength":40}
{"class":"DecalRoad","persistentId":"79fa7366-fe50-41d1-8404-636c0c05de9e","__parent":"auto_repair_zone","position":[836.277832,-172.4534,144.305191],"improvedSpline":true,"material":"AsphaltRoad_variation_01","nodes":[[836.277832,-172.4534,144.305191,4],[829.551086,-160.711044,144.297363,4],[812.507141,-162.019211,144.304901,4],[808.397705,-147.055817,144.304901,4],[818.314697,-141.235626,144.304901,4],[826.735779,-141.502029,144.507202,4],[832.689758,-152.359024,144.438934,4]],"renderPriority":5,"startEndFade":[5,5],"textureLength":40}
{"class":"DecalRoad","persistentId":"7ece8f6f-ed48-40a5-a273-f1deef464bc9","__parent":"auto_repair_zone","position":[802.992065,-173.449539,144.304901],"improvedSpline":true,"material":"AsphaltRoad_variation_01","nodes":[[802.992065,-173.449539,144.304901,4],[813.423218,-169.627075,144.304901,4],[820.538452,-161.950378,144.304901,4],[823.589905,-141.587494,144.306152,4]],"renderPriority":5,"startEndFade":[5,5],"textureLength":40}
{"class":"DecalRoad","persistentId":"832045b9-c7ef-422e-8593-17d25e0e3b5a","__parent":"auto_repair_zone","position":[782.841248,-118.775864,144.304901],"improvedSpline":true,"material":"line_white_damage_01","nodes":[[782.841248,-118.775864,144.304901,0.200000003],[778.024048,-119.539238,144.304901,0.200000003]],"renderPriority":2,"startEndFade":[0.200000003,0.100000001],"textureLength":6}
{"class":"DecalRoad","persistentId":"8525126d-bf41-423e-80c8-fa6ea77fbb8c","__parent":"auto_repair_zone","position":[781.859619,-112.22081,144.304901],"improvedSpline":true,"material":"line_white_damage_01","nodes":[[781.859619,-112.22081,144.304901,0.200000003],[776.891113,-113.034286,144.304901,0.200000003]],"renderPriority":2,"startEndFade":[0.300000012,0.100000001],"textureLength":6}
{"class":"DecalRoad","persistentId":"89067b89-ebf9-4845-b766-2551433f1746","__parent":"auto_repair_zone","position":[824.182617,-152.445541,144.304901],"improvedSpline":true,"material":"line_white_damage_01","nodes":[[824.182617,-152.445541,144.304901,0.5],[829.048157,-147.442886,144.483795,0.5]],"renderPriority":2,"startEndFade":[0.100000001,0.100000001],"textureLength":8}
{"class":"DecalRoad","persistentId":"9191365c-eb2f-4f08-834e-305f3e2eaf79","__parent":"auto_repair_zone","position":[753.839172,-160.676056,144.304901],"breakAngle":5,"distanceFade":[100,50],"improvedSpline":true,"material":"AsphaltRoad_variation_01","nodes":[[753.839172,-160.676056,144.304901,6],[770.35614,-156.7612,144.304901,6],[783.366455,-150.072083,144.304901,6],[802.460449,-143.689377,144.304901,6]],"renderPriority":3,"startEndFade":[15,15],"textureLength":110}
{"class":"DecalRoad","persistentId":"9235be60-5af0-4db3-b48b-c55005a4cafb","__parent":"auto_repair_zone","position":[846.630005,-261.332855,144.176727],"improvedSpline":true,"material":"AsphaltRoad_variation_01","nodes":[[846.630005,-261.332855,144.176727,4],[841.568665,-248.769058,144.079041,4],[831.701477,-233.80632,144.295746,4],[826.292969,-213.550827,144.304901,4],[822.218384,-183.811157,144.304901,4],[823.630493,-161.005615,144.304901,4]],"renderPriority":5,"startEndFade":[5,5],"textureLength":40}
{"class":"DecalRoad","persistentId":"9a354058-e2b1-4379-8b32-ddf78a6ff353","__parent":"auto_repair_zone","position":[821.273987,-151.784897,144.304901],"improvedSpline":true,"material":"line_white_damage_01","nodes":[[821.273987,-151.784897,144.304901,0.200000003],[825.743225,-152.984375,144.304901,0.200000003],[830.778564,-155.63945,144.416962,0.200000003]],"renderPriority":2,"startEndFade":[0.100000001,0.100000001],"textureLength":6}
{"class":"DecalRoad","persistentId":"9ab27b99-30f7-4329-8e47-375e91c90e9e","__parent":"auto_repair_zone","position":[830.494934,-166.606522,144.252701],"improvedSpline":true,"material":"utah_asphalt_road_dirt_edge","nodes":[[830.494934,-166.606522,144.252701,1],[828.265015,-168.135284,144.304901,1],[827.172852,-173.940155,144.304901,1],[827.229858,-180.899612,144.304901,1],[828.579102,-187.430984,144.304901,1],[830.247742,-194.442184,144.304901,1],[831.721191,-201.838455,144.304901,1],[832.632629,-208.398605,144.304901,1],[832.846802,-213.734543,144.304901,1],[832.848206,-218.727463,144.295746,1],[833.991028,-224.60733,144.295746,1],[835.980225,-229.808105,144.295746,1],[838.840149,-235.726547,144.290543,1],[840.279358,-236.804565,144.269226,1]],"renderPriority":7,"startEndFade":[1,1],"textureLength":6}
{"class":"DecalRoad","persistentId":"a33a2718-4cb2-49ca-9833-de4c1d8e27ec","__parent":"auto_repair_zone","position":[782.330933,-115.555473,144.304901],"improvedSpline":true,"material":"line_white_damage_01","nodes":[[782.330933,-115.555473,144.304901,0.200000003],[777.517517,-116.352608,144.304901,0.200000003]],"renderPriority":2,"startEndFade":[0.200000003,0.100000001],"textureLength":6}
{"class":"DecalRoad","persistentId":"aa1b954b-4a72-4d53-a899-214d921efacf","__parent":"auto_repair_zone","position":[824.185181,-259.815674,143.711273],"improvedSpline":true,"material":"AsphaltRoad_variation_01","nodes":[[824.185181,-259.815674,143.711273,4],[833.214905,-245.78511,143.909485,4],[821.60675,-221.684769,144.304901,4],[813.068848,-188.074646,144.304901,4],[811.185059,-158.378403,144.304901,4]],"renderPriority":5,"startEndFade":[5,5],"textureLength":40}
{"class":"DecalRoad","persistentId":"aa7b2a0a-3a96-4c44-9188-8d3f5d879b39","__parent":"auto_repair_zone","position":[783.352905,-121.824799,144.304901],"improvedSpline":true,"material":"line_white_damage_01","nodes":[[783.352905,-121.824799,144.304901,0.200000003],[778.595764,-122.607231,144.304901,0.200000003]],"renderPriority":2,"startEndFade":[0.100000001,0.100000001],"textureLength":6}
{"class":"DecalRoad","persistentId":"b561ed70-317c-4ce5-86b4-3ee9662cc7c8","__parent":"auto_repair_zone","position":[807.978088,-198.34256,144.304901],"improvedSpline":true,"material":"AsphaltRoad_variation_01","nodes":[[807.978088,-198.34256,144.304901,4],[816.847351,-192.247345,144.304901,4],[822.675476,-172.881622,144.304901,4]],"renderPriority":5,"startEndFade":[5,5],"textureLength":40}
{"class":"DecalRoad","persistentId":"b63b908a-1ff6-4b1b-9b96-3174f772a4ea","__parent":"auto_repair_zone","position":[807.532471,-143.762054,144.304901],"improvedSpline":true,"material":"tread_marks_damaged_02","nodes":[[807.532471,-143.762054,144.304901,4],[809.016113,-152.996826,144.304901,4],[810.332581,-164.397827,144.304901,4]],"renderPriority":2,"startEndFade":[10,10],"textureLength":20}
{"class":"DecalRoad","persistentId":"b88770e3-22bb-4d51-a16c-ae2cc716dd91","__parent":"auto_repair_zone","position":[830.494934,-166.606522,144.252701],"improvedSpline":true,"material":"utah_asphalt_road_dirt_edge","nodes":[[830.494934,-166.606522,144.252701,1],[828.265015,-168.135284,144.304901,1],[827.172852,-173.940155,144.304901,1],[827.229858,-180.899612,144.304901,1],[828.579102,-187.430984,144.304901,1],[830.247742,-194.442184,144.304901,1],[831.721191,-201.838455,144.304901,1],[832.632629,-208.398605,144.304901,1],[832.846802,-213.734543,144.304901,1],[832.848206,-218.727463,144.295746,1],[833.991028,-224.60733,144.295746,1],[835.980225,-229.808105,144.295746,1],[838.840149,-235.726547,144.290543,1],[840.279358,-236.804565,144.269226,1]],"renderPriority":7,"startEndFade":[1,1],"textureLength":6}
{"class":"DecalRoad","persistentId":"c44028af-a0fd-4376-a1f1-2f609484994d","__parent":"auto_repair_zone","position":[806.868347,-161.270767,144.304901],"improvedSpline":true,"material":"tread_marks_damaged_02","nodes":[[806.868347,-161.270767,144.304901,4],[805.624023,-153.488556,144.304901,4]],"renderPriority":2,"startEndFade":[2,5],"textureLength":20}
{"class":"DecalRoad","persistentId":"ca2cf636-92c3-4dc6-91a7-d7ccb4841eea","__parent":"auto_repair_zone","position":[822.000732,-161.271561,144.304901],"improvedSpline":true,"material":"AsphaltRoad_variation_01","nodes":[[822.000732,-161.271561,144.304901,4],[830.45459,-159.233246,144.372971,4],[835.660706,-150.305161,144.449631,4],[832.171143,-132.984131,144.615814,4]],"renderPriority":5,"startEndFade":[5,5],"textureLength":40}
{"class":"DecalRoad","persistentId":"cb6f6a7c-4169-4cc8-9433-bea97dc6604b","__parent":"auto_repair_zone","position":[836.277832,-172.4534,144.305191],"improvedSpline":true,"material":"AsphaltRoad_variation_01","nodes":[[836.277832,-172.4534,144.305191,4],[829.551086,-160.711044,144.297363,4],[812.507141,-162.019211,144.304901,4],[808.397705,-147.055817,144.304901,4],[818.314697,-141.235626,144.304901,4],[826.735779,-141.502029,144.507202,4],[832.689758,-152.359024,144.438934,4]],"renderPriority":5,"startEndFade":[5,5],"textureLength":40}
{"class":"DecalRoad","persistentId":"cdfd5074-4a40-47e4-8b0e-9acbc65db50b","__parent":"auto_repair_zone","position":[808.551392,-204.842102,144.304901],"improvedSpline":true,"material":"AsphaltRoad_variation_01","nodes":[[808.551392,-204.842102,144.304901,4],[820.117859,-207.859619,144.304901,4],[825.295288,-221.027145,144.304901,4],[831.549316,-239.048065,144.233459,4],[838.752136,-246.78511,143.958618,4],[847.766541,-242.114532,144.16452,4],[848.774963,-228.324829,144.16452,4]],"renderPriority":5,"startEndFade":[5,5],"textureLength":40}
{"class":"DecalRoad","persistentId":"d5844617-34d8-466f-a5a2-ccade7de7eff","__parent":"auto_repair_zone","position":[827.416382,-153.787552,144.311203],"improvedSpline":true,"material":"line_white_damage_01","nodes":[[827.416382,-153.787552,144.311203,0.5],[829.809753,-151.245346,144.443481,0.5]],"renderPriority":2,"startEndFade":[0.100000001,0.100000001],"textureLength":8}
{"class":"DecalRoad","persistentId":"dabe0926-334b-474e-8de1-34b07b8001dd","__parent":"auto_repair_zone","position":[807.978088,-198.34256,144.304901],"improvedSpline":true,"material":"AsphaltRoad_variation_01","nodes":[[807.978088,-198.34256,144.304901,4],[816.847351,-192.247345,144.304901,4],[822.675476,-172.881622,144.304901,4]],"renderPriority":5,"startEndFade":[5,5],"textureLength":40}
{"class":"DecalRoad","persistentId":"e25f56a0-594e-4c07-bf8f-47310d30f413","__parent":"auto_repair_zone","position":[817.574768,-140.816071,144.304901],"improvedSpline":true,"material":"AsphaltRoad_variation_01","nodes":[[817.574768,-140.816071,144.304901,4],[794.694092,-145.072678,144.304901,4],[780.271545,-146.837799,144.304901,4],[767.99408,-145.080826,144.304901,4],[750.664062,-148.139374,144.304901,4]],"renderPriority":5,"startEndFade":[5,5],"textureLength":40}
{"class":"DecalRoad","persistentId":"e36393c3-3ae9-4f85-8c4d-a6f5f3a6e798","__parent":"auto_repair_zone","position":[814.491089,-143.408188,144.304901],"improvedSpline":true,"material":"AsphaltRoad_variation_01","nodes":[[814.491089,-143.408188,144.304901,4],[817.394165,-162.409897,144.304901,4]],"renderPriority":5,"startEndFade":[5,5],"textureLength":40}
{"class":"DecalRoad","persistentId":"e3cdd4bb-63fc-496c-a60c-f8ed644eff52","__parent":"auto_repair_zone","position":[819.269043,-164.865311,144.304901],"improvedSpline":true,"material":"tread_marks_damaged_02","nodes":[[819.269043,-164.865311,144.304901,4],[816.354187,-157.365189,144.304901,4],[814.206848,-145.036758,144.304901,4]],"renderPriority":2,"startEndFade":[10,10],"textureLength":20}
{"class":"DecalRoad","persistentId":"e98cdcef-ed44-4ec8-af1c-9b762f3fcc4e","__parent":"auto_repair_zone","position":[831.06311,-252.055984,143.904785],"breakAngle":1,"distanceFade":[400,200],"improvedSpline":true,"material":"AsphaltRoad_damage_large_cracks_decal","nodes":[[831.06311,-252.055984,143.904785,2],[826.271423,-256.458923,143.761383,2]],"renderPriority":2,"startEndFade":[2,2],"textureLength":8}
{"class":"DecalRoad","persistentId":"f046535f-70c1-47f6-b050-a282ad65a58b","__parent":"auto_repair_zone","position":[789.485291,-154.206818,144.304901],"improvedSpline":true,"material":"utah_asphalt_road_dirt_edge","nodes":[[789.485291,-154.206818,144.304901,1],[784.452881,-167.523193,144.304901,1],[782.019165,-175.299759,144.304901,1],[776.440186,-176.569901,144.304901,1],[771.222229,-177.593369,144.304901,1],[764.366455,-178.817459,144.304901,1],[763.290161,-177.651932,144.304901,1],[765.458618,-171.623795,144.304901,1],[764.471985,-170.628815,144.304901,1],[757.634827,-171.822098,144.304901,1],[752.962219,-172.289734,144.304901,1],[751.756775,-166.440872,144.304901,1],[750.122498,-156.692825,144.304901,1],[746.222412,-133.393066,144.304901,1],[743.293518,-116.551697,144.304901,1]],"renderPriority":7,"smoothness":0.25,"startEndFade":[1,1],"textureLength":6}
{"class":"DecalRoad","persistentId":"f75cc178-35ba-4494-b8eb-a4242694ba7d","__parent":"auto_repair_zone","position":[813.125916,-159.367905,144.304901],"improvedSpline":true,"material":"tread_marks_damaged_02","nodes":[[813.125916,-159.367905,144.304901,4],[811.165588,-146.215088,144.304901,4]],"renderPriority":2,"startEndFade":[5,5],"textureLength":20}
{"class":"DecalRoad","persistentId":"e22dc627-8b88-40c1-b231-d7e44459a025","__parent":"auto_repair_zone","position":[781.053772,-116.921089,144.304901],"breakAngle":5,"distanceFade":[100,50],"improvedSpline":true,"material":"AsphaltRoad_variation_01","nodes":[[781.053772,-116.921089,144.304901,6],[772.914124,-123.219124,144.304901,6],[777.414246,-140.679932,144.304901,6],[791.551636,-147.907593,144.304901,6]],"renderPriority":3,"startEndFade":[15,15],"textureLength":110}
{"class":"DecalRoad","persistentId":"0df3d536-97f0-4e30-b640-716c4245f1c5","__parent":"auto_repair_zone","position":[821.30249,-151.776047,144.304901],"improvedSpline":true,"material":"line_white_damage_01","nodes":[[821.30249,-151.776047,144.304901,0.200000003],[825.557373,-148.651855,144.310425,0.200000003],[828.620667,-145.360947,144.497498,0.200000003]],"renderPriority":2,"startEndFade":[0.100000001,0.100000001],"textureLength":6}
{"class":"DecalRoad","persistentId":"84f9726e-3b23-409a-b002-f98f878ed743","__parent":"auto_repair_zone","position":[822.570007,-152.064667,144.304901],"improvedSpline":true,"material":"line_white_damage_01","nodes":[[822.570007,-152.064667,144.304901,0.5],[828.676941,-145.465561,144.497131,0.5]],"renderPriority":2,"startEndFade":[0.100000001,0.100000001],"textureLength":8}
