{"name":"fuel_canyon_auto_pump_icon_1","class":"BeamNGPointOfInterest","persistentId":"777e0895-75b3-4190-8adc-8fe7756722da","__parent":"pumps_canyon_auto","position":[809.606812,-150.132904,146.004852]}
{"name":"fuel_canyon_auto_pump_icon_2","class":"BeamNGPointOfInterest","persistentId":"17851490-375b-4640-9565-0464c7cd7b90","__parent":"pumps_canyon_auto","position":[810.982422,-157.822906,146.004852]}
{"name":"fuel_canyon_auto_pump_area_1","class":"BeamNGGameplayArea","persistentId":"65f083fb-40ab-42b3-bfb8-d19f8b07c6e7","__parent":"pumps_canyon_auto","position":[809.699646,-150.098434,144.504852],"rotationMatrix":[0.98743403,0.158031881,0,-0.158031881,0.98743403,0,0,0,1],"scale":[1.75,0.338101268,1]}
{"name":"fuel_canyon_auto_pump_area_2","class":"BeamNGGameplayArea","persistentId":"9342c4c0-fbba-48e0-a430-5e820aadb98c","__parent":"pumps_canyon_auto","position":[810.937866,-157.835022,144.504852],"rotationMatrix":[0.98743403,0.158031881,0,-0.158031881,0.98743403,0,0,0,1],"scale":[1.75,0.338101268,1]}
