{"name":"Ocean","class":"WaterPlane","persistentId":"3d686003-49c8-4dc4-a2e3-bcaf46197014","__parent":"sea","position":[0,0,8.92973042],"Foam":[{"foamDir":[0,1],"foamOpacity":null,"foamSpeed":0.00999999978,"foamTexScale":null},{"foamDir":[0,-1],"foamOpacity":5,"foamSpeed":0.00999999978,"foamTexScale":[4,4]}],"Ripples (texture animation)":[{"rippleDir":[0,-1],"rippleMagnitude":0.5,"rippleSpeed":0.00800000038,"rippleTexScale":[10,10]},{"rippleDir":[0.707000017,0.707000017],"rippleMagnitude":0.5,"rippleSpeed":0.0500000007,"rippleTexScale":[2,2]},{"rippleDir":[-0.5,0.860000014],"rippleMagnitude":0.349999994,"rippleSpeed":0.00300000003,"rippleTexScale":[120,120]}],"Waves (vertex undulation)":[{"waveDir":[0,1],"waveMagnitude":0.5,"waveSpeed":2},{"waveDir":[-0.707000017,-0.707000017],"waveMagnitude":0.104999997,"waveSpeed":1},{"waveDir":[0.5,0.860000014],"waveMagnitude":0.100000001,"waveSpeed":2}],"baseColor":[40,197,254,255],"clarity":0.25,"cubemap":"cubemap_ocean_reflection","depthGradientMax":5,"depthGradientTex":"levels/east_coast_usa/art/water/depthcolor_ramp.dds","distortEndDist":15,"distortFullDepth":5,"foamAmbientLerp":1,"foamMaxDepth":0.75,"foamRippleInfluence":0.00499999989,"foamTex":"core/art/water/foam.dds","fresnelBias":-0.5,"fresnelPower":0.200000003,"fullReflect":false,"gridElementSize":0.800000012,"gridSize":220,"overallFoamOpacity":3.5,"overallRippleMagnitude":0.200000003,"overallWaveMagnitude":0.100000001,"reflectDetailAdjust":0,"reflectMaxRateMs":1,"rippleTex":"levels/east_coast_usa/art/water/ripple3.dds","specularPower":1000,"underwaterColor":[180,223,254,240],"viscosity":0.00100000005,"waterFogDensity":0.400000006,"waterFogDensityOffset":0.100000001,"wetDarkening":0.300000012,"wetDepth":0.5}
