{"name":"spawn_blue","class":"SpawnSphere","persistentId":"0ddc44a9-b383-4b26-aa6d-98e8ab92c077","__parent":"PlayerDropPoints","position":[-367.649719,404.016083,51.6677322],"dataBlock":"SpawnSphereMarker","radius":1,"rotationMatrix":[-0.479430288,-0.877579808,-1.15505827e-09,0.877579927,-0.479430228,-0.00069053343,0.000605998794,-0.000331064512,0.999999762],"spawnClass":"Player","sphereWeight":"1"}
{"name":"spawn_green","class":"SpawnSphere","persistentId":"1af8cf5c-da7f-4eed-a57d-c812755435d5","__parent":"PlayerDropPoints","position":[275.430664,1033.58691,60.0102081],"dataBlock":"SpawnSphereMarker","radius":1,"rotationMatrix":[5.96046448e-08,1,2.38080393e-05,-0.999999762,5.96046448e-08,-0.000666725857,-0.000666725857,-2.38079811e-05,0.999999762],"spawnClass":"Player","sphereWeight":"1"}
{"name":"spawn_joe","class":"SpawnSphere","persistentId":"31df6dc3-67e3-49ce-9875-14685dc91bca","__parent":"PlayerDropPoints","position":[-881.730774,593.500671,59.0935745],"dataBlock":"SpawnSphereMarker","radius":1,"rotationMatrix":[-0.293419689,0.955983937,2.38078828e-05,-0.955983698,-0.293419719,-0.00066672574,-0.000630393275,-0.000218390429,0.999999762],"spawnClass":"Player","sphereWeight":"1"}
{"name":"spawn_red","class":"SpawnSphere","persistentId":"349e87cf-059d-41c5-9594-64e47e467ab5","__parent":"PlayerDropPoints","position":[528.329773,-149.945892,55.5161858],"dataBlock":"SpawnSphereMarker","enabled":"1","homingCount":"0","indoorWeight":"1","isAIControlled":"0","lockCount":"0","outdoorWeight":"1","radius":1,"rotationMatrix":[-0.642033517,0.766676545,0,-0.766676545,-0.642033517,0,0,0,1],"scale":[1.23643112,1,1],"sphereWeight":"1"}
{"name":"spawn_mwm","class":"SpawnSphere","persistentId":"51effc0b-40cc-4efd-b1a4-4cf820ec9bec","__parent":"PlayerDropPoints","position":[88.4076614,-560.387146,62.7752724],"dataBlock":"SpawnSphereMarker","radius":1,"rotationMatrix":[-0.750145316,-0.661273062,-1.8189894e-12,0.661273062,-0.750145078,-0.000690533663,0.000456631766,-0.000518000626,0.999999762],"spawnClass":"Player","sphereWeight":"1"}
{"name":"spawn_new","class":"SpawnSphere","persistentId":"ba052e76-c63a-4a02-b5c1-c42414c18434","__parent":"PlayerDropPoints","position":[800.588379,-248.313309,59.2042236],"dataBlock":"SpawnSphereMarker","enabled":"1","homingCount":"0","indoorWeight":"1","isAIControlled":"0","lockCount":"0","outdoorWeight":"1","radius":1,"rotationMatrix":[-0.905076623,0.425248951,0,-0.425248951,-0.905076623,0,0,0,1],"scale":[1.23643112,1,1],"sphereWeight":"1"}
