{"name":"hookup_open","class":"SimGroup","persistentId":"0633788c-8fe8-40c5-b489-b0af76603736","__parent":"campsite"}
{"name":"camp_barrier","class":"SimGroup","persistentId":"3af97baf-9731-4afb-ad63-b2b82c209cdc","__parent":"campsite"}
{"name":"hookup_closed","class":"SimGroup","persistentId":"e07bdda6-549b-43a0-a7ae-1bab5e5a8222","__parent":"campsite"}
{"class":"TSStatic","persistentId":"06943777-5fe5-4bb7-b0c3-5d025936f9b9","__parent":"campsite","position":[636.772766,-592.136475,139.204742],"annotation":"OBSTACLES","isRenderEnabled":false,"rotationMatrix":[0.995506525,0.0946845487,0,-0.0946845487,0.995506525,0,0,0,1],"shapeName":"/levels/utah/art/shapes/buildings/ut_tent_b.DAE"}
{"class":"TSStatic","persistentId":"0baafa81-db07-4030-8db2-f3b8275032a6","__parent":"campsite","position":[520.18103,-476.489655,135.1026],"annotation":"OBSTACLES","isRenderEnabled":false,"shapeName":"/levels/utah/art/shapes/buildings/ut_big_BBQ.DAE"}
{"class":"TSStatic","persistentId":"0bcdb8a2-a37c-4a88-b78c-e6c5ea029abe","__parent":"campsite","position":[555.400452,-597.320923,135.443848],"isRenderEnabled":false,"rotationMatrix":[-0.381683469,0.923562467,0.0367314331,-0.894333065,-0.358983696,-0.267017752,-0.233421564,-0.134766251,0.96299094],"shapeName":"/levels/utah/art/shapes/clutter/clutter_workshop_broom.dae"}
{"class":"TSStatic","persistentId":"0f49e4f7-a646-4455-8a29-4a8c47fb7a48","__parent":"campsite","position":[628.466492,-592.377319,139.291687],"annotation":"BUILDINGS","isRenderEnabled":false,"rotationMatrix":[0.385600209,0.922665894,0,-0.922665894,0.385600209,0,0,0,1],"shapeName":"/levels/utah/art/shapes/buildings/ut_BBQ_roof_b.DAE"}
{"class":"TSStatic","persistentId":"125f75a9-f730-4fee-8358-d25387a12128","__parent":"campsite","position":[649.903137,-543.671875,139.201721],"annotation":"OBSTACLES","isRenderEnabled":false,"rotationMatrix":[-0.388459831,-0.921466112,0,0.921466112,-0.388459831,0,0,0,1],"shapeName":"/levels/utah/art/shapes/buildings/ut_wood_pile.DAE"}
{"class":"TSStatic","persistentId":"12dca014-1f5e-4d2e-815f-9be3ef6cd973","__parent":"campsite","position":[559.527344,-585.644897,135.149765],"annotation":"OBSTACLES","isRenderEnabled":false,"rotationMatrix":[0.258818984,-0.965925515,0,0.965925515,0.258818984,0,0,0,1],"shapeName":"/levels/utah/art/shapes/buildings/ut_lampost_camp.DAE"}
{"class":"TSStatic","persistentId":"1442ed6c-3674-477c-9cd9-80461eefcb77","__parent":"campsite","position":[598.231934,-594.443237,135.184998],"annotation":"OBSTACLES","isRenderEnabled":false,"shapeName":"/levels/utah/art/shapes/buildings/ut_big_BBQ.DAE"}
{"class":"TSStatic","persistentId":"15f93470-3854-462d-b577-c5a8f3342c9d","__parent":"campsite","position":[505.687714,-502.186188,135.276962],"annotation":"BUILDINGS","isRenderEnabled":false,"rotationMatrix":[-0.608877897,-0.793264687,0,0.793264687,-0.608877897,0,0,0,1],"shapeName":"/levels/utah/art/shapes/buildings/ut_BBQ_roof_b.DAE"}
{"class":"TSStatic","persistentId":"18a947ce-2dac-4f74-995c-f484e0703fd5","__parent":"campsite","position":[599.968384,-567.552734,135.149765],"annotation":"OBSTACLES","isRenderEnabled":false,"rotationMatrix":[-0.965925336,-0.258818477,0,0.258818477,-0.965925336,0,0,0,1],"shapeName":"/levels/utah/art/shapes/buildings/ut_lampost_camp.DAE"}
{"class":"TSStatic","persistentId":"1f9f0656-e17e-478a-be1e-a2ae621986fd","__parent":"campsite","position":[633.363098,-518.886902,135.206192],"annotation":"BUILDINGS","isRenderEnabled":false,"rotationMatrix":[-0.989138901,0.14698267,0,-0.14698267,-0.989138901,0,0,0,1],"shapeName":"/levels/utah/art/shapes/buildings/ut_caravan_a.DAE"}
{"class":"TSStatic","persistentId":"1fcb2d44-a38c-4eba-9454-ef72e0fb8f41","__parent":"campsite","position":[635.215576,-565.711548,138.907761],"annotation":"OBSTACLES","isRenderEnabled":false,"rotationMatrix":[-0.99995631,-0.0092916945,0,0.0092916945,-0.99995631,0,0,0,1],"shapeName":"/levels/utah/art/shapes/buildings/ut_lampost_camp.DAE"}
{"class":"TSStatic","persistentId":"2929f92e-015e-412d-91b3-892bbfd18715","__parent":"campsite","position":[639.275208,-589.345398,139.201141],"annotation":"OBSTACLES","isRenderEnabled":false,"rotationMatrix":[0.946432352,-0.322902083,0,0.322902083,0.946432352,0,0,0,1],"shapeName":"/levels/utah/art/shapes/buildings/ut_camp_chair.DAE"}
{"class":"TSStatic","persistentId":"2e7f7b84-472a-479d-8510-1528b8085ab8","__parent":"campsite","position":[659.053772,-573.079346,139.199158],"annotation":"OBSTACLES","isRenderEnabled":false,"rotationMatrix":[0.963294089,-0.268442303,0,0.268442303,0.963294089,0,0,0,1],"shapeName":"/levels/utah/art/shapes/buildings/ut_lampost_camp.DAE"}
{"class":"TSStatic","persistentId":"32bfdb15-3bf0-4ac5-8215-4198a4ea2450","__parent":"campsite","position":[548.428101,-437.483887,137.267319],"annotation":"OBSTACLES","isRenderEnabled":false,"rotationMatrix":[-0.969740629,0.244136125,0,-0.244136125,-0.969740629,0,0,0,1],"shapeName":"/levels/utah/art/shapes/buildings/ut_wood_pile.DAE"}
{"class":"TSStatic","persistentId":"374b04e5-52a1-4173-ba2d-c614446d928b","__parent":"campsite","position":[597.818298,-595.053894,135.20256],"annotation":"OBSTACLES","isRenderEnabled":false,"rotationMatrix":[-0.522447884,0.852671325,0,-0.852671325,-0.522447884,0,0,0,1],"shapeName":"/levels/utah/art/shapes/buildings/ut_wood_pile.DAE"}
{"class":"TSStatic","persistentId":"3d989e98-1db0-42f4-bd30-64d4f07302c4","__parent":"campsite","position":[522.708801,-487.256592,135.204834],"annotation":"OBSTACLES","isRenderEnabled":false,"rotationMatrix":[-0.999990761,0.00421514083,0,-0.00421514083,-0.999990761,0,0,0,1],"shapeName":"/levels/utah/art/shapes/buildings/ut_camp_chair.DAE"}
{"class":"TSStatic","persistentId":"43f30ad8-5c51-4866-aa37-e2ac282f1d61","__parent":"campsite","position":[619.775818,-507.764496,136.183365],"annotation":"OBSTACLES","isRenderEnabled":false,"rotationMatrix":[0.707106709,0.707106292,0,-0.707106292,0.707106709,0,0,0,1],"shapeName":"/levels/utah/art/shapes/buildings/ut_lampost_camp.DAE"}
{"class":"TSStatic","persistentId":"47f4cd1c-6ac2-4f8a-a241-8e210221f4d1","__parent":"campsite","position":[585.272949,-536.907227,136.183365],"annotation":"OBSTACLES","isRenderEnabled":false,"rotationMatrix":[0.707106709,0.707106292,0,-0.707106292,0.707106709,0,0,0,1],"shapeName":"/levels/utah/art/shapes/buildings/ut_lampost_camp.DAE"}
{"class":"TSStatic","persistentId":"4ff4a79d-34a9-47be-b585-1149d8dd26fa","__parent":"campsite","position":[604.859253,-540.327332,135.20784],"annotation":"OBSTACLES","isRenderEnabled":false,"rotationMatrix":[-0.706671476,0.707541466,0,-0.707541466,-0.706671476,0,0,0,1],"shapeName":"/levels/utah/art/shapes/buildings/ut_tent_b.DAE"}
{"class":"TSStatic","persistentId":"50673a46-43ec-49bb-8cc8-69ac8865cd02","__parent":"campsite","position":[652.12262,-506.781952,136.183365],"annotation":"OBSTACLES","isRenderEnabled":false,"rotationMatrix":[0.860992789,-0.508614421,0,0.508614421,0.860992789,0,0,0,1],"shapeName":"/levels/utah/art/shapes/buildings/ut_lampost_camp.DAE"}
{"class":"TSStatic","persistentId":"527fc254-b653-4461-9f78-fc13e7d407d2","__parent":"campsite","position":[679.284729,-534.359009,139.161774],"annotation":"OBSTACLES","isRenderEnabled":false,"rotationMatrix":[-0.491334498,0.870969176,0,-0.870969176,-0.491334498,0,0,0,1],"shapeName":"/levels/utah/art/shapes/buildings/ut_lampost_camp.DAE"}
{"class":"TSStatic","persistentId":"62e26d5e-b770-4a15-9adb-978871a69f10","__parent":"campsite","position":[649.049683,-539.689148,139.329468],"annotation":"BUILDINGS","isRenderEnabled":false,"rotationMatrix":[-0.583892703,-0.811833799,0,0.811833799,-0.583892703,0,0,0,1],"shapeName":"/levels/utah/art/shapes/buildings/ut_BBQ_roof_a.DAE"}
{"class":"TSStatic","persistentId":"66e2a80e-0b89-40d3-a499-45cb3a152d77","__parent":"campsite","position":[598.753601,-595.768188,135.190094],"annotation":"OBSTACLES","isRenderEnabled":false,"rotationMatrix":[0.22453548,-0.974465907,0,0.974465907,0.22453548,0,0,0,1],"shapeName":"/levels/utah/art/shapes/buildings/ut_camp_chair.DAE"}
{"class":"TSStatic","persistentId":"691605d2-f134-48bf-ae2d-78ed1c9d1ae9","__parent":"campsite","position":[635.589111,-576.599976,139.198761],"annotation":"OBSTACLES","isRenderEnabled":false,"rotationMatrix":[-0.0648081899,-0.997897983,0,0.997897983,-0.0648081899,0,0,0,1],"shapeName":"/levels/utah/art/shapes/buildings/ut_big_BBQ.DAE"}
{"class":"TSStatic","persistentId":"70b8139b-5965-471b-8ea5-3e004db18996","__parent":"campsite","position":[618.825378,-535.519836,135.328308],"annotation":"BUILDINGS","isRenderEnabled":false,"rotationMatrix":[0.886839986,-0.462078035,0,0.462078035,0.886839986,0,0,0,1],"shapeName":"/levels/utah/art/shapes/buildings/ut_BBQ_roof_b.DAE"}
{"class":"TSStatic","persistentId":"78d9e9a8-a9ba-4264-baa3-a1768940daf9","__parent":"campsite","position":[598.00824,-540.076111,135.303345],"annotation":"BUILDINGS","isRenderEnabled":false,"rotationMatrix":[-0.790500641,0.612463355,0,-0.612463355,-0.790500641,0,0,0,1],"shapeName":"/levels/utah/art/shapes/buildings/ut_BBQ_roof_a.DAE"}
{"class":"TSStatic","persistentId":"814e0290-e106-4d3b-a502-89ab916c1e89","__parent":"campsite","position":[599.447815,-594.936707,135.190094],"annotation":"OBSTACLES","isRenderEnabled":false,"rotationMatrix":[0.834833503,-0.550502658,0,0.550502598,0.834833503,0,0,0,1],"shapeName":"/levels/utah/art/shapes/buildings/ut_camp_chair.DAE"}
{"class":"TSStatic","persistentId":"82aa35f5-4029-4e1e-83bf-359c3c30d36e","__parent":"campsite","position":[618.366394,-524.218506,135.165298],"annotation":"OBSTACLES","isRenderEnabled":false,"rotationMatrix":[-0.533956528,0.845511436,0,-0.845511436,-0.533956528,0,0,0,1],"shapeName":"/levels/utah/art/shapes/buildings/ut_lampost_broke.DAE"}
{"class":"TSStatic","persistentId":"84c58322-a429-4f7b-873c-95bfe20bc8fc","__parent":"campsite","position":[601.688782,-540.359192,135.20256],"annotation":"OBSTACLES","isRenderEnabled":false,"rotationMatrix":[-0.817188263,-0.57637012,0,0.57637012,-0.817188263,0,0,0,1],"shapeName":"/levels/utah/art/shapes/buildings/ut_wood_pile.DAE"}
{"class":"TSStatic","persistentId":"8c4cec5b-6e95-42c0-a054-583d50200bd0","__parent":"campsite","position":[519.767395,-477.100342,135.120163],"annotation":"OBSTACLES","isRenderEnabled":false,"rotationMatrix":[-0.522447884,0.852671325,0,-0.852671325,-0.522447884,0,0,0,1],"shapeName":"/levels/utah/art/shapes/buildings/ut_wood_pile.DAE"}
{"class":"TSStatic","persistentId":"8d0e20a9-baed-4dd2-92be-9cf874635484","__parent":"campsite","position":[652.568726,-542.35321,139.198761],"annotation":"OBSTACLES","isRenderEnabled":false,"rotationMatrix":[-0.0648081899,-0.997897983,0,0.997897983,-0.0648081899,0,0,0,1],"shapeName":"/levels/utah/art/shapes/buildings/ut_big_BBQ.DAE"}
{"class":"TSStatic","persistentId":"8e13ab4d-5c4b-4a26-8d69-c20e03f37b25","__parent":"campsite","position":[667.896606,-503.674835,136.19693],"annotation":"BUILDINGS","isRenderEnabled":false,"rotationMatrix":[0.840027809,0.542544544,0,-0.542544544,0.840027809,0,0,0,1],"shapeName":"/levels/utah/art/shapes/buildings/ut_BBQ_roof_b.DAE"}
{"class":"TSStatic","persistentId":"981637b2-378b-4e3c-bebf-1c8b768af597","__parent":"campsite","position":[521.438293,-488.756439,135.202927],"annotation":"OBSTACLES","isRenderEnabled":false,"rotationMatrix":[0.477564216,-0.878596783,0,0.878596902,0.477564275,0,0,0,1],"shapeName":"/levels/utah/art/shapes/buildings/ut_tent_a.DAE"}
{"class":"TSStatic","persistentId":"98d93e8d-deb6-45c3-ac50-1f08d34532e4","__parent":"campsite","position":[572.513123,-568.996826,135.149582],"annotation":"OBSTACLES","isRenderEnabled":false,"rotationMatrix":[0.394106776,0.919064522,0,-0.919064522,0.394106776,0,0,0,1],"shapeName":"/levels/utah/art/shapes/buildings/ut_lampost_camp.DAE"}
{"class":"TSStatic","persistentId":"9e6eec29-fdd0-4d11-b861-6f77b6f5f145","__parent":"campsite","position":[624.261292,-549.355774,135.328308],"annotation":"BUILDINGS","isRenderEnabled":false,"rotationMatrix":[0.459995151,0.88792181,0,-0.88792181,0.459995151,0,0,0,1],"shapeName":"/levels/utah/art/shapes/buildings/ut_BBQ_roof_b.DAE"}
{"class":"TSStatic","persistentId":"a2609430-e10c-41b7-9cf5-9e381fd967f6","__parent":"campsite","position":[564.230347,-549.290894,134.552139],"annotation":"OBSTACLES","isRenderEnabled":false,"rotationMatrix":[0.572945356,0.819593608,0,-0.819593608,0.572945356,0,0,0,1],"shapeName":"/levels/utah/art/shapes/buildings/ut_campsite_entrance.DAE"}
{"class":"TSStatic","persistentId":"aa422cb2-aeeb-418d-b5b2-3c71bd3feee6","__parent":"campsite","position":[546.545166,-435.309906,137.268204],"annotation":"BUILDINGS","isRenderEnabled":false,"rotationMatrix":[-0.608877897,-0.793264687,0,0.793264687,-0.608877897,0,0,0,1],"shapeName":"/levels/utah/art/shapes/buildings/ut_BBQ_roof_b.DAE"}
{"class":"TSStatic","persistentId":"ac526eed-6527-4965-9777-c9cd9b2323e8","__parent":"campsite","position":[592.714783,-604.332581,135.149765],"annotation":"OBSTACLES","isRenderEnabled":false,"rotationMatrix":[-0.499999523,0.866024911,0,-0.866024911,-0.499999523,0,0,0,1],"shapeName":"/levels/utah/art/shapes/buildings/ut_lampost_camp.DAE"}
{"class":"TSStatic","persistentId":"aedd4259-443a-498f-a056-f7053437a2b9","__parent":"campsite","position":[638.734436,-588.316711,139.201141],"annotation":"OBSTACLES","isRenderEnabled":false,"rotationMatrix":[0.268629402,0.963243127,0,-0.963243127,0.268629342,0,0,0,1],"shapeName":"/levels/utah/art/shapes/buildings/ut_camp_chair.DAE"}
{"class":"TSStatic","persistentId":"af9e0984-09e2-4016-975d-de4ee461d9c6","__parent":"campsite","position":[602.186584,-591.81543,135.303345],"annotation":"BUILDINGS","isRenderEnabled":false,"rotationMatrix":[0.495672494,0.868511438,0,-0.868511438,0.495672494,0,0,0,1],"shapeName":"/levels/utah/art/shapes/buildings/ut_BBQ_roof_a.DAE"}
{"class":"TSStatic","persistentId":"ba40b8e8-fe27-4077-bbf2-bc0ac9571112","__parent":"campsite","position":[636.22467,-523.273682,135.18364],"annotation":"OBSTACLES","isRenderEnabled":false,"rotationMatrix":[-0.500000119,-0.86602515,0,0.86602515,-0.500000119,0,0,0,1],"shapeName":"/levels/utah/art/shapes/buildings/ut_camp_chair.DAE"}
{"class":"TSStatic","persistentId":"be95166d-f3df-4423-a511-6bef78d20691","__parent":"campsite","position":[638.812439,-590.324707,139.201141],"annotation":"OBSTACLES","isRenderEnabled":false,"rotationMatrix":[0.462345302,-0.886699975,0,0.886700034,0.462345302,0,0,0,1],"shapeName":"/levels/utah/art/shapes/buildings/ut_camp_chair.DAE"}
{"class":"TSStatic","persistentId":"c2b6f091-d93d-48f0-897c-88b6cd6042dd","__parent":"campsite","position":[634.737366,-521.830017,135.192352],"annotation":"OBSTACLES","isRenderEnabled":false,"shapeName":"/levels/Utah/art/shapes/buildings/ut_trash_bag.DAE"}
{"class":"TSStatic","persistentId":"c688abcb-84dc-4f5a-8e49-94e3aacf30cf","__parent":"campsite","position":[635.650269,-577.357361,139.201721],"annotation":"OBSTACLES","isRenderEnabled":false,"rotationMatrix":[0.94806844,-0.318067044,0,0.318067044,0.94806844,0,0,0,1],"shapeName":"/levels/utah/art/shapes/buildings/ut_wood_pile.DAE"}
{"class":"TSStatic","persistentId":"cb87c4cb-585d-4fc3-9110-2e769cd730ee","__parent":"campsite","position":[631.987305,-579.952576,139.29834],"annotation":"BUILDINGS","isRenderEnabled":false,"rotationMatrix":[-0.0657151043,-0.997841001,0,0.997841001,-0.0657151043,0,0,0,1],"shapeName":"/levels/utah/art/shapes/buildings/ut_BBQ_roof_a.DAE"}
{"class":"TSStatic","persistentId":"cf33d790-6236-467d-81fd-e5dc59cb83c0","__parent":"campsite","position":[603.639893,-543.200562,135.190094],"annotation":"OBSTACLES","isRenderEnabled":false,"rotationMatrix":[0.99753052,-0.0702344179,0,0.0702344179,0.99753052,0,0,0,1],"shapeName":"/levels/utah/art/shapes/buildings/ut_camp_chair.DAE"}
{"class":"TSStatic","persistentId":"d12c56d4-8476-4e4d-b764-f57a99cfda47","__parent":"campsite","position":[663.256226,-555.308289,139.291687],"annotation":"BUILDINGS","isRenderEnabled":false,"rotationMatrix":[0.385600209,0.922665894,0,-0.922665894,0.385600209,0,0,0,1],"shapeName":"/levels/utah/art/shapes/buildings/ut_BBQ_roof_b.DAE"}
{"class":"TSStatic","persistentId":"d183ef17-42c3-4d0d-995f-7f479222c224","__parent":"campsite","position":[559.186035,-605.432556,135.425003],"annotation":"BUILDINGS","isRenderEnabled":false,"rotationMatrix":[0.574232757,-0.818692088,0,0.818692088,0.574232757,0,0,0,1],"shapeName":"/levels/utah/art/shapes/buildings/ut_base_camp.DAE"}
{"class":"TSStatic","persistentId":"d96e7910-1bac-4679-aa2c-f9c8232d87ff","__parent":"campsite","position":[515.727844,-507.62207,135.206116],"annotation":"BUILDINGS","isRenderEnabled":false,"rotationMatrix":[0.99347657,0.114033848,0,-0.114033848,0.99347657,0,0,0,1],"shapeName":"/levels/utah/art/shapes/buildings/ut_caravan_a.DAE"}
{"class":"TSStatic","persistentId":"d9e5b8da-0fac-4106-92f5-0f7adb93aab1","__parent":"campsite","position":[598.108826,-600.308716,135.207275],"annotation":"OBSTACLES","isRenderEnabled":false,"rotationMatrix":[0.998295486,-0.0583790913,0,0.0583790913,0.998295486,0,0,0,1],"shapeName":"/levels/utah/art/shapes/buildings/ut_tent_a.DAE"}
{"class":"TSStatic","persistentId":"dedd6a17-734a-45d6-a734-fcd04760f3b5","__parent":"campsite","position":[635.354004,-522.63031,135.18364],"annotation":"OBSTACLES","isRenderEnabled":false,"rotationMatrix":[-0.959427416,-0.281957448,0,0.281957448,-0.959427416,0,0,0,1],"shapeName":"/levels/utah/art/shapes/buildings/ut_camp_chair.DAE"}
{"class":"TSStatic","persistentId":"e236a922-ba9a-4f4e-ab82-56a4b0201ee7","__parent":"campsite","position":[519.64801,-482.779175,135.271408],"annotation":"BUILDINGS","isRenderEnabled":false,"rotationMatrix":[0.478255808,-0.878221452,0,0.878221452,0.478255808,0,0,0,1],"shapeName":"/levels/utah/art/shapes/buildings/ut_BBQ_roof_a.DAE"}
{"class":"TSStatic","persistentId":"e3198be7-d026-44f9-acd1-39fabc23ad99","__parent":"campsite","position":[640.935547,-528.101807,135.203033],"annotation":"OBSTACLES","isRenderEnabled":false,"rotationMatrix":[0.998489857,0.0549211614,0,-0.0549211614,0.998489857,0,0,0,1],"shapeName":"/levels/utah/art/shapes/buildings/ut_tent_b.DAE"}
{"class":"TSStatic","persistentId":"e73637e2-a42d-4a08-a1d1-9ce023b49d40","__parent":"campsite","position":[602.091553,-542.389648,135.184998],"annotation":"OBSTACLES","isRenderEnabled":false,"shapeName":"/levels/utah/art/shapes/buildings/ut_big_BBQ.DAE"}
{"class":"TSStatic","persistentId":"ec517d64-09dc-444a-a270-08da887d4e92","__parent":"campsite","position":[645.438049,-519.679688,135.303345],"annotation":"BUILDINGS","isRenderEnabled":false,"rotationMatrix":[0.612463474,0.790500581,0,-0.790500581,0.612463474,0,0,0,1],"shapeName":"/levels/utah/art/shapes/buildings/ut_BBQ_roof_a.DAE"}
{"class":"TSStatic","persistentId":"ec5ae336-1b18-4db3-8f4d-7b39c359a0f4","__parent":"campsite","position":[582.993591,-574.994751,135.328308],"annotation":"BUILDINGS","isRenderEnabled":false,"rotationMatrix":[-0.953828573,-0.300352246,0,0.300352246,-0.953828573,0,0,0,1],"shapeName":"/levels/utah/art/shapes/buildings/ut_BBQ_roof_b.DAE"}
{"class":"TSStatic","persistentId":"ecab6059-2d86-4649-b9ac-765b2d356830","__parent":"campsite","position":[663.440369,-550.08728,139.207092],"annotation":"OBSTACLES","isRenderEnabled":false,"rotationMatrix":[-0.713216066,0.70094502,0,-0.70094502,-0.713216066,0,0,0,1],"shapeName":"/levels/utah/art/shapes/buildings/ut_tent_a.DAE"}
{"class":"TSStatic","persistentId":"f5f8623e-098a-44b8-b49c-a29fc9b66b98","__parent":"campsite","position":[523.27655,-486.576538,135.18924],"annotation":"OBSTACLES","isRenderEnabled":false,"rotationMatrix":[-0.840513349,0.541792274,0,-0.541792274,-0.840513229,0,0,0,1],"shapeName":"/levels/utah/art/shapes/buildings/ut_camp_chair.DAE"}
{"class":"TSStatic","persistentId":"f8f52ae9-4c73-4b6c-b95c-78bfa0c908a9","__parent":"campsite","position":[603.442383,-544.265442,135.190094],"annotation":"OBSTACLES","isRenderEnabled":false,"rotationMatrix":[0.673652709,-0.739048064,0,0.739048064,0.673652709,0,0,0,1],"shapeName":"/levels/utah/art/shapes/buildings/ut_camp_chair.DAE"}
{"class":"TSStatic","persistentId":"fc8e2b32-9b40-4f3d-993b-22807e5bc518","__parent":"campsite","position":[643.387817,-526.195068,135.184998],"annotation":"OBSTACLES","isRenderEnabled":false,"rotationMatrix":[-0.0648081899,-0.997897983,0,0.997897983,-0.0648081899,0,0,0,1],"shapeName":"/levels/utah/art/shapes/buildings/ut_big_BBQ.DAE"}
{"class":"TSStatic","persistentId":"ff4d9216-fe62-494a-881f-8188641ff228","__parent":"campsite","position":[628.612732,-618.527649,139.199158],"annotation":"OBSTACLES","isRenderEnabled":false,"rotationMatrix":[0.870969176,0.49133426,0,-0.49133426,0.870969176,0,0,0,1],"shapeName":"/levels/utah/art/shapes/buildings/ut_lampost_camp.DAE"}
{"name":"clutter_barrels_tarp_group","internalName":"clutter_barrels_tarp_group","class":"Prefab","persistentId":"95b04292-1cf5-4bc6-a167-991d94ede857","__parent":"campsite","position":[568.588928,-609.702881,135.40361],"annotation":"OBSTACLES","filename":"/levels/Utah/art/prefabs/clutter_barrels_tarp_group.prefab.json","rotationMatrix":[0.453247905,0.891383886,0,-0.891383886,0.453247905,0,0,0,1]}
