{"name":"clouds","class":"CloudLayer","persistentId":"2ab326e4-a2c7-471a-af2a-3c7991683a2e","__parent":"cloud","position":[547.21698,-452.971985,609.744995],"Textures":[{"texDirection":null,"texScale":1.5,"texSpeed":0.00200000009},{"texDirection":[0.800000012,0.200000003],"texScale":3,"texSpeed":0.0250000004},{"texDirection":[0.200000003,0.5],"texScale":4,"texSpeed":0.0350000001}],"baseColor":[0.996078014,0.996078014,0.996078014,0.996078014],"coverage":0.0799999982,"exposure":1.29999995,"height":3,"texture":"levels/east_coast_usa/art/skies/SkyNormals_05.dds","windSpeed":0.200000003}
{"name":"clouds1","class":"CloudLayer","persistentId":"8eac2f8f-1d94-4a38-b704-589d276b4a26","__parent":"cloud","position":[-1278.56006,-1211.32996,-186.731003],"Textures":[{"texDirection":null,"texScale":null,"texSpeed":0.00200000009},{"texDirection":[0.800000012,0.200000003],"texScale":2,"texSpeed":0.0250000004},{"texDirection":[0.200000003,0.5],"texScale":0.5,"texSpeed":0.0350000001}],"baseColor":[0.996078014,0.996078014,0.996078014,0.996078014],"cloneOrigin":"clouds","coverage":0.200000003,"exposure":1.29999995,"height":7,"texture":"levels/east_coast_usa/art/skies/SkyNormals_05.dds","windSpeed":0.200000003}
