{"name":"BeamLRTrigger_GasStation2","class":"BeamNGTrigger","persistentId":"c33d6bf7-4d37-474f-ac80-3af58e0fcddd","__parent":"Triggers","position":[713.021973,-23.1635246,54.3752823],"luaFunction":"onBeamNGTrigger","rotationMatrix":[0.994105995,-0.108412504,0,0.108412504,0.994105995,0,0,0,1],"scale":[23.365345,10.566247,7.77513504],"triggerMode":"Overlaps","triggerTestType":"Bounding box"}
{"name":"BeamLRTrigger_GasStation","class":"BeamNGTrigger","persistentId":"8f245fac-d6a7-4161-b57f-d03e87fdafa7","__parent":"Triggers","position":[-773.209595,492.560089,26.034174],"luaFunction":"onBeamNGTrigger","rotationMatrix":[0.780020416,-0.625753999,0,0.625753999,0.780020416,0,0,0,1],"scale":[9.65476513,23.2973671,6.4850111],"triggerMode":"Overlaps","triggerTestType":"Bounding box"}
{"name":"BeamLRTrigger_PlayerGarage","class":"BeamNGTrigger","persistentId":"bd0bde3a-813d-4f91-8c44-6a68a055f8f3","__parent":"Triggers","position":[-798.882812,488.295013,25.9165325],"luaFunction":"onBeamNGTrigger","rotationMatrix":[0.780020416,-0.625753999,0,0.625753999,0.780020416,0,0,0,1],"scale":[9.65476513,12.3491898,5.15398645],"triggerMode":"Overlaps","triggerTestType":"Bounding box"}
{"name":"BeamLRTrigger_UsedCarShop","class":"BeamNGTrigger","persistentId":"76f40712-ae2c-42cf-9d6c-3eac53080c1c","__parent":"Triggers","position":[-795.29718,562.461121,27.0256577],"luaFunction":"onBeamNGTrigger","rotationMatrix":[0.636413097,0.771348298,0,-0.771348298,0.636413097,0,0,0,1],"scale":[10.4742022,14.6449785,4.3867979],"triggerMode":"Overlaps","triggerTestType":"Bounding box"}
{"name":"BeamLRTrigger_Scrapyard","class":"BeamNGTrigger","persistentId":"ea8999e6-269b-45b1-be0f-23f71ed78cfa","__parent":"Triggers","position":[590.866089,-157.980606,54.40662],"luaFunction":"onBeamNGTrigger","rotationMatrix":[0.779139161,-0.626850963,0,0.626850963,0.779139161,0,0,0,1],"scale":[9.82424831,8.15751839,6.35406494],"triggerMode":"Overlaps","triggerTestType":"Bounding box"}
{"name":"BeamLRTrigger_NewCarShop","class":"BeamNGTrigger","persistentId":"3c27fe3c-e6ff-47ea-b205-ca5f26d55795","__parent":"Triggers","position":[563.471985,-764.125183,62.5002251],"luaFunction":"onBeamNGTrigger","scale":[10.1915989,4.0437479,5.18355608],"triggerMode":"Overlaps","triggerTestType":"Bounding box"}
{"name":"BeamLRTrigger_RepairShop","class":"BeamNGTrigger","persistentId":"5ccc2fe8-41f1-4d4c-a62f-e7c548d7d563","__parent":"Triggers","position":[704.054932,-352.46051,58.3724823],"luaFunction":"onBeamNGTrigger","rotationMatrix":[0.997993648,0.0633144751,0,-0.0633144751,0.997993648,0,0,0,1],"scale":[8.73364449,11.7516603,6.8979311],"triggerMode":"Overlaps","triggerTestType":"Bounding box"}
{"name":"BeamLRTrigger_PartShop","class":"BeamNGTrigger","persistentId":"ed4d1a83-ab60-44ce-898e-4565e7cb6d5f","__parent":"Triggers","position":[624.882507,-178.922806,55.1224251],"luaFunction":"onBeamNGTrigger","rotationMatrix":[0.671162248,0.741310418,0,-0.741310418,0.671162248,0,0,0,1],"scale":[11.9244699,13.9018784,4.46985483],"triggerMode":"Overlaps","triggerTestType":"Bounding box"}
{"name":"BeamLRTrigger_FirwoodInn","class":"BeamNGTrigger","persistentId":"45888da7-fcba-4a00-89bf-e5bb50c2420a","__parent":"Triggers","position":[545.42218,-773.755432,63.776226],"luaFunction":"onBeamNGTrigger","rotationMatrix":[0.982186556,0.187908247,0,-0.187908247,0.982186556,0,0,0,1],"scale":[9.96235657,10.1873045,7.02664757],"triggerMode":"Overlaps","triggerTestType":"Bounding box"}
{"name":"BeamLRTrigger_Watchtower","class":"BeamNGTrigger","persistentId":"90aa5d36-4fd6-4dc6-a4a4-8c2698de9fe4","__parent":"Triggers","position":[146.677994,8.06028748,103.349335],"scale":[14.8571291,9.3022356,6.03875732],"triggerMode":"Overlaps","triggerTestType":"Bounding box"}
{"name":"BeamLRTrigger_Sawmill","class":"BeamNGTrigger","persistentId":"e5734b06-eb46-40a4-bbbd-01982a3b5af9","__parent":"Triggers","position":[272.324615,-749.157959,48.16325],"rotationMatrix":[0.744995832,-0.667069018,0,0.667069018,0.744995832,0,0,0,1],"scale":[12.0646782,12.1576643,5.39747953],"triggerMode":"Overlaps","triggerTestType":"Bounding box"}
{"name":"BeamLRTrigger_RepairShop2","class":"BeamNGTrigger","persistentId":"ae9e084b-be5b-4308-ba43-50826be4e94c","__parent":"Triggers","position":[-82.8745193,-789.840332,17.903553],"rotationMatrix":[0.983588278,-0.180427626,0,0.180427626,0.983588278,0,0,0,1],"scale":[11.5724611,7.63251972,5.56262827],"triggerMode":"Overlaps","triggerTestType":"Bounding box"}
{"name":"BeamLRTrigger_DockWarehouse","class":"BeamNGTrigger","persistentId":"543eee87-3d6c-42b6-8a59-ff32d7432b1c","__parent":"Triggers","position":[-58.7925911,-880.035278,15.7157536],"rotationMatrix":[0.99490577,0.100809239,0,-0.100809239,0.99490577,0,0,0,1],"scale":[7.01924372,6.30791044,3.9531126],"triggerMode":"Overlaps","triggerTestType":"Bounding box"}
{"name":"BeamLRTrigger_Manor","class":"BeamNGTrigger","persistentId":"f5fe1fce-f5ab-40c0-8638-a426d7b6ce40","__parent":"Triggers","position":[-544.210815,-823.220276,52.1025734],"luaFunction":"onBeamNGTrigger","rotationMatrix":[0.946598053,-0.322416127,0,0.322416127,0.946598053,0,0,0,1],"scale":[10.6056643,10.0968752,7.39752769],"triggerMode":"Overlaps","triggerTestType":"Bounding box"}
{"name":"BeamLRTrigger_Farmhouse","class":"BeamNGTrigger","persistentId":"4a57cfab-3a3d-40a0-b361-308d7bd245e8","__parent":"Triggers","position":[-610.38385,-356.673218,37.2652817],"rotationMatrix":[0.913502395,-0.406833351,0,0.406833351,0.913502395,0,0,0,1],"scale":[11.1821289,11.0196781,6.49257231],"triggerMode":"Overlaps","triggerTestType":"Bounding box"}
{"name":"BeamLRTrigger_ConvenienceStoreB","class":"BeamNGTrigger","persistentId":"cd47a99e-deb5-4a98-aadf-175e034055a9","__parent":"Triggers","position":[-770.220032,472.03006,26.3888836],"luaFunction":"onBeamNGTrigger","rotationMatrix":[0.775547862,-0.631284714,-0.0022647467,0.63123107,0.775520444,-0.0107397921,0.00853622425,0.00689964369,0.99993974],"scale":[11.3950195,8.60165977,5.89442158],"triggerMode":"Overlaps","triggerTestType":"Bounding box"}
{"name":"BeamLRTrigger_PartShop2","class":"BeamNGTrigger","persistentId":"26c67214-0885-4a36-a9a6-a96ba53cda5e","__parent":"Triggers","position":[-794.826294,508.071198,25.8081074],"luaFunction":"onBeamNGTrigger","rotationMatrix":[0.619226873,0.7852121,0,-0.7852121,0.619226873,0,0,0,1],"scale":[7.69558668,8.13398457,5.22969055],"triggerMode":"Overlaps","triggerTestType":"Bounding box"}
{"name":"BeamLRTrigger_FirstResponderStation","class":"BeamNGTrigger","persistentId":"2b469029-38eb-4f3f-8f61-c63af8d2b71a","__parent":"Triggers","position":[383.093536,101.736641,57.1389809],"rotationMatrix":[0.770384371,-0.637579679,0,0.637579679,0.770384371,0,0,0,1],"scale":[12.2275877,10.5928717,6.79302979],"triggerMode":"Overlaps","triggerTestType":"Bounding box"}
{"name":"BeamLRTrigger_ConvenienceStoreA","class":"BeamNGTrigger","persistentId":"2f05ac3f-909e-464a-906f-3ff56a1ec11a","__parent":"Triggers","position":[704.930237,-44.1990623,54.6288719],"luaFunction":"onBeamNGTrigger","rotationMatrix":[0.77428782,-0.6328336,0,0.6328336,0.77428782,0,0,0,1],"scale":[11.957325,9.30380058,5.89525175],"triggerMode":"Overlaps","triggerTestType":"Bounding box"}
{"name":"BeamLRTrigger_RaceClubA","class":"BeamNGTrigger","persistentId":"4b65abfc-8e08-439b-b269-2d7d4b1db834","__parent":"Triggers","position":[-761.834534,529.079895,26.9610958],"luaFunction":"onBeamNGTrigger","rotationMatrix":[0.821627557,-0.570024729,0,0.570024729,0.821627557,0,0,0,1],"scale":[8.81845665,11.3664999,5.53810167],"triggerMode":"Overlaps","triggerTestType":"Bounding box"}
{"name":"BeamLRTrigger_RaceClubAStart","class":"BeamNGTrigger","persistentId":"579cbf72-2374-4ea8-b12b-3a51cbdb1e75","__parent":"Triggers","position":[-756.308777,502.024689,25.8891163],"luaFunction":"onBeamNGTrigger","rotationMatrix":[0.780878484,-0.624682903,0,0.624682903,0.780878484,0,0,0,1],"scale":[1.77934361,4.32960892,5.90429306],"triggerMode":"Contains"}
{"name":"BeamLRTrigger_GasStationIntersectCP1","class":"BeamNGTrigger","persistentId":"6f319ab3-70f7-405d-b9dd-8dfccd36c16b","__parent":"Triggers","position":[-691.248108,476.607574,23.9273663],"luaFunction":"onBeamNGTrigger","rotationMatrix":[0.717180133,-0.696887791,0,0.696887791,0.717180133,0,0,0,1],"scale":[10.9577246,7.34789944,5.90429306],"triggerMode":"Overlaps","triggerTestType":"Bounding box"}
{"name":"BeamLRTrigger_GasStationIntersectCP2","class":"BeamNGTrigger","persistentId":"58a82692-73cb-458d-9f7b-291fe0ade347","__parent":"Triggers","position":[-631.695496,421.358734,25.0742931],"luaFunction":"onBeamNGTrigger","rotationMatrix":[0.781316996,-0.624134362,0,0.624134362,0.781316996,0,0,0,1],"scale":[13.6332664,7.34789944,5.90429306],"triggerMode":"Overlaps","triggerTestType":"Bounding box"}
{"name":"BeamLRTrigger_BridgeACP1","class":"BeamNGTrigger","persistentId":"ffe51dcb-2930-43cf-a4bd-2b492b012df5","__parent":"Triggers","position":[-315.842255,636.684814,25.1532536],"luaFunction":"onBeamNGTrigger","rotationMatrix":[0.999099374,0.0424314216,0,-0.0424314216,0.999099374,0,0,0,1],"scale":[7.28369141,11.2596684,5.78222036],"triggerMode":"Overlaps","triggerTestType":"Bounding box"}
{"name":"BeamLRTrigger_OverpassACP1","class":"BeamNGTrigger","persistentId":"2da1dc45-b627-46f1-b79e-cd5c4cfa30d0","__parent":"Triggers","position":[1.17542458,718.870239,31.3321457],"luaFunction":"onBeamNGTrigger","scale":[8.7322998,10.9323244,6.60351562],"triggerMode":"Overlaps","triggerTestType":"Bounding box"}
{"name":"BeamLRTrigger_CurveIntersectCP1","class":"BeamNGTrigger","persistentId":"5e892edd-e6af-4a01-93fc-b613bf0c0990","__parent":"Triggers","position":[441.57605,813.124817,57.8902397],"luaFunction":"onBeamNGTrigger","scale":[9.36254883,13.5562506,7.37565994],"triggerMode":"Overlaps","triggerTestType":"Bounding box"}
{"name":"BeamLRTrigger_TownEntranceIntersectACP1","class":"BeamNGTrigger","persistentId":"1b501773-3788-40af-b655-031662671dbc","__parent":"Triggers","position":[742.865112,20.7199993,55.890152],"luaFunction":"onBeamNGTrigger","rotationMatrix":[0.976383328,-0.216045231,0,0.216045231,0.976383328,0,0,0,1],"scale":[14.1815548,6.52002573,6.82806396],"triggerMode":"Overlaps","triggerTestType":"Bounding box"}
{"name":"BeamLRTrigger_CurveIntersectBCP1","class":"BeamNGTrigger","persistentId":"dfca3ff2-555a-4205-af0c-76a7a9d57fbe","__parent":"Triggers","position":[742.954041,661.58783,71.7998276],"luaFunction":"onBeamNGTrigger","rotationMatrix":[0.975553811,0.219760552,0,-0.219760552,0.975553811,0,0,0,1],"scale":[12.4724493,6.48366117,6.92985868],"triggerMode":"Overlaps","triggerTestType":"Bounding box"}
{"name":"BeamLRTrigger_GasStationIntersectCP3","class":"BeamNGTrigger","persistentId":"5181c77e-539b-4d41-9d36-a437a7870703","__parent":"Triggers","position":[-630.607544,397.581268,24.612524],"luaFunction":"onBeamNGTrigger","rotationMatrix":[-0.725665927,-0.688046932,0,0.688046932,-0.725665927,0,0,0,1],"scale":[13.6332664,7.34789944,5.90429306],"triggerMode":"Overlaps","triggerTestType":"Bounding box"}
{"name":"BeamLRTrigger_CliffIntersectCP1","class":"BeamNGTrigger","persistentId":"59f8fc09-ff2d-442c-a687-efc5531aaa0c","__parent":"Triggers","position":[-465.3685,219.703552,30.5387707],"luaFunction":"onBeamNGTrigger","rotationMatrix":[-0.725665927,-0.688046932,0,0.688046932,-0.725665927,0,0,0,1],"scale":[13.6332664,7.34789944,5.90429306],"triggerMode":"Overlaps","triggerTestType":"Bounding box"}
{"name":"BeamLRTrigger_MidRoadCP1","class":"BeamNGTrigger","persistentId":"0221826e-1f58-4f9b-9184-2ad00d077040","__parent":"Triggers","position":[-73.9182053,-210.116104,35.077404],"luaFunction":"onBeamNGTrigger","rotationMatrix":[0.762376249,0.647134006,0,-0.647134006,0.762376249,0,0,0,1],"scale":[13.197156,6.55700684,6.55579233],"triggerMode":"Overlaps","triggerTestType":"Bounding box"}
{"name":"BeamLRTrigger_MidRoadCP2","class":"BeamNGTrigger","persistentId":"13853e8d-2596-4e28-b400-9506649e14a9","__parent":"Triggers","position":[315.303345,-657.246399,39.582077],"luaFunction":"onBeamNGTrigger","rotationMatrix":[0.762376249,0.647134006,0,-0.647134006,0.762376249,0,0,0,1],"scale":[13.197156,6.55700684,6.55579233],"triggerMode":"Overlaps","triggerTestType":"Bounding box"}
{"name":"BeamLRTrigger_MidRoadEnd","class":"BeamNGTrigger","persistentId":"e9d544ff-c3a9-4e41-bcf6-c5404c0ed872","__parent":"Triggers","position":[495.197083,-874.381409,43.5431595],"luaFunction":"onBeamNGTrigger","rotationMatrix":[0.728574753,0.684887707,0.0103789195,-0.672537863,0.712399423,0.200449333,0.129891336,-0.153022543,0.979649067],"scale":[13.197156,6.55700684,6.55579233],"triggerMode":"Overlaps","triggerTestType":"Bounding box"}
{"name":"BeamLRTrigger_GasStationIntersectCP4","class":"BeamNGTrigger","persistentId":"4c5fff11-c713-467f-ba7f-c7aa40265277","__parent":"Triggers","position":[-651.320923,396.791199,25.0517235],"luaFunction":"onBeamNGTrigger","rotationMatrix":[-0.739380002,0.673288107,0,-0.673288107,-0.739380002,0,0,0,1],"scale":[13.6332664,7.34789944,5.90429306],"triggerMode":"Overlaps","triggerTestType":"Bounding box"}
{"name":"BeamLRTrigger_BridgeBCP1","class":"BeamNGTrigger","persistentId":"36485ff8-8eb5-4099-8565-ebe7bb8045d1","__parent":"Triggers","position":[-656.906921,-45.9661789,24.7825584],"luaFunction":"onBeamNGTrigger","rotationMatrix":[0.780089796,0.625667572,0,-0.625667572,0.780089796,0,0,0,1],"scale":[10.2612677,5.66561222,4.59603596],"triggerMode":"Overlaps","triggerTestType":"Bounding box"}
{"name":"BeamLRTrigger_YJuncACP1","class":"BeamNGTrigger","persistentId":"86e43db7-dd60-4941-9bab-c5e333e974a6","__parent":"Triggers","position":[-600.08252,-154.082504,27.817543],"luaFunction":"onBeamNGTrigger","rotationMatrix":[0.983083963,-0.183155403,0,0.183155403,0.983083963,0,0,0,1],"scale":[14.1458254,5.66561222,4.96132183],"triggerMode":"Overlaps","triggerTestType":"Bounding box"}
{"name":"BeamLRTrigger_YJuncACP2","class":"BeamNGTrigger","persistentId":"b9b39c78-1b69-4e62-bb2a-c0c7660e7301","__parent":"Triggers","position":[-578.692871,-150.192551,29.9643059],"luaFunction":"onBeamNGTrigger","rotationMatrix":[0.861557364,0.507660151,0,-0.507660151,0.861557364,0,0,0,1],"scale":[14.1458254,5.66561222,4.96132183],"triggerMode":"Overlaps","triggerTestType":"Bounding box"}
{"name":"BeamLRTrigger_YJuncACP3","class":"BeamNGTrigger","persistentId":"4feb0bec-03fd-49c8-aaaf-ab244b5a6bf5","__parent":"Triggers","position":[-585.846802,-171.766663,29.2154179],"luaFunction":"onBeamNGTrigger","rotationMatrix":[0.0301567316,0.999545038,0,-0.999545038,0.0301567316,0,0,0,1],"scale":[14.1458254,5.66561222,4.96132183],"triggerMode":"Overlaps","triggerTestType":"Bounding box"}
{"name":"BeamLRTrigger_YJuncBCP1","class":"BeamNGTrigger","persistentId":"01499e1c-90bd-4d3e-8da9-e6e411c77253","__parent":"Triggers","position":[-709.389099,-564.86145,25.1081696],"luaFunction":"onBeamNGTrigger","rotationMatrix":[0.989855647,0.142076701,0,-0.142076701,0.989855647,0,0,0,1],"scale":[13.2606449,8.48632812,7.38059092],"triggerMode":"Overlaps","triggerTestType":"Bounding box"}
{"name":"BeamLRTrigger_YJuncBCP2","class":"BeamNGTrigger","persistentId":"ed0b0814-20e1-4ea4-87ff-e1e2a7821edd","__parent":"Triggers","position":[-691.207581,-566.860718,25.1081696],"luaFunction":"onBeamNGTrigger","rotationMatrix":[0.787181854,-0.616720974,0,0.616720974,0.787181854,0,0,0,1],"scale":[13.2606449,8.48632812,7.38059092],"triggerMode":"Overlaps","triggerTestType":"Bounding box"}
{"name":"BeamLRTrigger_YJuncBCP3","class":"BeamNGTrigger","persistentId":"f4854023-d952-4885-889a-96e4e41c4afc","__parent":"Triggers","position":[-696.65332,-551.827332,25.1081696],"luaFunction":"onBeamNGTrigger","rotationMatrix":[-0.253471017,-0.967342854,0,0.967342854,-0.253471017,0,0,0,1],"scale":[13.2606449,8.48632812,7.38059092],"triggerMode":"Overlaps","triggerTestType":"Bounding box"}
{"name":"BeamLRTrigger_SeasideBridgeJuncCP1","class":"BeamNGTrigger","persistentId":"d97b5af8-8cf5-46eb-833e-7020ecc53bb0","__parent":"Triggers","position":[-670.954895,-791.643982,40.9144745],"luaFunction":"onBeamNGTrigger","rotationMatrix":[0.894574404,0.446918994,0,-0.446918994,0.894574404,0,0,0,1],"scale":[13.2606449,8.48632812,7.38059092],"triggerMode":"Overlaps","triggerTestType":"Bounding box"}
{"name":"BeamLRTrigger_DockCP1","class":"BeamNGTrigger","persistentId":"c29dd481-fd64-4386-a9a8-e2a09bd96099","__parent":"Triggers","position":[-95.9812469,-840.779724,16.3150215],"luaFunction":"onBeamNGTrigger","scale":[7.20329666,12.8342772,6.51275635],"triggerMode":"Overlaps","triggerTestType":"Bounding box"}
{"name":"BeamLRTrigger_SeasideBridgeJuncCP2","class":"BeamNGTrigger","persistentId":"579bd72b-757e-4e48-a5b1-a8b70ed26e7b","__parent":"Triggers","position":[-695.98822,-778.83252,39.3758316],"luaFunction":"onBeamNGTrigger","rotationMatrix":[-0.150226235,0.988651514,0,-0.988651514,-0.150226235,0,0,0,1],"scale":[13.2606449,8.48632812,7.38059092],"triggerMode":"Overlaps","triggerTestType":"Bounding box"}
{"name":"BeamLRTrigger_RiversideRoadJuncACP1","class":"BeamNGTrigger","persistentId":"adf0bcba-dd26-4b4d-af4d-788b23a9e397","__parent":"Triggers","position":[-917.703308,-757.422119,37.4659538],"luaFunction":"onBeamNGTrigger","rotationMatrix":[-0.839755893,0.542964041,0,-0.542964041,-0.839755893,0,0,0,1],"scale":[13.2606449,8.48632812,7.38059092],"triggerMode":"Overlaps","triggerTestType":"Bounding box"}
{"name":"BeamLRTrigger_RiversideRoadJuncBCP1","class":"BeamNGTrigger","persistentId":"2c857a84-3add-452e-9e6e-d92ec3e01b67","__parent":"Triggers","position":[-849.641663,-197.334396,31.1140862],"luaFunction":"onBeamNGTrigger","rotationMatrix":[0.848837137,-0.528654397,0,0.528654397,0.848837137,0,0,0,1],"scale":[10.490469,5.61274624,6.07259226],"triggerMode":"Overlaps","triggerTestType":"Bounding box"}
{"name":"BeamLRTrigger_RiversideRoadYJuncCP1","class":"BeamNGTrigger","persistentId":"12d4161c-4a3a-4a7b-a987-564856fb1afe","__parent":"Triggers","position":[-947.499756,384.501495,29.9410172],"luaFunction":"onBeamNGTrigger","scale":[12.2485371,6.44775391,6.25532866],"triggerMode":"Overlaps","triggerTestType":"Bounding box"}
{"name":"BeamLRTrigger_GasStationIntersectCP5","class":"BeamNGTrigger","persistentId":"75c1215f-8a41-4f42-b2a1-a7decddbfa1a","__parent":"Triggers","position":[-848.648071,579.265625,28.1550293],"luaFunction":"onBeamNGTrigger","rotationMatrix":[0.660481453,0.750842392,0,-0.750842392,0.660481453,0,0,0,1],"scale":[13.2351961,7.34789944,5.90429306],"triggerMode":"Overlaps","triggerTestType":"Bounding box"}
{"name":"BeamLRTrigger_GasStationFinish","class":"BeamNGTrigger","persistentId":"82267888-63d0-429c-95ea-955ec251beac","__parent":"Triggers","position":[-760.095215,508.380371,25.6698437],"luaFunction":"onBeamNGTrigger","rotationMatrix":[0.613990664,0.789313257,0,-0.789313257,0.613990664,0,0,0,1],"scale":[11.3038025,7.34789944,5.90429306],"triggerMode":"Overlaps","triggerTestType":"Bounding box"}
{"name":"BeamLRTrigger_FarmJuncCP1","class":"BeamNGTrigger","persistentId":"9ea22238-1717-4049-849c-8594aa182813","__parent":"Triggers","position":[-304.19165,-253.878311,39.2109375],"luaFunction":"onBeamNGTrigger","rotationMatrix":[-0.0419549942,0.999119341,0,-0.999119341,-0.0419549942,0,0,0,1],"scale":[14.1458254,5.66561222,4.96132183],"triggerMode":"Overlaps","triggerTestType":"Bounding box"}
{"name":"BeamLRTrigger_SawmillCP1","class":"BeamNGTrigger","persistentId":"a2488985-6872-41b1-980b-a4fbd08d8526","__parent":"Triggers","position":[171.888184,-670.172974,42.382946],"luaFunction":"onBeamNGTrigger","rotationMatrix":[0.97692579,0.213579133,0,-0.213579133,0.97692579,0,0,0,1],"scale":[15.6940689,7.0879879,6.30256987],"triggerMode":"Overlaps","triggerTestType":"Bounding box"}
{"name":"BeamLRTrigger_SawmillOverpassJuncCP1","class":"BeamNGTrigger","persistentId":"6acf33e1-345a-4fc8-be95-1b2203ee20ea","__parent":"Triggers","position":[444.355316,-620.977173,50.4607811],"luaFunction":"onBeamNGTrigger","rotationMatrix":[0.454632401,-0.890679121,0,0.890679121,0.454632401,0,0,0,1],"scale":[15.6940689,7.0879879,6.30256987],"triggerMode":"Overlaps","triggerTestType":"Bounding box"}
{"name":"BeamLRTrigger_TownEntranceYJuncCP1","class":"BeamNGTrigger","persistentId":"f1430f45-ebea-4357-93d2-313e8b5dccbb","__parent":"Triggers","position":[549.426147,-546.241394,53.0207214],"luaFunction":"onBeamNGTrigger","rotationMatrix":[0.992220044,-0.124496512,0,0.124496512,0.992220044,0,0,0,1],"scale":[15.6940689,7.0879879,6.30256987],"triggerMode":"Overlaps","triggerTestType":"Bounding box"}
{"name":"BeamLRTrigger_TownEntranceBridgeCP1","class":"BeamNGTrigger","persistentId":"2103b7ea-42f0-48c1-af3e-4f3129209420","__parent":"Triggers","position":[658.294983,-447.592712,55.8394661],"luaFunction":"onBeamNGTrigger","rotationMatrix":[-0.0224690437,-0.999747455,0,0.999747455,-0.0224690437,0,0,0,1],"scale":[13.5428915,7.0879879,6.30256987],"triggerMode":"Overlaps","triggerTestType":"Bounding box"}
{"name":"BeamLRTrigger_SawmillEntranceCP1","class":"BeamNGTrigger","persistentId":"f1d2655d-2035-4f26-b9b1-bcc15bbf62bb","__parent":"Triggers","position":[288.330536,-723.95343,44.4920464],"luaFunction":"onBeamNGTrigger","rotationMatrix":[0.621980786,0.783032537,0,-0.783032537,0.621980786,0,0,0,1],"scale":[15.6940689,7.0879879,6.30256987],"triggerMode":"Overlaps","triggerTestType":"Bounding box"}
{"name":"BeamLRTrigger_OverpassAYJuncACP1","class":"BeamNGTrigger","persistentId":"db1bb940-7df4-4a08-acc1-a34dd297384b","__parent":"Triggers","position":[-39.7657738,735.554321,30.0883102],"luaFunction":"onBeamNGTrigger","rotationMatrix":[0.736582518,0.676347733,0,-0.676347733,0.736582518,0,0,0,1],"scale":[8.7322998,16.1580429,6.60351562],"triggerMode":"Overlaps","triggerTestType":"Bounding box"}
{"name":"BeamLRTrigger_OverpassAYJuncACP2","class":"BeamNGTrigger","persistentId":"b48eea03-5901-48b6-80de-ca465d30bb9d","__parent":"Triggers","position":[-22.2839031,734.09021,30.071682],"rotationMatrix":[-0.454279184,0.890859485,0,-0.890859485,-0.454279184,0,0,0,1],"scale":[8.7322998,16.1580429,6.60351562],"triggerMode":"Overlaps","triggerTestType":"Bounding box"}
{"name":"BeamLRTrigger_OverpassAYJuncBCP1","class":"BeamNGTrigger","persistentId":"da346357-0b1e-4089-b68c-c2f6d8203ae8","__parent":"Triggers","position":[-19.1262493,854.947876,29.186573],"luaFunction":"onBeamNGTrigger","rotationMatrix":[-0.454279184,0.890859485,0,-0.890859485,-0.454279184,0,0,0,1],"scale":[8.7322998,20.2161942,6.60351562],"triggerMode":"Overlaps","triggerTestType":"Bounding box"}
{"name":"BeamLRTrigger_OverpassAYJuncBCP2","class":"BeamNGTrigger","persistentId":"4da45ffc-d82d-4907-a2e7-23535a14a523","__parent":"Triggers","position":[-2.29555702,854.321533,28.5821705],"luaFunction":"onBeamNGTrigger","rotationMatrix":[0.655031443,0.755601645,0,-0.755601645,0.655031443,0,0,0,1],"scale":[8.7322998,14.2858391,6.60351562],"triggerMode":"Overlaps","triggerTestType":"Bounding box"}
{"name":"BeamLRTrigger_OverpassAYJuncBCP3","class":"BeamNGTrigger","persistentId":"fdd14af6-381a-495e-898d-2a3dfd265701","__parent":"Triggers","position":[-9.61272621,868.513428,28.5821724],"luaFunction":"onBeamNGTrigger","rotationMatrix":[0.999300838,-0.0373879932,0,0.0373879932,0.999300838,0,0,0,1],"scale":[8.7322998,16.8616657,6.60351562],"triggerMode":"Overlaps","triggerTestType":"Bounding box"}
{"name":"BeamLRTrigger_FarIntersectCP1","class":"BeamNGTrigger","persistentId":"7a5aa9b5-546d-462c-a948-77d896f0e3da","__parent":"Triggers","position":[-332.907623,919.919006,31.4511395],"luaFunction":"onBeamNGTrigger","scale":[7.0090332,12.695508,5.98092365],"triggerMode":"Overlaps","triggerTestType":"Bounding box"}
{"name":"BeamLRTrigger_FarPondCP1","class":"BeamNGTrigger","persistentId":"6257a906-4723-4c78-852b-6193ec97f11c","__parent":"Triggers","position":[-874.740295,935.206482,32.3414612],"luaFunction":"onBeamNGTrigger","rotationMatrix":[0.902084053,0.410926789,0.131846398,-0.418840438,0.907264471,0.0379987545,-0.104004838,-0.0895006806,0.990541577],"scale":[7.0090332,15.4494896,7.33955574],"triggerMode":"Overlaps","triggerTestType":"Bounding box"}
{"name":"BeamLRTrigger_FarPond","class":"BeamNGTrigger","persistentId":"36fd6f51-8511-4553-94ad-5637cc73e6f5","__parent":"Triggers","position":[-846.397156,931.167603,33.634903],"luaFunction":"onBeamNGTrigger","rotationMatrix":[0.988690376,0.149610028,0.0104029076,-0.149555489,0.988736093,-0.00584202586,-0.0111597562,0.00422014249,0.999928832],"scale":[7.0090332,10.9894886,5.98092365],"triggerMode":"Overlaps","triggerTestType":"Bounding box"}
{"name":"BeamLRTrigger_MidRoadEndCP2","class":"BeamNGTrigger","persistentId":"6d1af5a4-87a2-429d-8507-6791c0cf5017","__parent":"Triggers","position":[532.863708,-895.350159,41.449482],"luaFunction":"onBeamNGTrigger","rotationMatrix":[-0.0469789505,0.998884439,0.00476354733,-0.995570183,-0.0472108126,0.0813082233,0.0814424157,-0.000922665,0.996677637],"scale":[13.7234259,6.55700684,6.55579233],"triggerMode":"Overlaps","triggerTestType":"Bounding box"}
{"name":"BeamLRTrigger_TownSeasideBridgeCP1","class":"BeamNGTrigger","persistentId":"15ac7709-96d2-4c05-9092-adfc33ce6f7a","__parent":"Triggers","position":[830.84021,-764.225281,44.9153252],"luaFunction":"onBeamNGTrigger","rotationMatrix":[-0.919819236,0.392314285,0.00476354081,-0.390837461,-0.915158868,-0.0986450016,-0.0343404412,-0.0925973058,0.995111287],"scale":[11.6853828,6.55700684,6.55579233],"triggerMode":"Overlaps","triggerTestType":"Bounding box"}
{"name":"BeamLRTrigger_TownEntranceTJuncCP1","class":"BeamNGTrigger","persistentId":"08f93f57-c75a-4935-ba24-d18a60e7d8ad","__parent":"Triggers","position":[903.78009,-447.790588,44.4881554],"luaFunction":"onBeamNGTrigger","rotationMatrix":[-0.999292612,0.0155375581,-0.0342466719,-0.0153292455,-0.999862313,-0.00633692835,-0.0343404226,-0.00580747053,0.999393344],"scale":[11.6853828,6.55700684,6.55579233],"triggerMode":"Overlaps","triggerTestType":"Bounding box"}
{"name":"BeamLRTrigger_SeasideLongRoadCP1","class":"BeamNGTrigger","persistentId":"ba041949-6828-4c31-8b44-0546c5dd35d7","__parent":"Triggers","position":[900.973938,330.793823,67.1632614],"luaFunction":"onBeamNGTrigger","rotationMatrix":[0.995419204,0.0956067443,0,-0.0950077176,0.989182413,0.111766197,0.0106856031,-0.111254223,0.993734539],"scale":[12.7502928,8.09453201,5.86359882],"triggerMode":"Overlaps","triggerTestType":"Bounding box"}
{"name":"BeamLRTrigger_SeasideLongRoadCP2","class":"BeamNGTrigger","persistentId":"0d5fc7a7-dca3-4504-9d22-085ec5f61f0e","__parent":"Triggers","position":[767.739014,870.495667,83.3643951],"luaFunction":"onBeamNGTrigger","rotationMatrix":[0.779824138,0.625442982,-0.0263682548,-0.620969892,0.77820152,0.0938013047,0.079187192,-0.05677462,0.995241702],"scale":[12.7502928,8.09453201,5.86359882],"triggerMode":"Overlaps","triggerTestType":"Bounding box"}
{"name":"BeamLRTrigger_FarTJunctionCP1","class":"BeamNGTrigger","persistentId":"61685fce-3c0b-461f-a2b4-c7292e08d6fe","__parent":"Triggers","position":[232.378021,883.384949,39.2200623],"luaFunction":"onBeamNGTrigger","scale":[7.37155724,14.3198204,5.48511362],"triggerMode":"Overlaps","triggerTestType":"Bounding box"}
{"name":"BeamLRTrigger_SeasideVillageCP1","class":"BeamNGTrigger","persistentId":"9c484eac-a81c-4033-8b76-08877eae05ca","__parent":"Triggers","position":[-217.534683,-811.930481,18.0712109],"luaFunction":"onBeamNGTrigger","rotationMatrix":[0.774619937,0.632426977,0,-0.632426977,0.774619937,0,0,0,1],"scale":[7.20329666,12.2284679,6.51275635],"triggerMode":"Overlaps","triggerTestType":"Bounding box"}
{"name":"BeamLRTrigger_SeasideVillageCP2","class":"BeamNGTrigger","persistentId":"0604362d-224b-4966-8f23-93f0158858d7","__parent":"Triggers","position":[12.097496,-788.079834,20.4387608],"luaFunction":"onBeamNGTrigger","rotationMatrix":[0.863833189,-0.503777921,0,0.503777921,0.863833189,0,0,0,1],"scale":[7.20329666,12.2284679,6.51275635],"triggerMode":"Overlaps","triggerTestType":"Bounding box"}
{"name":"BeamLRTrigger_GasStationIntersectCP6","class":"BeamNGTrigger","persistentId":"60effacb-9b84-4a20-8a3d-4bbf66eb3b27","__parent":"Triggers","position":[-619.551453,573.133789,30.2930107],"luaFunction":"onBeamNGTrigger","rotationMatrix":[0.934522271,-0.355904579,0,0.355904579,0.934522271,0,0,0,1],"scale":[12.9328766,7.34789944,5.90429306],"triggerMode":"Overlaps","triggerTestType":"Bounding box"}
{"name":"BeamLRTrigger_MidRoadEndCP3","class":"BeamNGTrigger","persistentId":"f5a19e5e-a6a9-41c6-ab4c-268f815c30e8","__parent":"Triggers","position":[439.555359,-839.272034,44.4602013],"luaFunction":"onBeamNGTrigger","rotationMatrix":[0.994450748,-0.101297751,0.0283981003,0.0997282416,0.993649602,0.052103512,-0.0334957279,-0.048982285,0.998237848],"scale":[13.197156,6.55700684,6.55579233],"triggerMode":"Overlaps","triggerTestType":"Bounding box"}
{"name":"BeamLRTrigger_SeasideVillageCP3","class":"BeamNGTrigger","persistentId":"1750ba10-be6a-42e9-a97d-71aaf8913ae9","__parent":"Triggers","position":[-13.9955683,-776.153809,19.3053265],"luaFunction":"onBeamNGTrigger","rotationMatrix":[0.954152048,-0.299322248,0,0.299322248,0.954152048,0,0,0,1],"scale":[7.20329666,12.2284679,6.51275635],"triggerMode":"Overlaps","triggerTestType":"Bounding box"}
{"name":"BeamLRTrigger_SeasideVillageCP4","class":"BeamNGTrigger","persistentId":"8be7327a-f3f2-44ac-9aa1-df808d00cef7","__parent":"Triggers","position":[-237.545914,-830.041687,18.0712109],"luaFunction":"onBeamNGTrigger","rotationMatrix":[0.774619937,0.632426977,0,-0.632426977,0.774619937,0,0,0,1],"scale":[7.20329666,12.2284679,6.51275635],"triggerMode":"Overlaps","triggerTestType":"Bounding box"}
{"name":"BeamLRTrigger_RedmanorCP1","class":"BeamNGTrigger","persistentId":"9fbb9849-e97e-474c-b88c-9d7a098edf5c","__parent":"Triggers","position":[-488.14682,-734.428528,43.7268028],"luaFunction":"onBeamNGTrigger","rotationMatrix":[-0.253471017,-0.967342854,0,0.967342854,-0.253471017,0,0,0,1],"scale":[13.2606449,8.48632812,7.38059092],"triggerMode":"Overlaps","triggerTestType":"Bounding box"}
{"name":"BeamLRTrigger_SawmillCP2","class":"BeamNGTrigger","persistentId":"88bb44e2-cdef-498c-a5ec-52c10a3ecfa5","__parent":"Triggers","position":[338.699463,-833.989075,44.4920425],"luaFunction":"onBeamNGTrigger","rotationMatrix":[-0.67188406,0.740656018,0,-0.740656018,-0.67188406,0,0,0,1],"scale":[12.9350891,7.0879879,6.30256987],"triggerMode":"Overlaps","triggerTestType":"Bounding box"}
{"name":"BeamLRTrigger_FirwoodInnEntranceCP","class":"BeamNGTrigger","persistentId":"ff63e0e5-6340-4aba-9005-6a38f8273256","__parent":"Triggers","position":[528.395813,-728.196289,56.6050186],"luaFunction":"onBeamNGTrigger","rotationMatrix":[0.766224742,0.642572701,0,-0.642572701,0.766224742,0,0,0,1],"scale":[12.8887911,7.0879879,6.30256987],"triggerMode":"Overlaps","triggerTestType":"Bounding box"}
{"name":"BeamLRTrigger_FarTJunctionCP2","class":"BeamNGTrigger","persistentId":"a84a4aff-d08e-4d1a-a54b-41a7af650fb2","__parent":"Triggers","position":[263.625397,885.259521,39.8551559],"luaFunction":"onBeamNGTrigger","scale":[7.37155724,14.3198204,5.48511362],"triggerMode":"Overlaps","triggerTestType":"Bounding box"}
{"name":"BeamLRTrigger_TownBusStopCP1","class":"BeamNGTrigger","persistentId":"db7dd63a-c02f-40e4-9f03-4dcd0199c2e4","__parent":"Triggers","position":[908.1745,-200.761475,43.1120529],"luaFunction":"onBeamNGTrigger","rotationMatrix":[-0.995857358,-0.080709748,-0.0418763943,0.0841928199,-0.992426991,-0.0894420817,-0.0343404226,-0.0925972685,0.995111287],"scale":[11.6853828,6.55700684,6.55579233],"triggerMode":"Overlaps","triggerTestType":"Bounding box"}
{"name":"BeamLRTrigger_FarmJuncCP2","class":"BeamNGTrigger","persistentId":"b1fde0af-ad64-4c60-beb4-77338817866a","__parent":"Triggers","position":[-317.04541,-266.813416,39.2109375],"luaFunction":"onBeamNGTrigger","rotationMatrix":[0.999610066,0.0279237255,0,-0.0279237255,0.999610066,0,0,0,1],"scale":[14.1458254,5.66561222,4.96132183],"triggerMode":"Overlaps","triggerTestType":"Bounding box"}
{"name":"BeamLRTrigger_FarmTurnCP1","class":"BeamNGTrigger","persistentId":"b629246a-bbad-4228-9e11-1af53e945175","__parent":"Triggers","position":[-502.200714,-383.962616,38.8008919],"luaFunction":"onBeamNGTrigger","rotationMatrix":[0.988366604,-0.152090192,0,0.152090192,0.988366604,0,0,0,1],"scale":[14.1458254,5.66561222,4.96132183],"triggerMode":"Overlaps","triggerTestType":"Bounding box"}
{"name":"BeamLRTrigger_RedmanorEntranceCP1","class":"BeamNGTrigger","persistentId":"8b2f3480-d6a5-40db-9864-0fdcd9c572c3","__parent":"Triggers","position":[-502.894226,-785.854553,47.9183693],"luaFunction":"onBeamNGTrigger","rotationMatrix":[0.988366604,-0.152090192,0,0.152090192,0.988366604,0,0,0,1],"scale":[10.8585997,5.66561222,4.96132183],"triggerMode":"Overlaps","triggerTestType":"Bounding box"}
{"name":"BeamLRTrigger_BridgeACP2","class":"BeamNGTrigger","persistentId":"b7ed7961-ea46-4fdb-bf13-07c25a7eaf38","__parent":"Triggers","position":[-329.874207,616.768066,25.1532536],"luaFunction":"onBeamNGTrigger","rotationMatrix":[0.189526379,-0.981875598,0,0.981875598,0.189526379,0,0,0,1],"scale":[7.28369141,13.0432549,5.78222036],"triggerMode":"Overlaps","triggerTestType":"Bounding box"}
{"name":"BeamLRTrigger_MountainroadYjuncCP1","class":"BeamNGTrigger","persistentId":"52c044d4-e159-4906-a154-091a0e15e94e","__parent":"Triggers","position":[-145.758987,83.6227722,44.7801247],"luaFunction":"onBeamNGTrigger","rotationMatrix":[0.58238399,-0.812913716,0,0.812913716,0.58238399,0,0,0,1],"scale":[7.28369141,13.0432549,5.78222036],"triggerMode":"Overlaps","triggerTestType":"Bounding box"}
{"name":"BeamLRTrigger_TownEntranceBridgeCP2","class":"BeamNGTrigger","persistentId":"2cae4d18-1f84-4e06-843d-54588e701c23","__parent":"Triggers","position":[531.258057,-443.055511,55.8394661],"luaFunction":"onBeamNGTrigger","rotationMatrix":[-0.0224690437,-0.999747455,0,0.999747455,-0.0224690437,0,0,0,1],"scale":[13.5428915,7.0879879,6.30256987],"triggerMode":"Overlaps","triggerTestType":"Bounding box"}
{"name":"BeamLRTrigger_WatchtowerroadYjuncCP1","class":"BeamNGTrigger","persistentId":"f1c354ac-01d9-40fa-b9a7-05ecaef526be","__parent":"Triggers","position":[328.013916,-324.480774,54.514389],"luaFunction":"onBeamNGTrigger","rotationMatrix":[-0.767354131,-0.64122355,0,0.64122355,-0.767354131,0,0,0,1],"scale":[13.5428915,7.0879879,6.30256987],"triggerMode":"Overlaps","triggerTestType":"Bounding box"}
{"name":"BeamLRTrigger_WatchtowerCP1","class":"BeamNGTrigger","persistentId":"d2f7c5ab-e28e-44ac-ad05-068a9bfffa18","__parent":"Triggers","position":[92.5328827,-9.65587521,91.2374268],"luaFunction":"onBeamNGTrigger","rotationMatrix":[1,0,0,0,0.984136581,0.17741257,0,-0.17741257,0.984136581],"scale":[14.8571291,9.3022356,6.03875732],"triggerMode":"Overlaps","triggerTestType":"Bounding box"}
{"name":"BeamLRTrigger_RaceClubB","class":"BeamNGTrigger","persistentId":"cc3bc31c-8bae-4b0b-8646-b31c077e239a","__parent":"Triggers","position":[328.660065,131.025452,57.6708946],"luaFunction":"onBeamNGTrigger","rotationMatrix":[0.872068286,0.489384204,0,-0.489384204,0.872068286,0,0,0,1],"scale":[5.54457951,9.5952549,3.50345469],"triggerMode":"Overlaps","triggerTestType":"Bounding box"}
{"name":"BeamLRTrigger_RaceClubBStart","class":"BeamNGTrigger","persistentId":"461d690c-4477-4fbe-88e4-a87fde4683ea","__parent":"Triggers","position":[345.652771,93.9532394,56.595623],"luaFunction":"onBeamNGTrigger","rotationMatrix":[0.637721896,0.770266593,0,-0.770266593,0.637721896,0,0,0,1],"scale":[3.21348882,1.26672339,3.50345469],"triggerMode":"Contains"}
{"name":"BeamLRTrigger_RaceClubBFinish","class":"BeamNGTrigger","persistentId":"0d86ec6a-7372-4088-93b0-08ba72fcd466","__parent":"Triggers","position":[691.841736,-206.149475,55.4693108],"luaFunction":"onBeamNGTrigger","rotationMatrix":[0.719215631,-0.694786847,0,0.694786847,0.719215631,0,0,0,1],"scale":[3.72769761,13.1643906,4.75314903],"triggerMode":"Overlaps","triggerTestType":"Bounding box"}
{"name":"BeamLRTrigger_RaceClubC","class":"BeamNGTrigger","persistentId":"65826d29-0582-4844-8c97-30f1a1df34b5","__parent":"Triggers","position":[-216.970566,461.263306,35.8441162],"luaFunction":"onBeamNGTrigger","rotationMatrix":[0.719494104,0.694498479,0,-0.694498479,0.719494104,0,0,0,1],"scale":[6.17119741,10.1730528,5.27113676],"triggerMode":"Overlaps","triggerTestType":"Bounding box"}
{"name":"BeamLRTrigger_RaceClubCStart","class":"BeamNGTrigger","persistentId":"c812ec27-b038-4f8c-afda-cb8919f109e4","__parent":"Triggers","position":[-197.131882,449.733337,35.8441162],"luaFunction":"onBeamNGTrigger","rotationMatrix":[0.719494104,0.694498479,0,-0.694498479,0.719494104,0,0,0,1],"scale":[3.48940134,1.38819075,5.27113676],"triggerMode":"Contains"}
{"name":"BeamLRTrigger_OffroadYJuncACP1","class":"BeamNGTrigger","persistentId":"59c6dcb9-f8b4-4a61-bc00-83f37a69cfea","__parent":"Triggers","position":[-186.007736,423.415436,38.0910034],"luaFunction":"onBeamNGTrigger","rotationMatrix":[0.999985874,0.00531718135,0,-0.00531718135,0.999985874,0,0,0,1],"scale":[8.36486626,4.8837285,7.65981483],"triggerMode":"Overlaps","triggerTestType":"Bounding box"}
{"name":"BeamLRTrigger_DirtPathACP1","class":"BeamNGTrigger","persistentId":"ea0f847f-dc6b-413e-b0ca-5abbc5b259f1","__parent":"Triggers","position":[-139.339417,274.513092,35.5783272],"luaFunction":"onBeamNGTrigger","rotationMatrix":[0.70728296,0.706930578,0,-0.706930578,0.70728296,0,0,0,1],"scale":[10.9090881,4.8837285,7.65981483],"triggerMode":"Overlaps","triggerTestType":"Bounding box"}
{"name":"BeamLRTrigger_DirtPathACP2","class":"BeamNGTrigger","persistentId":"b97192bc-afd8-45d6-a0c0-f77eb34d6190","__parent":"Triggers","position":[-34.1676407,56.0580788,46.0515823],"luaFunction":"onBeamNGTrigger","rotationMatrix":[0.991926193,-0.126816511,0,0.126816511,0.991926193,0,0,0,1],"scale":[13.3670969,4.8837285,7.65981483],"triggerMode":"Overlaps","triggerTestType":"Bounding box"}
{"name":"BeamLRTrigger_DirtPathACP3","class":"BeamNGTrigger","persistentId":"4ea3dd25-0451-4778-96b0-36dad4bbdb62","__parent":"Triggers","position":[180.139801,-274.58075,48.6424789],"luaFunction":"onBeamNGTrigger","rotationMatrix":[0.592091322,0.805870831,0,-0.805870831,0.592091322,0,0,0,1],"scale":[13.3670969,4.8837285,7.65981483],"triggerMode":"Overlaps","triggerTestType":"Bounding box"}
{"name":"BeamLRTrigger_DirtPathACP4","class":"BeamNGTrigger","persistentId":"21830774-985f-4ee4-a06d-5404eb42f70f","__parent":"Triggers","position":[283.99823,-395.150146,45.8514595],"luaFunction":"onBeamNGTrigger","rotationMatrix":[0.925148308,0.379605889,0,-0.379605889,0.925148308,0,0,0,1],"scale":[13.3670969,4.8837285,7.65981483],"triggerMode":"Overlaps","triggerTestType":"Bounding box"}
{"name":"BeamLRTrigger_DirtPathBCP1","class":"BeamNGTrigger","persistentId":"81a26e1b-1043-4c91-a9c8-4893a9f749bf","__parent":"Triggers","position":[-151.737396,425.877686,40.499958],"luaFunction":"onBeamNGTrigger","rotationMatrix":[0.662140489,-0.749379694,0,0.749379694,0.662140489,0,0,0,1],"scale":[10.9090881,4.8837285,9.2121954],"triggerMode":"Overlaps","triggerTestType":"Bounding box"}
{"name":"BeamLRTrigger_DirtPathBCP2","class":"BeamNGTrigger","persistentId":"597c1c90-9545-4340-a788-c04d5c0f3fe2","__parent":"Triggers","position":[-57.0438309,490.862244,42.1011124],"luaFunction":"onBeamNGTrigger","rotationMatrix":[0.483289599,-0.875460505,0,0.875460505,0.483289599,0,0,0,1],"scale":[12.1613369,4.8837285,9.2121954],"triggerMode":"Overlaps","triggerTestType":"Bounding box"}
{"name":"BeamLRTrigger_DirtPathBCP3","class":"BeamNGTrigger","persistentId":"51d80ef0-e18b-44a4-98fe-6ad5f0c0c321","__parent":"Triggers","position":[91.7041397,537.152222,35.1369057],"luaFunction":"onBeamNGTrigger","rotationMatrix":[0.248290598,-0.968685448,0,0.968685448,0.248290598,0,0,0,1],"scale":[12.1613369,4.8837285,9.2121954],"triggerMode":"Overlaps","triggerTestType":"Bounding box"}
{"name":"BeamLRTrigger_DirtPathBCP4","class":"BeamNGTrigger","persistentId":"cf70d20a-e863-40e9-9722-36393bb58820","__parent":"Triggers","position":[209.820816,569.89801,51.2149811],"luaFunction":"onBeamNGTrigger","rotationMatrix":[0.248290598,-0.968685448,0,0.968685448,0.248290598,0,0,0,1],"scale":[12.1613369,4.8837285,9.2121954],"triggerMode":"Overlaps","triggerTestType":"Bounding box"}
{"name":"BeamLRTrigger_DirtPathBCP5","class":"BeamNGTrigger","persistentId":"0633aafe-3f8c-4290-bc1b-bb67fb2e9bf7","__parent":"Triggers","position":[437.039795,628.580444,53.3175926],"luaFunction":"onBeamNGTrigger","rotationMatrix":[0.999999821,-0.000565037248,0,0.000565037248,0.999999821,0,0,0,1],"scale":[12.1613369,4.8837285,9.2121954],"triggerMode":"Overlaps","triggerTestType":"Bounding box"}
{"name":"BeamLRTrigger_DirtPathBCP6","class":"BeamNGTrigger","persistentId":"01f58a26-19f0-4d53-a373-03b49dd8e10b","__parent":"Triggers","position":[531.471985,267.079285,57.7080269],"luaFunction":"onBeamNGTrigger","rotationMatrix":[0.882577181,-0.470167458,0,0.470167458,0.882577181,0,0,0,1],"scale":[12.1613369,4.8837285,9.2121954],"triggerMode":"Overlaps","triggerTestType":"Bounding box"}
{"name":"BeamLRTrigger_DirtPathBCP7","class":"BeamNGTrigger","persistentId":"e3fb7572-6628-45dc-82c2-2ef5e6b1d7c2","__parent":"Triggers","position":[328.099579,169.884247,59.7046928],"luaFunction":"onBeamNGTrigger","rotationMatrix":[0.130490065,-0.991449654,0,0.991449654,0.130490065,0,0,0,1],"scale":[12.1613369,4.8837285,9.2121954],"triggerMode":"Overlaps","triggerTestType":"Bounding box"}
{"name":"BeamLRTrigger_DirtPathCCP1","class":"BeamNGTrigger","persistentId":"6d869fcf-b29a-4fca-9b95-1e70e62494b8","__parent":"Triggers","position":[-56.4650459,471.867798,42.1011124],"luaFunction":"onBeamNGTrigger","rotationMatrix":[-0.763161302,-0.646207929,0,0.646207929,-0.763161302,0,0,0,1],"scale":[12.1613369,4.8837285,9.2121954],"triggerMode":"Overlaps","triggerTestType":"Bounding box"}
{"name":"BeamLRTrigger_DirtPathCCP2","class":"BeamNGTrigger","persistentId":"64e536d1-aabd-402d-a5ab-2d20c1bcaede","__parent":"Triggers","position":[32.8565521,175.61113,82.5543594],"luaFunction":"onBeamNGTrigger","rotationMatrix":[-0.851103187,0.524998486,0,-0.524998486,-0.851103187,0,0,0,1],"scale":[12.1613369,4.8837285,9.2121954],"triggerMode":"Overlaps","triggerTestType":"Bounding box"}
{"name":"BeamLRTrigger_DirtPathACP5","class":"BeamNGTrigger","persistentId":"f6144ffe-da2d-493d-9ddb-a321b5e190a4","__parent":"Triggers","position":[160.755493,-276.215424,51.4133263],"luaFunction":"onBeamNGTrigger","rotationMatrix":[-0.633854628,0.773452222,0,-0.773452222,-0.633854628,0,0,0,1],"scale":[13.3670969,4.8837285,7.65981483],"triggerMode":"Overlaps","triggerTestType":"Bounding box"}
{"name":"BeamLRTrigger_DirtPathACP6","class":"BeamNGTrigger","persistentId":"6caaa627-fa9c-4539-b03e-2aaeaebf0f07","__parent":"Triggers","position":[60.3975677,-291.904755,47.6608391],"luaFunction":"onBeamNGTrigger","rotationMatrix":[-0.0286598206,0.999589145,0,-0.999589145,-0.0286598206,0,0,0,1],"scale":[13.3670969,4.8837285,7.65981483],"triggerMode":"Overlaps","triggerTestType":"Bounding box"}
{"name":"BeamLRTrigger_DirtPathACP7","class":"BeamNGTrigger","persistentId":"63fdd4e4-8c74-4516-80ba-862c89898f73","__parent":"Triggers","position":[-144.962738,-61.7514839,41.3950729],"luaFunction":"onBeamNGTrigger","rotationMatrix":[0.536875129,0.843660414,0.0014515873,-0.842618763,0.536125183,0.0506284684,0.0419350043,-0.0284042954,0.998716474],"scale":[13.3670969,4.8837285,7.65981483],"triggerMode":"Overlaps","triggerTestType":"Bounding box"}
{"name":"BeamLRTrigger_DirtPathACP8","class":"BeamNGTrigger","persistentId":"88d315be-4a7f-47bb-a262-33f9a3f9bb12","__parent":"Triggers","position":[-295.11673,44.1447754,34.8402786],"luaFunction":"onBeamNGTrigger","rotationMatrix":[0.174986064,0.984569788,0.0014515873,-0.983321071,0.174689472,0.0506284609,0.0495936796,-0.0102866497,0.998716474],"scale":[13.3670969,4.8837285,7.65981483],"triggerMode":"Overlaps","triggerTestType":"Bounding box"}
{"name":"BeamLRTrigger_MountainRoadDirtIntersectCP1","class":"BeamNGTrigger","persistentId":"d0aed1df-6dfb-4b11-840e-6b4cbe211dd1","__parent":"Triggers","position":[269.774902,-403.150726,45.8514595],"luaFunction":"onBeamNGTrigger","rotationMatrix":[0.519731343,0.854329765,0,-0.854329765,0.519731343,0,0,0,1],"scale":[13.3670969,4.8837285,7.65981483],"triggerMode":"Overlaps","triggerTestType":"Bounding box"}
{"name":"BeamLRTrigger_MountainRoadDirtIntersectCP2","class":"BeamNGTrigger","persistentId":"fd8cc0ba-a364-4afa-8870-63f31939c07f","__parent":"Triggers","position":[65.6165466,-276.578705,47.6608391],"luaFunction":"onBeamNGTrigger","rotationMatrix":[0.852556884,0.522634447,0,-0.522634447,0.852556884,0,0,0,1],"scale":[13.3670969,4.8837285,7.65981483],"triggerMode":"Overlaps","triggerTestType":"Bounding box"}
{"name":"BeamLRTrigger_MountainroadYjuncCP2","class":"BeamNGTrigger","persistentId":"a39d2d5c-b1fb-463f-a8a3-6864eed2c00d","__parent":"Triggers","position":[-177.205032,105.02124,44.7801285],"luaFunction":"onBeamNGTrigger","rotationMatrix":[0.942267358,-0.334861398,0,0.334861398,0.942267358,0,0,0,1],"scale":[7.28369141,13.0432549,5.78222036],"triggerMode":"Overlaps","triggerTestType":"Bounding box"}
{"name":"BeamLRTrigger_BridgeACP3","class":"BeamNGTrigger","persistentId":"e3a05787-3552-48c1-8e67-1309001a77f6","__parent":"Triggers","position":[-327.657654,653.007324,25.506237],"luaFunction":"onBeamNGTrigger","rotationMatrix":[-0.159714222,-0.987163186,0,0.987163186,-0.159714222,0,0,0,1],"scale":[7.28369141,13.0432549,5.78222036],"triggerMode":"Overlaps","triggerTestType":"Bounding box"}
{"name":"BeamLRTrigger_DirtBridgeIntersectCP1","class":"BeamNGTrigger","persistentId":"f937e8b0-b751-4bed-a966-8652b58a2b92","__parent":"Triggers","position":[-347.404694,881.752136,32.07621],"luaFunction":"onBeamNGTrigger","rotationMatrix":[0.789611697,-0.61360687,0,0.61360687,0.789611697,0,0,0,1],"scale":[7.28369141,13.0432549,5.78222036],"triggerMode":"Overlaps","triggerTestType":"Bounding box"}
{"name":"BeamLRTrigger_DirtBridgeIntersectCP2","class":"BeamNGTrigger","persistentId":"3b933603-def8-43cc-989a-d2416c7a9b05","__parent":"Triggers","position":[-425.61557,925.537476,32.0761948],"luaFunction":"onBeamNGTrigger","rotationMatrix":[0.994168937,-0.107833922,0,0.107833922,0.994168937,0,0,0,1],"scale":[7.28369141,13.0432549,5.78222036],"triggerMode":"Overlaps","triggerTestType":"Bounding box"}
{"name":"BeamLRTrigger_FarPondIntersectCP1","class":"BeamNGTrigger","persistentId":"7f49d618-a3d8-4700-aa9c-af2372a2cef7","__parent":"Triggers","position":[-768.112183,940.044983,38.928318],"luaFunction":"onBeamNGTrigger","rotationMatrix":[0.0967562795,0.986536801,0.131846398,-0.994986832,0.0925067067,0.0379987545,0.0252904817,-0.13486205,0.990541577],"scale":[7.0090332,12.1740847,7.33955574],"triggerMode":"Overlaps","triggerTestType":"Bounding box"}
{"name":"BeamLRTrigger_FarPondRoadIntersectCP1","class":"BeamNGTrigger","persistentId":"70d72cc5-fa94-4cca-817e-95294b618f88","__parent":"Triggers","position":[-763.760132,620.472534,28.7128639],"luaFunction":"onBeamNGTrigger","rotationMatrix":[-0.908726454,0.416323274,0.0298453085,-0.415541619,-0.909107685,0.0291184783,0.0392553098,0.0140587687,0.999130309],"scale":[7.0090332,12.1740847,7.33955574],"triggerMode":"Overlaps","triggerTestType":"Bounding box"}
{"name":"BeamLRTrigger_FarPondRoadEnd","class":"BeamNGTrigger","persistentId":"d9ddbb14-3517-4b31-b109-e99497a57098","__parent":"Triggers","position":[-636.934326,567.160889,29.9418049],"luaFunction":"onBeamNGTrigger","rotationMatrix":[-0.908726454,0.416323274,0.0298453085,-0.415541619,-0.909107685,0.0291184783,0.0392553098,0.0140587687,0.999130309],"scale":[7.0090332,12.1740847,7.33955574],"triggerMode":"Overlaps","triggerTestType":"Bounding box"}
{"name":"BeamLRTrigger_DirtPathBCP8","class":"BeamNGTrigger","persistentId":"a52c78a4-8c78-4d0b-bef2-f135547dc787","__parent":"Triggers","position":[201.947754,552.889954,48.9898911],"luaFunction":"onBeamNGTrigger","rotationMatrix":[0.989951193,0.141409338,0,-0.141409338,0.989951193,0,0,0,1],"scale":[12.1613369,4.8837285,9.2121954],"triggerMode":"Overlaps","triggerTestType":"Bounding box"}
{"name":"BeamLRTrigger_CliffsideMidroadCP1","class":"BeamNGTrigger","persistentId":"0d1dd968-56b0-49e8-9843-95e6d15d4ed1","__parent":"Triggers","position":[189.305237,189.934708,50.6705666],"luaFunction":"onBeamNGTrigger","rotationMatrix":[0.929369628,0.36915046,0,-0.36915046,0.929369628,0,0,0,1],"scale":[12.1613369,4.8837285,9.2121954],"triggerMode":"Overlaps","triggerTestType":"Bounding box"}
{"name":"BeamLRTrigger_WatchtowerroadYjuncCP2","class":"BeamNGTrigger","persistentId":"18cbdc12-f776-4d18-b188-08c23903e0f0","__parent":"Triggers","position":[360.886017,-363.345734,56.558754],"luaFunction":"onBeamNGTrigger","rotationMatrix":[-0.767354131,-0.64122355,0,0.64122355,-0.767354131,0,0,0,1],"scale":[13.5428915,7.0879879,6.30256987],"triggerMode":"Overlaps","triggerTestType":"Bounding box"}
{"name":"BeamLRTrigger_FirwoodInnDirtpathCP1","class":"BeamNGTrigger","persistentId":"e25923a2-b685-4e46-be5b-9f09c75e84a1","__parent":"Triggers","position":[434.836914,-469.857239,56.558754],"luaFunction":"onBeamNGTrigger","rotationMatrix":[-0.767354131,-0.64122355,0,0.64122355,-0.767354131,0,0,0,1],"scale":[11.0270224,7.0879879,6.30256987],"triggerMode":"Overlaps","triggerTestType":"Bounding box"}
{"name":"BeamLRTrigger_FirwoodInnDirtpathCP2","class":"BeamNGTrigger","persistentId":"c035e095-c224-4c9c-96e6-5a19c3e62381","__parent":"Triggers","position":[521.356689,-595.368713,55.0387459],"luaFunction":"onBeamNGTrigger","rotationMatrix":[-0.892570019,-0.450908303,0,0.450908303,-0.892570019,0,0,0,1],"scale":[11.0270224,7.0879879,6.30256987],"triggerMode":"Overlaps","triggerTestType":"Bounding box"}
{"name":"BeamLRTrigger_FirwoodInnDirtpathCP3","class":"BeamNGTrigger","persistentId":"d2addb82-11ca-4af5-b65e-e6a6af3e0f89","__parent":"Triggers","position":[572.026489,-678.83197,54.7065315],"luaFunction":"onBeamNGTrigger","rotationMatrix":[-0.892570019,-0.450908303,0,0.450908303,-0.892570019,0,0,0,1],"scale":[11.0270224,7.0879879,6.30256987],"triggerMode":"Overlaps","triggerTestType":"Bounding box"}
{"name":"BeamLRTrigger_FirwoodInnDirtpathCP4","class":"BeamNGTrigger","persistentId":"5410d674-75d0-4d98-bfad-3678d85f4e58","__parent":"Triggers","position":[666.741272,-852.288818,43.8492355],"luaFunction":"onBeamNGTrigger","rotationMatrix":[-0.598205566,-0.801342666,0,0.801342666,-0.598205566,0,0,0,1],"scale":[11.0270224,7.0879879,6.30256987],"triggerMode":"Overlaps","triggerTestType":"Bounding box"}
{"name":"BeamLRTrigger_SeasideCliffroadCP1","class":"BeamNGTrigger","persistentId":"fb5fb055-0cc4-443a-ae09-c87fa269e2fe","__parent":"Triggers","position":[751.391602,-877.942322,41.5808411],"luaFunction":"onBeamNGTrigger","rotationMatrix":[-0.049759984,0.998749733,0.00476353988,-0.993913054,-0.049048543,-0.0986449793,-0.0982880145,-0.00964313,0.995111287],"scale":[11.6853828,6.55700684,6.55579233],"triggerMode":"Overlaps","triggerTestType":"Bounding box"}
{"name":"BeamLRTrigger_SeasideVillageCP5","class":"BeamNGTrigger","persistentId":"ae0fbdbe-c161-4e02-8928-d9b5fb951df7","__parent":"Triggers","position":[3.7980299,-812.875549,19.313282],"luaFunction":"onBeamNGTrigger","rotationMatrix":[0.715947211,-0.69815439,0,0.69815439,0.715947211,0,0,0,1],"scale":[7.20329666,15.0360479,6.51275635],"triggerMode":"Overlaps","triggerTestType":"Bounding box"}
{"name":"BeamLRTrigger_SeasideCliffroadCP2","class":"BeamNGTrigger","persistentId":"0a1ea929-ca3e-4228-a8ee-64c38db015b9","__parent":"Triggers","position":[499.751404,-934.883057,17.865345],"luaFunction":"onBeamNGTrigger","rotationMatrix":[-0.049759984,0.998749733,0.00476353988,-0.993913054,-0.049048543,-0.0986449793,-0.0982880145,-0.00964313,0.995111287],"scale":[15.255374,6.55700684,9.44467068],"triggerMode":"Overlaps","triggerTestType":"Bounding box"}
{"name":"BeamLRTrigger_MountainRoadDirtIntersectCP3","class":"BeamNGTrigger","persistentId":"b6949df8-9201-4544-bd99-a6fdda1d1566","__parent":"Triggers","position":[306.552917,-428.422241,45.3496513],"luaFunction":"onBeamNGTrigger","rotationMatrix":[0.664896309,0.746935606,0,-0.746935606,0.664896309,0,0,0,1],"scale":[13.3670969,4.8837285,7.65981483],"triggerMode":"Overlaps","triggerTestType":"Bounding box"}
{"name":"BeamLRTrigger_SawmillOverpassJuncCP2","class":"BeamNGTrigger","persistentId":"636dcb76-5718-46d9-96df-4203dcf8dcfa","__parent":"Triggers","position":[407.578552,-639.822205,46.3434372],"luaFunction":"onBeamNGTrigger","rotationMatrix":[0.454632401,-0.890679121,0,0.890679121,0.454632401,0,0,0,1],"scale":[15.6940689,7.0879879,6.30256987],"triggerMode":"Overlaps","triggerTestType":"Bounding box"}
{"name":"BeamLRTrigger_SawmillEntranceCP2","class":"BeamNGTrigger","persistentId":"dc0ce403-19c9-48e4-bd21-0d4c6b6d7b8e","__parent":"Triggers","position":[250.963455,-721.117859,44.4920425],"luaFunction":"onBeamNGTrigger","rotationMatrix":[-0.0675889254,0.997713149,0,-0.997713149,-0.0675889254,0,0,0,1],"scale":[12.3779898,7.0879879,6.30256987],"triggerMode":"Overlaps","triggerTestType":"Bounding box"}
{"name":"BeamLRTrigger_SawmillEntranceCP3","class":"BeamNGTrigger","persistentId":"c4535ab8-ebb2-4d01-ac96-d3c996c35617","__parent":"Triggers","position":[234.464767,-707.983398,44.4920425],"luaFunction":"onBeamNGTrigger","rotationMatrix":[0.0914140344,0.995812953,0,-0.995812953,0.0914140344,0,0,0,1],"scale":[12.3779898,7.0879879,6.30256987],"triggerMode":"Overlaps","triggerTestType":"Bounding box"}
{"name":"BeamLRTrigger_SawmillDirtRoadCP1","class":"BeamNGTrigger","persistentId":"15d1e198-5c0c-4def-a6bc-b3925b2c4540","__parent":"Triggers","position":[156.32782,-659.394531,42.382946],"luaFunction":"onBeamNGTrigger","rotationMatrix":[-0.0579578876,0.998319089,0,-0.998319089,-0.0579578876,0,0,0,1],"scale":[12.6250429,7.0879879,6.30256987],"triggerMode":"Overlaps","triggerTestType":"Bounding box"}
{"name":"BeamLRTrigger_SawmillDirtRoadCP2","class":"BeamNGTrigger","persistentId":"c382d059-f309-4a9c-8ad1-58e5956d780a","__parent":"Triggers","position":[102.129158,-686.541321,41.6385536],"luaFunction":"onBeamNGTrigger","rotationMatrix":[-0.617150307,0.786845565,0,-0.786845565,-0.617150307,0,0,0,1],"scale":[12.6250429,7.0879879,6.30256987],"triggerMode":"Overlaps","triggerTestType":"Bounding box"}
{"name":"BeamLRTrigger_SawmillDirtRoadCP3","class":"BeamNGTrigger","persistentId":"de4d52b4-2f12-46d2-be7c-320d8a665564","__parent":"Triggers","position":[-371.153656,-523.999329,45.0753212],"luaFunction":"onBeamNGTrigger","rotationMatrix":[-0.902817845,-0.430023193,0,0.430023193,-0.902817845,0,0,0,1],"scale":[12.6250429,7.0879879,6.30256987],"triggerMode":"Overlaps","triggerTestType":"Bounding box"}
{"name":"BeamLRTrigger_FarmDirtRoadCP1","class":"BeamNGTrigger","persistentId":"57a11eb7-5a65-4790-ac27-d9ffd670d76a","__parent":"Triggers","position":[-382.639954,-354.728027,37.9085503],"luaFunction":"onBeamNGTrigger","rotationMatrix":[-0.999218345,0.0395348817,0,-0.0395348817,-0.999218345,0,0,0,1],"scale":[12.6250429,7.0879879,6.30256987],"triggerMode":"Overlaps","triggerTestType":"Bounding box"}
{"name":"BeamLRTrigger_FarmDirtRoadCP2","class":"BeamNGTrigger","persistentId":"1a0a8eec-49ce-48b0-91a5-a64c953633a5","__parent":"Triggers","position":[-384.372894,-238.250854,37.9085503],"luaFunction":"onBeamNGTrigger","rotationMatrix":[-0.999218345,0.0395348817,0,-0.0395348817,-0.999218345,0,0,0,1],"scale":[13.8779774,7.0879879,6.30256987],"triggerMode":"Overlaps","triggerTestType":"Bounding box"}
{"name":"BeamLRTrigger_FarmDirtRoadCP3","class":"BeamNGTrigger","persistentId":"d3a33023-f752-4bf2-b360-afaf48015c54","__parent":"Triggers","position":[-427.945496,-47.7745895,33.8209381],"luaFunction":"onBeamNGTrigger","rotationMatrix":[-0.999218345,0.0395348817,0,-0.0395348817,-0.999218345,0,0,0,1],"scale":[13.8779774,7.0879879,6.30256987],"triggerMode":"Overlaps","triggerTestType":"Bounding box"}
{"name":"BeamLRTrigger_FarmDirtRoadCP4","class":"BeamNGTrigger","persistentId":"adbc311f-90ad-4885-a0fa-09ab76b54d18","__parent":"Triggers","position":[-379.902496,89.2156296,36.0824127],"luaFunction":"onBeamNGTrigger","rotationMatrix":[-0.680862069,0.732411683,0,-0.732411683,-0.680862069,0,0,0,1],"scale":[13.8779774,7.0879879,6.30256987],"triggerMode":"Overlaps","triggerTestType":"Bounding box"}
{"name":"BeamLRTrigger_SawmillDirtRoadCP4","class":"BeamNGTrigger","persistentId":"aff8e8f6-2236-4d2a-9e47-04d9a438f95a","__parent":"Triggers","position":[105.414345,-667.807678,42.9807472],"luaFunction":"onBeamNGTrigger","rotationMatrix":[-0.830747247,-0.556650221,0,0.556650221,-0.830747247,0,0,0,1],"scale":[12.6250429,7.0879879,6.30256987],"triggerMode":"Overlaps","triggerTestType":"Bounding box"}
{"name":"BeamLRTrigger_SawmillDirtRoadCP5","class":"BeamNGTrigger","persistentId":"cfce616e-ddfa-4694-9bcf-04772e13a728","__parent":"Triggers","position":[-42.6850853,-463.239838,54.3643723],"luaFunction":"onBeamNGTrigger","rotationMatrix":[-0.312314868,-0.949978948,0,0.949978948,-0.312314868,0,0,0,1],"scale":[12.6250429,7.0879879,6.30256987],"triggerMode":"Overlaps","triggerTestType":"Bounding box"}
{"name":"BeamLRTrigger_SawmillDirtRoadCP6","class":"BeamNGTrigger","persistentId":"0b18ffec-6cf0-4550-b9ac-bcda6d3b324d","__parent":"Triggers","position":[-369.111786,-418.947174,38.3897285],"luaFunction":"onBeamNGTrigger","rotationMatrix":[-0.030077219,-0.999547362,0,0.999547362,-0.030077219,0,0,0,1],"scale":[12.6250429,7.0879879,6.30256987],"triggerMode":"Overlaps","triggerTestType":"Bounding box"}
{"name":"BeamLRTrigger_SawmillCP3","class":"BeamNGTrigger","persistentId":"36d12f6f-8ebf-4860-92d5-9d2dd121ed13","__parent":"Triggers","position":[179.938843,-713.16095,44.882122],"luaFunction":"onBeamNGTrigger","rotationMatrix":[0.554944515,-0.831887245,0,0.831887245,0.554944515,0,0,0,1],"scale":[15.6940689,7.0879879,6.30256987],"triggerMode":"Overlaps","triggerTestType":"Bounding box"}
{"name":"BeamLRTrigger_SawmillCP4","class":"BeamNGTrigger","persistentId":"f74022d5-e56a-4fd8-91dd-0e974ac8ab77","__parent":"Triggers","position":[125.963013,-746.03186,44.882122],"luaFunction":"onBeamNGTrigger","rotationMatrix":[0.984749198,-0.173979849,0,0.173979849,0.984749198,0,0,0,1],"scale":[10.1129789,7.0879879,6.30256987],"triggerMode":"Overlaps","triggerTestType":"Bounding box"}
{"name":"BeamLRTrigger_SawmillCP5","class":"BeamNGTrigger","persistentId":"2aa5dcab-fe90-4521-a6b5-a13a7308bacc","__parent":"Triggers","position":[170.860458,-794.558044,50.421566],"luaFunction":"onBeamNGTrigger","rotationMatrix":[0.458401799,0.88874501,0,-0.88874501,0.458401799,0,0,0,1],"scale":[8.06830788,7.0879879,4.82962561],"triggerMode":"Overlaps","triggerTestType":"Bounding box"}
{"name":"BeamLRTrigger_SawmillCP6","class":"BeamNGTrigger","persistentId":"0dc64248-c848-4044-891d-a926f6eed3c4","__parent":"Triggers","position":[249.134811,-821.034729,50.4215622],"luaFunction":"onBeamNGTrigger","rotationMatrix":[-0.0959048271,0.995390415,0,-0.995390415,-0.0959048271,0,0,0,1],"scale":[15.4932766,7.0879879,6.73975134],"triggerMode":"Overlaps","triggerTestType":"Bounding box"}
{"name":"BeamLRTrigger_SawmillCP7","class":"BeamNGTrigger","persistentId":"bcfcbf17-6f1c-4259-97c3-b455df4504a7","__parent":"Triggers","position":[305.185852,-828.122559,48.8675117],"luaFunction":"onBeamNGTrigger","rotationMatrix":[0.762337446,0.647179723,0,-0.647179723,0.762337446,0,0,0,1],"scale":[12.4015856,7.0879879,6.73975134],"triggerMode":"Overlaps","triggerTestType":"Bounding box"}
{"name":"BeamLRTrigger_SawmillCP8","class":"BeamNGTrigger","persistentId":"3d0771d9-2ce3-4e53-8596-fc83527a81ad","__parent":"Triggers","position":[319.524963,-770.962341,48.4418526],"luaFunction":"onBeamNGTrigger","rotationMatrix":[-0.821423531,0.570318341,0,-0.570318341,-0.821423531,0,0,0,1],"scale":[12.4015856,7.0879879,6.73975134],"triggerMode":"Overlaps","triggerTestType":"Bounding box"}
{"name":"BeamLRTrigger_SawmillCP9","class":"BeamNGTrigger","persistentId":"9a1fbcf2-c73d-4bf9-8c6e-62a3e79b9227","__parent":"Triggers","position":[294.928528,-770.667236,48.4418526],"luaFunction":"onBeamNGTrigger","rotationMatrix":[-0.720064998,-0.693906307,0,0.693906307,-0.720064998,0,0,0,1],"scale":[14.9287148,7.0879879,6.73975134],"triggerMode":"Overlaps","triggerTestType":"Bounding box"}
{"name":"BeamLRTrigger_SawmillCP10","class":"BeamNGTrigger","persistentId":"3bc9a8cf-5b43-4af2-a6d0-52869802ea30","__parent":"Triggers","position":[214.871796,-776.214172,49.3283501],"rotationMatrix":[0.576937556,-0.816788197,0,0.816788197,0.576937556,0,0,0,1],"scale":[14.9287148,7.0879879,6.73975134],"triggerMode":"Overlaps","triggerTestType":"Bounding box"}
{"name":"BeamLRTrigger_DirtPathBCP9","class":"BeamNGTrigger","persistentId":"12d33671-d1cf-47b3-a1f8-717ae788c464","__parent":"Triggers","position":[-79.335434,495.220245,40.7721596],"luaFunction":"onBeamNGTrigger","rotationMatrix":[-0.765123248,-0.643883884,0,0.643883884,-0.765123248,0,0,0,1],"scale":[14.0289898,4.8837285,9.2121954],"triggerMode":"Overlaps","triggerTestType":"Bounding box"}
{"name":"BeamLRTrigger_DirtPathBIntersectCP1","class":"BeamNGTrigger","persistentId":"156ccf10-1cb8-4164-a7db-0d7f432adfc9","__parent":"Triggers","position":[-172.16835,596.85144,32.4686737],"luaFunction":"onBeamNGTrigger","rotationMatrix":[0.646276057,-0.763103664,0,0.763103664,0.646276057,0,0,0,1],"scale":[14.0289898,4.8837285,9.2121954],"triggerMode":"Overlaps","triggerTestType":"Bounding box"}
{"name":"BeamLRTrigger_DirtShortcutCP1","class":"BeamNGTrigger","persistentId":"26ff9bcd-fd95-44ef-bf0f-2d5a81c14259","__parent":"Triggers","position":[-262.609314,505.01886,36.5803452],"luaFunction":"onBeamNGTrigger","rotationMatrix":[-0.541126132,-0.84094137,0,0.84094137,-0.541126132,0,0,0,1],"scale":[11.6856728,4.8837285,9.2121954],"triggerMode":"Overlaps","triggerTestType":"Bounding box"}
{"name":"BeamLRTrigger_FarPondRoadIntersectCP2","class":"BeamNGTrigger","persistentId":"cd05286f-4353-465d-bc41-745298fb2bd9","__parent":"Triggers","position":[-780.845032,614.587952,28.7128639],"luaFunction":"onBeamNGTrigger","rotationMatrix":[0.374814332,0.926619291,0.0298453104,-0.926964879,0.374016285,0.0291184857,0.0158191193,-0.0385795832,0.999130309],"scale":[7.0090332,12.1740847,7.33955574],"triggerMode":"Overlaps","triggerTestType":"Bounding box"}
{"name":"BeamLRTrigger_GasStationDirtRoadIntersectCP1","class":"BeamNGTrigger","persistentId":"3a271abf-65f5-4f8c-b3a3-d7ccd13d2989","__parent":"Triggers","position":[-828.108032,543.846863,28.7128639],"luaFunction":"onBeamNGTrigger","rotationMatrix":[0.767126083,0.640801609,0.0298452992,-0.641482413,0.766584873,0.0291184802,-0.00421977974,-0.0414827839,0.999130309],"scale":[7.0090332,12.1740847,7.33955574],"triggerMode":"Overlaps","triggerTestType":"Bounding box"}
{"name":"BeamLRTrigger_GasStationDirtRoadIntersectCP2","class":"BeamNGTrigger","persistentId":"dbc133b6-69a0-4b0a-a6c0-865cfa51a779","__parent":"Triggers","position":[-719.416382,151.221207,28.7128639],"luaFunction":"onBeamNGTrigger","rotationMatrix":[-0.239406347,0.97059226,0.0252050012,-0.970787168,-0.239721537,0.0102848904,0.0160246156,-0.022006426,0.999629378],"scale":[7.0090332,12.1740847,7.33955574],"triggerMode":"Overlaps","triggerTestType":"Bounding box"}
{"name":"BeamLRTrigger_FarmDirtRoadCP5","class":"BeamNGTrigger","persistentId":"d5d8c11d-fc81-4ecb-a9d2-2f5b2a3ae02e","__parent":"Triggers","position":[-429.414185,-78.2896729,35.1538429],"luaFunction":"onBeamNGTrigger","rotationMatrix":[-0.999218345,0.0395348817,0,-0.0395348817,-0.999218345,0,0,0,1],"scale":[13.8779774,7.0879879,6.30256987],"triggerMode":"Overlaps","triggerTestType":"Bounding box"}
{"name":"BeamLRTrigger_FarmDirtRoadCP6","class":"BeamNGTrigger","persistentId":"8e4ff741-7334-41b8-8a37-c5d5c6c80550","__parent":"Triggers","position":[-383.532318,-269.261108,37.9085503],"luaFunction":"onBeamNGTrigger","rotationMatrix":[-0.999218345,0.0395348817,0,-0.0395348817,-0.999218345,0,0,0,1],"scale":[13.8779774,7.0879879,6.30256987],"triggerMode":"Overlaps","triggerTestType":"Bounding box"}
{"name":"BeamLRTrigger_FarmDirtRoadCP7","class":"BeamNGTrigger","persistentId":"1ff5155e-02d5-40b7-981f-9178bb9ef4b5","__parent":"Triggers","position":[-383.037598,-382.046112,38.863739],"luaFunction":"onBeamNGTrigger","rotationMatrix":[-0.999218345,0.0395348817,0,-0.0395348817,-0.999218345,0,0,0,1],"scale":[12.6250429,7.0879879,6.30256987],"triggerMode":"Overlaps","triggerTestType":"Bounding box"}
{"name":"BeamLRTrigger_SawmillDirtRoadCP7","class":"BeamNGTrigger","persistentId":"f50368aa-aa82-4098-8076-5ac3ad894a88","__parent":"Triggers","position":[-357.711975,-564.45874,49.5149536],"luaFunction":"onBeamNGTrigger","rotationMatrix":[-0.985123992,-0.171846181,0,0.171846181,-0.985123992,0,0,0,1],"scale":[12.6250429,7.0879879,6.30256987],"triggerMode":"Overlaps","triggerTestType":"Bounding box"}
{"name":"BeamLRTrigger_GasStationIntersectCP7","class":"BeamNGTrigger","persistentId":"56673ac9-3796-4df8-a22d-7f00edcbf873","__parent":"Triggers","position":[-874.888489,574.870728,27.6911507],"luaFunction":"onBeamNGTrigger","rotationMatrix":[-0.761354327,0.648336112,0,-0.648336112,-0.761354327,0,0,0,1],"scale":[13.2351961,7.34789944,5.90429306],"triggerMode":"Overlaps","triggerTestType":"Bounding box"}
{"name":"BeamLRTrigger_RiversideRoadYJuncCP2","class":"BeamNGTrigger","persistentId":"a4a92dcc-0f80-418c-9eae-69519556652c","__parent":"Triggers","position":[-952.142761,339.957977,32.9328918],"luaFunction":"onBeamNGTrigger","rotationMatrix":[0.987432301,-0.15804255,0,0.15804255,0.987432301,0,0,0,1],"scale":[12.2485371,6.44775391,6.25532866],"triggerMode":"Overlaps","triggerTestType":"Bounding box"}
{"name":"BeamLRTrigger_RiversideRoadBCP1","class":"BeamNGTrigger","persistentId":"b98c676c-4459-4ef5-b6ee-c3ec93d87741","__parent":"Triggers","position":[-952.025208,-65.6645508,49.2113914],"luaFunction":"onBeamNGTrigger","rotationMatrix":[0.987432301,-0.15804255,0,0.15804255,0.987432301,0,0,0,1],"scale":[12.2485371,6.44775391,6.25532866],"triggerMode":"Overlaps","triggerTestType":"Bounding box"}
{"name":"BeamLRTrigger_RiversideRoadJuncACP2","class":"BeamNGTrigger","persistentId":"3bc573b7-8bba-486e-843b-d9ddd46910a9","__parent":"Triggers","position":[-937.625793,-759.039368,37.4659462],"luaFunction":"onBeamNGTrigger","rotationMatrix":[-0.759765863,-0.650196731,0,0.650196731,-0.759765863,0,0,0,1],"scale":[13.2606449,8.48632812,7.38059092],"triggerMode":"Overlaps","triggerTestType":"Bounding box"}
{"name":"BeamLRTrigger_WatchtowerroadCP1","class":"BeamNGTrigger","persistentId":"d017f72d-77d2-4933-93c1-81d57e101c82","__parent":"Triggers","position":[-153.938034,408.328552,40.499958],"luaFunction":"onBeamNGTrigger","rotationMatrix":[0.743072629,0.669210732,0,-0.669210732,0.743072629,0,0,0,1],"scale":[14.7861691,4.8837285,9.2121954],"triggerMode":"Overlaps","triggerTestType":"Bounding box"}
{"name":"BeamLRTrigger_DirtPathCCP3","class":"BeamNGTrigger","persistentId":"17ef4f60-f094-4d3a-8c46-1c6031ca8c0d","__parent":"Triggers","position":[46.908844,197.433411,85.4880524],"luaFunction":"onBeamNGTrigger","rotationMatrix":[0.661442757,-0.749995589,0,0.749995589,0.661442757,0,0,0,1],"scale":[14.7861691,4.8837285,9.2121954],"triggerMode":"Overlaps","triggerTestType":"Bounding box"}
{"name":"BeamLRTrigger_WatchtowerroadCP3","class":"BeamNGTrigger","persistentId":"0019f5da-f5e8-4fcd-bf95-7d2988a30546","__parent":"Triggers","position":[-240.457672,489.72879,37.4973335],"luaFunction":"onBeamNGTrigger","rotationMatrix":[0.559673905,0.828712881,0,-0.828712881,0.559673905,0,0,0,1],"scale":[14.7861691,4.8837285,9.2121954],"triggerMode":"Overlaps","triggerTestType":"Bounding box"}
{"name":"BeamLRTrigger_SawmillDirtIntersectCP1","class":"BeamNGTrigger","persistentId":"aa2bca8d-d634-4014-8919-1ce5c8854c45","__parent":"Triggers","position":[505.491516,-587.963013,55.5473938],"luaFunction":"onBeamNGTrigger","rotationMatrix":[0.454632401,-0.890679121,0,0.890679121,0.454632401,0,0,0,1],"scale":[15.6940689,7.0879879,6.30256987],"triggerMode":"Overlaps","triggerTestType":"Bounding box"}
{"name":"BeamLRTrigger_SawmillOverpassJuncCP3","class":"BeamNGTrigger","persistentId":"62fba931-f437-4d43-92e9-03db10e60c81","__parent":"Triggers","position":[420.071747,-615.108948,49.1264648],"luaFunction":"onBeamNGTrigger","rotationMatrix":[-0.847628236,-0.530590653,0,0.530590653,-0.847628236,0,0,0,1],"scale":[15.6940689,7.0879879,6.30256987],"triggerMode":"Overlaps","triggerTestType":"Bounding box"}
{"name":"BeamLRTrigger_DirtPathACP9","class":"BeamNGTrigger","persistentId":"276dbfb5-42b1-4f4c-837c-9a427039234f","__parent":"Triggers","position":[161.027969,-260.411377,52.6385727],"luaFunction":"onBeamNGTrigger","rotationMatrix":[0.592091322,0.805870831,0,-0.805870831,0.592091322,0,0,0,1],"scale":[13.3670969,4.8837285,7.65981483],"triggerMode":"Overlaps","triggerTestType":"Bounding box"}
{"name":"BeamLRTrigger_DirtPathACP10","class":"BeamNGTrigger","persistentId":"6a129879-9005-445b-9dc0-f3f7132cf919","__parent":"Triggers","position":[-42.3764305,76.5342789,46.0515823],"luaFunction":"onBeamNGTrigger","rotationMatrix":[0.714386582,0.699751258,0,-0.699751258,0.714386582,0,0,0,1],"scale":[13.3670969,4.8837285,7.65981483],"triggerMode":"Overlaps","triggerTestType":"Bounding box"}
{"name":"BeamLRTrigger_DirtPathACP11","class":"BeamNGTrigger","persistentId":"78dfff05-9c49-4f16-a51e-85992347272d","__parent":"Triggers","position":[-151.044464,285.836121,34.9778214],"luaFunction":"onBeamNGTrigger","rotationMatrix":[0.70728296,0.706930578,0,-0.706930578,0.70728296,0,0,0,1],"scale":[10.9090881,4.8837285,7.65981483],"triggerMode":"Overlaps","triggerTestType":"Bounding box"}
{"name":"BeamLRTrigger_OffroadYJuncACP2","class":"BeamNGTrigger","persistentId":"fd9ebb83-075f-4119-a7f9-c64fb37572ee","__parent":"Triggers","position":[-178.163223,409.194153,38.0910034],"luaFunction":"onBeamNGTrigger","rotationMatrix":[0.494886994,-0.868957281,0,0.868957281,0.494886994,0,0,0,1],"scale":[8.36486626,4.8837285,7.65981483],"triggerMode":"Overlaps","triggerTestType":"Bounding box"}
{"name":"BeamLRTrigger_ConvenienceStoreAChallenges","class":"BeamNGTrigger","persistentId":"d1063ad7-e3d5-4431-b825-6d55dda1f88d","__parent":"Triggers","position":[715.670166,-61.1960373,54.6288757],"luaFunction":"onBeamNGTrigger","rotationMatrix":[0.999994874,-0.0032005189,0,0.0032005189,0.999994874,0,0,0,1],"scale":[11.957325,11.5669193,5.89525175],"triggerMode":"Overlaps","triggerTestType":"Bounding box"}
{"name":"BeamLRTrigger_FirstResponderStationST","class":"BeamNGTrigger","persistentId":"db80ff9a-aa67-448d-93cc-a5807fb39030","__parent":"Triggers","position":[385.20932,63.7798691,55.5164261],"luaFunction":"onBeamNGTrigger","rotationMatrix":[0.729215205,-0.684284389,0,0.684284389,0.729215205,0,0,0,1],"scale":[4.84755087,9.5861702,6.79302979],"triggerMode":"Overlaps","triggerTestType":"Bounding box"}
{"name":"BeamLRTrigger_TownGasStationST","class":"BeamNGTrigger","persistentId":"40397f6c-7e58-4080-a0ca-2afdb433fde4","__parent":"Triggers","position":[734.157349,-25.8399029,54.7135315],"luaFunction":"onBeamNGTrigger","rotationMatrix":[0.99605757,-0.0887091979,0,0.0887091979,0.99605757,0,0,0,1],"scale":[14.1815548,6.52002573,6.82806396],"triggerMode":"Overlaps","triggerTestType":"Bounding box"}
{"name":"BeamLRTrigger_FarmChallenges","class":"BeamNGTrigger","persistentId":"396265ca-9918-4ed8-b172-8243f182059c","__parent":"Triggers","position":[-443.237122,-244.369781,35.9112206],"luaFunction":"onBeamNGTrigger","rotationMatrix":[0.99996084,-0.00885058008,0,0.00885058008,0.99996084,0,0,0,1],"scale":[11.0553093,5.66561222,4.96132183],"triggerMode":"Overlaps","triggerTestType":"Bounding box"}
{"name":"BeamLRTrigger_FarmJump","class":"BeamNGTrigger","persistentId":"1d61a7fd-5eca-4024-8636-17d1135760ce","__parent":"Triggers","position":[-565.432861,-219.533768,33.3907394],"luaFunction":"onBeamNGTrigger","rotationMatrix":[0.999957502,0.00922005158,0,-0.00922005158,0.999957502,0,0,0,1],"scale":[5.70181417,1.53269649,4.96132183],"triggerMode":"Overlaps","triggerTestType":"Bounding box"}
{"name":"BeamLRTrigger_CrazyJump","class":"BeamNGTrigger","persistentId":"2e0d684d-434f-40a9-b48d-8de84bc4cbce","__parent":"Triggers","position":[33.6021194,690.809326,39.3994865],"luaFunction":"onBeamNGTrigger","scale":[8.7322998,10.9323244,6.60351562],"triggerMode":"Overlaps","triggerTestType":"Bounding box"}
{"name":"BeamLRTrigger_FarmJuncCP3","class":"BeamNGTrigger","persistentId":"a0f8f7bc-a870-405d-b593-526580fdbf87","__parent":"Triggers","position":[-317.160767,-240.185928,38.8824883],"luaFunction":"onBeamNGTrigger","rotationMatrix":[-0.998913407,-0.0466018766,0,0.0466018766,-0.998913407,0,0,0,1],"scale":[14.1458254,5.66561222,4.96132183],"triggerMode":"Overlaps","triggerTestType":"Bounding box"}
{"name":"BeamLRTrigger_FarmJuncCP4","class":"BeamNGTrigger","persistentId":"b6514d64-274e-4ad1-b43f-7e6e74fa49aa","__parent":"Triggers","position":[-445.104553,-60.6928024,33.3222008],"luaFunction":"onBeamNGTrigger","rotationMatrix":[-0.00711512566,-0.999974608,0,0.999974608,-0.00711512566,0,0,0,1],"scale":[14.1458254,5.66561222,4.96132183],"triggerMode":"Overlaps","triggerTestType":"Bounding box"}
{"name":"BeamLRTrigger_SeasideBridgeJuncCP3","class":"BeamNGTrigger","persistentId":"ea8ccc5f-64d4-4e4e-88fc-6d0f374af766","__parent":"Triggers","position":[-685.133423,-759.179321,37.5512619],"luaFunction":"onBeamNGTrigger","rotationMatrix":[0.922159493,0.386809856,0,-0.386809856,0.922159493,0,0,0,1],"scale":[13.2606449,8.48632812,7.38059092],"triggerMode":"Overlaps","triggerTestType":"Bounding box"}
{"name":"BeamLRTrigger_CliffIntersectCP2","class":"BeamNGTrigger","persistentId":"ac428478-5775-4afd-bc1a-0ab695e2d1ca","__parent":"Triggers","position":[-357.377655,92.2984161,34.6893997],"luaFunction":"onBeamNGTrigger","rotationMatrix":[-0.725665927,-0.688046932,0,0.688046932,-0.725665927,0,0,0,1],"scale":[13.6332664,7.34789944,5.90429306],"triggerMode":"Overlaps","triggerTestType":"Bounding box"}
{"name":"BeamLRTrigger_DirtPathACP12","class":"BeamNGTrigger","persistentId":"0a5e3b72-a7fa-4162-8d4a-d89b69e12786","__parent":"Triggers","position":[-117.29924,-87.6403656,44.2848206],"luaFunction":"onBeamNGTrigger","rotationMatrix":[0.642289639,0.766460598,0.00145158544,-0.765525639,0.641410232,0.0506284572,0.037873663,-0.0336293541,0.998716474],"scale":[8.23333836,4.8837285,7.65981483],"triggerMode":"Overlaps","triggerTestType":"Bounding box"}
{"name":"BeamLRTrigger_DirtPathACP13","class":"BeamNGTrigger","persistentId":"ff341647-930e-4806-b2da-bb0018626a41","__parent":"Triggers","position":[91.6778793,-292.374054,52.2869644],"luaFunction":"onBeamNGTrigger","rotationMatrix":[-0.0286598206,0.999589145,0,-0.999589145,-0.0286598206,0,0,0,1],"scale":[13.3670969,4.8837285,7.65981483],"triggerMode":"Overlaps","triggerTestType":"Bounding box"}
{"name":"BeamLRTrigger_DirtPathBCP10","class":"BeamNGTrigger","persistentId":"9581f75c-39c7-4d6e-816a-e615b4ed18df","__parent":"Triggers","position":[545.699524,277.919067,55.8532906],"luaFunction":"onBeamNGTrigger","rotationMatrix":[0.341679692,0.939816356,0,-0.939816356,0.341679692,0,0,0,1],"scale":[12.1613369,4.8837285,9.2121954],"triggerMode":"Overlaps","triggerTestType":"Bounding box"}
{"name":"BeamLRTrigger_TownGasStationDirtPathCP1","class":"BeamNGTrigger","persistentId":"cff231ae-52b7-4f1c-aaef-8a8ab0d9dad5","__parent":"Triggers","position":[675.269043,-23.3975792,52.9323997],"luaFunction":"onBeamNGTrigger","rotationMatrix":[0.856629968,-0.515931308,0,0.515931308,0.856629968,0,0,0,1],"scale":[5.8328886,9.30380058,5.89525175],"triggerMode":"Overlaps","triggerTestType":"Bounding box"}
{"name":"BeamLRTrigger_TownCP1","class":"BeamNGTrigger","persistentId":"14d4dbe8-f0d9-4fc1-835c-5579cfc7d0c8","__parent":"Triggers","position":[731.851257,-107.285324,54.7135315],"luaFunction":"onBeamNGTrigger","rotationMatrix":[0.999978483,-0.00655733002,0,0.00655733002,0.999978483,0,0,0,1],"scale":[14.1815548,6.52002573,6.82806396],"triggerMode":"Overlaps","triggerTestType":"Bounding box"}
{"name":"BeamLRTrigger_TownCP2","class":"BeamNGTrigger","persistentId":"8ecb7c6f-5ca2-4877-b808-ea6c80120a1f","__parent":"Triggers","position":[736.694946,-248.705017,54.7135315],"luaFunction":"onBeamNGTrigger","rotationMatrix":[0.746938109,0.664893508,0,-0.664893508,0.746938109,0,0,0,1],"scale":[14.1815548,6.52002573,6.82806396],"triggerMode":"Overlaps","triggerTestType":"Bounding box"}
{"name":"BeamLRTrigger_TownCP3","class":"BeamNGTrigger","persistentId":"026348b0-5c84-410d-b3e6-41bf8961baa5","__parent":"Triggers","position":[768.285095,-322.92041,54.7135315],"luaFunction":"onBeamNGTrigger","rotationMatrix":[0.987856448,0.155369341,0,-0.155369341,0.987856448,0,0,0,1],"scale":[14.1815548,6.52002573,6.82806396],"triggerMode":"Overlaps","triggerTestType":"Bounding box"}
{"name":"BeamLRTrigger_TownCP4","class":"BeamNGTrigger","persistentId":"02852455-309f-408e-a481-6df9dab8efb5","__parent":"Triggers","position":[788.082581,-454.19165,54.7135315],"luaFunction":"onBeamNGTrigger","rotationMatrix":[0.0280157924,0.999607384,0,-0.999607384,0.0280157924,0,0,0,1],"scale":[14.1815548,6.52002573,6.82806396],"triggerMode":"Overlaps","triggerTestType":"Bounding box"}
{"name":"BeamLRTrigger_SeasideLongRoadCP3","class":"BeamNGTrigger","persistentId":"15f63816-4a43-4e17-993c-469a0dccc562","__parent":"Triggers","position":[517.149109,928.249512,61.4990196],"luaFunction":"onBeamNGTrigger","rotationMatrix":[-0.433685541,0.900678456,-0.0263682641,-0.89828521,-0.434459329,-0.0657939315,-0.0707151145,-0.00484765694,0.997484744],"scale":[12.7502928,8.09453201,5.86359882],"triggerMode":"Overlaps","triggerTestType":"Bounding box"}
{"name":"BeamLRTrigger_TownEntranceTJuncCP2","class":"BeamNGTrigger","persistentId":"ac522fe1-2d79-40e7-82e1-f6a2620ff85e","__parent":"Triggers","position":[907.173584,-495.757507,44.9574738],"luaFunction":"onBeamNGTrigger","rotationMatrix":[-0.996485591,-0.0782185346,-0.0299667791,0.077513501,-0.996701956,0.0240094159,-0.0317459367,0.0216022115,0.999262512],"scale":[11.6853828,6.55700684,6.55579233],"triggerMode":"Overlaps","triggerTestType":"Bounding box"}
{"name":"BeamLRTrigger_TownSeasideBridgeCP2","class":"BeamNGTrigger","persistentId":"e0df2af8-6da6-44f8-a3b6-045488dda692","__parent":"Triggers","position":[814.023743,-800.187378,44.782402],"luaFunction":"onBeamNGTrigger","rotationMatrix":[-0.791199088,0.611552894,-0.00266183261,-0.611357391,-0.790819526,0.0290980451,0.0156899653,0.0246496759,0.999572992],"scale":[11.6853828,6.55700684,6.55579233],"triggerMode":"Overlaps","triggerTestType":"Bounding box"}
{"name":"BeamLRTrigger_SeasideCliffroadCP3","class":"BeamNGTrigger","persistentId":"b609b0d5-f1bf-45f9-bb0d-5e23a12ad74c","__parent":"Triggers","position":[707.0896,-882.049805,41.735981],"luaFunction":"onBeamNGTrigger","rotationMatrix":[-0.350129366,0.936353862,-0.0255088545,-0.936328351,-0.350628495,-0.0186749212,-0.026430469,0.0173460245,0.999500155],"scale":[11.6853828,6.55700684,6.55579233],"triggerMode":"Overlaps","triggerTestType":"Bounding box"}
{"name":"BeamLRTrigger_MidRoadEndCP1","class":"BeamNGTrigger","persistentId":"2ff67fc2-a8c2-493b-aff6-ae379e88aa67","__parent":"Triggers","position":[461.675171,-895.332092,39.4091835],"luaFunction":"onBeamNGTrigger","rotationMatrix":[-0.0469789505,0.998884439,0.00476354733,-0.995570183,-0.0472108126,0.0813082233,0.0814424157,-0.000922665,0.996677637],"scale":[13.7234259,6.55700684,6.55579233],"triggerMode":"Overlaps","triggerTestType":"Bounding box"}
{"name":"BeamLRTrigger_RiversideRoadBCP2","class":"BeamNGTrigger","persistentId":"9e0a479b-27d0-4ae0-bb6a-af578bb887f4","__parent":"Triggers","position":[-951.11322,-13.7473698,42.8356438],"luaFunction":"onBeamNGTrigger","rotationMatrix":[1,9.25958229e-05,0,-9.25958229e-05,1,0,0,0,1],"scale":[12.2485371,6.44775391,6.25532866],"triggerMode":"Overlaps","triggerTestType":"Bounding box"}
{"name":"BeamLRTrigger_TownCP5","class":"BeamNGTrigger","persistentId":"25515a5e-4c95-4f6b-9e69-e9f5e13a7b50","__parent":"Triggers","position":[763.245483,-453.371002,56.2693367],"luaFunction":"onBeamNGTrigger","rotationMatrix":[0.0280157924,0.999607384,0,-0.999607384,0.0280157924,0,0,0,1],"scale":[14.1815548,6.52002573,6.82806396],"triggerMode":"Overlaps","triggerTestType":"Bounding box"}
{"name":"BeamLRTrigger_TownCP6","class":"BeamNGTrigger","persistentId":"9596b085-ce12-4c5b-b2c4-ed05fd7bfe4f","__parent":"Triggers","position":[714.963013,-227.585892,54.7135315],"luaFunction":"onBeamNGTrigger","rotationMatrix":[0.675423622,0.737429857,0,-0.737429857,0.675423622,0,0,0,1],"scale":[14.1815548,6.52002573,6.82806396],"triggerMode":"Overlaps","triggerTestType":"Bounding box"}
{"name":"BeamLRTrigger_TownCP7","class":"BeamNGTrigger","persistentId":"271c9b9b-24db-4da9-9a7c-a41cc1e6cd6f","__parent":"Triggers","position":[565.113464,-95.4717178,54.7135315],"luaFunction":"onBeamNGTrigger","rotationMatrix":[0.675423622,0.737429857,0,-0.737429857,0.675423622,0,0,0,1],"scale":[14.1815548,6.52002573,6.82806396],"triggerMode":"Overlaps","triggerTestType":"Bounding box"}
{"name":"BeamLRTrigger_DirtPathBCP11","class":"BeamNGTrigger","persistentId":"3387e630-79ba-4706-8297-6a0d584c60d9","__parent":"Triggers","position":[306.397308,185.553772,59.7046928],"luaFunction":"onBeamNGTrigger","rotationMatrix":[0.996063471,0.0886430517,0,-0.0886430517,0.996063471,0,0,0,1],"scale":[12.1613369,4.8837285,9.2121954],"triggerMode":"Overlaps","triggerTestType":"Bounding box"}
{"name":"BeamLRTrigger_CurveIntersectCP2","class":"BeamNGTrigger","persistentId":"4c9985fd-dfbc-4506-8d48-d16a5948cc1a","__parent":"Triggers","position":[414.846222,798.844055,54.5430412],"luaFunction":"onBeamNGTrigger","rotationMatrix":[0.599437594,0.800421417,0,-0.800421417,0.599437594,0,0,0,1],"scale":[5.72068214,13.5562506,7.37565994],"triggerMode":"Overlaps","triggerTestType":"Bounding box"}
{"name":"BeamLRTrigger_TownEntranceBridgeCP3","class":"BeamNGTrigger","persistentId":"fc2fb5c8-09bb-4371-b59f-d55b9fdedc6a","__parent":"Triggers","position":[552.223694,-461.34436,55.8394661],"luaFunction":"onBeamNGTrigger","rotationMatrix":[0.997512281,-0.0704932511,0,0.0704932511,0.997512281,0,0,0,1],"scale":[13.5428915,7.0879879,6.30256987],"triggerMode":"Overlaps","triggerTestType":"Bounding box"}
{"name":"BeamLRTrigger_TownEntranceYJuncCP2","class":"BeamNGTrigger","persistentId":"823f2f72-d4ac-40be-91e4-013f0734f408","__parent":"Triggers","position":[552.795715,-577.030518,53.0207214],"luaFunction":"onBeamNGTrigger","rotationMatrix":[0.891214311,0.453582406,0,-0.453582406,0.891214311,0,0,0,1],"scale":[10.5887833,7.0879879,6.30256987],"triggerMode":"Overlaps","triggerTestType":"Bounding box"}
{"name":"BeamLRTrigger_FirwoodInnJuncCP1","class":"BeamNGTrigger","persistentId":"551dffc0-54dd-4afa-9642-e1cb95515eca","__parent":"Triggers","position":[583.354431,-651.349243,49.9609756],"luaFunction":"onBeamNGTrigger","rotationMatrix":[0.657423437,-0.753521264,0,0.753521264,0.657423437,0,0,0,1],"scale":[12.5345821,7.0879879,6.30256987],"triggerMode":"Overlaps","triggerTestType":"Bounding box"}
{"name":"BeamLRTrigger_FirwoodInnEntranceCP1","class":"BeamNGTrigger","persistentId":"8dd03592-e3a1-4072-80f7-eb1f47a00254","__parent":"Triggers","position":[508.50351,-726.126587,54.2793465],"luaFunction":"onBeamNGTrigger","rotationMatrix":[-0.547257185,0.836964369,0,-0.836964369,-0.547257185,0,0,0,1],"scale":[12.8887911,7.0879879,6.30256987],"triggerMode":"Overlaps","triggerTestType":"Bounding box"}
{"name":"BeamLRTrigger_SawmillCP11","class":"BeamNGTrigger","persistentId":"24333f9d-be5e-4de8-b172-5b5ef2f95398","__parent":"Triggers","position":[295.362946,-853.784668,48.2288971],"luaFunction":"onBeamNGTrigger","rotationMatrix":[-0.199948311,0.979806483,0,-0.979806483,-0.199948311,0,0,0,1],"scale":[12.2984047,7.0879879,6.30256987],"triggerMode":"Overlaps","triggerTestType":"Bounding box"}
{"name":"BeamLRTrigger_RedmanorEntranceCP2","class":"BeamNGTrigger","persistentId":"4b751c1c-149b-4cb2-83f3-e9e98e47b6a0","__parent":"Triggers","position":[-508.438812,-738.935608,41.7087898],"luaFunction":"onBeamNGTrigger","rotationMatrix":[0.968205631,-0.250155687,0,0.250155687,0.968205631,0,0,0,1],"scale":[10.8585997,5.66561222,4.96132183],"triggerMode":"Overlaps","triggerTestType":"Bounding box"}
{"name":"BeamLRTrigger_HeavyForestRoadCP1","class":"BeamNGTrigger","persistentId":"58106376-4a97-4e58-b08a-a6140c5040c5","__parent":"Triggers","position":[726.67334,11.3989038,54.7135315],"luaFunction":"onBeamNGTrigger","rotationMatrix":[0.584001064,0.811752856,0,-0.811752856,0.584001064,0,0,0,1],"scale":[10.0129805,6.52002573,6.82806396],"triggerMode":"Overlaps","triggerTestType":"Bounding box"}
{"name":"BeamLRTrigger_HeavyForestRoadCP2","class":"BeamNGTrigger","persistentId":"dafd574b-68e9-41e9-95a5-c4fb41e2c488","__parent":"Triggers","position":[606.346619,650.014282,52.5702171],"luaFunction":"onBeamNGTrigger","rotationMatrix":[0.0801328421,0.996784151,0,-0.996784151,0.0801328421,0,0,0,1],"scale":[11.0107279,6.52002573,6.82806396],"triggerMode":"Overlaps","triggerTestType":"Bounding box"}
{"name":"BeamLRTrigger_WatchtowerroadCP2","class":"BeamNGTrigger","persistentId":"87ed44e9-23cf-41d0-95ae-9994c6fe80d5","__parent":"Triggers","position":[-261.860962,486.298035,37.4973335],"luaFunction":"onBeamNGTrigger","rotationMatrix":[0.81424582,-0.580520153,0,0.580520153,0.81424582,0,0,0,1],"scale":[12.3311596,4.8837285,9.2121954],"triggerMode":"Overlaps","triggerTestType":"Bounding box"}
{"name":"BeamLRTrigger_MountainRoadDirtIntersectCP4","class":"BeamNGTrigger","persistentId":"a317f0bd-6267-4832-aeea-7d3e85ee853d","__parent":"Triggers","position":[88.584465,-308.175171,51.397049],"luaFunction":"onBeamNGTrigger","rotationMatrix":[0.710152686,0.70404762,0,-0.70404762,0.710152686,0,0,0,1],"scale":[13.3670969,4.8837285,7.65981483],"triggerMode":"Overlaps","triggerTestType":"Bounding box"}
{"name":"BeamLRTrigger_RaceClubD","class":"BeamNGTrigger","persistentId":"e7adb5ed-d8b7-40b1-a910-99a4ab6070e0","__parent":"Triggers","position":[892.302979,-481.557037,44.6288033],"luaFunction":"onBeamNGTrigger","rotationMatrix":[-0.867106557,0.49704355,-0.0327675566,-0.497437716,-0.867487073,0.00465917774,-0.0261096191,0.0203398224,0.999452114],"scale":[11.6853828,6.55700684,4.57896614],"triggerMode":"Overlaps","triggerTestType":"Bounding box"}
{"name":"BeamLRTrigger_RaceClubDStart","class":"BeamNGTrigger","persistentId":"bae30157-025a-461d-8a79-826c19d39199","__parent":"Triggers","position":[906.130798,-459.25235,45.1747551],"luaFunction":"onBeamNGTrigger","rotationMatrix":[-0.999486804,-0.0190918837,-0.0257219877,0.0185582433,-0.999610782,0.0208278652,-0.0261096191,0.0203398224,0.999452114],"scale":[3.86034346,1.98863208,4.80952406],"triggerMode":"Overlaps"}
{"name":"BeamLRTrigger_RaceClubDFinish","class":"BeamNGTrigger","persistentId":"33b95b48-678e-47df-81ec-0112ba5aaff6","__parent":"Triggers","position":[906.823486,225.075882,56.4148483],"luaFunction":"onBeamNGTrigger","rotationMatrix":[0.997522116,-0.0703536347,-4.65661287e-10,0.0699128434,0.991272151,0.111766189,-0.00786315836,-0.111489251,0.993734539],"scale":[12.7502928,8.09453201,5.86359882],"triggerMode":"Overlaps","triggerTestType":"Bounding box"}
