{"class":"TSStatic","persistentId":"00b67728-32fd-4a82-a91f-bf050a789fb6","__parent":"Small_Village","position":[-714.503784,-1365.62952,141.539383],"annotation":"OBSTACLES","isRenderEnabled":false,"rotationMatrix":[0.92267853,-0.385570854,0,0.385570854,0.92267853,0,0,0,1],"shapeName":"/levels/italy/art/shapes/buildings/italy_city_tree_pot_small.dae"}
{"class":"TSStatic","persistentId":"015e06f7-a52a-48ca-822e-10840f36c7e2","__parent":"Small_Village","position":[-790.213684,-1336.77527,142.11705],"annotation":"OBSTACLES","isRenderEnabled":false,"rotationMatrix":[-0.899489284,-0.436944783,0,0.436944783,-0.899489284,0,0,0,1],"shapeName":"/levels/italy/art/shapes/buildings/italy_wall_stone_bricktop.dae"}
{"class":"TSStatic","persistentId":"02eed505-2a3e-4d80-a2ef-5ce9e8c40f4b","__parent":"Small_Village","position":[-753.799316,-1371.42566,142.273102],"annotation":"OBSTACLES","isRenderEnabled":false,"rotationMatrix":[0.876147866,0.482042789,0,-0.482042789,0.876147866,0,0,0,1],"shapeName":"/levels/italy/art/shapes/buildings/italy_wall_concrete.dae"}
{"class":"TSStatic","persistentId":"05e1e8cd-7401-4140-82ed-9b81bf34858a","__parent":"Small_Village","position":[-740.49585,-1392.13208,140.910568],"annotation":"OBSTACLES","isRenderEnabled":false,"rotationMatrix":[0.550313115,-0.834958076,0,0.834958076,0.550313115,0,0,0,1],"shapeName":"/levels/italy/art/shapes/buildings/italy_city_tree_pot_small.dae"}
{"class":"TSStatic","persistentId":"06961a25-ee74-4890-9ee1-6c2215ff561c","__parent":"Small_Village","position":[-1566.62549,-660.674744,258.586121],"annotation":"TRAFFIC_SIGNS","isRenderEnabled":false,"rotationMatrix":[0.707106769,-0.70710659,0,0.70710659,0.707106769,0,0,0,1],"shapeName":"/levels/italy/art/shapes/signs/italy_road_sign_dir_portino_l.dae"}
{"class":"TSStatic","persistentId":"06f6a03f-4a7f-4ebd-aa2d-c754fe47a276","__parent":"Small_Village","position":[-764.454102,-1377.28772,142.273102],"annotation":"OBSTACLES","isRenderEnabled":false,"rotationMatrix":[0.876147866,0.482042789,0,-0.482042789,0.876147866,0,0,0,1],"shapeName":"/levels/italy/art/shapes/buildings/italy_wall_concrete.dae"}
{"class":"TSStatic","persistentId":"08101a33-4490-4f15-a257-c25e213defe5","__parent":"Small_Village","position":[-771.586365,-1457.59387,139.483719],"annotation":"OBSTACLES","isRenderEnabled":false,"rotationMatrix":[-0.7077384,0.706474662,0,-0.706474662,-0.7077384,0,0,0,1],"shapeName":"/levels/italy/art/shapes/buildings/italy_clutter_pwood_bench.DAE"}
{"class":"TSStatic","persistentId":"085dc32a-1711-4d16-b857-0db3a4b1f536","__parent":"Small_Village","position":[-743.146667,-1365.5647,142.594437],"annotation":"OBSTACLES","isRenderEnabled":false,"rotationMatrix":[0.876147866,0.482042789,0,-0.482042789,0.876147866,0,0,0,1],"shapeName":"/levels/italy/art/shapes/buildings/italy_wall_concrete.dae"}
{"class":"TSStatic","persistentId":"09539a8b-4da5-40b5-a61d-e2ce0ca785d0","__parent":"Small_Village","position":[-792.558228,-1355.57471,142.315338],"annotation":"OBSTACLES","isRenderEnabled":false,"rotationMatrix":[0.893662214,0.448740542,0,-0.448740542,0.893662214,0,0,0,1],"shapeName":"/levels/italy/art/shapes/buildings/italy_clutter_sorting_bin.DAE"}
{"class":"TSStatic","persistentId":"0a2e0cf9-f8ab-4841-9884-3c87e21d0bb0","__parent":"Small_Village","position":[-782.92395,-1342.50757,140.594742],"annotation":"BUILDINGS","isRenderEnabled":false,"rotationMatrix":[0.866025448,0.5,0,-0.5,0.866025448,0,0,0,1],"shapeName":"/levels/italy/art/shapes/buildings/italy_Portino_catwalk.DAE"}
{"class":"TSStatic","persistentId":"0a347fc2-5f08-431a-8182-91ba01c14490","__parent":"Small_Village","position":[-745.413147,-1386.5199,141.12616],"annotation":"OBSTACLES","isRenderEnabled":false,"rotationMatrix":[0.152584374,-0.988290668,0,0.988290668,0.152584374,0,0,0,1],"shapeName":"/levels/italy/art/shapes/buildings/italy_clutter_round_mtable.DAE"}
{"class":"TSStatic","persistentId":"0d60fe95-0f5b-485b-a71f-9864bb543378","__parent":"Small_Village","position":[-786.613342,-1407.53613,140.909958],"annotation":"OBSTACLES","isRenderEnabled":false,"rotationMatrix":[-0.0144205075,0.999896407,0,-0.999896407,-0.0144205075,0,0,0,1],"shapeName":"/levels/italy/art/shapes/buildings/italy_clutter_pwood_bench.DAE"}
{"class":"TSStatic","persistentId":"0e8e1a7a-abf4-465b-bdc5-410167ca5465","__parent":"Small_Village","position":[-758.459534,-1471.06653,139.483719],"annotation":"OBSTACLES","isRenderEnabled":false,"rotationMatrix":[-0.694111705,0.719867408,0,-0.719867408,-0.694111705,0,0,0,1],"shapeName":"/levels/italy/art/shapes/buildings/italy_clutter_pwood_bench.DAE"}
{"class":"TSStatic","persistentId":"10559e6e-b271-443d-a463-11804711a368","__parent":"Small_Village","position":[-748.467102,-1368.49194,142.594437],"annotation":"OBSTACLES","isRenderEnabled":false,"rotationMatrix":[0.876147866,0.482042789,0,-0.482042789,0.876147866,0,0,0,1],"shapeName":"/levels/italy/art/shapes/buildings/italy_wall_concrete.dae"}
{"class":"TSStatic","persistentId":"105a7109-9f5c-4a3c-b8f0-f86733170666","__parent":"Small_Village","position":[-788.689514,-1377.19336,142.361465],"annotation":"TRAFFIC_SIGNS","isRenderEnabled":false,"rotationMatrix":[0.864374757,0.502848029,0,-0.502848029,0.864374757,0,0,0,1],"shapeName":"/levels/italy/art/shapes/signs/italy_traf_sign_noentry.dae"}
{"class":"TSStatic","persistentId":"10997741-657b-427c-ac7f-b7288f04275a","__parent":"Small_Village","position":[-786.238281,-1411.48975,141.025391],"annotation":"OBSTACLES","isRenderEnabled":false,"rotationMatrix":[0.999091744,-0.0426113009,0,0.0426113009,0.999091744,0,0,0,1],"shapeName":"/levels/italy/art/shapes/buildings/italy_wall_stone_railing.dae"}
{"class":"TSStatic","persistentId":"12055645-52c9-4e5e-b85d-567e519c826d","__parent":"Small_Village","position":[-726.306274,-1368.29688,141.30217],"annotation":"OBSTACLES","isRenderEnabled":false,"rotationMatrix":[-0.888968587,0.457966715,0,-0.457966715,-0.888968587,0,0,0,1],"shapeName":"/levels/italy/art/shapes/buildings/italy_clutter_plastic_chair_a.DAE"}
{"class":"TSStatic","persistentId":"15822f77-da44-461f-9e5e-588d33d845cb","__parent":"Small_Village","position":[-718.981628,-1325.52856,143.700851],"annotation":"OBSTACLES","isRenderEnabled":false,"rotationMatrix":[0.875650108,0.482946187,0,-0.482946187,0.875650108,0,0,0,1],"shapeName":"/levels/italy/art/shapes/buildings/italy_fence_mesh_6m_conc_base.dae"}
{"class":"TSStatic","persistentId":"16b270c1-6f42-4923-86d9-5afb94bbb4ba","__parent":"Small_Village","position":[-1616.36121,1319.45422,164.800476],"annotation":"TRAFFIC_SIGNS","isRenderEnabled":false,"rotationMatrix":[-0.258819014,-0.965925694,0,0.965925694,-0.258819014,0,0,0,1],"shapeName":"/levels/italy/art/shapes/signs/italy_road_sign_dir_portino_r.dae"}
{"class":"TSStatic","persistentId":"180c0839-cc52-4b1a-8203-10aa25d996cc","__parent":"Small_Village","position":[-794.988159,-1393.21191,141.481918],"annotation":"TRAFFIC_SIGNS","isRenderEnabled":false,"rotationMatrix":[-0.971074998,-0.238774568,0,0.238774583,-0.971074998,0,0,0,1],"shapeName":"/levels/italy/art/shapes/signs/italy_traf_sign_one_way.dae"}
{"class":"TSStatic","persistentId":"18ceb51e-e1f7-4d31-ac63-5a4367ba2bc3","__parent":"Small_Village","position":[-788.281128,-1340.20215,141.246368],"annotation":"BUILDINGS","isRenderEnabled":false,"rotationMatrix":[-0.991633534,-0.12908347,0,0.12908347,-0.991633534,0,0,0,1],"shapeName":"/levels/italy/art/shapes/buildings/italy_old_stairs.DAE"}
{"class":"TSStatic","persistentId":"1962a302-b6df-4710-9923-e5af3943d9be","__parent":"Small_Village","position":[-778.19873,-1341.73926,140.343979],"annotation":"OBSTACLES","isRenderEnabled":false,"rotationMatrix":[-0.619682074,0.784854352,0,-0.784854352,-0.619682074,0,0,0,1],"shapeName":"/levels/italy/art/shapes/buildings/italy_wall_stone_bricktop.dae"}
{"class":"TSStatic","persistentId":"1cf6a181-0f8c-45af-bf1b-2c1bbc9c93f3","__parent":"Small_Village","position":[-741.215698,-1350.37122,142.497543],"annotation":"OBSTACLES","isRenderEnabled":false,"rotationMatrix":[-0.692907453,-0.721026838,0,0.721026838,-0.692907453,0,0,0,1],"shapeName":"/levels/italy/art/shapes/buildings/italy_wall_stone_bricktop.dae"}
{"class":"TSStatic","persistentId":"1e0eba71-1b3a-4c53-9e04-a87efdf0589c","__parent":"Small_Village","position":[-780.429504,-1386.07703,142.273102],"annotation":"OBSTACLES","isRenderEnabled":false,"rotationMatrix":[0.876147866,0.482042789,0,-0.482042789,0.876147866,0,0,0,1],"shapeName":"/levels/italy/art/shapes/buildings/italy_wall_concrete.dae"}
{"class":"TSStatic","persistentId":"1f2199ae-e1b6-410c-8641-71ae3534b8be","__parent":"Small_Village","position":[-684.16687,-1346.14124,140.246277],"annotation":"OBSTACLES","isRenderEnabled":false,"rotationMatrix":[0.832246363,-0.554405272,0,0.554405272,0.832246363,0,0,0,1],"shapeName":"/levels/italy/art/shapes/buildings/italy_city_tree_pot.dae"}
{"class":"TSStatic","persistentId":"1f905c38-b3af-4fdb-a3d1-7a5d77476a4c","__parent":"Small_Village","position":[-770.111023,-1387.38452,141.400543],"annotation":"OBSTACLES","isRenderEnabled":false,"rotationMatrix":[-0.883165836,-0.469060928,0,0.469060928,-0.883165836,0,0,0,1],"shapeName":"/levels/italy/art/shapes/buildings/italy_curb_3m.dae"}
{"class":"TSStatic","persistentId":"20d3e975-77f1-447c-b57b-61bbded9276a","__parent":"Small_Village","position":[-775.345764,-1410.19263,141.025391],"annotation":"OBSTACLES","isRenderEnabled":false,"rotationMatrix":[0.0671747848,0.997741282,0,-0.997741282,0.0671747774,0,0,0,1],"shapeName":"/levels/italy/art/shapes/buildings/italy_wall_stone_railing.dae"}
{"class":"TSStatic","persistentId":"21fb6bf0-b732-4a6c-bc3a-de8a68d677c3","__parent":"Small_Village","position":[-738.561096,-1368.08606,141.240158],"annotation":"OBSTACLES","isRenderEnabled":false,"rotationMatrix":[-0.993243933,0.116043448,0,-0.116043448,-0.993243933,0,0,0,1],"shapeName":"/levels/italy/art/shapes/buildings/italy_clutter_plastic_chair_b.DAE"}
{"class":"TSStatic","persistentId":"25ebaf89-fd56-4124-8081-3e9e051d1009","__parent":"Small_Village","position":[-769.904968,-1352.39648,139.115601],"annotation":"OBSTACLES","isRenderEnabled":false,"rotationMatrix":[0.852915704,0.522049725,0,-0.522049725,0.852915704,0,0,0,1],"shapeName":"/levels/italy/art/shapes/buildings/italy_wall_stone_bricktop.dae"}
{"class":"TSStatic","persistentId":"2728a0e7-b050-404c-ba51-dadc2128e459","__parent":"Small_Village","position":[-775.581787,-1404.59363,140.909958],"annotation":"OBSTACLES","isRenderEnabled":false,"rotationMatrix":[-0.0631998181,-0.998000979,0,0.998000979,-0.0631998181,0,0,0,1],"shapeName":"/levels/italy/art/shapes/buildings/italy_clutter_pwood_bench.DAE"}
{"class":"TSStatic","persistentId":"27eefc1d-ee9d-4387-8eec-4b9ec93f5a36","__parent":"Small_Village","position":[-752.116821,-1395.9491,140.910568],"annotation":"OBSTACLES","isRenderEnabled":false,"rotationMatrix":[-0.0170439351,-0.999854386,0,0.999854386,-0.0170439351,0,0,0,1],"shapeName":"/levels/italy/art/shapes/buildings/italy_city_tree_pot_small.dae"}
{"class":"TSStatic","persistentId":"28ce8dc7-34fd-4ef4-9730-4d622f0e4363","__parent":"Small_Village","position":[-795.649475,-1339.41577,141.822052],"annotation":"OBSTACLES","isRenderEnabled":false,"rotationMatrix":[-0.899489284,-0.436944783,0,0.436944783,-0.899489284,0,0,0,1],"shapeName":"/levels/italy/art/shapes/buildings/italy_wall_stone_bricktop.dae"}
{"class":"TSStatic","persistentId":"2ac6e557-fdda-4da4-84b8-a3bf4cfbb246","__parent":"Small_Village","position":[-787.351074,-1407.32556,141.02272],"annotation":"OBSTACLES","isRenderEnabled":false,"rotationMatrix":[-0.0803106278,-0.996769667,0,0.996769667,-0.0803106278,0,0,0,1],"shapeName":"/levels/italy/art/shapes/buildings/italy_wall_stone_short.dae"}
{"class":"TSStatic","persistentId":"2cabc8bc-6990-4925-b5a2-e6a43856ff1e","__parent":"Small_Village","position":[-780.5,-1353.97644,142.300842],"annotation":"SIDEWALK","isRenderEnabled":false,"rotationMatrix":[-0.481058121,0.876688659,0,-0.876688659,-0.481058121,0,0,0,1],"shapeName":"/levels/italy/art/shapes/buildings/italy_city_wide_stairs.dae"}
{"class":"TSStatic","persistentId":"2db1f50a-f20b-4cf2-b5f4-a78620505b54","__parent":"Small_Village","position":[-793.255371,-1355.91638,142.315338],"annotation":"OBSTACLES","isRenderEnabled":false,"rotationMatrix":[0.952081561,0.305844486,0,-0.305844486,0.952081561,0,0,0,1],"shapeName":"/levels/italy/art/shapes/buildings/italy_clutter_sorting_bin.DAE"}
{"class":"TSStatic","persistentId":"2de5dc37-e3a0-4a28-a5ae-3fc99cde6150","__parent":"Small_Village","position":[-774.93335,-1403.93262,141.025391],"annotation":"OBSTACLES","isRenderEnabled":false,"rotationMatrix":[0.0671747848,0.997741282,0,-0.997741282,0.0671747774,0,0,0,1],"shapeName":"/levels/italy/art/shapes/buildings/italy_wall_stone_railing.dae"}
{"class":"TSStatic","persistentId":"2e631a5e-8a55-4472-b55d-453a4e53158b","__parent":"Small_Village","position":[-785.763428,-1389.0116,142.273102],"annotation":"OBSTACLES","isRenderEnabled":false,"rotationMatrix":[0.876147866,0.482042789,0,-0.482042789,0.876147866,0,0,0,1],"shapeName":"/levels/italy/art/shapes/buildings/italy_wall_concrete.dae"}
{"class":"TSStatic","persistentId":"2ed4f6e0-fff9-42fb-b6eb-22917ab87ee3","__parent":"Small_Village","position":[828.592529,-580.111206,186.333603],"annotation":"TRAFFIC_SIGNS","isRenderEnabled":false,"rotationMatrix":[0.258819073,-0.965925813,0,0.965925813,0.258819073,0,0,0,1],"shapeName":"/levels/italy/art/shapes/signs/italy_road_sign_dir_portino_r.dae"}
{"class":"TSStatic","persistentId":"300c77e9-3046-4dcc-867c-a4eea8dbcc16","__parent":"Small_Village","position":[-819.348511,-1374.08423,143.700851],"annotation":"OBSTACLES","isRenderEnabled":false,"rotationMatrix":[0.269742042,-0.962932169,0,0.962932169,0.269742042,0,0,0,1],"shapeName":"/levels/italy/art/shapes/buildings/italy_fence_mesh_6m_conc_base.dae"}
{"class":"TSStatic","persistentId":"3165f4c8-dc3e-4071-bccf-c6cde32d28a7","__parent":"Small_Village","position":[-1698.8584,1083.23535,172.210297],"annotation":"TRAFFIC_SIGNS","isRenderEnabled":false,"rotationMatrix":[0.251428783,0.967876375,0,-0.967876375,0.251428783,0,0,0,1],"shapeName":"/levels/italy/art/shapes/signs/italy_road_sign_dir_portino_l.dae"}
{"class":"TSStatic","persistentId":"3181228c-a911-4af2-824c-b4aa82da0644","__parent":"Small_Village","position":[-743.022217,-1376.95447,141.363388],"annotation":"OBSTACLES","isRenderEnabled":false,"rotationMatrix":[0.853453517,0.521170497,0,-0.521170497,0.853453517,0,0,0,1],"shapeName":"/levels/italy/art/shapes/buildings/italy_wall_stone.dae"}
{"class":"TSStatic","persistentId":"319441b4-8b81-4694-8c7e-55d4479b42b0","__parent":"Small_Village","position":[-207.618851,-1142.17981,321.265656],"annotation":"TRAFFIC_SIGNS","isRenderEnabled":false,"rotationMatrix":[-0.877481163,-0.479609162,0,0.479609162,-0.877481163,0,0,0,1],"shapeName":"/levels/italy/art/shapes/signs/italy_road_sign_dir_portino_r.dae"}
{"class":"TSStatic","persistentId":"33005b61-068a-4d2b-8f1f-fc232f28c657","__parent":"Small_Village","position":[-756.325623,-1358.99512,142.497543],"annotation":"OBSTACLES","isRenderEnabled":false,"rotationMatrix":[0.877206564,0.480113357,0,-0.480113298,0.877206445,0,0,0,1],"shapeName":"/levels/italy/art/shapes/buildings/italy_wall_stone_bricktop.dae"}
{"class":"TSStatic","persistentId":"331ba82d-fe39-45f9-bc4f-6fc9dbfde6f4","__parent":"Small_Village","position":[-741.217896,-1378.63037,141.021347],"annotation":"OBSTACLES","isRenderEnabled":false,"rotationMatrix":[0.790597856,0.612336934,0,-0.612336934,0.790597856,0,0,0,1],"shapeName":"/levels/italy/art/shapes/buildings/italy_wall_stone.dae"}
{"class":"TSStatic","persistentId":"337f033e-12fd-48ba-8822-3ea4d8089e8b","__parent":"Small_Village","position":[-1251.93188,484.896637,325.337097],"annotation":"TRAFFIC_SIGNS","isRenderEnabled":false,"rotationMatrix":[0.707106829,0.707106769,0,-0.707106769,0.707106829,0,0,0,1],"shapeName":"/levels/italy/art/shapes/signs/italy_road_sign_dir_portino_l.dae"}
{"class":"TSStatic","persistentId":"344a01ca-0364-4476-8928-6fe9b2aa60c6","__parent":"Small_Village","position":[-799.439819,-1341.78955,141.813171],"annotation":"OBSTACLES","isRenderEnabled":false,"rotationMatrix":[0.349578053,-0.936907351,0,0.936907291,0.349578023,0,0,0,1],"shapeName":"/levels/italy/art/shapes/buildings/italy_wall_stone_railing.dae"}
{"class":"TSStatic","persistentId":"3456857a-2b1d-4405-bf52-b8cbaf1f265f","__parent":"Small_Village","position":[-727.181519,-1356.78101,142.273102],"annotation":"OBSTACLES","isRenderEnabled":false,"rotationMatrix":[0.876147866,0.482042789,0,-0.482042789,0.876147866,0,0,0,1],"shapeName":"/levels/italy/art/shapes/buildings/italy_wall_concrete.dae"}
{"class":"TSStatic","persistentId":"34a8ca40-17dc-4233-81ea-b8eb58716236","__parent":"Small_Village","position":[-816.237,-1382.52966,142.808609],"annotation":"BUILDINGS","isRenderEnabled":false,"rotationMatrix":[0.723081648,-0.690762103,0,0.690762103,0.723081648,0,0,0,1],"shapeName":"/levels/italy/art/shapes/buildings/town_bld_11x12x9_OldBricksConcrete_a.DAE"}
{"class":"TSStatic","persistentId":"34ebfb17-92c6-4348-9ccc-7fb3cb02d0da","__parent":"Small_Village","position":[-742.440613,-1375.81335,141.240158],"annotation":"OBSTACLES","isRenderEnabled":false,"rotationMatrix":[-0.998304129,0.0582104623,0,-0.0582104623,-0.998304129,0,0,0,1],"shapeName":"/levels/italy/art/shapes/buildings/italy_clutter_sorting_bin.DAE"}
{"class":"TSStatic","persistentId":"35cb8151-c0ff-48fe-93ea-6a336c66c389","__parent":"Small_Village","position":[-805.850464,-1356.88135,142.263657],"annotation":"BUILDINGS","isRenderEnabled":false,"rotationMatrix":[-0.729958773,0.683490515,0,-0.683490515,-0.729958773,0,0,0,1],"shapeName":"/levels/italy/art/shapes/buildings/italy_town_bld5.dae"}
{"class":"TSStatic","persistentId":"36a0daa2-3fcf-43ad-89db-3d90b8211974","__parent":"Small_Village","position":[-772.888794,-1388.85986,141.400543],"annotation":"OBSTACLES","isRenderEnabled":false,"rotationMatrix":[-0.883165836,-0.469060928,0,0.469060928,-0.883165836,0,0,0,1],"shapeName":"/levels/italy/art/shapes/buildings/italy_curb_3m.dae"}
{"class":"TSStatic","persistentId":"3b1d1c57-ca5a-4d59-b077-eaeea8243391","__parent":"Small_Village","position":[-771.491394,-1355.2113,142.44104],"annotation":"OBSTACLES","isRenderEnabled":false,"rotationMatrix":[0.873211086,0.487341553,0,-0.487341553,0.873211086,0,0,0,1],"shapeName":"/levels/italy/art/shapes/buildings/italy_road_wall_concrete_railing.dae"}
{"class":"TSStatic","persistentId":"3b808eef-ba8f-429e-bb4a-056b37240a5a","__parent":"Small_Village","position":[-768.744873,-1349.84998,139.166367],"annotation":"OBSTACLES","isRenderEnabled":false,"rotationMatrix":[-0.461102962,0.887346983,0,-0.887346983,-0.461102962,0,0,0,1],"shapeName":"/levels/italy/art/shapes/buildings/italy_wall_stone_bricktop.dae"}
{"class":"TSStatic","persistentId":"3c4f6d75-5e5d-4f7c-a82b-81059766e7a9","__parent":"Small_Village","position":[-778.490234,-1391.23926,141.580994],"annotation":"OBSTACLES","isRenderEnabled":false,"rotationMatrix":[-0.988010228,-0.127814725,0.0865983814,0.128296733,-0.991735816,0,0.0858827308,0.0111102909,0.996243119],"shapeName":"/levels/italy/art/shapes/buildings/italy_curb_3m.dae"}
{"class":"TSStatic","persistentId":"3ca051a5-1de2-4056-9eb8-5aaed0f599da","__parent":"Small_Village","position":[-758.396667,-1329.80383,143.333832],"annotation":"OBSTACLES","isRenderEnabled":false,"rotationMatrix":[-0.486133873,0.87388438,0,-0.873884439,-0.486133903,0,0,0,1],"shapeName":"/levels/italy/art/shapes/buildings/italy_curb_3m.dae"}
{"class":"TSStatic","persistentId":"3d8d4f48-0d51-41a0-beec-c7cd7ffdc53e","__parent":"Small_Village","position":[-731.839966,-1345.55151,142.479126],"annotation":"OBSTACLES","isRenderEnabled":false,"rotationMatrix":[-0.942184806,-0.335093826,0,0.335093826,-0.942184806,0,0,0,1],"shapeName":"/levels/italy/art/shapes/buildings/italy_rock_wall_b_staggered.dae"}
{"class":"TSStatic","persistentId":"3e9821b1-0335-410c-adc9-0593e6bc40c9","__parent":"Small_Village","position":[-738.527954,-1367.49915,141.240158],"annotation":"OBSTACLES","isRenderEnabled":false,"shapeName":"/levels/italy/art/shapes/buildings/italy_clutter_ptable.DAE"}
{"class":"TSStatic","persistentId":"3ed48f99-2800-41c8-bd48-3c45db13a155","__parent":"Small_Village","position":[-1559.21094,760.633972,151.402054],"annotation":"TRAFFIC_SIGNS","isRenderEnabled":false,"rotationMatrix":[0.704838753,-0.709367394,0,0.709367394,0.704838753,0,0,0,1],"shapeName":"/levels/italy/art/shapes/signs/italy_road_sign_dir_portino_r.dae"}
{"class":"TSStatic","persistentId":"3f8f0751-4725-4d02-a3cf-35d79920ccfc","__parent":"Small_Village","position":[-733.971313,-1384.34778,140.909164],"annotation":"OBSTACLES","isRenderEnabled":false,"rotationMatrix":[-0.613273084,-0.789870441,0,0.789870441,-0.613273084,0,0,0,1],"shapeName":"/levels/italy/art/shapes/buildings/italy_clutter_pwood_bench.DAE"}
{"class":"TSStatic","persistentId":"3f9b8bbf-ca73-4d90-83a1-cb8767ff4bf2","__parent":"Small_Village","position":[-777.765381,-1384.61133,142.273102],"annotation":"OBSTACLES","isRenderEnabled":false,"rotationMatrix":[0.876147866,0.482042789,0,-0.482042789,0.876147866,0,0,0,1],"shapeName":"/levels/italy/art/shapes/buildings/italy_wall_concrete.dae"}
{"class":"TSStatic","persistentId":"40018ab8-3709-4ee4-acae-9434c6f0af4f","__parent":"Small_Village","position":[-822.231262,-1364.88037,142.841263],"annotation":"OBSTACLES","isRenderEnabled":false,"rotationMatrix":[-0.464078367,0.885794818,0,-0.885794818,-0.464078367,0,0,0,1],"shapeName":"/levels/italy/art/shapes/buildings/italy_wall_stone.dae"}
{"class":"TSStatic","persistentId":"43200f61-9d05-43af-9031-f3d55de57776","__parent":"Small_Village","position":[-735.111145,-1334.46399,143.700851],"annotation":"OBSTACLES","isRenderEnabled":false,"rotationMatrix":[0.875650108,0.482946187,0,-0.482946187,0.875650108,0,0,0,1],"shapeName":"/levels/italy/art/shapes/buildings/italy_fence_mesh_6m_conc_base.dae"}
{"class":"TSStatic","persistentId":"438be848-18b5-4eb2-934e-a46e5fd03b70","__parent":"Small_Village","position":[-773.254822,-1356.19556,142.44104],"annotation":"OBSTACLES","isRenderEnabled":false,"rotationMatrix":[0.873211086,0.487341553,0,-0.487341553,0.873211086,0,0,0,1],"shapeName":"/levels/italy/art/shapes/buildings/italy_road_wall_concrete_railing.dae"}
{"class":"TSStatic","persistentId":"439c3c6d-8273-4d94-92e7-5d7472b06010","__parent":"Small_Village","position":[-776.770874,-1411.88708,141.025391],"annotation":"OBSTACLES","isRenderEnabled":false,"rotationMatrix":[-0.999091744,0.0426112227,0,-0.0426112227,-0.999091744,0,0,0,1],"shapeName":"/levels/italy/art/shapes/buildings/italy_wall_stone_railing.dae"}
{"class":"TSStatic","persistentId":"44f35abf-03c0-4e05-9e0c-0aecde4f6abe","__parent":"Small_Village","position":[-737.953186,-1367.58337,141.240158],"annotation":"OBSTACLES","isRenderEnabled":false,"rotationMatrix":[0.144981027,-0.989434361,0,0.989434361,0.144981027,0,0,0,1],"shapeName":"/levels/italy/art/shapes/buildings/italy_clutter_plastic_chair_b.DAE"}
{"class":"TSStatic","persistentId":"45947274-31c3-49c0-b76d-79336d16fe58","__parent":"Small_Village","position":[-790.472229,-1353.599,142.215393],"annotation":"OBSTACLES","isRenderEnabled":false,"rotationMatrix":[0.960313797,0.278922737,0,-0.278922737,0.960313797,0,0,0,1],"shapeName":"/levels/italy/art/shapes/buildings/italy_wall_stone.dae"}
{"class":"TSStatic","persistentId":"45a00d32-9235-4ae6-a6ed-93ce2ceb91e1","__parent":"Small_Village","position":[-826.377808,-1365.10645,143.700851],"annotation":"OBSTACLES","isRenderEnabled":false,"rotationMatrix":[0.961678565,-0.274178028,0,0.274178028,0.961678565,0,0,0,1],"shapeName":"/levels/italy/art/shapes/buildings/italy_fence_mesh_6m_conc_base.dae"}
{"class":"TSStatic","persistentId":"46ec19e2-6771-4869-b6f3-94a5e84c534f","__parent":"Small_Village","position":[-767.348389,-1350.83167,139.115601],"annotation":"OBSTACLES","isRenderEnabled":false,"rotationMatrix":[0.852915704,0.522049725,0,-0.522049725,0.852915704,0,0,0,1],"shapeName":"/levels/italy/art/shapes/buildings/italy_wall_stone_bricktop.dae"}
{"class":"TSStatic","persistentId":"48665cdd-b9ae-4f6c-98a3-02230990d65d","__parent":"Small_Village","position":[-814.150757,-1396.19397,145.962097],"annotation":"OBSTACLES","isRenderEnabled":false,"rotationMatrix":[0.695906162,0.718132973,0,-0.718132973,0.695906162,0,0,0,1],"shapeName":"/levels/italy/art/shapes/buildings/italy_billboard_cola_big.dae"}
{"class":"TSStatic","persistentId":"49aa3358-46ec-46ac-a742-7ef17cd4bf90","__parent":"Small_Village","position":[-775.687622,-1406.26477,140.909958],"annotation":"OBSTACLES","isRenderEnabled":false,"rotationMatrix":[-0.0631998181,-0.998000979,0,0.998000979,-0.0631998181,0,0,0,1],"shapeName":"/levels/italy/art/shapes/buildings/italy_clutter_pwood_bench.DAE"}
{"class":"TSStatic","persistentId":"4a00f101-fb7e-44fe-8ede-00f98316f306","__parent":"Small_Village","position":[-725.894531,-1366.81641,141.338318],"annotation":"OBSTACLES","isRenderEnabled":false,"shapeName":"/levels/italy/art/shapes/buildings/italy_clutter_plastic_chair_a.DAE"}
{"class":"TSStatic","persistentId":"4bf1d241-d492-49d7-bae0-679e6e586d52","__parent":"Small_Village","position":[-793.434326,-1380.90393,142.315292],"annotation":"OBSTACLES","isRenderEnabled":false,"rotationMatrix":[0.49999997,-0.866025388,0,0.866025388,0.49999997,0,0,0,1],"shapeName":"/levels/italy/art/shapes/buildings/italy_clutter_wood_bin.DAE"}
{"class":"TSStatic","persistentId":"4d4e7f66-f812-4fd9-9974-414971e086df","__parent":"Small_Village","position":[-786.897034,-1389.16162,142.312897],"annotation":"OBSTACLES","isRenderEnabled":false,"rotationMatrix":[-0.84337163,-0.537330806,0,0.537330806,-0.84337163,0,0,0,1],"shapeName":"/levels/italy/art/shapes/buildings/italy_clutter_mailboxstand.DAE"}
{"class":"TSStatic","persistentId":"4dbbf87a-5203-431c-8258-bfa822fa3c2f","__parent":"Small_Village","position":[-785.999695,-1346.30627,142.758087],"annotation":"BUILDINGS","isRenderEnabled":false,"rotationMatrix":[-0.861848712,-0.507166982,0,0.507166982,-0.861848712,0,0,0,1],"shapeName":"/levels/italy/art/shapes/buildings/italy_town_bld10.dae"}
{"class":"TSStatic","persistentId":"4e49c54f-ccc2-4d21-8bdd-1a38406dcf6b","__parent":"Small_Village","position":[-787.465149,-1335.54126,142.103424],"annotation":"OBSTACLES","isRenderEnabled":false,"rotationMatrix":[-0.924514234,-0.381149769,0,0.381149769,-0.924514234,0,0,0,1],"shapeName":"/levels/italy/art/shapes/buildings/italy_wall_stone_bricktop.dae"}
{"class":"TSStatic","persistentId":"4e798594-d6c6-437b-af0b-fe9d5e459a64","__parent":"Small_Village","position":[-738.969849,-1367.51697,141.240158],"annotation":"OBSTACLES","isRenderEnabled":false,"rotationMatrix":[-0.291411638,0.956597447,0,-0.956597447,-0.291411638,0,0,0,1],"shapeName":"/levels/italy/art/shapes/buildings/italy_clutter_plastic_chair_b.DAE"}
{"class":"TSStatic","persistentId":"4f5e5393-8925-46ae-890c-d1a2a5db2495","__parent":"Small_Village","position":[-817.28418,-1354.07581,142.638367],"annotation":"TRAFFIC_SIGNS","isRenderEnabled":false,"rotationMatrix":[0.952134132,0.305679828,0,-0.305679828,0.952134132,0,0,0,1],"shapeName":"/levels/italy/art/shapes/signs/italy_traf_sign_stop.dae"}
{"class":"TSStatic","persistentId":"4ff1f55c-dde1-452e-8b0e-5fc2682a1eba","__parent":"Small_Village","position":[-683.536011,-1326.86548,140.697632],"annotation":"OBSTACLES","isRenderEnabled":false,"rotationMatrix":[0.182729095,0.967174053,0.176590994,-0.982616544,0.185646653,-3.72528852e-08,-0.0327835642,-0.173521236,0.984284282],"shapeName":"/levels/italy/art/shapes/buildings/italy_road_wall_concrete_railing.dae"}
{"class":"TSStatic","persistentId":"50064d30-2f18-4a42-90d9-d854c8a756ac","__parent":"Small_Village","position":[-1099.16626,596.244202,341.89032],"annotation":"TRAFFIC_SIGNS","isRenderEnabled":false,"rotationMatrix":[-0.5,0.866025209,0,-0.866025209,-0.5,0,0,0,1],"shapeName":"/levels/italy/art/shapes/signs/italy_road_sign_dir_portino_l.dae"}
{"class":"TSStatic","persistentId":"507b4892-ee39-421f-9149-c737d969caa8","__parent":"Small_Village","position":[-715.111267,-1326.63184,142.065414],"annotation":"OBSTACLES","isRenderEnabled":false,"rotationMatrix":[0.486908793,-0.853907049,-0.183748439,0.868750334,0.495250612,0.000567524577,0.0905168653,-0.159907803,0.982973158],"shapeName":"/levels/italy/art/shapes/buildings/italy_rock_wall_a.dae"}
{"class":"TSStatic","persistentId":"50a72559-d6f7-44d8-96d8-6a8216d2dacf","__parent":"Small_Village","position":[-726.554443,-1340.55994,142.211914],"annotation":"BUILDINGS","isRenderEnabled":false,"rotationMatrix":[-0.881121278,-0.472891986,0,0.472891986,-0.881121278,0,0,0,1],"shapeName":"/levels/italy/art/shapes/buildings/italy_town_bld14.dae"}
{"class":"TSStatic","persistentId":"50c92dd8-b346-4a41-86b0-e5d8338c8437","__parent":"Small_Village","position":[-738.102722,-1345.38855,142.288315],"annotation":"BUILDINGS","isRenderEnabled":false,"rotationMatrix":[0.375077933,-0.926994026,0,0.926994026,0.375077933,0,0,0,1],"shapeName":"/levels/italy/art/shapes/buildings/italy_town_bld16.dae"}
{"class":"TSStatic","persistentId":"51821a0f-4333-443d-8f6b-ff04cf58de16","__parent":"Small_Village","position":[-680.295349,-1308.86877,143.454193],"annotation":"TRAFFIC_SIGNS","isRenderEnabled":false,"rotationMatrix":[0.894140363,-0.44778651,0,0.44778651,0.894140363,0,0,0,1],"shapeName":"/levels/italy/art/shapes/signs/italy_traf_sign_give_way.dae"}
{"class":"TSStatic","persistentId":"5231b7eb-95e7-4e6f-8655-f276a80f7da7","__parent":"Small_Village","position":[-701.003479,-1310.94287,143.485184],"annotation":"OBSTACLES","isRenderEnabled":false,"rotationMatrix":[-0.890425682,-0.455129445,0,0.448519349,-0.87749368,-0.16981189,0.0772864074,-0.151204914,0.985476673],"shapeName":"/levels/italy/art/shapes/misc/port_water_container.dae"}
{"class":"TSStatic","persistentId":"524f46aa-1704-4b84-a18f-1d688ee6b142","__parent":"Small_Village","position":[-768.393127,-1362.19995,142.400848],"annotation":"BUILDINGS","isRenderEnabled":false,"rotationMatrix":[0.876937866,0.480604351,0,-0.480604351,0.876937866,0,0,0,1],"shapeName":"/levels/italy/art/shapes/buildings/italy_town_bld1.dae"}
{"class":"TSStatic","persistentId":"52c0b1d4-c96c-4c37-afd2-f892598a78d7","__parent":"Small_Village","position":[-748.4552,-1380.32043,141.075012],"annotation":"BUILDINGS","isRenderEnabled":false,"rotationMatrix":[0.711295962,-0.702891707,0,0.702891707,0.711295962,0,0,0,1],"shapeName":"/levels/italy/art/shapes/buildings/italy_town_bld13.dae"}
{"class":"TSStatic","persistentId":"53c622c0-ff81-4eb5-911b-011288808533","__parent":"Small_Village","position":[-758.975647,-1360.44531,142.760849],"annotation":"OBSTACLES","isRenderEnabled":false,"rotationMatrix":[0.877206564,0.480113357,0,-0.480113298,0.877206445,0,0,0,1],"shapeName":"/levels/italy/art/shapes/buildings/italy_wall_stone_bricktop.dae"}
{"class":"TSStatic","persistentId":"53e129b9-15c3-4c20-9a4c-f1b31f3d046f","__parent":"Small_Village","position":[-793.848816,-1356.23938,142.315338],"annotation":"OBSTACLES","isRenderEnabled":false,"rotationMatrix":[0.852140307,0.523313522,0,-0.523313522,0.852140307,0,0,0,1],"shapeName":"/levels/italy/art/shapes/buildings/italy_clutter_sorting_bin.DAE"}
{"class":"TSStatic","persistentId":"5805e0e1-9deb-4f70-a6df-5b513f70a3a4","__parent":"Small_Village","position":[-771.528076,-1344.49402,139.166367],"annotation":"OBSTACLES","isRenderEnabled":false,"rotationMatrix":[-0.461102962,0.887346983,0,-0.887346983,-0.461102962,0,0,0,1],"shapeName":"/levels/italy/art/shapes/buildings/italy_wall_stone_bricktop.dae"}
{"class":"TSStatic","persistentId":"5858a831-0267-4a2c-bb26-237fd05ec3d2","__parent":"Small_Village","position":[-796.454712,-1350.28113,142.924408],"annotation":"BUILDINGS","isRenderEnabled":false,"rotationMatrix":[0.78200686,0.623268485,0,-0.623268485,0.78200686,0,0,0,1],"shapeName":"/levels/italy/art/shapes/buildings/italy_town_bld4.dae"}
{"class":"TSStatic","persistentId":"59c0060c-234e-4dbd-b88d-5c702c48da41","__parent":"Small_Village","position":[-793.299622,-1379.87537,142.361465],"annotation":"TRAFFIC_SIGNS","isRenderEnabled":false,"rotationMatrix":[0.864374757,0.502848029,0,-0.502848029,0.864374757,0,0,0,1],"shapeName":"/levels/italy/art/shapes/signs/italy_traf_sign_noentry.dae"}
{"class":"TSStatic","persistentId":"59e2d2d9-d11c-418b-98b4-6e9d630d2fae","__parent":"Small_Village","position":[-792.928162,-1338.09387,142.11705],"annotation":"OBSTACLES","isRenderEnabled":false,"rotationMatrix":[-0.899489284,-0.436944783,0,0.436944783,-0.899489284,0,0,0,1],"shapeName":"/levels/italy/art/shapes/buildings/italy_wall_stone_bricktop.dae"}
{"class":"TSStatic","persistentId":"5e57d7f8-3f50-42e1-abb3-d233089f39e5","__parent":"Small_Village","position":[-776.346558,-1336.92737,140.912567],"annotation":"OBSTACLES","isRenderEnabled":false,"rotationMatrix":[-0.700091839,0.714053929,0,-0.714053929,-0.700091839,0,0,0,1],"shapeName":"/levels/italy/art/shapes/buildings/italy_wall_stone_bricktop.dae"}
{"class":"TSStatic","persistentId":"60161393-65c9-4aec-bd51-ee738c1ad90b","__parent":"Small_Village","position":[-740.490967,-1367.55554,141.240158],"annotation":"OBSTACLES","isRenderEnabled":false,"rotationMatrix":[0.851837575,-0.523806155,0,0.523806155,0.851837575,0,0,0,1],"shapeName":"/levels/italy/art/shapes/buildings/italy_clutter_plastic_chair_b.DAE"}
{"class":"TSStatic","persistentId":"620a202c-73ed-48c9-b60d-0035dcc670ce","__parent":"Small_Village","position":[-742.406982,-1376.76001,133.59584],"annotation":"SIDEWALK","isRenderEnabled":false,"rotationMatrix":[0.875525236,0.483172387,0,-0.483172387,0.875525236,0,0,0,1],"shapeName":"/levels/italy/art/shapes/buildings/italy_small_village_base.DAE"}
{"class":"TSStatic","persistentId":"6310693b-94d3-4ffc-befa-c670c5ca9adc","__parent":"Small_Village","position":[-683.168579,-1324.9209,141.052673],"annotation":"OBSTACLES","isRenderEnabled":false,"rotationMatrix":[0.182729095,0.967174053,0.176590994,-0.982616544,0.185646653,-3.72528852e-08,-0.0327835642,-0.173521236,0.984284282],"shapeName":"/levels/italy/art/shapes/buildings/italy_road_wall_concrete_railing.dae"}
{"class":"TSStatic","persistentId":"693a510e-924e-47d8-9f87-2aa528f27d47","__parent":"Small_Village","position":[-746.057922,-1386.92102,141.129913],"annotation":"OBSTACLES","isRenderEnabled":false,"rotationMatrix":[-0.235381007,0.971902847,0,-0.971902847,-0.235381007,0,0,0,1],"shapeName":"/levels/italy/art/shapes/buildings/italy_clutter_metal_chair.DAE"}
{"class":"TSStatic","persistentId":"6bcf8931-26b3-40c7-aee0-3dd9f85e8c56","__parent":"Small_Village","position":[-743.175049,-1376.13489,141.240158],"annotation":"OBSTACLES","isRenderEnabled":false,"rotationMatrix":[-0.863461494,-0.504414797,0,0.504414797,-0.863461494,0,0,0,1],"shapeName":"/levels/italy/art/shapes/buildings/italy_clutter_sorting_bin.DAE"}
{"class":"TSStatic","persistentId":"6c08c0a4-ff21-475c-ab92-1fda7e00294b","__parent":"Small_Village","position":[-778.797974,-1335.17871,141.201385],"annotation":"OBSTACLES","isRenderEnabled":false,"rotationMatrix":[-0.902585864,0.430512786,0,-0.430512786,-0.902585864,0,0,0,1],"shapeName":"/levels/italy/art/shapes/buildings/italy_wall_stone_bricktop.dae"}
{"class":"TSStatic","persistentId":"6c21aeb3-86da-4d75-ba41-8ceb441a50e9","__parent":"Small_Village","position":[-718.948059,-1338.27722,142.322662],"annotation":"OBSTACLES","isRenderEnabled":false,"rotationMatrix":[0.875650108,0.482946187,0,-0.482946187,0.875650108,0,0,0,1],"shapeName":"/levels/italy/art/shapes/buildings/italy_fence_mesh_6m_conc_base.dae"}
{"class":"TSStatic","persistentId":"6c499bd7-599a-4e08-92b7-03dfd4308d17","__parent":"Small_Village","position":[-735.157349,-1361.16907,142.591888],"annotation":"OBSTACLES","isRenderEnabled":false,"rotationMatrix":[0.876147866,0.482042789,0,-0.482042789,0.876147866,0,0,0,1],"shapeName":"/levels/italy/art/shapes/buildings/italy_wall_concrete.dae"}
{"class":"TSStatic","persistentId":"6c685b34-50b3-4e41-ac42-0e4225bbf468","__parent":"Small_Village","position":[-749.634399,-1395.65381,140.946533],"annotation":"OBSTACLES","isRenderEnabled":false,"rotationMatrix":[-0.996285379,-0.0861167088,0,0.0861167088,-0.996285379,0,0,0,1],"shapeName":"/levels/italy/art/shapes/buildings/italy_clutter_pwood_bench.DAE"}
{"class":"TSStatic","persistentId":"6ca8025d-276b-4190-8323-c72257f7b38a","__parent":"Small_Village","position":[-754.501648,-1381.59009,141.281021],"annotation":"OBSTACLES","isRenderEnabled":false,"rotationMatrix":[0.944344223,0.32895875,0,-0.32895875,0.944344223,0,0,0,1],"shapeName":"/levels/italy/art/shapes/buildings/italy_wall_stone.dae"}
{"class":"TSStatic","persistentId":"6d64900a-24ad-43fd-b5b9-7c56c265f5c2","__parent":"Small_Village","position":[-821.945679,-1366.67114,142.929047],"annotation":"OBSTACLES","isRenderEnabled":false,"rotationMatrix":[0.866025448,0.5,0,-0.5,0.866025448,0,0,0,1],"shapeName":"/levels/italy/art/shapes/buildings/italy_wall_stone_short.dae"}
{"class":"TSStatic","persistentId":"6e36414b-57f9-4bfd-86f3-42f3786420e8","__parent":"Small_Village","position":[-775.66394,-1390.33386,141.400543],"annotation":"OBSTACLES","isRenderEnabled":false,"rotationMatrix":[-0.883165836,-0.469060928,0,0.469060928,-0.883165836,0,0,0,1],"shapeName":"/levels/italy/art/shapes/buildings/italy_curb_3m.dae"}
{"class":"TSStatic","persistentId":"6f865165-e0f7-4d96-bfd1-449f2d0aafeb","__parent":"Small_Village","position":[-682.801514,-1322.97766,141.407455],"annotation":"OBSTACLES","isRenderEnabled":false,"rotationMatrix":[0.182729095,0.967174053,0.176590994,-0.982616544,0.185646653,-3.72528852e-08,-0.0327835642,-0.173521236,0.984284282],"shapeName":"/levels/italy/art/shapes/buildings/italy_road_wall_concrete_railing.dae"}
{"class":"TSStatic","persistentId":"6f871930-a916-4120-b14f-ece823f45a88","__parent":"Small_Village","position":[-729.688171,-1331.46838,143.700851],"annotation":"OBSTACLES","isRenderEnabled":false,"rotationMatrix":[0.875650108,0.482946187,0,-0.482946187,0.875650108,0,0,0,1],"shapeName":"/levels/italy/art/shapes/buildings/italy_fence_mesh_6m_conc_base.dae"}
{"class":"TSStatic","persistentId":"6fe8988e-92d9-49ac-9fa5-a056544c7984","__parent":"Small_Village","position":[-779.965881,-1411.75085,141.025391],"annotation":"OBSTACLES","isRenderEnabled":false,"rotationMatrix":[0.999091744,-0.0426113009,0,0.0426113009,0.999091744,0,0,0,1],"shapeName":"/levels/italy/art/shapes/buildings/italy_wall_stone_railing.dae"}
{"class":"TSStatic","persistentId":"70c21e42-ef9f-44ef-84d4-100a537708ba","__parent":"Small_Village","position":[-724.334839,-1328.49988,143.700851],"annotation":"OBSTACLES","isRenderEnabled":false,"rotationMatrix":[0.875650108,0.482946187,0,-0.482946187,0.875650108,0,0,0,1],"shapeName":"/levels/italy/art/shapes/buildings/italy_fence_mesh_6m_conc_base.dae"}
{"class":"TSStatic","persistentId":"712d6852-98d5-4dc8-8df8-54bb463f915d","__parent":"Small_Village","position":[-1865.09998,-256.850342,150.964767],"annotation":"TRAFFIC_SIGNS","isRenderEnabled":false,"rotationMatrix":[-2.98023224e-08,1,0,-1,-2.98023224e-08,0,0,0,1],"shapeName":"/levels/italy/art/shapes/signs/italy_road_sign_dir_portino_l.dae"}
{"class":"TSStatic","persistentId":"76a028b4-2e83-426d-aa12-f1abd37a8a26","__parent":"Small_Village","position":[-762.546631,-1466.60205,139.483719],"annotation":"OBSTACLES","isRenderEnabled":false,"rotationMatrix":[-0.7077384,0.706474662,0,-0.706474662,-0.7077384,0,0,0,1],"shapeName":"/levels/italy/art/shapes/buildings/italy_clutter_pwood_bench.DAE"}
{"class":"TSStatic","persistentId":"76ecddca-fe20-4999-9965-46acf3eea5e9","__parent":"Small_Village","position":[-767.234863,-1386.4939,141.400543],"annotation":"OBSTACLES","isRenderEnabled":false,"rotationMatrix":[-0.993550479,-0.113392353,0,0.113392353,-0.993550479,0,0,0,1],"shapeName":"/levels/italy/art/shapes/buildings/italy_curb_3m.dae"}
{"class":"TSStatic","persistentId":"76fbd9ac-2bf2-4069-b304-0a98ecc5a246","__parent":"Small_Village","position":[-785.759705,-1431.5022,139.480118],"annotation":"OBSTACLES","isRenderEnabled":false,"shapeName":"/levels/italy/art/shapes/misc/port_gas_pallet.dae"}
{"class":"TSStatic","persistentId":"778dcc38-cde5-4476-8c3e-986f7f935319","__parent":"Small_Village","position":[-761.788208,-1375.82104,142.591888],"annotation":"OBSTACLES","isRenderEnabled":false,"rotationMatrix":[0.876147866,0.482042789,0,-0.482042789,0.876147866,0,0,0,1],"shapeName":"/levels/italy/art/shapes/buildings/italy_wall_concrete.dae"}
{"class":"TSStatic","persistentId":"7877cbb5-b96a-4217-81a1-d35f8b2bfdbe","__parent":"Small_Village","position":[-775.001221,-1357.17029,142.44104],"annotation":"OBSTACLES","isRenderEnabled":false,"rotationMatrix":[0.873211086,0.487341553,0,-0.487341553,0.873211086,0,0,0,1],"shapeName":"/levels/italy/art/shapes/buildings/italy_road_wall_concrete_railing.dae"}
{"class":"TSStatic","persistentId":"78a38373-c53c-45d6-b395-c2bb0e7b4140","__parent":"Small_Village","position":[-739.985535,-1366.19263,141.240158],"annotation":"OBSTACLES","isRenderEnabled":false,"rotationMatrix":[-0.0416514575,0.999132216,0,-0.999132216,-0.0416514575,0,0,0,1],"shapeName":"/levels/italy/art/shapes/buildings/italy_clutter_plastic_chair_b.DAE"}
{"class":"TSStatic","persistentId":"7a7b33bf-fea6-4472-91cd-6c540c959342","__parent":"Small_Village","position":[-798.32605,-1344.64832,141.783203],"annotation":"OBSTACLES","isRenderEnabled":false,"rotationMatrix":[0.375903249,-0.926658988,0,0.926658988,0.375903249,0,0,0,1],"shapeName":"/levels/italy/art/shapes/buildings/italy_wall_stone.dae"}
{"class":"TSStatic","persistentId":"7c151ed6-bb8b-439e-baed-bd842e2c91e6","__parent":"Small_Village","position":[-789.866577,-1342.14087,141.940247],"annotation":"OBSTACLES","isRenderEnabled":false,"rotationMatrix":[-0.764049828,-0.64515847,0,0.64515847,-0.764049828,0,0,0,1],"shapeName":"/levels/italy/art/shapes/buildings/italy_wall_stone_bricktop.dae"}
{"class":"TSStatic","persistentId":"7c6f6776-a9b6-4dff-a417-36307ba727fc","__parent":"Small_Village","position":[-677.250183,-1309.2356,143.717728],"annotation":"OBSTACLES","isRenderEnabled":false,"rotationMatrix":[0.981218934,-0.192897141,0,0.192897141,0.981218934,0,0,0,1],"shapeName":"/levels/italy/art/shapes/buildings/italy_rock_wall_a.dae"}
{"class":"TSStatic","persistentId":"7d0e45d1-be24-4846-80d1-8a88996864c6","__parent":"Small_Village","position":[-723.158203,-1352.79529,142.313248],"annotation":"OBSTACLES","isRenderEnabled":false,"rotationMatrix":[0.499999762,-0.866024792,0,0.866024792,0.499999762,0,0,0,1],"shapeName":"/levels/italy/art/shapes/buildings/italy_clutter_wood_bin.DAE"}
{"class":"TSStatic","persistentId":"7fb67b29-cf9d-4bd1-99fb-d1686a54ca09","__parent":"Small_Village","position":[-776.755554,-1358.14929,142.44104],"annotation":"OBSTACLES","isRenderEnabled":false,"rotationMatrix":[0.873211086,0.487341553,0,-0.487341553,0.873211086,0,0,0,1],"shapeName":"/levels/italy/art/shapes/buildings/italy_road_wall_concrete_railing.dae"}
{"class":"TSStatic","persistentId":"80e69547-2eb3-49b3-a543-c08b5f5ea5dc","__parent":"Small_Village","position":[-756.869934,-1332.54822,143.333832],"annotation":"OBSTACLES","isRenderEnabled":false,"rotationMatrix":[0.486133903,-0.87388438,0,0.87388438,0.486133903,0,0,0,1],"shapeName":"/levels/italy/art/shapes/buildings/italy_curb_3m.dae"}
{"class":"TSStatic","persistentId":"82b5035b-01f2-4301-8743-92d48eff0b99","__parent":"Small_Village","position":[-690.842896,-1307.71252,143.588898],"annotation":"TRAFFIC_SIGNS","isRenderEnabled":false,"rotationMatrix":[-0.556792498,0.830651641,0,-0.830651641,-0.556792498,0,0,0,1],"shapeName":"/levels/italy/art/shapes/signs/italy_traf_sign_arrow_left.dae"}
{"class":"TSStatic","persistentId":"83bd5d32-0f2f-4d7c-98fa-ef0ea03938df","__parent":"Small_Village","position":[-745.805481,-1367.02759,141.290268],"annotation":"OBSTACLES","isRenderEnabled":false,"rotationMatrix":[0.876147866,0.482042789,0,-0.482042789,0.876147866,0,0,0,1],"shapeName":"/levels/italy/art/shapes/buildings/italy_wall_concrete.dae"}
{"class":"TSStatic","persistentId":"84d5a003-8498-4815-946c-301fa73865ae","__parent":"Small_Village","position":[-696.696106,-1349.96033,140.197739],"annotation":"TRAFFIC_SIGNS","isRenderEnabled":false,"rotationMatrix":[-0.986356974,-0.164622873,0,0.164622873,-0.986356974,0,0,0,1],"shapeName":"/levels/italy/art/shapes/signs/italy_traf_sign_parking.dae"}
{"class":"TSStatic","persistentId":"866de303-fbdf-42b7-b1da-173af6e14f44","__parent":"Small_Village","position":[-782.293945,-1410.92493,140.909958],"annotation":"OBSTACLES","isRenderEnabled":false,"rotationMatrix":[-0.998931766,0.0462141782,0,-0.0462141782,-0.998931766,0,0,0,1],"shapeName":"/levels/italy/art/shapes/buildings/italy_clutter_pwood_bench.DAE"}
{"class":"TSStatic","persistentId":"86efd664-b282-41c8-a05e-bf68e4e663ad","__parent":"Small_Village","position":[-724.061035,-1362.80005,142.160645],"annotation":"OBSTACLES","isRenderEnabled":false,"rotationMatrix":[0.728250563,0.685311556,0,-0.685311556,0.728250563,0,0,0,1],"shapeName":"/levels/italy/art/shapes/buildings/italy_fence_mesh_6m_conc_base.dae"}
{"class":"TSStatic","persistentId":"88287b92-42ff-4001-9f16-7d2b5003fab2","__parent":"Small_Village","position":[1195.29956,-1791.86536,173.199249],"annotation":"TRAFFIC_SIGNS","isRenderEnabled":false,"rotationMatrix":[0.966561258,-0.256435841,0,0.256435841,0.966561258,0,0,0,1],"shapeName":"/levels/italy/art/shapes/signs/italy_road_sign_dir_portino_l.dae"}
{"class":"TSStatic","persistentId":"88d8b869-7ff1-461a-83ae-5b5651938182","__parent":"Small_Village","position":[-783.094727,-1387.54333,142.273102],"annotation":"OBSTACLES","isRenderEnabled":false,"rotationMatrix":[0.876147866,0.482042789,0,-0.482042789,0.876147866,0,0,0,1],"shapeName":"/levels/italy/art/shapes/buildings/italy_wall_concrete.dae"}
{"class":"TSStatic","persistentId":"88f073ee-0ed6-4c33-a789-d6534679bf3c","__parent":"Small_Village","position":[-682.436157,-1321.04346,141.760681],"annotation":"OBSTACLES","isRenderEnabled":false,"rotationMatrix":[0.182729095,0.967174053,0.176590994,-0.982616544,0.185646653,-3.72528852e-08,-0.0327835642,-0.173521236,0.984284282],"shapeName":"/levels/italy/art/shapes/buildings/italy_road_wall_concrete_railing.dae"}
{"class":"TSStatic","persistentId":"8bbdfdae-e8b0-4b70-9067-ab98bb60aadf","__parent":"Small_Village","position":[-783.301208,-1339.34607,141.232025],"annotation":"OBSTACLES","isRenderEnabled":false,"rotationMatrix":[-1.00000036,-0.00108870026,0,0.00108870026,-1.00000036,0,0,0,1],"shapeName":"/levels/italy/art/shapes/buildings/italy_wall_stone_bricktop.dae"}
{"class":"TSStatic","persistentId":"8c93ca2f-6bdb-4ae0-a01d-75cad2517886","__parent":"Small_Village","position":[-759.975586,-1375.63135,141.300003],"annotation":"OBSTACLES","isRenderEnabled":false,"rotationMatrix":[-0.48268801,0.875792086,0,-0.875792086,-0.48268801,0,0,0,1],"shapeName":"/levels/italy/art/shapes/buildings/italy_curb_3m.dae"}
{"class":"TSStatic","persistentId":"8f587adc-a331-4e80-90cf-07b42cbba378","__parent":"Small_Village","position":[813.866272,-586.336731,187.302414],"annotation":"TRAFFIC_SIGNS","isRenderEnabled":false,"rotationMatrix":[-0.866025031,0.499999821,0,-0.499999821,-0.866025031,0,0,0,1],"shapeName":"/levels/italy/art/shapes/signs/italy_road_sign_dir_portino_l.dae"}
{"class":"TSStatic","persistentId":"8fcef915-2a09-45e9-bd26-2a158a6c4bb0","__parent":"Small_Village","position":[-730.481567,-1380.68506,140.965225],"annotation":"OBSTACLES","isRenderEnabled":false,"rotationMatrix":[-0.796631038,-0.604465485,0,0.604465485,-0.796631038,0,0,0,1],"shapeName":"/levels/italy/art/shapes/buildings/italy_clutter_pwood_bench.DAE"}
{"class":"TSStatic","persistentId":"90bc39e7-53a0-4dca-ab6b-4b6dcd6b823d","__parent":"Small_Village","position":[-817.418518,-1379.91345,143.700851],"annotation":"OBSTACLES","isRenderEnabled":false,"rotationMatrix":[0.362881303,-0.931835175,0,0.931835175,0.362881303,0,0,0,1],"shapeName":"/levels/italy/art/shapes/buildings/italy_fence_mesh_6m_conc_base.dae"}
{"class":"TSStatic","persistentId":"91bd9329-93ba-4df1-9b28-94eea9f97881","__parent":"Small_Village","position":[-784.559326,-1390.68909,141.986374],"annotation":"OBSTACLES","isRenderEnabled":false,"rotationMatrix":[-0.941726625,0.332147509,0.0531903319,-0.33080864,-0.943137586,0.0325141437,0.0609653145,0.0130236167,0.998054743],"shapeName":"/levels/italy/art/shapes/buildings/italy_curb_3m.dae"}
{"class":"TSStatic","persistentId":"9388e18a-85db-4386-bf37-8b1da9f92dbb","__parent":"Small_Village","position":[-783.043274,-1411.62598,141.025391],"annotation":"OBSTACLES","isRenderEnabled":false,"rotationMatrix":[-0.999091744,0.0426112227,0,-0.0426112227,-0.999091744,0,0,0,1],"shapeName":"/levels/italy/art/shapes/buildings/italy_wall_stone_railing.dae"}
{"class":"TSStatic","persistentId":"95756df3-72a5-47dc-b8c3-482733825f1a","__parent":"Small_Village","position":[-751.14978,-1384.17456,141.145096],"annotation":"BUILDINGS","isRenderEnabled":false,"shapeName":"/levels/italy/art/shapes/buildings/italy_town_bld2.dae"}
{"class":"TSStatic","persistentId":"958fd649-d468-4e8a-8a76-0792f5880637","__parent":"Small_Village","position":[-721.924316,-1353.90088,142.312561],"annotation":"TRAFFIC_SIGNS","isRenderEnabled":false,"rotationMatrix":[-0.887323022,-0.461148202,0,0.461148202,-0.887323022,0,0,0,1],"shapeName":"/levels/italy/art/shapes/signs/italy_traf_sign_noentry.dae"}
{"class":"TSStatic","persistentId":"95938f9c-2f68-403c-8069-fa901924da86","__parent":"Small_Village","position":[-774.74884,-1401.57751,141.02272],"annotation":"OBSTACLES","isRenderEnabled":false,"rotationMatrix":[-0.0803106278,-0.996769667,0,0.996769667,-0.0803106278,0,0,0,1],"shapeName":"/levels/italy/art/shapes/buildings/italy_wall_stone_short.dae"}
{"class":"TSStatic","persistentId":"964b0417-5774-4d6a-99b4-80f006fd94d8","__parent":"Small_Village","position":[-740.809448,-1367.86157,141.240158],"annotation":"OBSTACLES","isRenderEnabled":false,"rotationMatrix":[-0.749307692,-0.662222087,0,0.662222087,-0.749307692,0,0,0,1],"shapeName":"/levels/italy/art/shapes/buildings/italy_clutter_ptable.DAE"}
{"class":"TSStatic","persistentId":"969a31ac-dd5e-4587-8848-6f37d21a97c3","__parent":"Small_Village","position":[-798.365173,-1340.73499,141.499222],"annotation":"OBSTACLES","isRenderEnabled":false,"rotationMatrix":[-0.899489284,-0.436944783,0,0.436944783,-0.899489284,0,0,0,1],"shapeName":"/levels/italy/art/shapes/buildings/italy_wall_stone_bricktop.dae"}
{"class":"TSStatic","persistentId":"98b22494-02fc-4ee6-9d63-a00e1d20adae","__parent":"Small_Village","position":[-220.289017,-1138.84021,320.531281],"annotation":"TRAFFIC_SIGNS","isRenderEnabled":false,"rotationMatrix":[-0.472747535,0.881197035,0,-0.881197035,-0.472747535,0,0,0,1],"shapeName":"/levels/italy/art/shapes/signs/italy_road_sign_dir_portino_l.dae"}
{"class":"TSStatic","persistentId":"9a2c15f4-4e56-407d-9442-f7c9c3a99513","__parent":"Small_Village","position":[-732.37793,-1382.73279,140.910568],"annotation":"OBSTACLES","isRenderEnabled":false,"rotationMatrix":[0.732243955,-0.681042075,0,0.681042075,0.732243955,0,0,0,1],"shapeName":"/levels/italy/art/shapes/buildings/italy_city_tree_pot_small.dae"}
{"class":"TSStatic","persistentId":"9df2bec8-c381-45f7-ba29-47ee9e3c571a","__parent":"Small_Village","position":[-682.070068,-1319.10632,142.114334],"annotation":"OBSTACLES","isRenderEnabled":false,"rotationMatrix":[0.182729095,0.967174053,0.176590994,-0.982616544,0.185646653,-3.72528852e-08,-0.0327835642,-0.173521236,0.984284282],"shapeName":"/levels/italy/art/shapes/buildings/italy_road_wall_concrete_railing.dae"}
{"class":"TSStatic","persistentId":"9e4b8f9b-01db-48ff-adff-3acf6840b5cb","__parent":"Small_Village","position":[-729.839722,-1358.24353,142.591888],"annotation":"OBSTACLES","isRenderEnabled":false,"rotationMatrix":[0.876147866,0.482042789,0,-0.482042789,0.876147866,0,0,0,1],"shapeName":"/levels/italy/art/shapes/buildings/italy_wall_concrete.dae"}
{"class":"TSStatic","persistentId":"9eb9ba9f-f877-4183-8f95-eb34877688a3","__parent":"Small_Village","position":[-758.458862,-1378.38318,141.300003],"annotation":"OBSTACLES","isRenderEnabled":false,"rotationMatrix":[-0.48268801,0.875792086,0,-0.875792086,-0.48268801,0,0,0,1],"shapeName":"/levels/italy/art/shapes/buildings/italy_curb_3m.dae"}
{"class":"TSStatic","persistentId":"9f86523b-d398-483c-ad37-0e88a10e3926","__parent":"Small_Village","position":[-745.190613,-1368.1001,141.205002],"annotation":"OBSTACLES","isRenderEnabled":false,"rotationMatrix":[0.876124442,0.482085019,0,-0.482085019,0.876124442,0,0,0,1],"shapeName":"/levels/italy/art/shapes/buildings/italy_Portino_stairs.DAE"}
{"class":"TSStatic","persistentId":"a2592c52-6c3b-449f-8e3b-55d579796881","__parent":"Small_Village","position":[-772.138184,-1369.4917,142.315308],"annotation":"OBSTACLES","isRenderEnabled":false,"rotationMatrix":[-0.499999881,0.866024971,0,-0.866024971,-0.499999881,0,0,0,1],"shapeName":"/levels/italy/art/shapes/buildings/italy_clutter_wood_bin.DAE"}
{"class":"TSStatic","persistentId":"a35e7989-624d-4b0f-9dd7-69c5d7d04bc8","__parent":"Small_Village","position":[-786.568665,-1431.36511,139.466934],"annotation":"BUILDINGS","isRenderEnabled":false,"rotationMatrix":[-0.707106709,0.70710659,0,-0.70710659,-0.707106709,0,0,0,1],"shapeName":"/levels/italy/art/shapes/misc/port_storage_shack.dae"}
{"class":"TSStatic","persistentId":"a4741c15-0b73-4a2e-8d4d-003f80c8ccc6","__parent":"Small_Village","position":[-710.724243,-1335.5304,140.41481],"annotation":"TRAFFIC_SIGNS","isRenderEnabled":false,"rotationMatrix":[-0.467894197,0.883784592,0,-0.883784592,-0.467894197,0,0,0,1],"shapeName":"/levels/italy/art/shapes/signs/italy_traf_sign_no_parking.dae"}
{"class":"TSStatic","persistentId":"a4ddf7dd-9291-41d9-93ee-b33a72e8e0bc","__parent":"Small_Village","position":[-780.461487,-1339.95703,140.909668],"annotation":"OBSTACLES","isRenderEnabled":false,"rotationMatrix":[-0.911968112,0.41026336,0,-0.41026336,-0.911968112,0,0,0,1],"shapeName":"/levels/italy/art/shapes/buildings/italy_wall_stone_bricktop.dae"}
{"class":"TSStatic","persistentId":"a5e28cb7-9263-47c4-a22b-92ad5d289edf","__parent":"Small_Village","position":[-759.127014,-1374.35693,142.591888],"annotation":"OBSTACLES","isRenderEnabled":false,"rotationMatrix":[0.876147866,0.482042789,0,-0.482042789,0.876147866,0,0,0,1],"shapeName":"/levels/italy/art/shapes/buildings/italy_wall_concrete.dae"}
{"class":"TSStatic","persistentId":"a5edc5d7-4a94-4830-a771-9f047ca01435","__parent":"Small_Village","position":[-700.647888,-1312.6582,143.007492],"annotation":"BUILDINGS","isRenderEnabled":false,"rotationMatrix":[-0.876674414,-0.48108393,0,0.48108393,-0.876674414,0,0,0,1],"shapeName":"/levels/italy/art/shapes/misc/port_storage_shack.dae"}
{"class":"TSStatic","persistentId":"a7038011-8a3c-4839-907c-6e339b08b807","__parent":"Small_Village","position":[-772.438843,-1381.68066,142.591888],"annotation":"OBSTACLES","isRenderEnabled":false,"rotationMatrix":[0.876147866,0.482042789,0,-0.482042789,0.876147866,0,0,0,1],"shapeName":"/levels/italy/art/shapes/buildings/italy_wall_concrete.dae"}
{"class":"TSStatic","persistentId":"a78a3177-9009-4207-9a3b-d53e7efadbd6","__parent":"Small_Village","position":[-770.136414,-1347.17212,139.166367],"annotation":"OBSTACLES","isRenderEnabled":false,"rotationMatrix":[-0.461102962,0.887346983,0,-0.887346983,-0.461102962,0,0,0,1],"shapeName":"/levels/italy/art/shapes/buildings/italy_wall_stone_bricktop.dae"}
{"class":"TSStatic","persistentId":"a83c51d6-8d88-49e6-b352-936c3bd0d032","__parent":"Small_Village","position":[-802.002808,-1366.40222,142.243942],"annotation":"OBSTACLES","isRenderEnabled":false,"rotationMatrix":[0.469326228,-0.883023739,0,0.883023739,0.469326228,0,0,0,1],"scale":[1.27399123,1.27399123,1.27399123],"shapeName":"/levels/italy/art/shapes/buildings/italy_city_tree_pot_small.dae"}
{"class":"TSStatic","persistentId":"ab93b078-ed51-43bf-9480-3689b5b393bc","__parent":"Small_Village","position":[-756.942505,-1381.13464,141.300003],"annotation":"OBSTACLES","isRenderEnabled":false,"rotationMatrix":[-0.48268801,0.875792086,0,-0.875792086,-0.48268801,0,0,0,1],"shapeName":"/levels/italy/art/shapes/buildings/italy_curb_3m.dae"}
{"class":"TSStatic","persistentId":"aba180ef-446c-44c2-9975-099a446554f6","__parent":"Small_Village","position":[-766.980286,-1357.52454,142.951599],"annotation":"OBSTACLES","isRenderEnabled":false,"rotationMatrix":[0.482945979,-0.875649512,0,0.875649512,0.482945979,0,0,0,1],"shapeName":"/levels/italy/art/shapes/buildings/italy_fence_mesh_6m_conc_base.dae"}
{"class":"TSStatic","persistentId":"abac777a-73c3-46ac-9f8c-01a6e6feea96","__parent":"Small_Village","position":[-743.57843,-1352.12402,142.497543],"annotation":"OBSTACLES","isRenderEnabled":false,"rotationMatrix":[0.887347102,0.461102992,0,-0.461102992,0.887347102,0,0,0,1],"shapeName":"/levels/italy/art/shapes/buildings/italy_wall_stone_bricktop.dae"}
{"class":"TSStatic","persistentId":"abed8839-1525-4acd-8f36-12802ae9c5d0","__parent":"Small_Village","position":[-761.596863,-1453.85876,139.478592],"annotation":"OBSTACLES","isRenderEnabled":false,"rotationMatrix":[0.707106709,-0.707106769,0,0.707106769,0.707106709,0,0,0,1],"shapeName":"/levels/italy/art/shapes/misc/port_bollard.dae"}
{"class":"TSStatic","persistentId":"ad1c9101-9c63-4ae3-b4f3-c0473539615e","__parent":"Small_Village","position":[-740.302307,-1350.40027,142.315338],"annotation":"OBSTACLES","isRenderEnabled":false,"rotationMatrix":[0.777572751,0.628792882,0,-0.628792882,0.777572751,0,0,0,1],"shapeName":"/levels/italy/art/shapes/buildings/italy_clutter_dumpster.DAE"}
{"class":"TSStatic","persistentId":"ad8feeef-49e3-45fa-a8e7-3e2cc0cff48c","__parent":"Small_Village","position":[-783.900391,-1386.24902,142.380554],"annotation":"TRAFFIC_SIGNS","isRenderEnabled":false,"rotationMatrix":[0.467894316,-0.883784711,0,0.883784711,0.467894316,0,0,0,1],"shapeName":"/levels/italy/art/shapes/signs/italy_traf_sign_no_parking.dae"}
{"class":"TSStatic","persistentId":"ae09b4ec-ed15-4c47-9bb5-110df9f4ecdc","__parent":"Small_Village","position":[-680.604614,-1311.34888,143.530685],"annotation":"OBSTACLES","isRenderEnabled":false,"rotationMatrix":[0.182729095,0.967174053,0.176590994,-0.982616544,0.185646653,-3.72528852e-08,-0.0327835642,-0.173521236,0.984284282],"shapeName":"/levels/italy/art/shapes/buildings/italy_road_wall_concrete_railing.dae"}
{"class":"TSStatic","persistentId":"ae5b5d4e-0ed7-4d82-b391-e70198fa29fc","__parent":"Small_Village","position":[-781.562195,-1391.32239,141.805969],"annotation":"OBSTACLES","isRenderEnabled":false,"rotationMatrix":[-0.995297432,0.0762036741,0.0598024689,-0.0752765611,-0.99700737,0.0176081415,0.0609653145,0.0130236167,0.998054743],"shapeName":"/levels/italy/art/shapes/buildings/italy_curb_3m.dae"}
{"class":"TSStatic","persistentId":"af8d5372-e468-4d14-bf12-adbd27e01a6b","__parent":"Small_Village","position":[-715.429993,-1367.94104,141.483582],"annotation":"OBSTACLES","isRenderEnabled":false,"rotationMatrix":[-0.470993072,-0.882137179,0,0.882137179,-0.470993072,0,0,0,1],"shapeName":"/levels/italy/art/shapes/buildings/italy_clutter_pwood_bench.DAE"}
{"class":"TSStatic","persistentId":"afa99636-bd94-4dee-b17b-3c38bff011bf","__parent":"Small_Village","position":[-798.900269,-1382.78564,142.315308],"annotation":"OBSTACLES","isRenderEnabled":false,"rotationMatrix":[0.752222598,0.658909321,0,-0.658909321,0.752222598,0,0,0,1],"shapeName":"/levels/italy/art/shapes/buildings/italy_clutter_pwood_bench.DAE"}
{"class":"TSStatic","persistentId":"b01ec3f6-4d0d-4eaa-a98f-845b20c76af6","__parent":"Small_Village","position":[-742.658813,-1393.38196,140.938354],"annotation":"OBSTACLES","isRenderEnabled":false,"rotationMatrix":[-0.84948504,-0.527612686,0,0.527612686,-0.84948504,0,0,0,1],"shapeName":"/levels/italy/art/shapes/buildings/italy_clutter_pwood_bench.DAE"}
{"class":"TSStatic","persistentId":"b1d38cdd-e6bf-4eab-bcd5-2f97d3d114c6","__parent":"Small_Village","position":[-803.929626,-1368.1012,142.925461],"annotation":"OBSTACLES","isRenderEnabled":false,"rotationMatrix":[-0.531923711,0.846492171,0.0225284379,-0.846707106,-0.532058716,2.32830644e-10,0.0119864494,-0.0190749876,0.999746203],"shapeName":"/levels/italy/art/shapes/buildings/italy_clutter_pwood_table.DAE"}
{"class":"TSStatic","persistentId":"b21c39c7-049e-43e2-8dcd-4ae06f22efdf","__parent":"Small_Village","position":[-681.703064,-1317.16357,142.46907],"annotation":"OBSTACLES","isRenderEnabled":false,"rotationMatrix":[0.182729095,0.967174053,0.176590994,-0.982616544,0.185646653,-3.72528852e-08,-0.0327835642,-0.173521236,0.984284282],"shapeName":"/levels/italy/art/shapes/buildings/italy_road_wall_concrete_railing.dae"}
{"class":"TSStatic","persistentId":"b336c5f6-86d5-4b20-8e1b-0a64c3a2afc0","__parent":"Small_Village","position":[-776.513367,-1344.22559,139.724686],"annotation":"OBSTACLES","isRenderEnabled":false,"rotationMatrix":[-0.506192446,0.862421989,0,-0.862421989,-0.506192446,0,0,0,1],"shapeName":"/levels/italy/art/shapes/buildings/italy_wall_stone_bricktop.dae"}
{"class":"TSStatic","persistentId":"b461cc0d-99b2-45be-bfa2-0828f4705e99","__parent":"Small_Village","position":[-1688.83411,980.514465,167.846313],"annotation":"TRAFFIC_SIGNS","isRenderEnabled":false,"rotationMatrix":[0.178685769,-0.98390609,0,0.98390609,0.178685769,0,0,0,1],"shapeName":"/levels/italy/art/shapes/signs/italy_road_sign_dir_portino_r.dae"}
{"class":"TSStatic","persistentId":"b5c54517-672e-4efe-81d4-86b8c5b21af2","__parent":"Small_Village","position":[-780.621582,-1411.00232,140.909958],"annotation":"OBSTACLES","isRenderEnabled":false,"rotationMatrix":[-0.998931766,0.0462141782,0,-0.0462141782,-0.998931766,0,0,0,1],"shapeName":"/levels/italy/art/shapes/buildings/italy_clutter_pwood_bench.DAE"}
{"class":"TSStatic","persistentId":"b67b9c7f-1825-4fdd-afd7-db69f5065511","__parent":"Small_Village","position":[-700.874268,-1312.37195,143.298462],"annotation":"OBSTACLES","isRenderEnabled":false,"rotationMatrix":[0.489809483,-0.86920166,-0.0676477849,0.871197402,0.490934074,0,0.0332106054,-0.0589345805,0.997709334],"shapeName":"/levels/italy/art/shapes/misc/port_water_container.dae"}
{"class":"TSStatic","persistentId":"b7c4e590-b6d5-4d77-906b-8450280fa1c1","__parent":"Small_Village","position":[-769.780029,-1380.2179,142.591888],"annotation":"OBSTACLES","isRenderEnabled":false,"rotationMatrix":[0.876147866,0.482042789,0,-0.482042789,0.876147866,0,0,0,1],"shapeName":"/levels/italy/art/shapes/buildings/italy_wall_concrete.dae"}
{"class":"TSStatic","persistentId":"b7c72310-6910-43b4-a2d1-5e27fa00a1f7","__parent":"Small_Village","position":[-762.628662,-1394.88989,140.953247],"annotation":"OBSTACLES","isRenderEnabled":false,"rotationMatrix":[-0.999478221,-0.0323197246,0,0.0323197246,-0.999478221,0,0,0,1],"shapeName":"/levels/italy/art/shapes/buildings/italy_clutter_pwood_bench.DAE"}
{"class":"TSStatic","persistentId":"b92f0fa2-1349-4922-a693-0734ecf05f4e","__parent":"Small_Village","position":[-786.040649,-1429.9624,139.488739],"annotation":"OBSTACLES","isRenderEnabled":false,"rotationMatrix":[0.623760045,-0.781616569,0,0.781616569,0.623760045,0,0,0,1],"shapeName":"/levels/italy/art/shapes/misc/port_water_container.dae"}
{"class":"TSStatic","persistentId":"b973ef0a-897b-4439-a422-070cea135a81","__parent":"Small_Village","position":[-734.553467,-1361.24426,141.478699],"annotation":"OBSTACLES","isRenderEnabled":false,"rotationMatrix":[-0.715793908,0.698311687,0,-0.698311687,-0.715793908,0,0,0,1],"shapeName":"/levels/italy/art/shapes/buildings/italy_curb_3m.dae"}
{"class":"TSStatic","persistentId":"bb4633f6-8b42-41dd-85a3-9020c8d3e88a","__parent":"Small_Village","position":[-714.548767,-1353.59412,142.043106],"annotation":"OBSTACLES","isRenderEnabled":false,"rotationMatrix":[0.937150598,0.348925799,0,-0.348925799,0.937150598,0,0,0,1],"shapeName":"/levels/italy/art/shapes/buildings/italy_city_tree_pot_small.dae"}
{"class":"TSStatic","persistentId":"bcb16a28-d81d-4704-801e-cf9478fcfc92","__parent":"Small_Village","position":[-710.399902,-1335.36133,140.427582],"annotation":"OBSTACLES","isRenderEnabled":false,"rotationMatrix":[-0.499999881,0.866024971,0,-0.866024971,-0.499999881,0,0,0,1],"shapeName":"/levels/italy/art/shapes/buildings/italy_clutter_wood_bin.DAE"}
{"class":"TSStatic","persistentId":"be852d1b-ebb7-4020-8b65-13fe3e28f410","__parent":"Small_Village","position":[-806.126404,-1369.12683,142.950195],"annotation":"OBSTACLES","isRenderEnabled":false,"rotationMatrix":[-0.53140372,0.845664799,0.0496018045,-0.846707106,-0.532058716,2.32830644e-10,0.0263910759,-0.0419982001,0.998768985],"shapeName":"/levels/italy/art/shapes/buildings/italy_clutter_pwood_table.DAE"}
{"class":"TSStatic","persistentId":"befe490d-e2e4-4861-abae-40d0d46171fd","__parent":"Small_Village","position":[-680.970459,-1313.28601,143.177048],"annotation":"OBSTACLES","isRenderEnabled":false,"rotationMatrix":[0.182729095,0.967174053,0.176590994,-0.982616544,0.185646653,-3.72528852e-08,-0.0327835642,-0.173521236,0.984284282],"shapeName":"/levels/italy/art/shapes/buildings/italy_road_wall_concrete_railing.dae"}
{"class":"TSStatic","persistentId":"c019653e-6ee6-4eeb-8efc-3be281b69375","__parent":"Small_Village","position":[-741.296265,-1368.17896,141.240158],"annotation":"OBSTACLES","isRenderEnabled":false,"rotationMatrix":[-0.763860941,0.645380914,0,-0.645380914,-0.763860941,0,0,0,1],"shapeName":"/levels/italy/art/shapes/buildings/italy_clutter_plastic_chair_b.DAE"}
{"class":"TSStatic","persistentId":"c19e1519-06f0-4140-9577-0bb5b852a5bf","__parent":"Small_Village","position":[-705.944153,-1347.54333,140.214813],"annotation":"OBSTACLES","isRenderEnabled":false,"rotationMatrix":[0.909393311,-0.415937752,0,0.415937752,0.909393311,0,0,0,1],"shapeName":"/levels/italy/art/shapes/buildings/italy_city_tree_pot_small.dae"}
{"class":"TSStatic","persistentId":"c223729e-7bcd-4dbb-ab8f-89d417ea83a4","__parent":"Small_Village","position":[-774.967163,-1399.99243,140.990784],"annotation":"OBSTACLES","isRenderEnabled":false,"rotationMatrix":[0.171991304,-0.985097468,0,0.985097468,0.171991304,0,0,0,1],"scale":[1.27399123,1.27399123,1.27399123],"shapeName":"/levels/italy/art/shapes/buildings/italy_city_tree_pot_small.dae"}
{"class":"TSStatic","persistentId":"c489ac32-7f6c-478d-ac76-a5bd5cfab1b1","__parent":"Small_Village","position":[-774.438843,-1339.26709,140.388596],"annotation":"OBSTACLES","isRenderEnabled":false,"rotationMatrix":[-0.557379127,0.830258608,0,-0.830258608,-0.557379127,0,0,0,1],"shapeName":"/levels/italy/art/shapes/buildings/italy_wall_stone_bricktop.dae"}
{"class":"TSStatic","persistentId":"c52113de-d48f-4089-9913-b2ad3d16bda5","__parent":"Small_Village","position":[-773.654968,-1368.88049,142.378708],"annotation":"TRAFFIC_SIGNS","isRenderEnabled":false,"rotationMatrix":[0.880085707,0.474814594,0,-0.474814594,0.880085707,0,0,0,1],"shapeName":"/levels/italy/art/shapes/signs/italy_traf_sign_drivestraight.dae"}
{"class":"TSStatic","persistentId":"c5b2839f-ec1e-429c-8a88-de28f81af71f","__parent":"Small_Village","position":[-745.966858,-1340.45117,143.700851],"annotation":"OBSTACLES","isRenderEnabled":false,"rotationMatrix":[0.875650108,0.482946187,0,-0.482946187,0.875650108,0,0,0,1],"shapeName":"/levels/italy/art/shapes/buildings/italy_fence_mesh_6m_conc_base.dae"}
{"class":"TSStatic","persistentId":"c5ca53d6-e8cf-425e-8489-2cac76bd0979","__parent":"Small_Village","position":[-800.172668,-1375.9447,142.977875],"annotation":"BUILDINGS","isRenderEnabled":false,"rotationMatrix":[-0.657327354,0.753605604,0,-0.753605604,-0.657327354,0,0,0,1],"shapeName":"/levels/italy/art/shapes/buildings/italy_town_bld11.dae"}
{"class":"TSStatic","persistentId":"c5f1eee3-489b-4bc3-92c6-f309b4e46393","__parent":"Small_Village","position":[-738.981445,-1366.36353,141.240158],"annotation":"OBSTACLES","isRenderEnabled":false,"rotationMatrix":[0.190697163,-0.981648982,0,0.981648862,0.190697148,0,0,0,1],"shapeName":"/levels/italy/art/shapes/buildings/italy_clutter_plastic_chair_b.DAE"}
{"class":"TSStatic","persistentId":"c6971742-dce4-4cc2-97cd-e9bc0a404bc0","__parent":"Small_Village","position":[-821.828796,-1368.52686,143.700851],"annotation":"OBSTACLES","isRenderEnabled":false,"rotationMatrix":[0.53807801,-0.842894435,0,0.842894435,0.53807801,0,0,0,1],"shapeName":"/levels/italy/art/shapes/buildings/italy_fence_mesh_6m_conc_base.dae"}
{"class":"TSStatic","persistentId":"c6b086e2-948c-4cb3-843f-86346fd0de93","__parent":"Small_Village","position":[-767.118347,-1378.75354,142.273102],"annotation":"OBSTACLES","isRenderEnabled":false,"rotationMatrix":[0.876147866,0.482042789,0,-0.482042789,0.876147866,0,0,0,1],"shapeName":"/levels/italy/art/shapes/buildings/italy_wall_concrete.dae"}
{"class":"TSStatic","persistentId":"c713f182-73d6-4e28-8c6b-8709c170ef26","__parent":"Small_Village","position":[-671.619568,-1311.15576,143.140198],"annotation":"OBSTACLES","isRenderEnabled":false,"rotationMatrix":[-0.897405088,0.441206366,0,-0.441206366,-0.897405088,0,0,0,1],"shapeName":"/levels/italy/art/shapes/buildings/italy_rock_wall_a_damaged.dae"}
{"class":"TSStatic","persistentId":"c723db43-80ca-4bae-8232-3465b2b98a42","__parent":"Small_Village","position":[-713.565063,-1335.30835,141.636078],"annotation":"OBSTACLES","isRenderEnabled":false,"rotationMatrix":[0.875650108,0.482946187,0,-0.482946187,0.875650108,0,0,0,1],"shapeName":"/levels/italy/art/shapes/buildings/italy_fence_mesh_6m_conc_base.dae"}
{"class":"TSStatic","persistentId":"c837277b-1dca-4354-aa6c-6379becf7d5d","__parent":"Small_Village","position":[-772.901611,-1341.85071,139.848862],"annotation":"OBSTACLES","isRenderEnabled":false,"rotationMatrix":[-0.461102962,0.887346983,0,-0.887346983,-0.461102962,0,0,0,1],"shapeName":"/levels/italy/art/shapes/buildings/italy_wall_stone_bricktop.dae"}
{"class":"TSStatic","persistentId":"c94b670b-9791-4603-b61a-2eece2e96716","__parent":"Small_Village","position":[-756.45929,-1372.88916,142.591888],"annotation":"OBSTACLES","isRenderEnabled":false,"rotationMatrix":[0.876147866,0.482042789,0,-0.482042789,0.876147866,0,0,0,1],"shapeName":"/levels/italy/art/shapes/buildings/italy_wall_concrete.dae"}
{"class":"TSStatic","persistentId":"c9b66228-72b1-4054-9518-0fccd4575ae8","__parent":"Small_Village","position":[-784.618469,-1334.51733,141.838455],"annotation":"OBSTACLES","isRenderEnabled":false,"rotationMatrix":[-0.952000737,-0.306098253,0,0.306098253,-0.952000737,0,0,0,1],"shapeName":"/levels/italy/art/shapes/buildings/italy_wall_stone_bricktop.dae"}
{"class":"TSStatic","persistentId":"c9f5a356-6a08-4c35-9eef-429921ffc1a6","__parent":"Small_Village","position":[-741.173706,-1367.39978,141.240158],"annotation":"OBSTACLES","isRenderEnabled":false,"rotationMatrix":[0.821091413,0.570796728,0,-0.570796728,0.821091413,0,0,0,1],"shapeName":"/levels/italy/art/shapes/buildings/italy_clutter_plastic_chair_b.DAE"}
{"class":"TSStatic","persistentId":"ca604b05-b468-464a-b604-4008192bf67c","__parent":"Small_Village","position":[-760.890686,-1384.20947,141.105774],"annotation":"BUILDINGS","isRenderEnabled":false,"rotationMatrix":[-0.121685982,-0.992567897,0,0.992567897,-0.121685982,0,0,0,1],"shapeName":"/levels/italy/art/shapes/buildings/italy_town_bld3.dae"}
{"class":"TSStatic","persistentId":"cb88b33c-251b-4155-b2b3-7a51d8188838","__parent":"Small_Village","position":[-726.080627,-1354.37134,142.422607],"annotation":"TRAFFIC_SIGNS","isRenderEnabled":false,"rotationMatrix":[-0.467894197,0.883784592,0,-0.883784592,-0.467894197,0,0,0,1],"shapeName":"/levels/italy/art/shapes/signs/italy_traf_sign_no_parking.dae"}
{"class":"TSStatic","persistentId":"ccf04c23-ee99-4f0d-abfd-f96aa2587899","__parent":"Small_Village","position":[-681.336609,-1315.22339,142.823288],"annotation":"OBSTACLES","isRenderEnabled":false,"rotationMatrix":[0.182729095,0.967174053,0.176590994,-0.982616544,0.185646653,-3.72528852e-08,-0.0327835642,-0.173521236,0.984284282],"shapeName":"/levels/italy/art/shapes/buildings/italy_road_wall_concrete_railing.dae"}
{"class":"TSStatic","persistentId":"cd68ebef-450e-4910-a758-7e030874246f","__parent":"Small_Village","position":[-738.750488,-1390.53174,140.914215],"annotation":"OBSTACLES","isRenderEnabled":false,"rotationMatrix":[-0.723572969,-0.690247536,0,0.690247536,-0.723572969,0,0,0,1],"shapeName":"/levels/italy/art/shapes/buildings/italy_clutter_pwood_bench.DAE"}
{"class":"TSStatic","persistentId":"cfff5910-bd1e-4809-aa14-eb82dc1add23","__parent":"Small_Village","position":[-808.401428,-1389.88,142.194641],"annotation":"TRAFFIC_SIGNS","isRenderEnabled":false,"rotationMatrix":[-0.672001421,0.740549684,0,-0.740549684,-0.672001421,0,0,0,1],"shapeName":"/levels/italy/art/shapes/signs/italy_traf_sign_dead_end.dae"}
{"class":"TSStatic","persistentId":"d08c5388-e5f1-48aa-8625-9bafb0fd9e87","__parent":"Small_Village","position":[-787.498047,-1409.68311,141.025391],"annotation":"OBSTACLES","isRenderEnabled":false,"rotationMatrix":[0.0492671989,0.998785555,0,-0.998785555,0.0492671989,0,0,0,1],"shapeName":"/levels/italy/art/shapes/buildings/italy_wall_stone_railing.dae"}
{"class":"TSStatic","persistentId":"d0f4fda9-74de-47d0-93eb-dd9a73a48bb2","__parent":"Small_Village","position":[-781.662476,-1334.25354,141.516403],"annotation":"OBSTACLES","isRenderEnabled":false,"rotationMatrix":[-0.984957814,0.17280136,0,-0.17280136,-0.984957814,0,0,0,1],"shapeName":"/levels/italy/art/shapes/buildings/italy_wall_stone_bricktop.dae"}
{"class":"TSStatic","persistentId":"d0f5806b-3805-41eb-961f-b8668f4fb87b","__parent":"Small_Village","position":[-745.148193,-1353.37549,142.500839],"annotation":"BUILDINGS","isRenderEnabled":false,"rotationMatrix":[0.874329269,0.485333204,0,-0.485333204,0.874329269,0,0,0,1],"shapeName":"/levels/italy/art/shapes/buildings/italy_bld_small_church.dae"}
{"class":"TSStatic","persistentId":"d136ceb4-cb71-44e3-bdbb-bdcfde2fbbb9","__parent":"Small_Village","position":[-777.542175,-1437.23462,139.478592],"annotation":"OBSTACLES","isRenderEnabled":false,"rotationMatrix":[0.707106709,-0.707106769,0,0.707106769,0.707106709,0,0,0,1],"shapeName":"/levels/italy/art/shapes/misc/port_bollard.dae"}
{"class":"TSStatic","persistentId":"d1bd6d67-b982-4ee2-bbd2-602e108e6c06","__parent":"Small_Village","position":[-794.991943,-1393.20752,142.165115],"annotation":"TRAFFIC_SIGNS","isRenderEnabled":false,"rotationMatrix":[-0.971074998,-0.238774568,0,0.238774583,-0.971074998,0,0,0,1],"shapeName":"/levels/italy/art/shapes/signs/italy_traf_sign_restricted.dae"}
{"class":"TSStatic","persistentId":"d2bb040d-a1a7-4554-96d3-49f321c7f7e8","__parent":"Small_Village","position":[-744.755249,-1386.04016,141.120178],"annotation":"OBSTACLES","isRenderEnabled":false,"rotationMatrix":[0.82503283,-0.565084398,0,0.565084398,0.82503283,0,0,0,1],"shapeName":"/levels/italy/art/shapes/buildings/italy_clutter_metal_chair.DAE"}
{"class":"TSStatic","persistentId":"d50653ec-ead0-4c00-933a-47bd8106d3cb","__parent":"Small_Village","position":[-773.652588,-1368.87903,141.720337],"annotation":"TRAFFIC_SIGNS","isRenderEnabled":false,"rotationMatrix":[0.88400346,0.467481792,0,-0.467481792,0.88400346,0,0,0,1],"shapeName":"/levels/italy/art/shapes/signs/italy_traf_sign_parking.dae"}
{"class":"TSStatic","persistentId":"d5cac320-5a68-42c5-a691-d07585aa9794","__parent":"Small_Village","position":[-739.328735,-1365.75537,141.240158],"annotation":"OBSTACLES","isRenderEnabled":false,"rotationMatrix":[0.975867927,-0.21836172,0,0.21836172,0.975867927,0,0,0,1],"shapeName":"/levels/italy/art/shapes/buildings/italy_clutter_plastic_chair_b.DAE"}
{"class":"TSStatic","persistentId":"d628ff54-30cf-48a0-8998-6f58ff155278","__parent":"Small_Village","position":[-754.734253,-1395.802,140.949356],"annotation":"OBSTACLES","isRenderEnabled":false,"rotationMatrix":[-0.993026137,0.117898308,0,-0.117898308,-0.993026137,0,0,0,1],"shapeName":"/levels/italy/art/shapes/buildings/italy_clutter_pwood_bench.DAE"}
{"class":"TSStatic","persistentId":"d6d2e0a8-2228-41a3-a251-aa508da2b889","__parent":"Small_Village","position":[-690.509705,-1308.20972,143.588898],"annotation":"TRAFFIC_SIGNS","isRenderEnabled":false,"rotationMatrix":[-0.556792498,0.830651641,0,-0.830651641,-0.556792498,0,0,0,1],"shapeName":"/levels/italy/art/shapes/signs/italy_traf_sign_arrow_left.dae"}
{"class":"TSStatic","persistentId":"d8f46eb2-8227-4da4-95b9-9a8921114fe3","__parent":"Small_Village","position":[-712.552246,-1331.20203,140.69693],"annotation":"OBSTACLES","isRenderEnabled":false,"rotationMatrix":[-0.484245121,0.849203348,0.210620269,-0.868750155,-0.495250523,-0.000567529351,0.103827819,-0.183251202,0.977567792],"shapeName":"/levels/italy/art/shapes/buildings/italy_rock_wall_a.dae"}
{"class":"TSStatic","persistentId":"d9cbd411-958f-454f-8c9b-d789bfffde98","__parent":"Small_Village","position":[-732.253479,-1363.34424,141.478699],"annotation":"OBSTACLES","isRenderEnabled":false,"rotationMatrix":[-0.747528493,0.66422981,0,-0.66422981,-0.747528493,0,0,0,1],"shapeName":"/levels/italy/art/shapes/buildings/italy_curb_3m.dae"}
{"class":"TSStatic","persistentId":"d9eeb360-eb02-4956-93cd-a2d19e0424ae","__parent":"Small_Village","position":[-751.135315,-1369.95996,142.273102],"annotation":"OBSTACLES","isRenderEnabled":false,"rotationMatrix":[0.876147866,0.482042789,0,-0.482042789,0.876147866,0,0,0,1],"shapeName":"/levels/italy/art/shapes/buildings/italy_wall_concrete.dae"}
{"class":"TSStatic","persistentId":"db1aa036-4122-4890-9ae2-dc793fb9e631","__parent":"Small_Village","position":[-775.130981,-1407.0022,141.025391],"annotation":"OBSTACLES","isRenderEnabled":false,"rotationMatrix":[-0.0671749115,-0.997741222,0,0.997741222,-0.0671749115,0,0,0,1],"shapeName":"/levels/italy/art/shapes/buildings/italy_wall_stone_railing.dae"}
{"class":"TSStatic","persistentId":"dddee8c3-158d-4139-8605-8a6189844e7e","__parent":"Small_Village","position":[-786.22113,-1339.81897,141.602432],"annotation":"OBSTACLES","isRenderEnabled":false,"rotationMatrix":[-0.952338398,-0.305045158,0,0.305045158,-0.952338398,0,0,0,1],"shapeName":"/levels/italy/art/shapes/buildings/italy_wall_stone_bricktop.dae"}
{"class":"TSStatic","persistentId":"df2ca6ef-dff0-490f-b64d-122a4759deab","__parent":"Small_Village","position":[1447.67859,-1539.99902,166.331818],"annotation":"TRAFFIC_SIGNS","isRenderEnabled":false,"rotationMatrix":[0.642576933,0.766220748,0,-0.766220748,0.642576933,0,0,0,1],"shapeName":"/levels/italy/art/shapes/signs/italy_road_sign_dir_portino_l.dae"}
{"class":"TSStatic","persistentId":"e09283f7-5215-4585-8c81-5a6f39655e91","__parent":"Small_Village","position":[-754.944641,-1386.85449,141.228592],"annotation":"OBSTACLES","isRenderEnabled":false,"rotationMatrix":[0.983609438,-0.18031469,0,0.18031469,0.983609438,0,0,0,1],"shapeName":"/levels/italy/art/shapes/buildings/italy_wall_stone.dae"}
{"class":"TSStatic","persistentId":"e269ca7c-7aa5-41fc-9d54-45bc25f6114a","__parent":"Small_Village","position":[-730.972717,-1369.54761,141.212479],"annotation":"BUILDINGS","isRenderEnabled":false,"rotationMatrix":[-0.721875727,-0.692022622,0,0.692022622,-0.721875727,0,0,0,1],"shapeName":"/levels/italy/art/shapes/buildings/italy_town_bld12.dae"}
{"class":"TSStatic","persistentId":"e36db1a9-7d85-4ec4-8c0c-9dd3aa5e295a","__parent":"Small_Village","position":[-740.53595,-1337.45581,143.700851],"annotation":"OBSTACLES","isRenderEnabled":false,"rotationMatrix":[0.875650108,0.482946187,0,-0.482946187,0.875650108,0,0,0,1],"shapeName":"/levels/italy/art/shapes/buildings/italy_fence_mesh_6m_conc_base.dae"}
{"class":"TSStatic","persistentId":"e43f1ad5-3e46-4b2b-9c92-924fcab413b9","__parent":"Small_Village","position":[-764.788574,-1395.2644,140.910568],"annotation":"OBSTACLES","isRenderEnabled":false,"rotationMatrix":[0.154672682,-0.987965405,0,0.987965405,0.154672682,0,0,0,1],"shapeName":"/levels/italy/art/shapes/buildings/italy_city_tree_pot_small.dae"}
{"class":"TSStatic","persistentId":"e870ce7f-c3ce-42ee-99d2-0c87cdc6cb9d","__parent":"Small_Village","position":[-769.515808,-1445.62183,139.478592],"annotation":"OBSTACLES","isRenderEnabled":false,"rotationMatrix":[0.707106709,-0.707106769,0,0.707106769,0.707106709,0,0,0,1],"shapeName":"/levels/italy/art/shapes/misc/port_bollard.dae"}
{"class":"TSStatic","persistentId":"e8d12993-9714-4525-b686-0d3a3a3af6bc","__parent":"Small_Village","position":[-343.233032,-1743.32312,158.814163],"annotation":"TRAFFIC_SIGNS","isRenderEnabled":false,"rotationMatrix":[-0.476317704,0.879272401,0,-0.879272401,-0.476317704,0,0,0,1],"shapeName":"/levels/italy/art/shapes/signs/italy_road_sign_dir_portino_r.dae"}
{"class":"TSStatic","persistentId":"e936d219-1ebd-415d-b0c3-19441d3fb97a","__parent":"Small_Village","position":[-812.589172,-1361.50916,143.163574],"annotation":"OBSTACLES","isRenderEnabled":false,"rotationMatrix":[0.870818734,0.49160409,0,-0.49160409,0.870818734,0,0,0,1],"shapeName":"/levels/italy/art/shapes/buildings/italy_wall_stone_railing.dae"}
{"class":"TSStatic","persistentId":"e9ab9769-1979-49dc-97d8-5aae93938a62","__parent":"Small_Village","position":[-790.797363,-1340.65747,140.397873],"annotation":"BUILDINGS","isRenderEnabled":false,"rotationMatrix":[-0.999251306,-0.0386823677,0,0.0386823677,-0.999251306,0,0,0,1],"shapeName":"/levels/italy/art/shapes/buildings/italy_old_stairs.DAE"}
{"class":"TSStatic","persistentId":"ea5dc605-82b9-4e33-ad27-db778d862cab","__parent":"Small_Village","position":[-724.520813,-1355.31714,142.273102],"annotation":"OBSTACLES","isRenderEnabled":false,"rotationMatrix":[0.876147866,0.482042789,0,-0.482042789,0.876147866,0,0,0,1],"shapeName":"/levels/italy/art/shapes/buildings/italy_wall_concrete.dae"}
{"class":"TSStatic","persistentId":"ec280a90-a958-4585-af67-60bc054d9d1b","__parent":"Small_Village","position":[-775.95282,-1453.06042,139.483719],"annotation":"OBSTACLES","isRenderEnabled":false,"rotationMatrix":[-0.658909321,0.752222538,0,-0.752222538,-0.658909321,0,0,0,1],"shapeName":"/levels/italy/art/shapes/buildings/italy_clutter_pwood_bench.DAE"}
{"class":"TSStatic","persistentId":"eeaa769f-8f1e-4ce1-939e-e8223fa9f090","__parent":"Small_Village","position":[-739.422546,-1366.33618,141.240158],"annotation":"OBSTACLES","isRenderEnabled":false,"rotationMatrix":[-0.994614422,0.103644304,0,-0.103644304,-0.994614422,0,0,0,1],"shapeName":"/levels/italy/art/shapes/buildings/italy_clutter_ptable.DAE"}
{"class":"TSStatic","persistentId":"eead8aca-3a19-4045-9f78-4961338f9f12","__parent":"Small_Village","position":[-737.818115,-1362.63306,142.273102],"annotation":"OBSTACLES","isRenderEnabled":false,"rotationMatrix":[0.876147866,0.482042789,0,-0.482042789,0.876147866,0,0,0,1],"shapeName":"/levels/italy/art/shapes/buildings/italy_wall_concrete.dae"}
{"class":"TSStatic","persistentId":"f045deba-5f95-4e85-b887-584d7b7dddd6","__parent":"Small_Village","position":[-732.495422,-1359.70459,142.591888],"annotation":"OBSTACLES","isRenderEnabled":false,"rotationMatrix":[0.876147866,0.482042789,0,-0.482042789,0.876147866,0,0,0,1],"shapeName":"/levels/italy/art/shapes/buildings/italy_wall_concrete.dae"}
{"class":"TSStatic","persistentId":"f0b3e70e-22bf-44b6-8712-f767e97449ce","__parent":"Small_Village","position":[-759.927368,-1327.05212,143.333832],"annotation":"OBSTACLES","isRenderEnabled":false,"rotationMatrix":[0.486133903,-0.87388438,0,0.87388438,0.486133903,0,0,0,1],"shapeName":"/levels/italy/art/shapes/buildings/italy_curb_3m.dae"}
{"class":"TSStatic","persistentId":"f0f44d17-78d1-4417-8e11-b512b190b9c3","__parent":"Small_Village","position":[-740.483093,-1364.09924,142.273102],"annotation":"OBSTACLES","isRenderEnabled":false,"rotationMatrix":[0.876147866,0.482042789,0,-0.482042789,0.876147866,0,0,0,1],"shapeName":"/levels/italy/art/shapes/buildings/italy_wall_concrete.dae"}
{"class":"TSStatic","persistentId":"f1352f89-bb05-4af3-bb0d-e489f651b20c","__parent":"Small_Village","position":[-716.231445,-1349.16235,142.312561],"annotation":"TRAFFIC_SIGNS","isRenderEnabled":false,"rotationMatrix":[-0.887323022,-0.461148202,0,0.461148202,-0.887323022,0,0,0,1],"shapeName":"/levels/italy/art/shapes/signs/italy_traf_sign_noentry.dae"}
{"class":"TSStatic","persistentId":"f1f797f2-5151-459b-af6f-87eebdf9e6af","__parent":"Small_Village","position":[-727.211914,-1367.95142,141.266327],"annotation":"OBSTACLES","isRenderEnabled":false,"rotationMatrix":[0.485979617,0.873969793,0,-0.873969793,0.485979617,0,0,0,1],"shapeName":"/levels/italy/art/shapes/buildings/italy_clutter_plastic_chair_a.DAE"}
{"class":"TSStatic","persistentId":"f2d309a3-d73e-452c-8afe-9bc4fa4007a6","__parent":"Small_Village","position":[-753.609009,-1462.15942,139.478592],"annotation":"OBSTACLES","isRenderEnabled":false,"rotationMatrix":[0.707106709,-0.707106769,0,0.707106769,0.707106709,0,0,0,1],"shapeName":"/levels/italy/art/shapes/misc/port_bollard.dae"}
{"class":"TSStatic","persistentId":"f4a99b14-4f68-4290-ba84-8a4ca9e00d95","__parent":"Small_Village","position":[-737.897217,-1366.38855,141.240158],"annotation":"OBSTACLES","isRenderEnabled":false,"rotationMatrix":[-0.380022645,0.924977541,0,-0.924977541,-0.380022645,0,0,0,1],"shapeName":"/levels/italy/art/shapes/buildings/italy_clutter_big_umbrella_b.DAE"}
{"class":"TSStatic","persistentId":"f511b8d7-facc-4340-a75d-0dfe1de0e732","__parent":"Small_Village","position":[-680.259155,-1309.53479,143.746643],"annotation":"OBSTACLES","isRenderEnabled":false,"rotationMatrix":[0.185415298,0.981391311,0.0499225035,-0.982616544,0.185646787,-3.72529074e-09,-0.00926795602,-0.0490546823,0.99875313],"shapeName":"/levels/italy/art/shapes/buildings/italy_road_wall_concrete_railing.dae"}
{"class":"TSStatic","persistentId":"f814fc27-9ac7-40f7-a745-85f2f4d8c6f6","__parent":"Small_Village","position":[-724.373718,-1376.21973,141.128571],"annotation":"OBSTACLES","isRenderEnabled":false,"rotationMatrix":[-0.850833237,-0.525435984,0,0.525435984,-0.850833237,0,0,0,1],"shapeName":"/levels/italy/art/shapes/buildings/italy_clutter_pwood_bench.DAE"}
{"class":"TSStatic","persistentId":"f9903b91-bbac-4a7f-a992-11c728707a4c","__parent":"Small_Village","position":[-775.106323,-1383.14832,142.591888],"annotation":"OBSTACLES","isRenderEnabled":false,"rotationMatrix":[0.876147866,0.482042789,0,-0.482042789,0.876147866,0,0,0,1],"shapeName":"/levels/italy/art/shapes/buildings/italy_wall_concrete.dae"}
{"class":"TSStatic","persistentId":"fd1db406-8784-4070-827f-a11ab1d473f4","__parent":"Small_Village","position":[-720.199646,-1373.37207,141.257782],"annotation":"OBSTACLES","isRenderEnabled":false,"rotationMatrix":[-0.814710677,-0.579867721,0,0.579867721,-0.814710677,0,0,0,1],"shapeName":"/levels/italy/art/shapes/buildings/italy_clutter_pwood_bench.DAE"}
{"class":"TSStatic","persistentId":"fd6eb5e9-58b0-4c9a-a4f0-67357583ec22","__parent":"Small_Village","position":[-726.24646,-1367.50659,141.289108],"annotation":"OBSTACLES","isRenderEnabled":false,"rotationMatrix":[-0.279874563,-0.960036039,0,0.960036039,-0.279874563,0,0,0,1],"shapeName":"/levels/italy/art/shapes/buildings/italy_clutter_round_ptable.DAE"}
{"class":"TSStatic","persistentId":"fe5e9b4e-f9ba-4244-8248-4b466f4bb8ad","__parent":"Small_Village","position":[-751.384399,-1343.43921,143.700851],"annotation":"OBSTACLES","isRenderEnabled":false,"rotationMatrix":[0.875650108,0.482946187,0,-0.482946187,0.875650108,0,0,0,1],"shapeName":"/levels/italy/art/shapes/buildings/italy_fence_mesh_6m_conc_base.dae"}
{"class":"TSStatic","persistentId":"fea29965-2708-4136-9975-8e4de0c0f437","__parent":"Small_Village","position":[-824.357849,-1364.47095,142.928391],"annotation":"OBSTACLES","isRenderEnabled":false,"rotationMatrix":[-0.885794818,-0.464078248,0,0.464078248,-0.885794818,0,0,0,1],"shapeName":"/levels/italy/art/shapes/buildings/italy_wall_stone.dae"}
