{"name":"tuzoltosag","class":"TSStatic","persistentId":"1182878d-f23f-4ca2-958a-671d8969a2b1","__parent":"Buildings","position":[0,0,50],"decalType":"None","isRenderEnabled":false,"renderNormals":1.49011612e-08,"shapeName":"/levels/valo_city/city/tuzoltosag/tuz.dae"}
{"name":"smartstore","class":"TSStatic","persistentId":"59bae8b5-dcf7-4060-a843-b10fca77e562","__parent":"Buildings","position":[0,0,50],"decalType":"None","isRenderEnabled":false,"shapeName":"/levels/valo_city/buildings/smart_stores.dae"}
{"name":"hosp1","class":"TSStatic","persistentId":"5ab56795-c7a1-49fc-a4d0-e0689ba66f9e","__parent":"Buildings","position":[0,0,50],"decalType":"None","isRenderEnabled":false,"scale":[10,10,10],"shapeName":"/levels/valo_city/buildings/Hospital1.dae"}
{"name":"hosp2church","class":"TSStatic","persistentId":"bb551ac7-a084-49f0-bd96-416862e32577","__parent":"Buildings","position":[0,0,50],"decalType":"None","isRenderEnabled":false,"scale":[10,10,10],"shapeName":"/levels/valo_city/buildings/Hospital2_Chruch.dae"}
{"name":"bufe","class":"TSStatic","persistentId":"6c46cf42-fbd0-48ca-ad68-eef47f52cb03","__parent":"Buildings","position":[0,0,50],"decalType":"None","isRenderEnabled":false,"shapeName":"/levels/Valo_City/city/bufe/bufe.dae"}
{"name":"joe","class":"TSStatic","persistentId":"9a7df984-535c-482e-a268-4c4d8a4b5d8c","__parent":"Buildings","position":[0,0,50],"collisionType":"Visible Mesh Final","decalType":"Visible Mesh Final","isRenderEnabled":false,"prebuildCollisionData":true,"shapeName":"/levels/valo_city/city/joeground/joe.dae"}
{"name":"island_bits","class":"TSStatic","persistentId":"b9c7b440-7b98-41f8-b166-8e573011becd","__parent":"Buildings","position":[0,0,50],"collisionType":"Visible Mesh","decalType":"Visible Mesh","isRenderEnabled":false,"shapeName":"/levels/valo_city/city/island_bits/island_bits.dae"}
{"name":"csatorna","class":"TSStatic","persistentId":"cd36a967-0103-47cc-968a-0f6f85f18f49","__parent":"Buildings","position":[0,0,50],"collisionType":"Visible Mesh Final","decalType":"Visible Mesh Final","isRenderEnabled":false,"prebuildCollisionData":true,"shapeName":"/levels/valo_city/city/csatorna/csatorna.dae"}
{"name":"plaza_bits","class":"TSStatic","persistentId":"d0293429-4e17-4841-ac20-ea22b893bd17","__parent":"Buildings","position":[0,0,50],"collisionType":"Visible Mesh Final","decalType":"Visible Mesh Final","isRenderEnabled":false,"prebuildCollisionData":true,"shapeName":"/levels/valo_city/city/plaza_bits/plazabits.dae"}
{"name":"Epitkezes","class":"TSStatic","persistentId":"d58e031c-c25e-4e28-ad63-368d8409401e","__parent":"Buildings","position":[0,0,50],"collisionType":"Visible Mesh Final","decalType":"Visible Mesh Final","isRenderEnabled":false,"prebuildCollisionData":true,"shapeName":"/levels/valo_city/city/epitkezes/epitkezes.dae"}
{"name":"area_167_bits","class":"TSStatic","persistentId":"d6d417b9-433f-46f7-803a-b229a43c0038","__parent":"Buildings","position":[0,0,50],"collisionType":"Visible Mesh Final","decalType":"Visible Mesh Final","isRenderEnabled":false,"prebuildCollisionData":true,"shapeName":"/levels/valo_city/city/area_167_parking/area_167_parking.dae"}
{"name":"Factory","class":"TSStatic","persistentId":"dcce8312-b237-4826-8860-93281dd43b9c","__parent":"Buildings","position":[0,0,50],"decalType":"None","isRenderEnabled":false,"playAmbient":false,"scale":[10,10,10],"shapeName":"/levels/valo_city/buildings/Factory.dae"}
{"name":"green_bits","class":"TSStatic","persistentId":"df2c3025-9110-41c9-8f6c-12af7f2dab12","__parent":"Buildings","position":[0,0,50],"collisionType":"Visible Mesh Final","decalType":"Visible Mesh Final","isRenderEnabled":false,"prebuildCollisionData":true,"shapeName":"/levels/valo_city/city/green_bits/green_bits.dae"}
{"name":"island_bridge","class":"TSStatic","persistentId":"f5c00eab-5250-49a4-8f85-6e0ecaab3e63","__parent":"Buildings","position":[0,0,50],"collisionType":"Visible Mesh Final","decalType":"Visible Mesh Final","isRenderEnabled":false,"prebuildCollisionData":true,"shapeName":"/levels/valo_city/city/island_bridge/island_bridge.dae"}
