{"name":"italy_road_highway_sign_fastello_conca","class":"TSStatic","persistentId":"1b436bd3-2c7e-429e-9d36-8c07fe48ed60","__parent":"highway_signs","position":[-99.1704407,1160.17859,168.53392],"annotation":"TRAFFIC_SIGNS","isRenderEnabled":false,"rotationMatrix":[0.0698265508,-0.997558475,0,0.997558475,0.0698265508,0,0,0,1],"shapeName":"/levels/italy/art/shapes/signs/italy_road_highway_sign_fastello_conca.dae"}
{"name":"italy_road_highway_sign_fastello_citta_vechia","class":"TSStatic","persistentId":"2142d28c-5885-4ad1-8672-4747d6c7dcc0","__parent":"highway_signs","position":[1481.005,-249.155441,146.628418],"annotation":"TRAFFIC_SIGNS","isRenderEnabled":false,"rotationMatrix":[-0.488286018,0.872684598,0,-0.872684598,-0.488286018,0,0,0,1],"shapeName":"/levels/italy/art/shapes/signs/italy_road_highway_sign_fastello_citta_vechia.dae"}
{"name":"italy_road_highway_sign_conca_norte_2","class":"TSStatic","persistentId":"385c94d9-5851-4ee5-b098-e81232e9924e","__parent":"highway_signs","position":[1187.10535,963.560425,162.539413],"annotation":"TRAFFIC_SIGNS","isRenderEnabled":false,"rotationMatrix":[0.373415112,0.927664459,0,-0.927664459,0.373415112,0,0,0,1],"shapeName":"/levels/italy/art/shapes/signs/italy_road_highway_sign_conca_norte_2.dae"}
{"name":"italy_road_highway_sign_conca_norte","class":"TSStatic","persistentId":"47f330b4-8aeb-4fd6-9f59-6122ee9ca093","__parent":"highway_signs","position":[1590.00098,198.069809,153.026016],"annotation":"TRAFFIC_SIGNS","isRenderEnabled":false,"rotationMatrix":[0.970530748,0.240977541,0,-0.240977541,0.970530748,0,0,0,1],"shapeName":"/levels/italy/art/shapes/signs/italy_road_highway_sign_conca_norte.dae"}
{"name":"italy_road_highway_sign_fastello_norte_13","class":"TSStatic","persistentId":"7153be9e-7623-4357-982c-b6290122e1dd","__parent":"highway_signs","position":[-944.857788,1414.75818,163.491699],"annotation":"TRAFFIC_SIGNS","isRenderEnabled":false,"rotationMatrix":[-0.505908966,-0.862587035,0,0.862587035,-0.505908966,0,0,0,1],"shapeName":"/levels/italy/art/shapes/signs/italy_road_highway_sign_fastello_norte_1-3.dae"}
{"name":"italy_road_highway_sign_fastello","class":"TSStatic","persistentId":"e5dd73f1-3874-4541-9b5d-5c5c66d6c695","__parent":"highway_signs","position":[1574.18567,199.737549,152.966553],"annotation":"TRAFFIC_SIGNS","isRenderEnabled":false,"rotationMatrix":[-0.981791377,-0.189962789,0,0.189962789,-0.981791377,0,0,0,1],"shapeName":"/levels/italy/art/shapes/signs/italy_road_highway_sign_fastello.dae"}
