{"name":"fills","class":"SimGroup","persistentId":"4bbb8027-54d8-4ee5-8b45-1a92f52139dd","__parent":"Assets"}
{"name":"patka","class":"SimGroup","persistentId":"526ce8c7-f0ac-40b6-8697-71fc6784f76f","__parent":"Assets"}
{"name":"road","class":"SimGroup","persistentId":"621780d7-28b3-46fd-877f-431ea579aa8e","__parent":"Assets"}
{"name":"walls","class":"SimGroup","persistentId":"7fe44daf-a795-4225-9ccc-9710553f3102","__parent":"Assets"}
{"name":"barriers","class":"SimGroup","persistentId":"9896045b-afad-4e9e-a8bb-d25836851e0f","__parent":"Assets"}
{"name":"Buildings","class":"SimGroup","persistentId":"9e0ef442-9f13-46ff-859d-b1974f48e423","__parent":"Assets"}
{"name":"Windmills","class":"SimGroup","persistentId":"bb6807ec-864e-432b-8724-1f06dddaa57d","__parent":"Assets"}
