{"name":"PointLight_1","class":"PointLight","persistentId":"bedf491a-4791-4c91-b45c-f40170457a27","__parent":"NLS_Orange","position":[820.751709,-88.6932678,120],"animate":false,"animationPeriod":9.99999975e-05,"animationPhase":0,"brightness":0.0500000007,"color":[0.855133533,0.504421592,0.299549729,1],"flareScale":0,"hidden":true,"isRenderEnabled":false,"isSelectionEnabled":false,"logWeight":0,"overDarkFactor":[0,0,0,0],"priority":0.00100000005,"radius":2000,"shadowDarkenColor":[0,0,0,0],"shadowDistance":0,"shadowSoftness":0,"texSize":32}
{"name":"PointLight_4","class":"PointLight","persistentId":"5d663550-e9f0-4656-8ebb-d62e4b66ec86","__parent":"NLS_Orange","position":[312.540344,-46.0942078,120.000122],"animate":false,"animationPeriod":9.99999975e-05,"animationPhase":0,"brightness":0.0500000007,"color":[0.855133533,0.504421592,0.299549729,1],"flareScale":0,"hidden":true,"isRenderEnabled":false,"isSelectionEnabled":false,"logWeight":0,"overDarkFactor":[0,0,0,0],"priority":0.00100000005,"radius":2000,"shadowDarkenColor":[0,0,0,0],"shadowDistance":0,"shadowSoftness":0,"texSize":32}
{"name":"PointLight_6","class":"PointLight","persistentId":"84c6620b-48b9-4a62-b0a4-48237c57504c","__parent":"NLS_Orange","position":[-553.514893,-197.287613,120],"animate":false,"animationPeriod":9.99999975e-05,"animationPhase":0,"brightness":0.0500000007,"color":[0.855133533,0.504421592,0.299549729,1],"flareScale":0,"hidden":true,"isRenderEnabled":false,"isSelectionEnabled":false,"logWeight":0,"overDarkFactor":[0,0,0,0],"priority":0.00100000005,"radius":2000,"shadowDarkenColor":[0,0,0,0],"shadowDistance":0,"shadowSoftness":0,"texSize":32}
{"name":"PointLight_8","class":"PointLight","persistentId":"f6f4bbad-34c2-4413-b875-d37e238a3c6f","__parent":"NLS_Orange","position":[-1080.0658,-344.131653,120],"animate":false,"animationPeriod":9.99999975e-05,"animationPhase":0,"brightness":0.0500000007,"color":[0.855133533,0.504421592,0.299549729,1],"flareScale":0,"hidden":true,"isRenderEnabled":false,"isSelectionEnabled":false,"logWeight":0,"overDarkFactor":[0,0,0,0],"priority":0.00100000005,"radius":2000,"shadowDarkenColor":[0,0,0,0],"shadowDistance":0,"shadowSoftness":0,"texSize":32}
{"name":"PointLight_10","class":"PointLight","persistentId":"a32404dc-7e4d-46cc-bff6-1c71ca421559","__parent":"NLS_Orange","position":[-1333.66211,-719.175476,120.000244],"animate":false,"animationPeriod":9.99999975e-05,"animationPhase":0,"brightness":0.0500000007,"color":[0.855133533,0.504421592,0.299549729,1],"flareScale":0,"hidden":true,"isRenderEnabled":false,"isSelectionEnabled":false,"logWeight":0,"overDarkFactor":[0,0,0,0],"priority":0.00100000005,"radius":2000,"shadowDarkenColor":[0,0,0,0],"shadowDistance":0,"shadowSoftness":0,"texSize":32}
{"name":"PointLight_12","class":"PointLight","persistentId":"8d168726-46f4-4091-a3a6-6c46ef55f6f5","__parent":"NLS_Orange","position":[-676.958374,-869.055786,120],"animate":false,"animationPeriod":9.99999975e-05,"animationPhase":0,"brightness":0.0500000007,"color":[0.855133533,0.504421592,0.299549729,1],"flareScale":0,"hidden":true,"isRenderEnabled":false,"isSelectionEnabled":false,"logWeight":0,"overDarkFactor":[0,0,0,0],"priority":0.00100000005,"radius":2000,"shadowDarkenColor":[0,0,0,0],"shadowDistance":0,"shadowSoftness":0,"texSize":32}
{"name":"PointLight_14","class":"PointLight","persistentId":"73ad7404-19e1-4276-9c1f-44d66a796208","__parent":"NLS_Orange","position":[-41.0038147,-778.802002,120],"animate":false,"animationPeriod":9.99999975e-05,"animationPhase":0,"brightness":0.0500000007,"color":[0.855133533,0.504421592,0.299549729,1],"flareScale":0,"hidden":true,"isRenderEnabled":false,"isSelectionEnabled":false,"logWeight":0,"overDarkFactor":[0,0,0,0],"priority":0.00100000005,"radius":2000,"shadowDarkenColor":[0,0,0,0],"shadowDistance":0,"shadowSoftness":0,"texSize":32}
{"name":"PointLight_16","class":"PointLight","persistentId":"f52d45f9-c717-477b-bb97-99e7b62e55b3","__parent":"NLS_Orange","position":[589.486572,-513.925171,120],"animate":false,"animationPeriod":9.99999975e-05,"animationPhase":0,"brightness":0.0500000007,"color":[0.855133533,0.504421592,0.299549729,1],"flareScale":0,"hidden":true,"isRenderEnabled":false,"isSelectionEnabled":false,"logWeight":0,"overDarkFactor":[0,0,0,0],"priority":0.00100000005,"radius":2000,"shadowDarkenColor":[0,0,0,0],"shadowDistance":0,"shadowSoftness":0,"texSize":32}
{"name":"PointLight_18","class":"PointLight","persistentId":"f99a556c-0edd-4122-80d6-99b417538f02","__parent":"NLS_Orange","position":[247.434631,-1447.66626,120],"animate":false,"animationPeriod":9.99999975e-05,"animationPhase":0,"brightness":0.0500000007,"color":[0.855133533,0.504421592,0.299549729,1],"flareScale":0,"hidden":true,"isRenderEnabled":false,"isSelectionEnabled":false,"logWeight":0,"overDarkFactor":[0,0,0,0],"priority":0.00100000005,"radius":2000,"shadowDarkenColor":[0,0,0,0],"shadowDistance":0,"shadowSoftness":0,"texSize":32}
{"name":"PointLight_20","class":"PointLight","persistentId":"849a95d7-abd6-4c79-9dad-7134b2cf23c7","__parent":"NLS_Orange","position":[-255.072784,-1738.17871,120.000015],"animate":false,"animationPeriod":9.99999975e-05,"animationPhase":0,"brightness":0.0500000007,"color":[0.855133533,0.504421592,0.299549729,1],"flareScale":0,"hidden":true,"isRenderEnabled":false,"isSelectionEnabled":false,"logWeight":0,"overDarkFactor":[0,0,0,0],"priority":0.00100000005,"radius":2000,"shadowDarkenColor":[0,0,0,0],"shadowDistance":0,"shadowSoftness":0,"texSize":32}
{"name":"PointLight_21","class":"PointLight","persistentId":"b9cb5e2d-c130-4831-9f7a-60f56b2a477b","__parent":"NLS_Orange","position":[942.792114,499.515564,120],"animate":false,"animationPeriod":9.99999975e-05,"animationPhase":0,"brightness":0.0500000007,"color":[0.855133533,0.504421592,0.299549729,1],"flareScale":0,"hidden":true,"isRenderEnabled":false,"isSelectionEnabled":false,"logWeight":0,"overDarkFactor":[0,0,0,0],"priority":0.00100000005,"radius":2000,"shadowDarkenColor":[0,0,0,0],"shadowDistance":0,"shadowSoftness":0,"texSize":32}
{"name":"PointLight_23","class":"PointLight","persistentId":"c851d25a-3259-4c51-9beb-8285a1685a23","__parent":"NLS_Orange","position":[341.686218,778.591125,120],"animate":false,"animationPeriod":9.99999975e-05,"animationPhase":0,"brightness":0.0500000007,"color":[0.855133533,0.504421592,0.299549729,1],"flareScale":0,"hidden":true,"isRenderEnabled":false,"isSelectionEnabled":false,"logWeight":0,"overDarkFactor":[0,0,0,0],"priority":0.00100000005,"radius":2000,"shadowDarkenColor":[0,0,0,0],"shadowDistance":0,"shadowSoftness":0,"texSize":32}
{"name":"PointLight_25","class":"PointLight","persistentId":"1ae8b2a0-3b68-494b-a32a-4bce98d495f7","__parent":"NLS_Orange","position":[-499.079926,478.80249,120],"animate":false,"animationPeriod":9.99999975e-05,"animationPhase":0,"brightness":0.0500000007,"color":[0.855133533,0.504421592,0.299549729,1],"flareScale":0,"hidden":true,"isRenderEnabled":false,"isSelectionEnabled":false,"logWeight":0,"overDarkFactor":[0,0,0,0],"priority":0.00100000005,"radius":2000,"shadowDarkenColor":[0,0,0,0],"shadowDistance":0,"shadowSoftness":0,"texSize":32}
{"name":"PointLight_27","class":"PointLight","persistentId":"70e00506-539e-49f1-aa5d-eed72e6e1248","__parent":"NLS_Orange","position":[-1381.66699,-11.6758118,120],"animate":false,"animationPeriod":9.99999975e-05,"animationPhase":0,"brightness":0.0500000007,"color":[0.855133533,0.504421592,0.299549729,1],"flareScale":0,"hidden":true,"isRenderEnabled":false,"isSelectionEnabled":false,"logWeight":0,"overDarkFactor":[0,0,0,0],"priority":0.00100000005,"radius":2000,"shadowDarkenColor":[0,0,0,0],"shadowDistance":0,"shadowSoftness":0,"texSize":32}
{"name":"PointLight_30","class":"PointLight","persistentId":"1a7b0e22-faa3-4a10-abfd-5e1202697474","__parent":"NLS_Orange","position":[25.7263336,1014.92493,120],"animate":false,"animationPeriod":9.99999975e-05,"animationPhase":0,"brightness":0.0500000007,"color":[0.855133533,0.504421592,0.299549729,1],"flareScale":0,"hidden":true,"isRenderEnabled":false,"isSelectionEnabled":false,"logWeight":0,"overDarkFactor":[0,0,0,0],"priority":0.00100000005,"radius":2000,"shadowDarkenColor":[0,0,0,0],"shadowDistance":0,"shadowSoftness":0,"texSize":32}
{"name":"PointLight_31","class":"PointLight","persistentId":"565d5f9f-8b09-48f3-8fbc-e3348e4459f5","__parent":"NLS_Orange","position":[922.932617,958.846558,120],"animate":false,"animationPeriod":9.99999975e-05,"animationPhase":0,"brightness":0.0500000007,"color":[0.855133533,0.504421592,0.299549729,1],"flareScale":0,"hidden":true,"isRenderEnabled":false,"isSelectionEnabled":false,"logWeight":0,"overDarkFactor":[0,0,0,0],"priority":0.00100000005,"radius":2000,"shadowDarkenColor":[0,0,0,0],"shadowDistance":0,"shadowSoftness":0,"texSize":32}
{"name":"PointLight_33","class":"PointLight","persistentId":"91a0bd22-2c51-4ff7-85e4-5f18e4f24804","__parent":"NLS_Orange","position":[-653.709778,988.925537,120],"animate":false,"animationPeriod":9.99999975e-05,"animationPhase":0,"brightness":0.0500000007,"color":[0.855133533,0.504421592,0.299549729,1],"flareScale":0,"hidden":true,"isRenderEnabled":false,"isSelectionEnabled":false,"logWeight":0,"overDarkFactor":[0,0,0,0],"priority":0.00100000005,"radius":2000,"shadowDarkenColor":[0,0,0,0],"shadowDistance":0,"shadowSoftness":0,"texSize":32}
{"name":"PointLight_35","class":"PointLight","persistentId":"de40d0c0-0040-4ee4-aa24-a663b5ba671e","__parent":"NLS_Orange","position":[-962.183167,1256.76807,119.999756],"animate":false,"animationPeriod":9.99999975e-05,"animationPhase":0,"brightness":0.0500000007,"color":[0.855133533,0.504421592,0.299549729,1],"flareScale":0,"hidden":true,"isRenderEnabled":false,"isSelectionEnabled":false,"logWeight":0,"overDarkFactor":[0,0,0,0],"priority":0.00100000005,"radius":2000,"shadowDarkenColor":[0,0,0,0],"shadowDistance":0,"shadowSoftness":0,"texSize":32}
