{"name":"startTrigR5","class":"BeamNGTrigger","persistentId":"37b94a65-8e03-494d-9ff7-c3e1bf526027","__parent":"DragTriggers5","position":[1139.65381,-792.752563,13.7133865],"locked":true,"luaFunction":"onBeamNGTrigger","scale":[0.963378906,3.75,4.19927454]}
{"name":"finishTrig5","class":"BeamNGTrigger","persistentId":"b7d76d7c-ffba-43b1-a570-45ef90a5e86b","__parent":"DragTriggers5","position":[747.803223,-794.889893,12.446497],"locked":true,"luaFunction":"onBeamNGTrigger","scale":[0.739941359,19.6288071,4.1019268]}
{"name":"falseStartTrigL5","class":"BeamNGTrigger","persistentId":"8fd5a68c-fc94-44f2-a1c5-efe854359c86","__parent":"DragTriggers5","position":[1136.47266,-796.56958,13.7376356],"locked":true,"luaFunction":"onBeamNGTrigger","scale":[4.65859413,3.75,4.86588669]}
{"name":"falseStartTrigR5","class":"BeamNGTrigger","persistentId":"69e102eb-759a-4ce1-9582-c5bc412e9930","__parent":"DragTriggers5","position":[1136.47266,-792.77179,13.7376356],"locked":true,"luaFunction":"onBeamNGTrigger","scale":[4.65859413,3.75,4.86588669]}
{"name":"prestageTrigL5","class":"BeamNGTrigger","persistentId":"de643bef-406a-46ac-ac74-0ca93e66ff04","__parent":"DragTriggers5","position":[1140.17065,-796.565979,13.7133865],"locked":true,"luaFunction":"onBeamNGTrigger","scale":[0.963378906,3.75,4.19927454]}
{"name":"laneTrigR5","class":"BeamNGTrigger","persistentId":"5bcc87e0-4532-42af-baaf-a00af009c346","__parent":"DragTriggers5","position":[942.357727,-792.730225,13.7133875],"locked":true,"luaFunction":"onBeamNGTrigger","scale":[395.537292,5,7.45670176]}
{"name":"startTrigL5","class":"BeamNGTrigger","persistentId":"6d76ec01-c45e-4515-8b4c-6082be24de5b","__parent":"DragTriggers5","position":[1139.63257,-796.565979,13.7133865],"locked":true,"luaFunction":"onBeamNGTrigger","scale":[0.963378906,3.75,4.19927454]}
{"name":"laneTrigL5","class":"BeamNGTrigger","persistentId":"7c6a9ad2-85c4-489c-99a2-585d359a1b37","__parent":"DragTriggers5","position":[942.357727,-796.684753,13.7133875],"locked":true,"luaFunction":"onBeamNGTrigger","scale":[395.537292,5,7.45670176]}
{"name":"prestageTrigR5","class":"BeamNGTrigger","persistentId":"dc79a00b-fd2b-4c7c-9e00-c6020c0063be","__parent":"DragTriggers5","position":[1140.08691,-792.752563,13.7133865],"locked":true,"luaFunction":"onBeamNGTrigger","scale":[1.20878911,3.75,4.19927454]}
