{"class":"TSStatic","persistentId":"a41f05ae-5e76-49ae-aed0-89e5d6b8cc88","__parent":"Statics","position":[654.789368,-440.536835,52.9417038],"isRenderEnabled":false,"rotationMatrix":[0.251178205,0.956792891,-0.146481842,-0.948880136,0.273280621,0.157937616,0.191144228,0.0993232131,0.976523817],"scale":[0.815332055,0.815332055,0.815332055],"shapeName":"/levels/east_coast_usa/art/shapes/rocks/eca_rock_medium_2.dae","useInstanceRenderData":true}
{"name":"rocks_prefabs","class":"SimGroup","persistentId":"1ab2b28d-4b6c-488a-8217-b20b773c8ea4","__parent":"Statics"}
{"class":"TSStatic","persistentId":"010684d0-6868-4322-b8f8-23e3aa5e481f","__parent":"Statics","position":[574.226868,17.5433388,53.1446533],"annotation":"OBSTACLES","isRenderEnabled":false,"rotationMatrix":[0.0915125459,0.995803952,0,-0.995803952,0.0915125459,0,0,0,1],"shapeName":"/levels/east_coast_usa/art/shapes/clutter/clutter_city_wood_stool.dae"}
{"class":"TSStatic","persistentId":"0192df53-b17e-4db9-afa1-db1ab6e7507c","__parent":"Statics","position":[602.623352,-151.989578,53.3881607],"annotation":"BUILDINGS","isRenderEnabled":false,"rotationMatrix":[0.627943039,0.778259337,0,-0.778259337,0.627943039,0,0,0,1],"shapeName":"/levels/east_coast_usa/art/shapes/buildings/eca_bld_filler_wall_01.dae"}
{"class":"TSStatic","persistentId":"019d6d3c-bf62-4400-b38b-11f743e51699","__parent":"Statics","position":[490.067566,-18.1621075,53.075901],"annotation":"OBSTACLES","isRenderEnabled":false,"rotationMatrix":[0.656203151,0.754585266,0,-0.754585266,0.656203151,0,0,0,1],"shapeName":"/levels/east_coast_usa/art/shapes/buildings/eca_bld_wood_fence_end.DAE"}
{"class":"TSStatic","persistentId":"022062aa-5566-4605-a379-d0057b11807f","__parent":"Statics","position":[536.924988,-20.9726963,53.2691422],"annotation":"OBSTACLES","isRenderEnabled":false,"shapeName":"/levels/east_coast_usa/art/shapes/clutter/clutter_city_wood_stool.dae"}
{"class":"TSStatic","persistentId":"02b84390-b325-4981-b629-e1bf27ad084f","__parent":"Statics","position":[-639.35199,-213.384995,27.2085991],"allowPlayerStep":"1","eca_bld_decking_oldwood":"eca_bld_decking_oldwood_mat","isRenderEnabled":false,"rotationMatrix":[0.724559188,-0.689212561,0,0.689212561,0.724559188,0,0,0,1],"scale":[1,1.05913997,1],"shapeName":"/levels/east_coast_usa/art/shapes/buildings/eca_bld_bridge_concrete_22m.dae"}
{"class":"TSStatic","persistentId":"03e5b2ee-07a7-416b-882f-86ceb78a354c","__parent":"Statics","position":[501.160919,-17.4252968,53.1385155],"annotation":"OBSTACLES","isRenderEnabled":false,"rotationMatrix":[0.798854947,-0.601522207,0,0.601522207,0.798854947,0,0,0,1],"shapeName":"/levels/east_coast_usa/art/shapes/buildings/eca_bld_wood_fence_b_end.DAE"}
{"class":"TSStatic","persistentId":"059b2554-66f9-4c6b-9d4d-12ee8637b64a","__parent":"Statics","position":[548.316895,-56.9881516,53.1154671],"annotation":"OBSTACLES","isRenderEnabled":false,"rotationMatrix":[0.798854947,-0.601522207,0,0.601522207,0.798854947,0,0,0,1],"shapeName":"/levels/east_coast_usa/art/shapes/buildings/eca_bld_wood_fence_b_end.DAE"}
{"class":"TSStatic","persistentId":"07b14e72-a2e8-4b65-be73-1d0912be4722","__parent":"Statics","position":[694.367981,-272.178864,53.386631],"annotation":"OBSTACLES","isRenderEnabled":false,"rotationMatrix":[0.76279068,0.646644711,0,-0.646644711,0.76279068,0,0,0,1],"shapeName":"/levels/east_coast_usa/art/shapes/clutter/clutter_city_bench_wood.dae"}
{"class":"TSStatic","persistentId":"07c26105-f39d-4449-8564-9cc894d9824f","__parent":"Statics","position":[589.412781,-69.4358368,52.6890793],"isRenderEnabled":false,"shapeName":"/levels/east_coast_usa/art/shapes/buildings/eca_bld_fence_end.DAE"}
{"class":"TSStatic","persistentId":"098d1493-c399-43ed-9d90-4f44181e0b1f","__parent":"Statics","position":[502.486237,-217.709381,11.9878845],"annotation":"BUILDINGS","isRenderEnabled":false,"rotationMatrix":[-0.975041986,-0.222020641,0,0.222020641,-0.975041986,0,0,0,1],"shapeName":"/levels/east_coast_usa/art/shapes/buildings/eca_bld_fv_tall_shack.DAE"}
{"class":"TSStatic","persistentId":"09e2f0bf-52b7-41aa-99da-d23184169685","__parent":"Statics","position":[692.941711,-257.136902,53.2030602],"annotation":"OBSTACLES","isRenderEnabled":false,"rotationMatrix":[-0.67955482,0.733624816,0,-0.733624816,-0.67955482,0,0,0,1],"shapeName":"/levels/east_coast_usa/art/shapes/buildings/eca_bld_wood_fence_b.DAE"}
{"name":"rock19","class":"TSStatic","persistentId":"0a820579-47aa-4dd6-8087-ab03ed0c0def","__parent":"Statics","position":[623.995544,-233.130905,36.8177643],"annotation":"ROCK","isRenderEnabled":false,"rotationMatrix":[-0.537119508,0.836381733,-0.109363474,-0.52178812,-0.431322426,-0.736002147,-0.662749171,-0.338254064,0.668088913],"scale":[6,6,6],"shapeName":"/levels/east_coast_usa/art/shapes/rocks/eca_rock_big_narrow.dae"}
{"class":"TSStatic","persistentId":"0edb110f-c713-4a5e-9a88-34c151b453e3","__parent":"Statics","position":[401.928009,695.630005,50.5545998],"allowPlayerStep":"1","isRenderEnabled":false,"rotationMatrix":[0.972016931,-0.234910876,0,0.234910876,0.972016931,0,0,0,1],"scale":[1.15720999,1.03673995,1],"shapeName":"/levels/east_coast_usa/art/shapes/buildings/eca_bld_bridge_concrete_22m.dae"}
{"class":"TSStatic","persistentId":"121d327d-7ddc-4cf2-8acb-9315bd29c096","__parent":"Statics","position":[746.212769,-439.493622,53.1526413],"annotation":"OBSTACLES","isRenderEnabled":false,"rotationMatrix":[-0.100654162,-0.994921684,0,0.994921684,-0.100654162,0,0,0,1],"shapeName":"/levels/east_coast_usa/art/shapes/clutter/clutter_city_bike_stand.dae"}
{"class":"TSStatic","persistentId":"12bf0626-654c-4c5a-bb4f-50267eaca040","__parent":"Statics","position":[707.156128,-291.958099,55.033474],"annotation":"OBSTACLES","isRenderEnabled":false,"shapeName":"/levels/east_coast_usa/art/shapes/clutter/clutter_city_bin_round.dae"}
{"class":"TSStatic","persistentId":"15520f45-300d-49f2-882a-89928edd9ee9","__parent":"Statics","position":[687.489319,-251.212234,53.1852531],"annotation":"OBSTACLES","isRenderEnabled":false,"rotationMatrix":[-0.668832064,0.743413508,0,-0.743413568,-0.668832123,0,0,0,1],"shapeName":"/levels/east_coast_usa/art/shapes/buildings/eca_bld_wood_fence_b.DAE"}
{"class":"TSStatic","persistentId":"1bb07194-4fcc-4772-86e1-e0ad232b1fd8","__parent":"Statics","position":[679.16394,-300.969543,53.8301735],"annotation":"OBSTACLES","isRenderEnabled":false,"rotationMatrix":[0.808964431,0.587857604,0,-0.587857604,0.808964431,0,0,0,1],"shapeName":"/levels/east_coast_usa/art/shapes/buildings/eca_bld_wood_fence_end.DAE"}
{"class":"TSStatic","persistentId":"1c55b6a5-b620-4e8a-ac5e-c1fd34b3551e","__parent":"Statics","position":[684.810059,-245.336761,53.2303238],"annotation":"OBSTACLES","isRenderEnabled":false,"rotationMatrix":[0.679234266,0.733921528,0,-0.733921528,0.679234266,0,0,0,1],"shapeName":"/levels/east_coast_usa/art/shapes/buildings/eca_bld_wood_fence_b.DAE"}
{"class":"TSStatic","persistentId":"1c733a8b-aa09-474f-a578-9eda17d629c0","__parent":"Statics","position":[-563.111023,734.237,32.9516983],"allowPlayerStep":"1","annotation":"BUILDINGS","isRenderEnabled":false,"rotationMatrix":[-0.993400812,-0.114694029,0,0.114694029,-0.993400812,0,0,0,1],"shapeName":"/levels/east_coast_usa/art/shapes/buildings/eca_bld_creepyhouse_1.dae"}
{"class":"TSStatic","persistentId":"20b808b7-4fef-405a-93ad-b7671c764148","__parent":"Statics","position":[572.796021,17.8917027,52.94767],"annotation":"OBSTACLES","isRenderEnabled":false,"rotationMatrix":[0.667843401,0.744301915,0,-0.744301915,0.667843342,0,0,0,1],"shapeName":"/levels/east_coast_usa/art/shapes/clutter/clutter_city_wood_table.dae"}
{"class":"TSStatic","persistentId":"22ad7e10-0637-4195-9a46-14ff37e52281","__parent":"Statics","position":[488.359863,-18.5908985,53.1670685],"annotation":"OBSTACLES","isRenderEnabled":false,"rotationMatrix":[0.798854947,-0.601522207,0,0.601522207,0.798854947,0,0,0,1],"shapeName":"/levels/east_coast_usa/art/shapes/buildings/eca_bld_wood_fence_b_end.DAE"}
{"class":"TSStatic","persistentId":"23657645-0535-47b3-89fc-8a4e10ffb15e","__parent":"Statics","position":[672.815857,-523.400269,58.1078072],"annotation":"OBSTACLES","isRenderEnabled":false,"rotationMatrix":[0.038156651,0.999273002,0,-0.999273002,0.038156651,0,0,0,1],"shapeName":"/levels/east_coast_usa/art/shapes/buildings/eca_bld_wood_fence_end.DAE"}
{"class":"TSStatic","persistentId":"245c5ddd-bf8a-4042-a5f7-b75656976507","__parent":"Statics","position":[688.016113,-254.151489,53.2162132],"annotation":"OBSTACLES","isRenderEnabled":false,"rotationMatrix":[0.677181304,-0.735816777,0,0.735816777,0.677181304,0,0,0,1],"shapeName":"/levels/east_coast_usa/art/shapes/clutter/clutter_city_bench_wood.dae"}
{"class":"TSStatic","persistentId":"2a0bf9b9-fcc5-4afa-b123-22f84a18ff05","__parent":"Statics","position":[582.981873,-124.544945,53.3690033],"isRenderEnabled":false,"shapeName":"/levels/east_coast_usa/art/shapes/buildings/eca_bld_fence_end.DAE"}
{"class":"TSStatic","persistentId":"34a5449b-2e9f-4215-bc4b-aa3c19c0e5e5","__parent":"Statics","position":[536.099976,-21.8297157,53.2677383],"annotation":"OBSTACLES","isRenderEnabled":false,"shapeName":"/levels/east_coast_usa/art/shapes/clutter/clutter_city_wood_stool.dae"}
{"class":"TSStatic","persistentId":"355f58bd-bd6c-43e4-b6e8-3e795a25eb8b","__parent":"Statics","position":[537.10907,-22.8586369,53.2676163],"annotation":"OBSTACLES","isRenderEnabled":false,"shapeName":"/levels/east_coast_usa/art/shapes/clutter/clutter_city_wood_stool.dae"}
{"class":"TSStatic","persistentId":"3560a1fd-4f80-4a83-9d2f-28bf0c1ec99a","__parent":"Statics","position":[683.455261,-246.800903,53.2303238],"annotation":"OBSTACLES","isRenderEnabled":false,"rotationMatrix":[0.679234266,0.733921528,0,-0.733921528,0.679234266,0,0,0,1],"shapeName":"/levels/east_coast_usa/art/shapes/buildings/eca_bld_wood_fence_b.DAE"}
{"class":"TSStatic","persistentId":"3789a7e2-afd6-4d85-89de-27fcfc172528","__parent":"Statics","position":[571.345398,-59.8912697,52.941803],"annotation":"OBSTACLES","isRenderEnabled":false,"shapeName":"/levels/east_coast_usa/art/shapes/clutter/clutter_city_wood_stool.dae"}
{"class":"TSStatic","persistentId":"3d6f80f3-a841-4f85-9f92-e6cab9f7759f","__parent":"Statics","position":[691.488037,-255.657166,53.1852531],"annotation":"OBSTACLES","isRenderEnabled":false,"rotationMatrix":[-0.668832064,0.743413508,0,-0.743413568,-0.668832123,0,0,0,1],"shapeName":"/levels/east_coast_usa/art/shapes/buildings/eca_bld_wood_fence_b.DAE"}
{"class":"TSStatic","persistentId":"3dce2b0a-586a-4b7c-80d4-520f67dc2b04","__parent":"Statics","position":[694.29541,-258.591187,53.2084732],"annotation":"OBSTACLES","isRenderEnabled":false,"rotationMatrix":[-0.67955482,0.733624816,0,-0.733624816,-0.67955482,0,0,0,1],"shapeName":"/levels/east_coast_usa/art/shapes/buildings/eca_bld_wood_fence_b.DAE"}
{"class":"TSStatic","persistentId":"434f2d71-522a-42f4-8abe-a60fe23158df","__parent":"Statics","position":[665.643005,-258.658936,53.3127365],"annotation":"OBSTACLES","isRenderEnabled":false,"rotationMatrix":[0.704973757,0.709233105,0,-0.709233105,0.704973757,0,0,0,1],"shapeName":"/levels/east_coast_usa/art/shapes/clutter/clutter_city_bench_wood.dae"}
{"class":"TSStatic","persistentId":"435e1d44-e7dd-40cb-b80f-f952232d1290","__parent":"Statics","position":[676.468384,-285.005188,53.4909973],"annotation":"OBSTACLES","isRenderEnabled":false,"rotationMatrix":[-0.769706905,-0.638397336,0,0.638397336,-0.769706905,0,0,0,1],"shapeName":"/levels/east_coast_usa/art/shapes/clutter/clutter_city_bench_wood.dae"}
{"class":"TSStatic","persistentId":"43ddce15-3aad-4aa1-9fd9-a4a82b9e762d","__parent":"Statics","position":[684.819946,-248.252716,53.1798401],"annotation":"OBSTACLES","isRenderEnabled":false,"rotationMatrix":[-0.668832064,0.743413508,0,-0.743413568,-0.668832123,0,0,0,1],"shapeName":"/levels/east_coast_usa/art/shapes/buildings/eca_bld_wood_fence_b.DAE"}
{"class":"TSStatic","persistentId":"471ba1ae-819f-4819-a8e4-d685748cfc7a","__parent":"Statics","allowPlayerStep":"1","hidden":true,"isRenderEnabled":false,"shapeName":"/levels/east_coast_usa/art/shapes/misc/eca_backdrop.dae"}
{"class":"TSStatic","persistentId":"49a9aee8-8715-47be-bcd0-ef6e0b4f0aa8","__parent":"Statics","position":[32.8404999,722.747009,29.5748997],"allowPlayerStep":"1","isRenderEnabled":false,"rotationMatrix":[-0.187981367,0.982172608,0,-0.982172608,-0.187981367,0,0,0,1],"scale":[1.10857999,1.05913997,1],"shapeName":"/levels/east_coast_usa/art/shapes/buildings/eca_bld_bridge_concrete_22m.dae"}
{"class":"TSStatic","persistentId":"4cc5829b-542a-4b9f-a058-ce5a997dd940","__parent":"Statics","position":[672.730774,-523.458435,57.6632347],"isRenderEnabled":false,"shapeName":"/levels/east_coast_usa/art/shapes/buildings/eca_bld_fence_end.DAE"}
{"class":"TSStatic","persistentId":"59246ef1-1373-462e-9af4-7980221321e9","__parent":"Statics","position":[-699.132019,-663.434021,21.4209995],"allowPlayerStep":"1","isRenderEnabled":false,"rotationMatrix":[-0.091886878,-0.99576956,-8.38190317e-09,0.99566716,-0.0918774605,0.014341848,-0.014281176,0.00131781725,0.999897122],"scale":[0.363301992,0.996133983,0.363301992],"shapeName":"/levels/east_coast_usa/art/shapes/buildings/eca_drain_12m.dae"}
{"class":"TSStatic","persistentId":"5da22e8e-a452-4085-863c-e39d4c774ec4","__parent":"Statics","position":[571.161316,-58.0053291,52.9433289],"annotation":"OBSTACLES","isRenderEnabled":false,"shapeName":"/levels/east_coast_usa/art/shapes/clutter/clutter_city_wood_stool.dae"}
{"class":"TSStatic","persistentId":"5e5f559c-3910-4518-beb7-8cfab7472319","__parent":"Statics","position":[688.821655,-252.692871,53.1852531],"annotation":"OBSTACLES","isRenderEnabled":false,"rotationMatrix":[-0.668832064,0.743413508,0,-0.743413568,-0.668832123,0,0,0,1],"shapeName":"/levels/east_coast_usa/art/shapes/buildings/eca_bld_wood_fence_b.DAE"}
{"class":"TSStatic","persistentId":"5e72445e-99f5-47a0-ac23-3e9f37323453","__parent":"Statics","position":[686.091187,-271.74115,53.3871231],"annotation":"OBSTACLES","isRenderEnabled":false,"rotationMatrix":[0.554524302,-0.832168341,0,0.832168341,0.554524302,0,0,0,1],"shapeName":"/levels/east_coast_usa/art/shapes/clutter/clutter_city_bench_wood.dae"}
{"class":"TSStatic","persistentId":"5ec327eb-f212-4d65-826b-6096e952be3d","__parent":"Statics","position":[-86.2854996,86.5906982,42.5749016],"allowPlayerStep":"1","isRenderEnabled":false,"rotationMatrix":[-0.986135244,0.165942848,0,-0.165942848,-0.986135244,0,0,0,1],"shapeName":"/levels/east_coast_usa/art/shapes/buildings/eca_bld_house_sml_02.dae"}
{"class":"TSStatic","persistentId":"5ef0b49a-241a-4797-916f-f9c244a9b979","__parent":"Statics","position":[572.139038,-59.1471748,52.9431458],"annotation":"OBSTACLES","isRenderEnabled":false,"shapeName":"/levels/east_coast_usa/art/shapes/clutter/clutter_city_wood_stool.dae"}
{"class":"TSStatic","persistentId":"622add57-2a2e-40db-8ae9-3b564b710f75","__parent":"Statics","position":[524.025574,-36.4936829,52.7611885],"isRenderEnabled":false,"shapeName":"/levels/east_coast_usa/art/shapes/buildings/eca_bld_fence_end.DAE"}
{"class":"TSStatic","persistentId":"624b8a7a-933f-4a22-a6ff-79ab3671de01","__parent":"Statics","position":[566.857239,-0.00913582742,52.7974663],"annotation":"OBSTACLES","isRenderEnabled":false,"rotationMatrix":[0.798854947,-0.601522207,0,0.601522207,0.798854947,0,0,0,1],"shapeName":"/levels/east_coast_usa/art/shapes/buildings/eca_bld_wood_fence_b_end.DAE"}
{"class":"TSStatic","persistentId":"63c59177-607b-482a-826f-c4ad4663e51b","__parent":"Statics","position":[572.015808,17.7651939,53.1409454],"annotation":"OBSTACLES","isRenderEnabled":false,"rotationMatrix":[0.0915125459,0.995803952,0,-0.995803952,0.0915125459,0,0,0,1],"shapeName":"/levels/east_coast_usa/art/shapes/clutter/clutter_city_wood_stool.dae"}
{"class":"TSStatic","persistentId":"6444dde9-6482-4285-985f-2a79a02b6616","__parent":"Statics","position":[710.783813,-501.982361,57.2994652],"annotation":"OBSTACLES","isRenderEnabled":false,"rotationMatrix":[-0.999767363,0.0215506162,0,-0.0215506162,-0.999767363,0,0,0,1],"shapeName":"/levels/east_coast_usa/art/shapes/buildings/eca_bld_wood_fence_b_end.DAE"}
{"class":"TSStatic","persistentId":"644c0370-034c-4d5b-a204-23677d3dbe51","__parent":"Statics","position":[579.442505,-75.0768509,56.5206642],"annotation":"BUILDINGS","isRenderEnabled":false,"rotationMatrix":[0.657680035,0.753296852,0,-0.753296852,0.657680035,0,0,0,1],"shapeName":"/levels/east_coast_usa/art/shapes/buildings/eca_bld_filler_wall_01.dae"}
{"class":"TSStatic","persistentId":"68cb991d-3a2f-4540-832b-57a26cfde365","__parent":"Statics","position":[571.349426,-58.8838844,52.7500534],"annotation":"OBSTACLES","isRenderEnabled":false,"rotationMatrix":[0.724319518,-0.68946439,0,0.68946439,0.724319518,0,0,0,1],"shapeName":"/levels/east_coast_usa/art/shapes/clutter/clutter_city_wood_table.dae"}
{"class":"TSStatic","persistentId":"69058e27-d82a-4372-aa79-5c194da9409d","__parent":"Statics","position":[570.336304,-58.8623466,52.941925],"annotation":"OBSTACLES","isRenderEnabled":false,"shapeName":"/levels/east_coast_usa/art/shapes/clutter/clutter_city_wood_stool.dae"}
{"class":"TSStatic","persistentId":"69ba9218-879f-4778-b753-07daf5f3f99b","__parent":"Statics","position":[686.496399,-265.701355,53.2833557],"annotation":"OBSTACLES","isRenderEnabled":false,"rotationMatrix":[-0.759797633,-0.650160372,0,0.650160372,-0.759797633,0,0,0,1],"shapeName":"/levels/east_coast_usa/art/shapes/clutter/clutter_city_bench_wood.dae"}
{"class":"TSStatic","persistentId":"6c0a34ba-20a4-4ef2-8583-fb3194058e86","__parent":"Statics","position":[574.89502,16.684988,53.1433105],"annotation":"OBSTACLES","isRenderEnabled":false,"rotationMatrix":[0.0915125459,0.995803952,0,-0.995803952,0.0915125459,0,0,0,1],"shapeName":"/levels/east_coast_usa/art/shapes/clutter/clutter_city_wood_stool.dae"}
{"class":"TSStatic","persistentId":"730b5ab8-78d4-4063-8310-82c74cee30a9","__parent":"Statics","position":[537.90271,-22.1145439,53.268959],"annotation":"OBSTACLES","isRenderEnabled":false,"shapeName":"/levels/east_coast_usa/art/shapes/clutter/clutter_city_wood_stool.dae"}
{"name":"rock18","class":"TSStatic","persistentId":"7483db9e-c7a1-4666-be19-1ebf2d64fca5","__parent":"Statics","position":[619.56781,-237.024323,30.8701668],"annotation":"ROCK","isRenderEnabled":false,"rotationMatrix":[0.372727484,0.927906334,0.00733941607,-0.393951446,0.165393323,-0.904129207,-0.840161622,0.334101707,0.427197546],"scale":[6,6,6],"shapeName":"/levels/east_coast_usa/art/shapes/rocks/eca_rock_big_narrow.dae"}
{"class":"TSStatic","persistentId":"78216dab-3df0-464b-8115-ab6c5920ae15","__parent":"Statics","position":[699.428101,-457.756195,53.1313286],"annotation":"OBSTACLES","isRenderEnabled":false,"rotationMatrix":[0.0968028754,0.995304585,0,-0.995304585,0.0968028754,0,0,0,1],"shapeName":"/levels/east_coast_usa/art/shapes/buildings/eca_bld_wood_fence_end.DAE"}
{"class":"TSStatic","persistentId":"79e1959f-1e9b-4238-9304-851c9905ec5c","__parent":"Statics","position":[688.873901,-240.945892,53.2303238],"annotation":"OBSTACLES","isRenderEnabled":false,"rotationMatrix":[0.679234266,0.733921528,0,-0.733921528,0.679234266,0,0,0,1],"shapeName":"/levels/east_coast_usa/art/shapes/buildings/eca_bld_wood_fence_b.DAE"}
{"class":"TSStatic","persistentId":"7e44f511-4c5e-498a-b624-0b40049639e3","__parent":"Statics","position":[652.820007,-271.649292,53.3311577],"annotation":"OBSTACLES","isRenderEnabled":false,"rotationMatrix":[0.973822176,0.227312371,0,-0.227312371,0.973822176,0,0,0,1],"shapeName":"/levels/east_coast_usa/art/shapes/buildings/eca_bld_wood_fence_end.DAE"}
{"name":"rock20","class":"TSStatic","persistentId":"7f2443a7-b820-4561-872d-5403ee53c413","__parent":"Statics","position":[624.321533,-219.761887,42.9639015],"annotation":"ROCK","isRenderEnabled":false,"rotationMatrix":[-0.490875185,0.864334226,-0.10936287,-0.544457018,-0.40233025,-0.736001432,-0.680151403,-0.301739097,0.668089807],"scale":[3,3,3],"shapeName":"/levels/east_coast_usa/art/shapes/rocks/eca_rock_big_narrow.dae"}
{"class":"TSStatic","persistentId":"861c7a9c-5121-4d3a-b1d0-a245828e27cb","__parent":"Statics","position":[699.780884,-261.614044,53.2084732],"annotation":"OBSTACLES","isRenderEnabled":false,"rotationMatrix":[-0.722710907,-0.691150963,0,0.691150963,-0.722710907,0,0,0,1],"shapeName":"/levels/east_coast_usa/art/shapes/buildings/eca_bld_wood_fence_b.DAE"}
{"class":"TSStatic","persistentId":"8e90d72e-ea7f-4b0c-9266-0a6316ff6764","__parent":"Statics","position":[573.198181,18.720274,53.1407623],"annotation":"OBSTACLES","isRenderEnabled":false,"rotationMatrix":[0.0915125459,0.995803952,0,-0.995803952,0.0915125459,0,0,0,1],"shapeName":"/levels/east_coast_usa/art/shapes/clutter/clutter_city_wood_stool.dae"}
{"class":"TSStatic","persistentId":"94394b31-043d-4f40-a492-f68f2e250f2b","__parent":"Statics","position":[573.08728,16.7618046,53.1448364],"annotation":"OBSTACLES","isRenderEnabled":false,"rotationMatrix":[0.0915125459,0.995803952,0,-0.995803952,0.0915125459,0,0,0,1],"shapeName":"/levels/east_coast_usa/art/shapes/clutter/clutter_city_wood_stool.dae"}
{"class":"TSStatic","persistentId":"9446432f-6098-4256-9352-6d760d0bec12","__parent":"Statics","position":[709.753479,-296.472351,55.4172745],"annotation":"OBSTACLES","isRenderEnabled":false,"rotationMatrix":[-0.499117076,0.866534591,0,-0.866534591,-0.499117076,0,0,0,1],"shapeName":"/levels/east_coast_usa/art/shapes/clutter/clutter_city_bench_wood.dae"}
{"class":"TSStatic","persistentId":"9be42013-38cb-412a-8de1-3433b2887994","__parent":"Statics","position":[-544.885986,-832.012024,49.7929993],"allowPlayerStep":"1","isRenderEnabled":false,"rotationMatrix":[-0.950124621,0.311870575,0,-0.311870575,-0.950124621,0,0,0,1],"shapeName":"/levels/east_coast_usa/art/shapes/buildings/eca_bld_ornate_01.dae"}
{"class":"TSStatic","persistentId":"9e642e6f-1a7e-4812-ad47-d34e0835987c","__parent":"Statics","position":[694.991821,-472.954407,57.2235451],"annotation":"OBSTACLES","isRenderEnabled":false,"rotationMatrix":[0.0968028754,0.995304585,0,-0.995304585,0.0968028754,0,0,0,1],"shapeName":"/levels/east_coast_usa/art/shapes/buildings/eca_bld_wood_fence_end.DAE"}
{"class":"TSStatic","persistentId":"a4e0fdf8-44f2-4935-9dd0-35d5c2abe848","__parent":"Statics","position":[686.163513,-243.874908,53.2303238],"annotation":"OBSTACLES","isRenderEnabled":false,"rotationMatrix":[0.679234266,0.733921528,0,-0.733921528,0.679234266,0,0,0,1],"shapeName":"/levels/east_coast_usa/art/shapes/buildings/eca_bld_wood_fence_b.DAE"}
{"class":"TSStatic","persistentId":"ab57fcf9-adef-471e-99d6-52953ff47b47","__parent":"Statics","position":[690.153931,-254.17424,53.1852531],"annotation":"OBSTACLES","isRenderEnabled":false,"rotationMatrix":[-0.668832064,0.743413508,0,-0.743413568,-0.668832123,0,0,0,1],"shapeName":"/levels/east_coast_usa/art/shapes/buildings/eca_bld_wood_fence_b.DAE"}
{"class":"TSStatic","persistentId":"ad28ebaf-839c-44c9-90da-2b468ebb36dd","__parent":"Statics","position":[697.007568,-261.518524,53.2084732],"annotation":"OBSTACLES","isRenderEnabled":false,"rotationMatrix":[-0.67955482,0.733624816,0,-0.733624816,-0.67955482,0,0,0,1],"shapeName":"/levels/east_coast_usa/art/shapes/buildings/eca_bld_wood_fence_b.DAE"}
{"class":"TSStatic","persistentId":"ae2bff90-3da1-4db0-94c4-c0da40e093a9","__parent":"Statics","position":[686.152161,-249.726608,53.1852531],"annotation":"OBSTACLES","isRenderEnabled":false,"rotationMatrix":[-0.668832064,0.743413508,0,-0.743413568,-0.668832123,0,0,0,1],"shapeName":"/levels/east_coast_usa/art/shapes/buildings/eca_bld_wood_fence_b.DAE"}
{"class":"TSStatic","persistentId":"b7ae385c-aa61-4fc0-8aa8-50c9f95aa3fb","__parent":"Statics","position":[557.489136,8.04301453,52.8241196],"annotation":"OBSTACLES","isRenderEnabled":false,"rotationMatrix":[0.798854947,-0.601522207,0,0.601522207,0.798854947,0,0,0,1],"shapeName":"/levels/east_coast_usa/art/shapes/buildings/eca_bld_wood_fence_b_end.DAE"}
{"class":"TSStatic","persistentId":"b7cd3bdd-fb04-4f60-8178-da2b97be5270","__parent":"Statics","position":[691.368347,-264.487457,53.3060532],"annotation":"OBSTACLES","isRenderEnabled":false,"shapeName":"/levels/east_coast_usa/art/shapes/clutter/clutter_city_bin_round.dae"}
{"class":"TSStatic","persistentId":"b94d7e7a-dbeb-4d12-8d3f-0dd5f3478cc7","__parent":"Statics","position":[537.113098,-21.8512554,53.0758667],"annotation":"OBSTACLES","isRenderEnabled":false,"rotationMatrix":[0.724319518,-0.68946439,0,0.68946439,0.724319518,0,0,0,1],"shapeName":"/levels/east_coast_usa/art/shapes/clutter/clutter_city_wood_table.dae"}
{"class":"TSStatic","persistentId":"b97e0f8b-dee2-49d5-90e9-a3d844506d91","__parent":"Statics","position":[561.557434,-68.0775223,53.0713577],"annotation":"OBSTACLES","isRenderEnabled":false,"rotationMatrix":[0.656203151,0.754585266,0,-0.754585266,0.656203151,0,0,0,1],"shapeName":"/levels/east_coast_usa/art/shapes/buildings/eca_bld_wood_fence_end.DAE"}
{"class":"TSStatic","persistentId":"ba83067d-684f-4dae-8534-7566130f28f4","__parent":"Statics","position":[698.361206,-262.980469,53.2084732],"annotation":"OBSTACLES","isRenderEnabled":false,"rotationMatrix":[-0.67955482,0.733624816,0,-0.733624816,-0.67955482,0,0,0,1],"shapeName":"/levels/east_coast_usa/art/shapes/buildings/eca_bld_wood_fence_b.DAE"}
{"class":"TSStatic","persistentId":"baa79648-e7bf-41c2-9b8c-b1dd7fb89cba","__parent":"Statics","position":[702.297729,-286.02066,54.2066536],"annotation":"OBSTACLES","isRenderEnabled":false,"rotationMatrix":[-0.603953004,0.797019839,0,-0.797019839,-0.603953004,0,0,0,1],"shapeName":"/levels/east_coast_usa/art/shapes/clutter/clutter_city_bench_wood.dae"}
{"class":"TSStatic","persistentId":"bbe565ba-051b-4ee4-95e1-7b04be9b1bde","__parent":"Statics","position":[573.585876,17.9943409,53.1394196],"annotation":"OBSTACLES","isRenderEnabled":false,"rotationMatrix":[0.0915125459,0.995803952,0,-0.995803952,0.0915125459,0,0,0,1],"shapeName":"/levels/east_coast_usa/art/shapes/clutter/clutter_city_wood_stool.dae"}
{"class":"TSStatic","persistentId":"bc798009-f54e-4d91-85a5-ec4f927de02d","__parent":"Statics","position":[542.084167,-51.8776894,52.9028358],"isRenderEnabled":false,"shapeName":"/levels/east_coast_usa/art/shapes/buildings/eca_bld_fence_end.DAE"}
{"class":"TSStatic","persistentId":"c2a7e61b-657c-42a8-a0bf-23eea87a4338","__parent":"Statics","position":[678.11792,-283.016479,53.5016136],"annotation":"OBSTACLES","isRenderEnabled":false,"shapeName":"/levels/east_coast_usa/art/shapes/clutter/clutter_city_bin_round.dae"}
{"class":"TSStatic","persistentId":"c48194c1-da60-4dba-afb9-26e6a8ea3508","__parent":"Statics","position":[690.219727,-239.484314,53.2249069],"annotation":"OBSTACLES","isRenderEnabled":false,"rotationMatrix":[0.679234266,0.733921528,0,-0.733921528,0.679234266,0,0,0,1],"shapeName":"/levels/east_coast_usa/art/shapes/buildings/eca_bld_wood_fence_b.DAE"}
{"class":"TSStatic","persistentId":"c611ff7b-8764-44e9-881c-d2da8d74409a","__parent":"Statics","position":[572.545044,17.180624,53.1395416],"annotation":"OBSTACLES","isRenderEnabled":false,"rotationMatrix":[0.0915125459,0.995803952,0,-0.995803952,0.0915125459,0,0,0,1],"shapeName":"/levels/east_coast_usa/art/shapes/clutter/clutter_city_wood_stool.dae"}
{"class":"TSStatic","persistentId":"cc3e627e-d73f-4229-9dee-68181c0468ed","__parent":"Statics","position":[694.525635,-266.884644,53.2365074],"annotation":"OBSTACLES","isRenderEnabled":false,"rotationMatrix":[-0.603953004,0.797019839,0,-0.797019839,-0.603953004,0,0,0,1],"shapeName":"/levels/east_coast_usa/art/shapes/clutter/clutter_city_bench_wood.dae"}
{"class":"TSStatic","persistentId":"ce8206e2-49f1-4572-81e2-02df8522c18b","__parent":"Statics","position":[-450.515015,-514.380981,33.0279007],"allowPlayerStep":"1","isRenderEnabled":false,"rotationMatrix":[0.989020228,0.147780389,0,-0.147780389,0.989020228,0,0,0,1],"scale":[0.821585,0.568022013,0.821585],"shapeName":"/levels/east_coast_usa/art/shapes/buildings/eca_drain_12m.dae"}
{"class":"TSStatic","persistentId":"d7bc1998-1b85-4597-98b3-a60b3903b9ee","__parent":"Statics","position":[573.959351,16.847641,52.951561],"annotation":"OBSTACLES","isRenderEnabled":false,"rotationMatrix":[0.667843401,0.744301915,0,-0.744301915,0.667843342,0,0,0,1],"shapeName":"/levels/east_coast_usa/art/shapes/clutter/clutter_city_wood_table.dae"}
{"class":"TSStatic","persistentId":"d8a10db4-8518-4da5-8f2d-7586dbe220ca","__parent":"Statics","position":[687.516296,-242.412933,53.2303238],"annotation":"OBSTACLES","isRenderEnabled":false,"rotationMatrix":[0.679234266,0.733921528,0,-0.733921528,0.679234266,0,0,0,1],"shapeName":"/levels/east_coast_usa/art/shapes/buildings/eca_bld_wood_fence_b.DAE"}
{"class":"TSStatic","persistentId":"da01edbb-d459-48cd-b1a5-87d90fcc129b","__parent":"Statics","position":[573.778442,15.7743988,53.1434326],"annotation":"OBSTACLES","isRenderEnabled":false,"rotationMatrix":[0.0915125459,0.995803952,0,-0.995803952,0.0915125459,0,0,0,1],"shapeName":"/levels/east_coast_usa/art/shapes/clutter/clutter_city_wood_stool.dae"}
{"class":"TSStatic","persistentId":"dffd8588-5005-4802-955a-242cee3ce120","__parent":"Statics","position":[695.653809,-260.057373,53.2084732],"annotation":"OBSTACLES","isRenderEnabled":false,"rotationMatrix":[-0.67955482,0.733624816,0,-0.733624816,-0.67955482,0,0,0,1],"shapeName":"/levels/east_coast_usa/art/shapes/buildings/eca_bld_wood_fence_b.DAE"}
{"class":"TSStatic","persistentId":"e2d132f8-033b-47df-889e-3cece00ab6ec","__parent":"Statics","position":[698.29541,-114.952095,52.5202866],"annotation":"BUILDINGS","isRenderEnabled":false,"rotationMatrix":[-0.738562822,0.67418462,0,-0.67418462,-0.738562822,0,0,0,1],"shapeName":"/levels/east_coast_usa/art/shapes/buildings/eca_bld_filler_wall_01.dae"}
{"name":"Rocks","class":"SimGroup","persistentId":"0a2a4c29-0bc8-4669-824a-573251d15b4a","__parent":"Statics"}
