{"name":"Field_001","class":"SFXSpace","persistentId":"1e555810-7afa-43e2-aa7b-76ea767c356d","__parent":"Amb_2D","position":[694.822998,387.808014,250],"cloneOrigin":"SFX2","locked":true,"rotationMatrix":[-0.974370122,-0.22495088,0,0.22495088,-0.974370122,0,0,0,1],"scale":[283.75,411.020996,1000],"soundAmbience":"Amb_EC_Field"}
{"name":"Field_002","class":"SFXSpace","persistentId":"2a50723e-78b7-4dbf-aa6b-17e3d7cd97b3","__parent":"Amb_2D","position":[367.144989,498.993988,250],"cloneOrigin":"SFX17","locked":true,"rotationMatrix":[0.149395525,0.988777518,0,-0.988777518,0.149395525,0,0,0,1],"scale":[215.75,81.6757965,1000],"soundAmbience":"Amb_EC_Field"}
{"name":"Field_003","class":"SFXSpace","persistentId":"f3e721af-af2d-416b-bb20-f97eb8d560cd","__parent":"Amb_2D","position":[359.820007,305.895996,250],"cloneOrigin":"SFX18","locked":true,"rotationMatrix":[0.0607123375,0.998155296,0,-0.998155296,0.0607123375,0,0,0,1],"scale":[193.373001,158.087997,1000],"soundAmbience":"Amb_EC_Field"}
{"name":"Field_004","class":"SFXSpace","persistentId":"370e9952-b1b8-4bc9-ad0d-6fe1fb5e2764","__parent":"Amb_2D","position":[573.064026,734.888977,250],"cloneOrigin":"SFX11","locked":true,"rotationMatrix":[-0.771890879,0.635755122,0,-0.635755122,-0.771890879,0,0,0,1],"scale":[224.815994,169.647995,1000],"soundAmbience":"Amb_EC_Field"}
{"name":"Field_005","class":"SFXSpace","persistentId":"3c54abdd-1dcf-4515-a54c-b5fe237a8a42","__parent":"Amb_2D","position":[390.820007,658.453003,250],"cloneOrigin":"SFX12","locked":true,"rotationMatrix":[0.265865743,0.96401006,0,-0.96401006,0.265865743,0,0,0,1],"scale":[117.251999,56.9410019,1000],"soundAmbience":"Amb_EC_Field"}
{"name":"Field_006","class":"SFXSpace","persistentId":"b117ace7-e8c0-405c-81c6-fd79cac99656","__parent":"Amb_2D","position":[457.411011,780.557007,250],"cloneOrigin":"SFX10","locked":true,"rotationMatrix":[-0.999966145,-0.00822025351,0,0.00822025351,-0.999966145,0,0,0,1],"scale":[175.830002,151.716995,1000],"soundAmbience":"Amb_EC_Field"}
{"name":"Field_007","class":"SFXSpace","persistentId":"fc4c4d9a-6582-4b19-bce8-6174564409f6","__parent":"Amb_2D","position":[668.281006,645.156982,250],"cloneOrigin":"SFX8","locked":true,"rotationMatrix":[-0.986566544,-0.163360104,0,0.163360104,-0.986566544,0,0,0,1],"scale":[227.906998,151.716995,1000],"soundAmbience":"Amb_EC_Field"}
{"name":"Field_008","class":"SFXSpace","persistentId":"834fc5a2-0b13-4620-ad84-0166cc7786c2","__parent":"Amb_2D","position":[422.96701,416.377991,250],"cloneOrigin":"SFX19","locked":true,"rotationMatrix":[-0.298041224,0.954553008,0,-0.954553008,-0.298041224,0,0,0,1],"scale":[332.701996,112.289001,1000],"soundAmbience":"Amb_EC_Field"}
{"name":"Field_009","class":"SFXSpace","persistentId":"42b79546-1a3b-4ce0-b73d-d5fc4e25b3be","__parent":"Amb_2D","position":[830.695007,80.9888992,250],"cloneOrigin":"SFX20","locked":true,"rotationMatrix":[-0.0117717981,0.99993068,0,-0.99993068,-0.0117717981,0,0,0,1],"scale":[347.52301,117.573997,1000],"soundAmbience":"Amb_EC_Field"}
{"name":"Field_01","class":"SFXSpace","persistentId":"c3b9f915-3909-43ee-a973-9f15159feb68","__parent":"Amb_2D","position":[500.295013,131.360992,250],"cloneOrigin":"SFX24","locked":true,"rotationMatrix":[-0.334070325,0.942548215,0,-0.942548215,-0.334070325,0,0,0,1],"scale":[136.871994,135.175003,1000],"soundAmbience":"Amb_EC_Field"}
{"name":"Field_010","class":"SFXSpace","persistentId":"3ebed7d5-b01b-4a3b-929d-78f1050f0d81","__parent":"Amb_2D","position":[721.176025,130.828003,250],"cloneOrigin":"SFX21","locked":true,"rotationMatrix":[-0.210147738,0.977669656,0,-0.977669656,-0.210147738,0,0,0,1],"scale":[347.52301,141.701004,1000],"soundAmbience":"Amb_EC_Field"}
{"name":"Field_011","class":"SFXSpace","persistentId":"bf674683-6a8f-4a28-9085-31c76d5f7252","__parent":"Amb_2D","position":[294.605011,164.623001,250],"cloneOrigin":"SFX19","locked":true,"rotationMatrix":[-0.112478375,0.993654132,0,-0.993654132,-0.112478375,0,0,0,1],"scale":[119.474998,56.2366982,1000],"soundAmbience":"Amb_EC_Field"}
{"name":"Field_012","class":"SFXSpace","persistentId":"1efa9d45-b7ee-4908-b96f-707bffdc6281","__parent":"Amb_2D","position":[392.315002,94.2363968,250],"cloneOrigin":"SFX23","locked":true,"rotationMatrix":[-0.214820743,0.976653516,0,-0.976653516,-0.214820743,0,0,0,1],"scale":[145.496994,135.175003,1000],"soundAmbience":"Amb_EC_Field"}
{"name":"Field_02","class":"SFXSpace","persistentId":"ab69466d-ab85-4b02-ab36-8941b21d7433","__parent":"Amb_2D","position":[-560.419006,290.480011,250],"cloneOrigin":"Open_Field_13","locked":true,"rotationMatrix":[-0.689960718,0.723846793,0,-0.723846793,-0.689960718,0,0,0,1],"scale":[136.871994,138.597,1000],"soundAmbience":"Amb_EC_Field"}
{"name":"Field_03","class":"SFXSpace","persistentId":"d500c458-00e3-4388-9a7f-6d319d3ec0d9","__parent":"Amb_2D","position":[-433.808014,76.8367004,250],"cloneOrigin":"Open_Field_14","locked":true,"rotationMatrix":[-0.639948606,0.768417776,0,-0.768417776,-0.639948606,0,0,0,1],"scale":[360.772003,176.356003,1000],"soundAmbience":"Amb_EC_Field"}
{"name":"Field_04","class":"SFXSpace","persistentId":"db9d0488-74e9-4548-befa-3300c7340e0b","__parent":"Amb_2D","position":[-607.25,211.649002,250],"cloneOrigin":"Open_Field_14","locked":true,"rotationMatrix":[-0.689960718,0.723846793,0,-0.723846793,-0.689960718,0,0,0,1],"scale":[175.085999,112.110001,1000],"soundAmbience":"Amb_EC_Field"}
{"name":"Field_05","class":"SFXSpace","persistentId":"67316f05-31a9-45c6-8b94-254d03626b1d","__parent":"Amb_2D","position":[-230.283997,-149.238007,250],"cloneOrigin":"Open_Field_15","locked":true,"rotationMatrix":[-0.689985752,0.723822951,0,-0.723822951,-0.689985752,0,0,0,1],"scale":[313.858002,176.356003,1000],"soundAmbience":"Amb_EC_Field"}
{"name":"Field_06","class":"SFXSpace","persistentId":"08a86422-40c6-49f0-ba37-318663734200","__parent":"Amb_2D","position":[-558.664001,88.5726013,250],"cloneOrigin":"Open_Field_17","locked":true,"rotationMatrix":[-0.271927714,0.962317705,0,-0.962317705,-0.271927714,0,0,0,1],"scale":[313.858002,160.520996,1000],"soundAmbience":"Amb_EC_Field"}
{"name":"Field_07","class":"SFXSpace","persistentId":"9df37913-f0a3-4ce1-a752-15e2d1ba254a","__parent":"Amb_2D","position":[-547.963989,-173.182007,250],"cloneOrigin":"Open_Field_18","locked":true,"rotationMatrix":[0.587528169,0.809203744,0,-0.809203744,0.587528169,0,0,0,1],"scale":[336.484009,288.032013,1000],"soundAmbience":"Amb_EC_Field"}
{"name":"Field_08","class":"SFXSpace","persistentId":"be884d71-c598-445e-ae9f-eed7984f9841","__parent":"Amb_2D","position":[-410.763,-385.902008,250],"cloneOrigin":"Open_Field_19","locked":true,"rotationMatrix":[0.700042248,0.714101434,0,-0.714101434,0.700042248,0,0,0,1],"scale":[440.80899,250.207001,1000],"soundAmbience":"Amb_EC_Field"}
{"name":"Field_09","class":"SFXSpace","persistentId":"e65802b3-7fa6-45ba-8ff6-9471bbff4511","__parent":"Amb_2D","position":[-660.552979,-351.768005,250],"cloneOrigin":"Open_Field_20","locked":true,"rotationMatrix":[0.191525042,0.981487751,0,-0.981487751,0.191525042,0,0,0,1],"scale":[266.975006,244.699997,1000],"soundAmbience":"Amb_EC_Field"}
{"name":"Field_1","class":"SFXSpace","persistentId":"bede8804-2dea-4244-81b1-a573515eb478","__parent":"Amb_2D","position":[815.113037,181.637909,250],"cloneOrigin":"Open_Field_28","locked":true,"rotationMatrix":[-0.208102375,0.978107631,0,-0.978107631,-0.208102375,0,0,0,1],"scale":[92.6169357,121.067383,1000],"soundAmbience":"Amb_EC_Field"}
{"name":"Field_10","class":"SFXSpace","persistentId":"28a4dbf2-767b-43a0-add2-634292f420e4","__parent":"Amb_2D","position":[-668.979004,-546.531982,250],"cloneOrigin":"Open_Field_21","locked":true,"rotationMatrix":[0.191525042,0.981487751,0,-0.981487751,0.191525042,0,0,0,1],"scale":[266.975006,244.699997,1000],"soundAmbience":"Amb_EC_Field"}
{"name":"Field_11","class":"SFXSpace","persistentId":"6d3a6208-2a1b-4f18-b477-084aa2bafb18","__parent":"Amb_2D","position":[-459.910004,-569.682007,250],"cloneOrigin":"Open_Field_22","locked":true,"rotationMatrix":[0.37860465,0.925558507,0,-0.925558507,0.37860465,0,0,0,1],"scale":[462.244995,244.699997,1000],"soundAmbience":"Amb_EC_Field"}
{"name":"Field_12","class":"SFXSpace","persistentId":"4324d5fc-749a-4265-8893-3b6af18d7318","__parent":"Amb_2D","position":[-181.807007,-457.429993,250],"cloneOrigin":"Open_Field_23","locked":true,"rotationMatrix":[-0.962969661,0.269609451,0,-0.269609451,-0.962969661,0,0,0,1],"scale":[212.878998,164.858002,1000],"soundAmbience":"Amb_EC_Field"}
{"name":"Field_13","class":"SFXSpace","persistentId":"5e316401-0567-4410-8cf9-8fe0d4c19473","__parent":"Amb_2D","position":[-352.963013,-524.224976,250],"cloneOrigin":"Open_Field_24","locked":true,"rotationMatrix":[-0.962969661,0.269609451,0,-0.269609451,-0.962969661,0,0,0,1],"scale":[212.878998,164.858002,1000],"soundAmbience":"Amb_EC_Field"}
{"name":"Field_14","class":"SFXSpace","persistentId":"1e4d7ec3-34de-4939-8307-a9344471f70c","__parent":"Amb_2D","position":[-698.242981,-787.898987,250],"cloneOrigin":"Open_Field_22","locked":true,"rotationMatrix":[0.0112535954,0.9999367,0,-0.9999367,0.0112535954,0,0,0,1],"scale":[306.763,196.598007,1000],"soundAmbience":"Amb_EC_Field"}
{"name":"Field_15","class":"SFXSpace","persistentId":"5b640b59-3f7d-41b3-9744-4abd98995871","__parent":"Amb_2D","position":[-474.306,-920.85199,250],"cloneOrigin":"Open_Field_25","locked":true,"rotationMatrix":[-0.99149251,0.130162925,0,-0.130162925,-0.99149251,0,0,0,1],"scale":[274.35199,138.154007,1000],"soundAmbience":"Amb_EC_Field"}
{"name":"Field_16","class":"SFXSpace","persistentId":"dba6a312-fb42-4ce7-91d7-0d568329d028","__parent":"Amb_2D","position":[-477.403992,-835.122986,250],"cloneOrigin":"Open_Field_26","locked":true,"rotationMatrix":[-0.99149251,0.130162925,0,-0.130162925,-0.99149251,0,0,0,1],"scale":[296.907013,138.154007,1000],"soundAmbience":"Amb_EC_Field"}
{"name":"Field_17","class":"SFXSpace","persistentId":"56b586f2-ff66-4db1-bbb0-4263d6c32383","__parent":"Amb_2D","position":[-112.863998,-393.153015,250],"cloneOrigin":"Open_Field_24","locked":true,"rotationMatrix":[-0.67099607,0.741460919,0,-0.741460919,-0.67099607,0,0,0,1],"scale":[212.878998,168.341003,1000],"soundAmbience":"Amb_EC_Field"}
{"name":"Field_18","class":"SFXSpace","persistentId":"6cabb20f-9575-45e8-85f2-137df9dcb599","__parent":"Amb_2D","position":[29.8253994,-534.349976,250],"cloneOrigin":"Open_Field_28","locked":true,"rotationMatrix":[-0.524758339,0.851251304,0,-0.851251304,-0.524758339,0,0,0,1],"scale":[214.136002,89.591301,1000],"soundAmbience":"Amb_EC_Field"}
{"name":"Field_2","class":"SFXSpace","persistentId":"95b8aa8f-cc7d-4775-931c-28714aec4678","__parent":"Amb_2D","position":[815.195435,51.9941483,250],"cloneOrigin":"Open_Field_28","locked":true,"rotationMatrix":[-0.00424026139,0.999991596,0,-0.999991596,-0.00424026139,0,0,0,1],"scale":[195.352142,136.075684,1000],"soundAmbience":"Amb_EC_Field"}
{"name":"Field_3","class":"SFXSpace","persistentId":"268afb67-11ac-4aaa-9e35-8fe4d3c44550","__parent":"Amb_2D","position":[826.601501,-60.785347,250],"cloneOrigin":"Open_Field_28","locked":true,"rotationMatrix":[-0.00424026139,0.999991596,0,-0.999991596,-0.00424026139,0,0,0,1],"scale":[61.415863,113.215515,1000],"soundAmbience":"Amb_EC_Field"}
{"name":"Field_4","class":"SFXSpace","persistentId":"cb0e1794-b26f-4289-af6b-cce17af4a5ca","__parent":"Amb_2D","position":[-191.604599,-547.825562,250],"cloneOrigin":"Open_Field_28","locked":true,"rotationMatrix":[0.211336598,0.977413535,0,-0.977413535,0.211336598,0,0,0,1],"scale":[61.415863,138.110977,1000],"soundAmbience":"Amb_EC_Field"}
{"name":"Field_5","class":"SFXSpace","persistentId":"9ea96f7b-ecc2-4373-8bd7-66c1bf6e3492","__parent":"Amb_2D","position":[-76.667923,-530.060059,250],"cloneOrigin":"Open_Field_28","locked":true,"rotationMatrix":[0.0746816546,0.997207582,0,-0.997207582,0.0746816546,0,0,0,1],"scale":[118.574577,95.5606918,1000],"soundAmbience":"Amb_EC_Field"}
{"name":"Field_6","class":"SFXSpace","persistentId":"20757582-db78-4c72-80c8-bbbaaf5cb8e6","__parent":"Amb_2D","position":[1.45612121,-567.377869,250],"cloneOrigin":"Open_Field_28","locked":true,"rotationMatrix":[0.357787073,0.933803439,0,-0.933803439,0.357787073,0,0,0,1],"scale":[76.0427017,95.5606918,1000],"soundAmbience":"Amb_EC_Field"}
{"name":"Field_7","class":"SFXSpace","persistentId":"03e75f5a-2642-42e7-b6d1-6f557b835ecb","__parent":"Amb_2D","position":[301.10144,463.427948,250],"cloneOrigin":"Open_Field_28","locked":true,"rotationMatrix":[0.9409132,0.338648915,0,-0.338648915,0.9409132,0,0,0,1],"scale":[105.940781,168.042679,1000],"soundAmbience":"Amb_EC_Field"}
{"name":"Forest_Coast_01","class":"SFXSpace","persistentId":"805b6adc-515b-4b64-9561-ddfc9e9bfb90","__parent":"Amb_2D","position":[931.29303,434.601013,250],"locked":true,"rotationMatrix":[-0.206016421,0.978548527,0,-0.978548527,-0.206016421,0,0,0,1],"scale":[545.299988,211.057007,1000],"soundAmbience":"Amb_EC_Forest_Coast"}
{"name":"Forest_Coast_02","class":"SFXSpace","persistentId":"1b4b4487-18f6-47ca-bb0c-5fe3c73e36f7","__parent":"Amb_2D","position":[984.768982,-121.550003,250],"locked":true,"rotationMatrix":[-0.00190269947,0.999998152,0,-0.999998152,-0.00190269947,0,0,0,1],"scale":[579.223022,203.393005,1000],"soundAmbience":"Amb_EC_Forest_Coast"}
{"name":"Forest_Coast_03","class":"SFXSpace","persistentId":"8a82ea83-0134-4012-b1d7-161db83f2d06","__parent":"Amb_2D","position":[965.950012,-476.684998,250],"locked":true,"rotationMatrix":[-0.0140548944,0.999901295,0,-0.999901295,-0.0140548944,0,0,0,1],"scale":[153.701996,150.072998,1000],"soundAmbience":"Amb_EC_Forest_Coast"}
{"name":"Forest_Coast_04","class":"SFXSpace","persistentId":"a7d2d757-ddca-42e9-bdf1-77d3c77eb905","__parent":"Amb_2D","position":[941.890015,-636.85199,250],"cloneOrigin":"QP850_or_QP856_3","locked":true,"rotationMatrix":[0.451651514,0.89219445,0,-0.89219445,0.451651514,0,0,0,1],"scale":[261.239014,151.643005,1000],"soundAmbience":"Amb_EC_Forest_Coast"}
{"name":"Forest_Coast_05","class":"SFXSpace","persistentId":"81a3ace5-48c7-4f2c-80a2-b3b8ce7ec5fb","__parent":"Amb_2D","position":[868.346008,-885.557007,250],"cloneOrigin":"QP850_or_QP856_4","locked":true,"rotationMatrix":[0.630262613,0.776382029,0,-0.776382029,0.630262613,0,0,0,1],"scale":[261.239014,151.643005,1000],"soundAmbience":"Amb_EC_Forest_Coast"}
{"name":"Forest_Coast_06","class":"SFXSpace","persistentId":"cd355fda-299e-4839-b9d5-94945e752d22","__parent":"Amb_2D","position":[651.083008,-950.286011,250],"cloneOrigin":"QP850_or_QP856_5","locked":true,"rotationMatrix":[0.999680996,0.0252563059,0,-0.0252563059,0.999680996,0,0,0,1],"scale":[222.350998,83.2810974,1000],"soundAmbience":"Amb_EC_Forest_Coast"}
{"name":"Forest_Coast_07","class":"SFXSpace","persistentId":"ec38667c-7ac4-420d-a55a-12b226c679c8","__parent":"Amb_2D","position":[433.514008,-963.228027,250],"cloneOrigin":"QP850_or_QP856_6","locked":true,"rotationMatrix":[0.999680996,0.0252563059,0,-0.0252563059,0.999680996,0,0,0,1],"scale":[222.350998,83.2810974,1000],"soundAmbience":"Amb_EC_Forest_Coast"}
{"name":"Forest_Coast_08","class":"SFXSpace","persistentId":"9d5b8d1b-73db-43b6-aa10-d36e6cbab8f8","__parent":"Amb_2D","position":[213.153,-973.005981,250],"cloneOrigin":"QP850_or_QP856_7","locked":true,"rotationMatrix":[0.999680996,0.0252563059,0,-0.0252563059,0.999680996,0,0,0,1],"scale":[222.350998,83.2810974,1000],"soundAmbience":"Amb_EC_Forest_Coast"}
{"name":"Forest_Coast_09","class":"SFXSpace","persistentId":"93309e0d-94fb-4a35-8926-f77a6ec4b843","__parent":"Amb_2D","position":[79.3700027,-958.570984,250],"cloneOrigin":"QP850_or_QP856_8","locked":true,"rotationMatrix":[0.494207501,-0.869343936,0,0.869343936,0.494207501,0,0,0,1],"scale":[183.444,100.883003,1000],"soundAmbience":"Amb_EC_Forest_Coast"}
{"name":"Forest_Main_001","class":"SFXSpace","persistentId":"2f277cee-020c-4c04-a246-8f565e8a65aa","__parent":"Amb_2D","position":[842.973022,790.650024,250],"cloneOrigin":"SFX","locked":true,"rotationMatrix":[-0.978985071,-0.203932062,0,0.203932062,-0.978985071,0,0,0,1],"scale":[175.630997,191.363007,1000],"soundAmbience":"Amb_EC_Forest_Main"}
{"name":"Forest_Main_002","class":"SFXSpace","persistentId":"6df63ed2-11e9-4dbd-b796-57e15b05f13e","__parent":"Amb_2D","position":[720.135986,836.094971,250],"cloneOrigin":"SFX1","locked":true,"rotationMatrix":[-0.63632071,-0.771424592,0,0.771424592,-0.63632071,0,0,0,1],"scale":[175.630997,290.855988,1000],"soundAmbience":"Amb_EC_Forest_Main"}
{"name":"Forest_Main_003","class":"SFXSpace","persistentId":"fb17a2c7-9df5-471f-9abc-b0b12c9624e0","__parent":"Amb_2D","position":[156.136002,940.924011,250],"cloneOrigin":"SFX","locked":true,"rotationMatrix":[-0.999896526,-0.0143808257,0,0.0143808257,-0.999896526,0,0,0,1],"scale":[489.317993,186.347,1000],"soundAmbience":"Amb_EC_Forest_Main"}
{"name":"Forest_Main_004","class":"SFXSpace","persistentId":"f70241b3-a059-4c4b-999c-f9e7656a120d","__parent":"Amb_2D","position":[144.666,773.372986,250],"cloneOrigin":"SFX","locked":true,"rotationMatrix":[-0.999994278,-0.00338592683,0,0.00338592683,-0.999994278,0,0,0,1],"scale":[453.522003,159.229996,1000],"soundAmbience":"Amb_EC_Forest_Main"}
{"name":"Forest_Main_005","class":"SFXSpace","persistentId":"8ec3937c-e446-424c-86f3-6149a3fb761f","__parent":"Amb_2D","position":[509.700012,423.397003,250],"cloneOrigin":"QP850_or_QP856_2","locked":true,"rotationMatrix":[-0.298591256,0.954381049,0,-0.954381049,-0.298591256,0,0,0,1],"scale":[524.111023,60.8804016,1000],"soundAmbience":"Amb_EC_Forest_Main"}
{"name":"Forest_Main_006","class":"SFXSpace","persistentId":"80411440-a73b-4a8b-a802-55d85d7400ba","__parent":"Amb_2D","position":[466.404999,666.387024,250],"cloneOrigin":"SDX55","locked":true,"rotationMatrix":[-0.960895181,0.276912451,0,-0.276912451,-0.960895181,0,0,0,1],"scale":[87.1248016,60.8804016,1000],"soundAmbience":"Amb_EC_Forest_Main"}
{"name":"Forest_Main_007","class":"SFXSpace","persistentId":"c110284e-a9d5-4010-ae3a-c2f179274a3b","__parent":"Amb_2D","position":[526.163025,615.166016,250],"cloneOrigin":"SDX1","locked":true,"rotationMatrix":[0.437542677,0.899197638,0,-0.899197638,0.437542677,0,0,0,1],"scale":[93.8159027,110.204002,1000],"soundAmbience":"Amb_EC_Forest_Main"}
{"name":"Forest_Main_008","class":"SFXSpace","persistentId":"06630958-5015-450e-8d8e-7731fccad673","__parent":"Amb_2D","position":[524.379028,501.096008,250],"cloneOrigin":"SDX2","locked":true,"rotationMatrix":[0.991246045,0.132027552,0,-0.132027552,0.991246045,0,0,0,1],"scale":[47.2247009,248.345993,1000],"soundAmbience":"Amb_EC_Forest_Main"}
{"name":"Forest_Main_009","class":"SFXSpace","persistentId":"0ea5afdc-4b79-4a34-b7d9-376ee8ecc3c8","__parent":"Amb_2D","position":[621.460999,95.0279007,250],"cloneOrigin":"SDX55","locked":true,"rotationMatrix":[-0.339246988,0.940697312,0,-0.940697312,-0.339246988,0,0,0,1],"scale":[178.076004,87.7614975,1000],"soundAmbience":"Amb_EC_Forest_Main"}
{"name":"Forest_Main_01","class":"SFXSpace","persistentId":"ff798698-0918-4acf-871f-3c83236ccc20","__parent":"Amb_2D","position":[323.803986,660.140991,250],"cloneOrigin":"SFX","locked":true,"rotationMatrix":[-0.179145455,-0.983822584,0,0.983822584,-0.179145455,0,0,0,1],"scale":[67.7754974,79.6546021,1000],"soundAmbience":"Amb_EC_Forest_Main"}
{"name":"Forest_Main_010","class":"SFXSpace","persistentId":"aad0cd6f-23a0-4734-b046-d5714774569c","__parent":"Amb_2D","position":[655.547974,14.4773998,250],"cloneOrigin":"SDX4","locked":true,"rotationMatrix":[0.536311507,0.844020128,0,-0.844020128,0.536311507,0,0,0,1],"scale":[58.4833984,102.366997,1000],"soundAmbience":"Amb_EC_Forest_Main"}
{"name":"Forest_Main_011","class":"SFXSpace","persistentId":"90fdecb5-7715-477f-bb81-385d42943e24","__parent":"Amb_2D","position":[488.48999,225.391006,250],"cloneOrigin":"SDX5","locked":true,"rotationMatrix":[0.500752389,-0.865590572,0,0.865590572,0.500752389,0,0,0,1],"scale":[58.4833984,117.112,1000],"soundAmbience":"Amb_EC_Forest_Main"}
{"name":"Forest_Main_012","class":"SFXSpace","persistentId":"891a27e7-0165-4d99-855a-0f5551daa552","__parent":"Amb_2D","position":[384.352997,191.992996,250],"cloneOrigin":"SDX6","locked":true,"rotationMatrix":[0.0947353244,-0.995502532,0,0.995502532,0.0947353244,0,0,0,1],"scale":[58.4833984,132.505005,1000],"soundAmbience":"Amb_EC_Forest_Main"}
{"name":"Forest_Main_013","class":"SFXSpace","persistentId":"07a8cee5-78af-435e-94cc-f0a433d5d4e6","__parent":"Amb_2D","position":[150.598999,709.452026,250],"cloneOrigin":"Dense_Forest_4","locked":true,"rotationMatrix":[-0.940377235,-0.340133101,0,0.340133101,-0.940377235,0,0,0,1],"scale":[404.604004,192.063995,1000],"soundAmbience":"Amb_EC_Forest_Main"}
{"name":"Forest_Main_014","class":"SFXSpace","persistentId":"16ef83da-02a6-4b4f-b566-a2fdbeafaa49","__parent":"Amb_2D","position":[-145.207993,650.031982,250],"cloneOrigin":"Dense_Forest_4","locked":true,"rotationMatrix":[-0.999994278,-0.00338592683,0,0.00338592683,-0.999994278,0,0,0,1],"scale":[320.118011,99.1587982,1000],"soundAmbience":"Amb_EC_Forest_Main"}
{"name":"Forest_Main_015","class":"SFXSpace","persistentId":"ee91424d-dd61-4980-89b1-681a29c446f8","__parent":"Amb_2D","position":[-115.001999,701.281982,250],"cloneOrigin":"Dense_Forest_14","locked":true,"rotationMatrix":[-0.919032216,-0.394182324,0,0.394182324,-0.919032216,0,0,0,1],"scale":[209.845993,83.6687012,1000],"soundAmbience":"Amb_EC_Forest_Main"}
{"name":"Forest_Main_016","class":"SFXSpace","persistentId":"397f69dd-c42d-4aa5-b152-48dde13ab3d1","__parent":"Amb_2D","position":[-83.5911026,839.232971,250],"cloneOrigin":"Dense_Forest_3","locked":true,"rotationMatrix":[-0.508275151,0.86119473,0,-0.86119473,-0.508275151,0,0,0,1],"scale":[193.223007,147.807999,1000],"soundAmbience":"Amb_EC_Forest_Main"}
{"name":"Forest_Main_017","class":"SFXSpace","persistentId":"22720c58-1e39-49a3-84ef-74fe263c35a9","__parent":"Amb_2D","position":[16.5373993,-49.2691002,250],"cloneOrigin":"SFX12","locked":true,"rotationMatrix":[0.483513534,-0.875336885,0,0.875336885,0.483513534,0,0,0,1],"scale":[212.914001,112.329002,1000],"soundAmbience":"Amb_EC_Forest_Main"}
{"name":"Forest_Main_018","class":"SFXSpace","persistentId":"4cb806b1-0a2b-4f64-8ed7-1f188b8b547e","__parent":"Amb_2D","position":[-133.990005,508.246002,250],"cloneOrigin":"SFX9","locked":true,"rotationMatrix":[-0.8147434,-0.579821587,0,0.579821587,-0.8147434,0,0,0,1],"scale":[324.269012,94.3366013,1000],"soundAmbience":"Amb_EC_Forest_Main"}
{"name":"Forest_Main_019","class":"SFXSpace","persistentId":"2b809dd0-bbac-4506-87b7-571e71fcb0bd","__parent":"Amb_2D","position":[-229.832001,459.257996,250],"cloneOrigin":"Dense_Forest_14","locked":true,"rotationMatrix":[-0.64926219,-0.760564685,0,0.760564685,-0.64926219,0,0,0,1],"scale":[439.588013,112.125999,1000],"soundAmbience":"Amb_EC_Forest_Main"}
{"name":"Forest_Main_02","class":"SFXSpace","persistentId":"a7ecbbe4-07bb-4c88-ad71-346a8fd439a0","__parent":"Amb_2D","position":[267.934998,612.46698,250],"cloneOrigin":"SFX1","locked":true,"rotationMatrix":[0.327323496,-0.944912374,0,0.944912374,0.327323496,0,0,0,1],"scale":[67.7754974,150.188995,1000],"soundAmbience":"Amb_EC_Forest_Main"}
{"name":"Forest_Main_020","class":"SFXSpace","persistentId":"95dd3454-5738-45b4-bc3f-4d43d4eb6412","__parent":"Amb_2D","position":[-144.973999,257.540009,250],"cloneOrigin":"SFX9","locked":true,"rotationMatrix":[0.579734981,-0.81480509,0,0.81480509,0.579734981,0,0,0,1],"scale":[322.941986,112.125999,1000],"soundAmbience":"Amb_EC_Forest_Main"}
{"name":"Forest_Main_021","class":"SFXSpace","persistentId":"d792f87d-99c4-4713-9d6b-933fcc9e6d46","__parent":"Amb_2D","position":[-73.8751984,73.1029968,250],"cloneOrigin":"SFX13","locked":true,"rotationMatrix":[0.545354962,-0.838205218,0,0.838205218,0.545354962,0,0,0,1],"scale":[112.394997,85.6004028,1000],"soundAmbience":"Amb_EC_Forest_Main"}
{"name":"Forest_Main_022","class":"SFXSpace","persistentId":"9a8fedbe-4350-44d8-8d3e-bfc3e76162d8","__parent":"Amb_2D","position":[-232.429993,204.863998,250],"cloneOrigin":"SFX15","locked":true,"rotationMatrix":[0.646844268,-0.762622118,0,0.762622118,0.646844268,0,0,0,1],"scale":[420.252014,122.780998,1000],"soundAmbience":"Amb_EC_Forest_Main"}
{"name":"Forest_Main_023","class":"SFXSpace","persistentId":"c836ffc2-ce91-43b2-8e4a-715e22e74573","__parent":"Amb_2D","position":[-166.600998,41.6692009,250],"cloneOrigin":"SFX20","locked":true,"rotationMatrix":[0.6530509,-0.757314026,0,0.757314026,0.6530509,0,0,0,1],"scale":[219.856003,71.5062027,1000],"soundAmbience":"Amb_EC_Forest_Main"}
{"name":"Forest_Main_024","class":"SFXSpace","persistentId":"05d823b6-4a54-4f88-b757-b18093b34060","__parent":"Amb_2D","position":[-30.4740009,-75.9726028,250],"cloneOrigin":"SFX13","locked":true,"rotationMatrix":[0.599090517,-0.800681293,0,0.800681293,0.599090517,0,0,0,1],"scale":[278.897003,32.6027985,1000],"soundAmbience":"Amb_EC_Forest_Main"}
{"name":"Forest_Main_029","class":"SFXSpace","persistentId":"3e260d20-6330-41da-8d92-15490929926b","__parent":"Amb_2D","position":[801.432922,986.741638,250],"cloneOrigin":"QP850_1","locked":true,"rotationMatrix":[-0.700091124,-0.71405381,0,0.71405381,-0.700091124,0,0,0,1],"scale":[175.630997,332.300385,1000],"soundAmbience":"Amb_EC_Forest_Main"}
{"name":"Forest_Main_03","class":"SFXSpace","persistentId":"b2e3038a-daf1-4a76-a49c-9a4042ba4fdf","__parent":"Amb_2D","position":[274.778992,561.737976,250],"cloneOrigin":"SFX4","locked":true,"rotationMatrix":[0.943486094,0.331412107,0,-0.331412107,0.943486094,0,0,0,1],"scale":[129.001007,34.5765991,1000],"soundAmbience":"Amb_EC_Forest_Main"}
{"name":"Forest_Main_030","class":"SFXSpace","persistentId":"e068bc7a-93c2-4bd1-8c37-8e491604103f","__parent":"Amb_2D","position":[529.765137,940.420288,250],"cloneOrigin":"QP850_29","locked":true,"rotationMatrix":[-0.00498327706,-0.999987245,0,0.999987245,-0.00498327706,0,0,0,1],"scale":[175.630997,332.300385,1000],"soundAmbience":"Amb_EC_Forest_Main"}
{"name":"Forest_River_01","class":"SFXSpace","persistentId":"bcbcc777-d6e3-4aa8-a085-7c647611598a","__parent":"Amb_2D","position":[-939.171021,169.985001,250],"cloneOrigin":"Riverside_9","locked":true,"rotationMatrix":[0.219851255,-0.975533426,0,0.975533426,0.219851255,0,0,0,1],"scale":[579.156982,229.580002,1000],"soundAmbience":"Amb_EC_Forest_River"}
{"name":"Forest_River_02","class":"SFXSpace","persistentId":"762efbee-e1f7-494c-a35c-50e7ffc02c4d","__parent":"Amb_2D","position":[-919.396973,-508.27301,250],"cloneOrigin":"Riverside_5","locked":true,"rotationMatrix":[-0.00144863129,-0.999998927,0,0.999998927,-0.00144863129,0,0,0,1],"scale":[1000,252.764008,1000],"soundAmbience":"Amb_EC_Forest_River"}
{"name":"Forest_River_1","class":"SFXSpace","persistentId":"aba96b3d-a8a8-4074-aa9f-34c9f08f3536","__parent":"Amb_2D","position":[-814.803467,-56.0181885,250],"cloneOrigin":"Riverside_9","locked":true,"rotationMatrix":[-0.5920223,-0.805922031,0,0.805922031,-0.5920223,0,0,0,1],"scale":[276.134827,282.026093,1000],"soundAmbience":"Amb_EC_Forest_River"}
{"name":"Forest_River_2","class":"SFXSpace","persistentId":"974dc0a3-239b-4c62-bcee-0e959211ffe4","__parent":"Amb_2D","position":[-795.177368,-299.526581,250],"cloneOrigin":"Riverside_9","locked":true,"rotationMatrix":[-0.194537312,-0.980895162,0,0.980895162,-0.194537312,0,0,0,1],"scale":[212.633331,41.4262619,1000],"soundAmbience":"Amb_EC_Forest_River"}
{"name":"Forest_River_701","class":"SFXSpace","persistentId":"8e040315-f2b9-464f-b5df-fc4893b078ef","__parent":"Amb_2D","position":[-547.434021,987.895996,250],"cloneOrigin":"SFX3","locked":true,"rotationMatrix":[-0.999507189,-0.0313932896,0,0.0313932896,-0.999507189,0,0,0,1],"scale":[922.44397,168.567001,1000],"soundAmbience":"Amb_EC_Forest_River"}
{"name":"Forest_River_705","class":"SFXSpace","persistentId":"3be17684-5356-4faf-ab76-2adc59c7f827","__parent":"Amb_2D","position":[-370.248993,894.31897,250],"cloneOrigin":"SFX14","locked":true,"rotationMatrix":[-0.969170809,-0.246390089,0,0.246390089,-0.969170809,0,0,0,1],"scale":[122.342003,99.4844971,1000],"soundAmbience":"Amb_EC_Forest_River"}
{"name":"Forest_River_706","class":"SFXSpace","persistentId":"afef8048-3da7-4e18-bb31-3e1322bb8b6b","__parent":"Amb_2D","position":[-735.169983,804.242004,250],"cloneOrigin":"SFX5","locked":true,"rotationMatrix":[-0.999507189,-0.0313932896,0,0.0313932896,-0.999507189,0,0,0,1],"scale":[672.650024,207.973007,1000],"soundAmbience":"Amb_EC_Forest_River"}
{"name":"Forest_River_707","class":"SFXSpace","persistentId":"a83d1831-6741-4a53-ac97-1fa9c19f24b9","__parent":"Amb_2D","position":[-381.798004,810.502014,250],"cloneOrigin":"SFX13","locked":true,"rotationMatrix":[-0.692369938,-0.721542597,0,0.721542597,-0.692369938,0,0,0,1],"scale":[191.957993,79.7518005,1000],"soundAmbience":"Amb_EC_Forest_River"}
{"name":"Forest_River_708","class":"SFXSpace","persistentId":"a05e5c9b-bd5e-474f-97f8-af7f44ef15f9","__parent":"Amb_2D","position":[-725.231018,618.840027,250],"cloneOrigin":"SFX4","locked":true,"rotationMatrix":[-0.999507189,-0.0313932896,0,0.0313932896,-0.999507189,0,0,0,1],"scale":[672.650024,189.531006,1000],"soundAmbience":"Amb_EC_Forest_River"}
{"name":"Forest_River_709","class":"SFXSpace","persistentId":"1ca94229-0f5e-494b-816a-beda56e380df","__parent":"Amb_2D","position":[-223.048996,914.848999,250],"cloneOrigin":"SFX4","locked":true,"rotationMatrix":[-0.898633242,-0.438700438,0,0.438700438,-0.898633242,0,0,0,1],"scale":[191.957993,79.7518005,1000],"soundAmbience":"Amb_EC_Forest_River"}
{"name":"Forest_River_710","class":"SFXSpace","persistentId":"ded57cb5-066d-4c0e-b44c-a53f3ab1de46","__parent":"Amb_2D","position":[-627.146973,535.237976,250],"cloneOrigin":"SFX5","locked":true,"rotationMatrix":[-0.870071769,0.492925048,0,-0.492925048,-0.870071769,0,0,0,1],"scale":[379.912994,215.876999,1000],"soundAmbience":"Amb_EC_Forest_River"}
{"name":"Forest_River_711","class":"SFXSpace","persistentId":"6b21c681-a2e8-4cdc-af17-b376b78cd251","__parent":"Amb_2D","position":[-897.796997,505.32901,250],"cloneOrigin":"SFX6","locked":true,"rotationMatrix":[-0.993631005,-0.112682745,0,0.112682745,-0.993631005,0,0,0,1],"scale":[306.088013,74.5061035,1000],"soundAmbience":"Amb_EC_Forest_River"}
{"name":"Forest_River_712","class":"SFXSpace","persistentId":"f176e236-4db5-4677-9218-ada02ea74719","__parent":"Amb_2D","position":[-757.637024,208.531998,250],"cloneOrigin":"Riverside_2","locked":true,"rotationMatrix":[-0.95701623,-0.290034205,0,0.290034205,-0.95701623,0,0,0,1],"scale":[155.751999,582.810974,1000],"soundAmbience":"Amb_EC_Forest_River"}
{"name":"Forest_River_713","class":"SFXSpace","persistentId":"b6dc1359-468e-4400-8c49-ff0193808f8d","__parent":"Amb_2D","position":[-699.614014,414.532013,250],"cloneOrigin":"Riverside_11","locked":true,"rotationMatrix":[-0.744847417,-0.667234778,0,0.667234778,-0.744847417,0,0,0,1],"scale":[225.695007,250.768997,1000],"soundAmbience":"Amb_EC_Forest_River"}
{"name":"Forest_Sparse_01","class":"SFXSpace","persistentId":"3c8fc176-7e07-467c-8115-90b3cc12e829","__parent":"Amb_2D","position":[-388.931,224.593002,250],"cloneOrigin":"QP829_045_or_850_1","locked":true,"rotationMatrix":[0.651392817,-0.758740664,0,0.758740664,0.651392817,0,0,0,1],"scale":[350.705994,92.4497986,1000],"soundAmbience":"Amb_EC_Forest_Main"}
{"name":"Forest_Sparse_02","class":"SFXSpace","persistentId":"41645671-c382-42a9-8738-572c3b07776f","__parent":"Amb_2D","position":[-347.384003,463.377014,250],"cloneOrigin":"SFX9","locked":true,"rotationMatrix":[-0.64926219,-0.760564685,0,0.760564685,-0.64926219,0,0,0,1],"scale":[298.93399,74.5213013,1000],"soundAmbience":"Amb_EC_Forest_Main"}
{"name":"Forest_Sparse_03","class":"SFXSpace","persistentId":"0d0ba31d-f4f7-45fa-8cf2-0f936ce43961","__parent":"Amb_2D","position":[-345.996002,602.142029,250],"cloneOrigin":"SFX11","locked":true,"rotationMatrix":[-0.0113706589,-0.999935329,0,0.999935329,-0.0113706589,0,0,0,1],"scale":[271.792999,93.305603,1000],"soundAmbience":"Amb_EC_Forest_Main"}
{"name":"Forest_Sparse_04","class":"SFXSpace","persistentId":"9dcbfa02-1fd0-4d9a-882e-ee5e819301ca","__parent":"Amb_2D","position":[-266.587006,803.250977,250],"cloneOrigin":"SFX12","locked":true,"rotationMatrix":[-0.822948098,-0.568116724,0,0.568116724,-0.822948098,0,0,0,1],"scale":[218.554993,101.791,1000],"soundAmbience":"Amb_EC_Forest_Main"}
{"name":"Forest_Sparse_05","class":"SFXSpace","persistentId":"f2fb0c65-766d-4c60-9de9-36ec97e91723","__parent":"Amb_2D","position":[194.927002,292.813995,250],"cloneOrigin":"Dense_Forest_4","locked":true,"rotationMatrix":[-0.0258193016,-0.999666631,0,0.999666631,-0.0258193016,0,0,0,1],"scale":[153.481003,176.921005,1000],"soundAmbience":"Amb_EC_Forest_Main"}
{"name":"Forest_Sparse_06","class":"SFXSpace","persistentId":"c8072c5a-69a4-490b-9af7-013dd1ef4d5e","__parent":"Amb_2D","position":[148.455994,457.970001,250],"cloneOrigin":"SFX1","locked":true,"rotationMatrix":[0.341774225,-0.939782143,0,0.939782143,0.341774225,0,0,0,1],"scale":[284.80899,185.095001,1000],"soundAmbience":"Amb_EC_Forest_Main"}
{"name":"Forest_Sparse_07","class":"SFXSpace","persistentId":"a0efd6ee-920d-4f85-b3db-6f120324d6c8","__parent":"Amb_2D","position":[250.695007,51.9236984,250],"cloneOrigin":"SFX","locked":true,"rotationMatrix":[0.318041444,-0.948076785,0,0.948076785,0.318041444,0,0,0,1],"scale":[407.348999,148.843994,1000],"soundAmbience":"Amb_EC_Forest_Main"}
{"name":"Forest_Sparse_08","class":"SFXSpace","persistentId":"6049bf35-a164-4987-87af-bc436d845d7e","__parent":"Amb_2D","position":[-63.9623985,294.927002,250],"cloneOrigin":"SFX7","locked":true,"rotationMatrix":[0.577293396,-0.816536844,0,0.816536844,0.577293396,0,0,0,1],"scale":[341.497009,69.6604004,1000],"soundAmbience":"Amb_EC_Forest_Main"}
{"name":"Forest_Sparse_09","class":"SFXSpace","persistentId":"c7cbf0c6-60e3-4cc9-beb1-07beb3ee71c6","__parent":"Amb_2D","position":[37.5830002,364.170013,250],"cloneOrigin":"SFX6","locked":true,"rotationMatrix":[0.577293396,-0.816536844,0,0.816536844,0.577293396,0,0,0,1],"scale":[341.497009,191.395004,1000],"soundAmbience":"Amb_EC_Forest_Main"}
{"name":"Forest_Sparse_1","class":"SFXSpace","persistentId":"def5adda-fc3a-4887-8020-2b06134dc360","__parent":"Amb_2D","position":[383.297729,-55.4916382,250],"cloneOrigin":"Open_Field_44","locked":true,"rotationMatrix":[0.975216568,0.221252561,0,-0.221252561,0.975216568,0,0,0,1],"scale":[60.6803513,144.661148,1000],"soundAmbience":"Amb_EC_Forest_Main"}
{"name":"Forest_Sparse_10","class":"SFXSpace","persistentId":"b870eb16-4e24-4d1b-a649-0d04f3092a57","__parent":"Amb_2D","position":[145.003006,-17.5004997,250],"cloneOrigin":"SFX3","locked":true,"rotationMatrix":[0.387486756,-0.921875238,0,0.921875238,0.387486756,0,0,0,1],"scale":[449.60199,148.843994,1000],"soundAmbience":"Amb_EC_Forest_Main"}
{"name":"Forest_Sparse_11","class":"SFXSpace","persistentId":"b1ebf9b4-bd48-4691-8137-c0f39600737d","__parent":"Amb_2D","position":[-0.0280952007,109.976997,250],"cloneOrigin":"SFX8","locked":true,"rotationMatrix":[-0.835097671,-0.550101757,0,0.550101757,-0.835097671,0,0,0,1],"scale":[82.4777985,101.904999,1000],"soundAmbience":"Amb_EC_Forest_Main"}
{"name":"Forest_Sparse_12","class":"SFXSpace","persistentId":"0d4ceb35-fc09-483f-b51b-366969f47e2a","__parent":"Amb_2D","position":[396.643005,-364.881012,250],"cloneOrigin":"SFX3","locked":true,"rotationMatrix":[0.554307342,-0.832312107,0,0.832312107,0.554307342,0,0,0,1],"scale":[426.416992,183.804001,1000],"soundAmbience":"Amb_EC_Forest_Main"}
{"name":"Forest_Sparse_13","class":"SFXSpace","persistentId":"9be5854a-e438-4e28-ab0f-cfcfb1d99f07","__parent":"Amb_2D","position":[434.402008,-298.647003,250],"cloneOrigin":"SFX22","locked":true,"rotationMatrix":[0.341940105,-0.939721763,0,0.939721763,0.341940105,0,0,0,1],"scale":[381.234985,230.828003,1000],"soundAmbience":"Amb_EC_Forest_Main"}
{"name":"Forest_Sparse_14","class":"SFXSpace","persistentId":"51e5cccd-1e3e-42c6-b4d3-c71c5c2b1541","__parent":"Amb_2D","position":[573.335999,-414.824005,250],"cloneOrigin":"SFX23","locked":true,"rotationMatrix":[0.0146391392,-0.99989289,0,0.99989289,0.0146391392,0,0,0,1],"scale":[391.450989,114.954002,1000],"soundAmbience":"Amb_EC_Forest_Main"}
{"name":"Forest_Sparse_15","class":"SFXSpace","persistentId":"e4060f54-2354-4ae6-947a-b52faabb0592","__parent":"Amb_2D","position":[749.429016,-795.885986,250],"cloneOrigin":"SFX24","locked":true,"rotationMatrix":[0.776759207,-0.629797637,0,0.629797637,0.776759207,0,0,0,1],"scale":[156.766998,217.035995,1000],"soundAmbience":"Amb_EC_Forest_Main"}
{"name":"Forest_Sparse_16","class":"SFXSpace","persistentId":"9b7919ae-54cf-4ae4-92b2-09b33538e99f","__parent":"Amb_2D","position":[226.531006,-382.699005,250],"cloneOrigin":"SFX6","locked":true,"rotationMatrix":[0.660783947,-0.750576198,0,0.750576198,0.660783947,0,0,0,1],"scale":[449.60199,166.070999,1000],"soundAmbience":"Amb_EC_Forest_Main"}
{"name":"Forest_Sparse_17","class":"SFXSpace","persistentId":"e7ad4d8e-a0fe-43c9-8247-36af4c3ddadf","__parent":"Amb_2D","position":[64.8019028,-190.682007,250],"cloneOrigin":"SFX11","locked":true,"rotationMatrix":[0.51230073,-0.858806133,0,0.858806133,0.51230073,0,0,0,1],"scale":[82.9684982,189.164993,1000],"soundAmbience":"Amb_EC_Forest_Main"}
{"name":"Forest_Sparse_18","class":"SFXSpace","persistentId":"ebeb6e40-9da6-42ed-a35f-8bbbe452c8d7","__parent":"Amb_2D","position":[-58.1418991,-120.142998,250],"cloneOrigin":"SFX14","locked":true,"rotationMatrix":[0.597069502,-0.802189469,0,0.802189469,0.597069502,0,0,0,1],"scale":[172.940994,67.9241028,1000],"soundAmbience":"Amb_EC_Forest_Main"}
{"name":"Forest_Sparse_19","class":"SFXSpace","persistentId":"c3560bda-e94f-49d9-ba4d-4fa38cd6e9ae","__parent":"Amb_2D","position":[-197.356003,-5.13155985,250],"cloneOrigin":"SFX13","locked":true,"rotationMatrix":[0.679368198,-0.73379755,0,0.73379755,0.679368198,0,0,0,1],"scale":[217.352997,74.6613007,1000],"soundAmbience":"Amb_EC_Forest_Main"}
{"name":"Forest_Sparse_2","class":"SFXSpace","persistentId":"d1ef37d1-020a-42da-a351-86a034f594df","__parent":"Amb_2D","position":[419.891785,-56.6793327,250],"cloneOrigin":"Open_Field_44","locked":true,"rotationMatrix":[0.654434085,0.75611943,0,-0.75611943,0.654434085,0,0,0,1],"scale":[83.4707031,144.661148,1000],"soundAmbience":"Amb_EC_Forest_Main"}
{"name":"Forest_Sparse_601","class":"SFXSpace","persistentId":"66a23948-a745-4517-9601-b7bd384a4ae2","__parent":"Amb_2D","position":[-164.348999,-630.47998,250],"cloneOrigin":"Open_Field_29","locked":true,"rotationMatrix":[-0.978364587,0.206887409,0,-0.206887409,-0.978364587,0,0,0,1],"scale":[214.136002,89.591301,1000],"soundAmbience":"Amb_EC_Forest_Main"}
{"name":"Forest_Sparse_602","class":"SFXSpace","persistentId":"7f430e18-24a1-46ef-a994-8ae940fcb80c","__parent":"Amb_2D","position":[-82.7145996,-615.809021,250],"cloneOrigin":"Open_Field_30","locked":true,"rotationMatrix":[-0.996969223,0.0777982026,0,-0.0777982026,-0.996969223,0,0,0,1],"scale":[100.589996,52.5839005,1000],"soundAmbience":"Amb_EC_Forest_Main"}
{"name":"Forest_Sparse_603","class":"SFXSpace","persistentId":"4bf42cdc-cc91-4421-be99-5eb29db81d86","__parent":"Amb_2D","position":[-307.355988,-644.939026,250],"cloneOrigin":"Open_Field_31","locked":true,"rotationMatrix":[-0.926180124,0.377081364,0,-0.377081364,-0.926180124,0,0,0,1],"scale":[100.589996,52.5839005,1000],"soundAmbience":"Amb_EC_Forest_Main"}
{"name":"Forest_Sparse_604","class":"SFXSpace","persistentId":"2ebe177e-a99e-436e-b682-4751e5831a76","__parent":"Amb_2D","position":[-238.591995,-670.879028,250],"cloneOrigin":"Open_Field_32","locked":true,"rotationMatrix":[-0.96978271,-0.24397026,0,0.24397026,-0.96978271,0,0,0,1],"scale":[100.589996,52.5839005,1000],"soundAmbience":"Amb_EC_Forest_Main"}
{"name":"Forest_Sparse_605","class":"SFXSpace","persistentId":"96a9503b-aa51-4a5a-b29a-d43b11c4e65d","__parent":"Amb_2D","position":[-8.92492008,-647.715027,250],"cloneOrigin":"Open_Field_33","locked":true,"rotationMatrix":[-0.933392644,0.358856857,0,-0.358856857,-0.933392644,0,0,0,1],"scale":[105.776001,81.6653976,1000],"soundAmbience":"Amb_EC_Forest_Main"}
{"name":"Forest_Sparse_606","class":"SFXSpace","persistentId":"d97cb1f6-34e7-402c-80fa-07ede013c732","__parent":"Amb_2D","position":[81.830101,-665.16803,250],"cloneOrigin":"Open_Field_34","locked":true,"rotationMatrix":[-0.950198889,-0.311638951,0.00189293141,0.31163758,-0.950200677,-0.00100068701,0.00211051758,-0.000360943086,0.999997735],"scale":[122.250999,81.6653976,1000],"soundAmbience":"Amb_EC_Forest_Main"}
{"name":"Forest_Sparse_607","class":"SFXSpace","persistentId":"d953315d-4414-48da-9ef4-f1ece0d78b93","__parent":"Amb_2D","position":[291.601868,-800.772278,250],"cloneOrigin":"Open_Field_40","locked":true,"rotationMatrix":[-0.0444633961,0.99901098,0,-0.99901098,-0.0444633961,0,0,0,1],"scale":[257.423004,299.848999,1000],"soundAmbience":"Amb_EC_Forest_Main"}
{"name":"Forest_Sparse_608","class":"SFXSpace","persistentId":"1990d4b1-0e04-451b-8227-f6cc8f654133","__parent":"Amb_2D","position":[261.406952,-671.57196,250],"cloneOrigin":"Open_Field_43","locked":true,"rotationMatrix":[-0.203487992,0.979077458,0,-0.979077458,-0.203487992,0,0,0,1],"scale":[153.548996,238.506348,1000],"soundAmbience":"Amb_EC_Forest_Main"}
{"name":"Forest_Sparse_609","class":"SFXSpace","persistentId":"932634f8-562a-452a-b229-d473e3cf0550","__parent":"Amb_2D","position":[72.1256027,-747.038025,250],"cloneOrigin":"Open_Field_40","locked":true,"rotationMatrix":[-0.954874992,-0.297007978,0,0.297007978,-0.954874992,0,0,0,1],"scale":[198.309998,71.844902,1000],"soundAmbience":"Amb_EC_Forest_Main"}
{"name":"Forest_Sparse_610","class":"SFXSpace","persistentId":"ad5f1035-3d99-4abc-9c7e-ccf1284396f9","__parent":"Amb_2D","position":[-339.190002,-733.06897,250],"cloneOrigin":"Open_Field_37","locked":true,"rotationMatrix":[-0.938378334,0.345609456,0,-0.345609456,-0.938378334,0,0,0,1],"scale":[108.821999,139.069,1000],"soundAmbience":"Amb_EC_Forest_Main"}
{"name":"Forest_Sparse_611","class":"SFXSpace","persistentId":"1b339fca-5e79-4e6e-942c-0fe4108c919e","__parent":"Amb_2D","position":[-185.427002,-827.862,250],"cloneOrigin":"Open_Field_30","locked":true,"rotationMatrix":[-0.997763038,0.0668485388,0,-0.0668485388,-0.997763038,0,0,0,1],"scale":[296.303986,353.384125,1000],"soundAmbience":"Amb_EC_Forest_Main"}
{"name":"Forest_Sparse_612","class":"SFXSpace","persistentId":"9e0b98a1-9093-4e89-9c13-838f08cd197c","__parent":"Amb_2D","position":[151.444,-818.932007,250],"cloneOrigin":"Open_Field_39","locked":true,"rotationMatrix":[-0.632989049,0.774160802,0,-0.774160802,-0.632989049,0,0,0,1],"scale":[198.309998,168.990005,1000],"soundAmbience":"Amb_EC_Forest_Main"}
{"name":"Forest_Sparse_613","class":"SFXSpace","persistentId":"ed1316ba-943e-4fa0-8024-1523b288d7dd","__parent":"Amb_2D","position":[-25.6639996,-810.55603,250],"cloneOrigin":"Open_Field_37","locked":true,"rotationMatrix":[-0.644150376,0.764898837,0,-0.764898837,-0.644150376,0,0,0,1],"scale":[198.309998,168.990005,1000],"soundAmbience":"Amb_EC_Forest_Main"}
{"name":"Forest_Sparse_785","class":"SFXSpace","persistentId":"e518c997-0750-4f95-9d7e-f10b1a32d83d","__parent":"Amb_2D","position":[1.29088998,-321.054993,250],"cloneOrigin":"Open_Field_45","locked":true,"rotationMatrix":[0.742487073,0.669860423,0,-0.669860423,0.742487073,0,0,0,1],"scale":[99.4389038,258.674011,1000],"soundAmbience":"Amb_EC_Forest_Main"}
{"name":"Forest_Sparse_859","class":"SFXSpace","persistentId":"cd9a8a45-85df-414b-9a50-0460545f7bf8","__parent":"Amb_2D","position":[566.046997,-628.330994,250],"cloneOrigin":"SFX25","locked":true,"rotationMatrix":[0.657979012,-0.753036261,0,0.753036261,0.657979012,0,0,0,1],"scale":[374.459991,249.039001,1000],"soundAmbience":"Amb_EC_Forest_Main"}
{"name":"Forest_Sparse_861","class":"SFXSpace","persistentId":"3b677268-56f1-4e31-aa58-576b0c63199c","__parent":"Amb_2D","position":[585.952026,-783.627014,250],"cloneOrigin":"Open_Field_42","locked":true,"rotationMatrix":[-0.0444633961,0.99901098,0,-0.99901098,-0.0444633961,0,0,0,1],"scale":[267.954987,299.848999,1000],"soundAmbience":"Amb_EC_Forest_Main"}
{"name":"Forest_Sparse_888","class":"SFXSpace","persistentId":"51e969cc-296c-4659-88bb-2d37c8b6752a","__parent":"Amb_2D","position":[159.682999,-520.414001,250],"cloneOrigin":"Open_Field_44","locked":true,"rotationMatrix":[0.813747466,0.5812186,0,-0.5812186,0.813747466,0,0,0,1],"scale":[153.548996,299.848999,1000],"soundAmbience":"Amb_EC_Forest_Main"}
{"name":"Town_02","class":"SFXSpace","persistentId":"ff52f742-4973-408c-9d55-3f472ebc97c5","__parent":"Amb_2D","position":[754.31897,-262.389008,250],"cloneOrigin":"SFX25","locked":true,"rotationMatrix":[0.00221288204,0.999997556,0,-0.999997556,0.00221288204,0,0,0,1],"scale":[343.165985,274.203003,1000],"soundAmbience":"Amb_EC_Town"}
{"name":"Town_03","class":"SFXSpace","persistentId":"270258f5-4157-4e26-8e52-1c0c67ec81ba","__parent":"Amb_2D","position":[695.77301,-70.1132965,250],"cloneOrigin":"SFX27","locked":true,"rotationMatrix":[0.0699445605,0.997550905,0,-0.997550905,0.0699445605,0,0,0,1],"scale":[66.1826019,163.451004,1000],"soundAmbience":"Amb_EC_Town"}
{"name":"Town_04","class":"SFXSpace","persistentId":"9c2dbd14-85a0-4878-854d-8ce3f09c81bd","__parent":"Amb_2D","position":[549.142029,-16.3246002,250],"cloneOrigin":"SFX28","locked":true,"rotationMatrix":[0.660007298,0.751259208,0,-0.751259208,0.660007298,0,0,0,1],"scale":[145.852997,282.785004,1000],"soundAmbience":"Amb_EC_Town"}
{"name":"Town_05","class":"SFXSpace","persistentId":"a0f44330-b242-41af-a646-39090b26aead","__parent":"Amb_2D","position":[607.98999,-180.804993,250],"cloneOrigin":"SFX29","locked":true,"rotationMatrix":[0.880859435,0.473377943,0,-0.473377943,0.880859435,0,0,0,1],"scale":[111.852997,270.22699,1000],"soundAmbience":"Amb_EC_Town"}
{"name":"Town_06","class":"SFXSpace","persistentId":"aaa7b884-4524-4f1d-9915-2ae0e1dae40c","__parent":"Amb_2D","position":[761.695984,-482.828003,250],"cloneOrigin":"SFX27","locked":true,"rotationMatrix":[0.00703710318,0.999975264,0,-0.999975264,0.00703710318,0,0,0,1],"scale":[127.272003,263.501007,1000],"soundAmbience":"Amb_EC_Town"}
{"name":"Town_07","class":"SFXSpace","persistentId":"0ab55075-421d-4321-b6a3-d44fee739a41","__parent":"Amb_2D","position":[761.646973,-553.804993,250],"cloneOrigin":"SFX31","locked":true,"rotationMatrix":[0.611380935,0.791336417,0,-0.791336417,0.611380935,0,0,0,1],"scale":[130.261993,172.895996,1000],"soundAmbience":"Amb_EC_Town"}
{"name":"Town_1","class":"SFXSpace","persistentId":"fd29a6cf-0d41-49d5-8254-e09a9cc583f8","__parent":"Amb_2D","position":[843.114319,-608.140869,250],"cloneOrigin":"SFX31","locked":true,"rotationMatrix":[0.450455606,0.892798722,0,-0.892798722,0.450455606,0,0,0,1],"scale":[159.046844,50.8953552,1000],"soundAmbience":"Amb_EC_Town"}
