{"name":"spawn_village_mountain","class":"SpawnSphere","persistentId":"06559d24-5c11-453c-ac04-f9826d7ec421","__parent":"spawnpoints","position":[262.389404,-891.666626,246.920883],"cloneOrigin":"spawn_town_west","dataBlock":"SpawnSphereMarker","radius":1,"rotationMatrix":[-0.258819222,0.965925753,0,-0.965925753,-0.258819222,0,0,0,1],"spawnClass":"player","spawnDatablock":"DefaultPlayerData","sphereWeight":"1"}
{"name":"spawn_airport","class":"SpawnSphere","persistentId":"1ef85027-3701-4d00-9908-916f269210f8","__parent":"spawnpoints","position":[-1045.27136,1636.64014,152.583511],"cloneOrigin":"spawn_city","dataBlock":"SpawnSphereMarker","radius":1,"rotationMatrix":[-0.982468069,-0.186431155,0,0.186431155,-0.982468069,0,0,0,1],"spawnClass":"player","spawnDatablock":"DefaultPlayerData","sphereWeight":"1"}
{"name":"spawn_crossroads","class":"SpawnSphere","persistentId":"46b65a90-6da4-458b-a6aa-5a6b3fa48832","__parent":"spawnpoints","position":[729.62677,763.914001,177.753006],"cloneOrigin":"spawn_city","dataBlock":"SpawnSphereMarker","radius":1,"rotationMatrix":[0.902616739,-0.430445611,0,0.430445611,0.902616739,0,0,0,1],"spawnClass":"player","spawnDatablock":"DefaultPlayerData","sphereWeight":"1"}
{"name":"spawn_runway","class":"SpawnSphere","persistentId":"5ce32261-8c0f-4d55-92c6-f03fff0be3f3","__parent":"spawnpoints","position":[-1887.9967,1585.78821,152.583542],"cloneOrigin":"spawn_city","dataBlock":"SpawnSphereMarker","radius":1,"rotationMatrix":[-0.215915665,0.976412058,0,-0.976412058,-0.215915665,0,0,0,1],"spawnClass":"player","spawnDatablock":"DefaultPlayerData","sphereWeight":"1"}
{"name":"spawn_port","class":"SpawnSphere","persistentId":"76ba782f-c369-435e-b06c-da4b63e8adb7","__parent":"spawnpoints","position":[487.19574,1593.43286,139.207413],"dataBlock":"SpawnSphereMarker","radius":1,"rotationMatrix":[-0.999999583,-1.04308128e-07,0,1.04308128e-07,-0.999999583,0,0,0,1],"spawnClass":"player","spawnDatablock":"DefaultPlayerData","sphereWeight":"1"}
{"name":"spawn_city","class":"SpawnSphere","persistentId":"aa399a61-e9f8-11e6-96ae-bcd60d6fa220","__parent":"spawnpoints","position":[1190.64783,1235.50586,148.287506],"dataBlock":"SpawnSphereMarker","radius":1,"rotationMatrix":[4.30149356e-07,-0.999999583,0,0.999999583,4.30149356e-07,0,0,0,1],"spawnClass":"player","spawnDatablock":"DefaultPlayerData","sphereWeight":"1"}
{"name":"spawn_town_east","class":"SpawnSphere","persistentId":"b834f97a-5a79-44d1-bd97-65154a448c15","__parent":"spawnpoints","position":[1114.92346,-689.113403,146.186447],"cloneOrigin":"spawn_crossroads","dataBlock":"SpawnSphereMarker","radius":1,"rotationMatrix":[0.99974519,0.0225700662,0,-0.0225700662,0.99974519,0,0,0,1],"spawnClass":"player","spawnDatablock":"DefaultPlayerData","sphereWeight":"1"}
{"name":"spawn_small_village","class":"SpawnSphere","persistentId":"cb4c69d5-9a94-4f5c-bde4-91f1c6c59295","__parent":"spawnpoints","position":[-690.403564,-1338.64136,140.215942],"cloneOrigin":"spawn_town_west","dataBlock":"SpawnSphereMarker","radius":1,"rotationMatrix":[0.0868159384,-0.996224463,0,0.996224463,0.0868159384,0,0,0,1],"spawnClass":"player","spawnDatablock":"DefaultPlayerData","sphereWeight":"1"}
{"name":"spawn_castle_town","class":"SpawnSphere","persistentId":"fecf1acf-207a-4c2a-ad85-ffef3730172c","__parent":"spawnpoints","position":[-969.635193,953.628723,392.483368],"cloneOrigin":"spawn_town_west","dataBlock":"SpawnSphereMarker","radius":1,"rotationMatrix":[0.258819252,-0.965925694,0,0.965925694,0.258819252,0,0,0,1],"spawnClass":"player","spawnDatablock":"DefaultPlayerData","sphereWeight":"1"}
