{"name":"Marker_GasStation","class":"ParticleEmitterNode","persistentId":"bed53a03-b4a8-43e5-9a17-66604eebb4b7","__parent":"Markers","position":[-772.851807,491.616333,30.7389488],"active":false,"dataBlock":"lightExampleEmitterNodeData1","emitter":"BNGP_1"}
{"name":"Marker_Garage","class":"ParticleEmitterNode","persistentId":"94dc25d6-5cb7-4eb1-a3a6-00fcedc86b89","__parent":"Markers","position":[-800.494995,486.053253,29.8530731],"active":false,"dataBlock":"lightExampleEmitterNodeData1","emitter":"BNGP_1"}
{"name":"Marker_GasStation2","class":"ParticleEmitterNode","persistentId":"b95fb94c-b8b3-42ca-b77a-0db76c6c98eb","__parent":"Markers","position":[713.021973,-23.1639996,59.2040634],"active":false,"dataBlock":"lightExampleEmitterNodeData1","emitter":"BNGP_1"}
{"name":"Marker_UsedShop","class":"ParticleEmitterNode","persistentId":"bf83ee2b-bdd3-4f7d-ad48-7f2f06de3365","__parent":"Markers","position":[-793.210205,565.070496,29.7299023],"active":false,"dataBlock":"lightExampleEmitterNodeData1","emitter":"BNGP_1"}
{"name":"Marker_Scrapyard","class":"ParticleEmitterNode","persistentId":"80cb9c96-8f06-4feb-84eb-1dd67dca8e9d","__parent":"Markers","position":[590.748657,-158.121918,58.2366943],"active":false,"dataBlock":"lightExampleEmitterNodeData1","emitter":"BNGP_1"}
{"name":"Marker_NewShop","class":"ParticleEmitterNode","persistentId":"9f43c3a3-0c29-4d15-b8da-6fe099ccf150","__parent":"Markers","position":[563.223267,-764.025635,64.5913391],"active":false,"dataBlock":"lightExampleEmitterNodeData1","emitter":"BNGP_1"}
{"name":"Marker_Repair","class":"ParticleEmitterNode","persistentId":"7943bbc8-a2a8-4294-914a-fc47257569e5","__parent":"Markers","position":[704.830078,-354.882111,62.0192833],"active":false,"dataBlock":"lightExampleEmitterNodeData1","emitter":"BNGP_1"}
{"name":"Marker_PartShop","class":"ParticleEmitterNode","persistentId":"2c5edd69-2f39-40a4-b3d2-aeb961989fa7","__parent":"Markers","position":[624.657532,-179.242615,58.5500031],"active":false,"dataBlock":"lightExampleEmitterNodeData1","emitter":"BNGP_1"}
{"name":"Marker_Repair2","class":"ParticleEmitterNode","persistentId":"44a5af22-d301-44e4-ba43-31c5a2b24622","__parent":"Markers","position":[-82.9901733,-789.697937,20.1217022],"active":false,"dataBlock":"lightExampleEmitterNodeData1","emitter":"BNGP_1"}
{"name":"Marker_PartShop2","class":"ParticleEmitterNode","persistentId":"67d4ef4c-7e72-43ee-b5e8-23ac87c10748","__parent":"Markers","position":[-794.808472,507.115479,27.8157902],"active":false,"dataBlock":"lightExampleEmitterNodeData1","emitter":"BNGP_1"}
{"name":"Marker_RaceA","class":"ParticleEmitterNode","persistentId":"0d6faaa7-02cd-4c1c-9fa0-d47318d3dd16","__parent":"Markers","position":[-762.710571,529.203552,29.4060841],"active":false,"dataBlock":"lightExampleEmitterNodeData1","emitter":"BNGP_1"}
{"name":"Marker_RaceB","class":"ParticleEmitterNode","persistentId":"80a345a4-9360-4818-8c50-8d0bfad3ea12","__parent":"Markers","position":[328.660004,131.024994,60.8479118],"active":false,"dataBlock":"lightExampleEmitterNodeData1","emitter":"BNGP_1"}
{"name":"Marker_RaceC","class":"ParticleEmitterNode","persistentId":"363da29b-1836-433c-b206-af7eb0d0842b","__parent":"Markers","position":[-216.970993,461.263,38.1998291],"active":false,"dataBlock":"lightExampleEmitterNodeData1","emitter":"BNGP_1"}
{"name":"Marker_ChallengeA","class":"ParticleEmitterNode","persistentId":"20a8e27a-2dad-4dcd-b25a-c267eaa74b87","__parent":"Markers","position":[715.669983,-61.1959991,58.3864403],"active":false,"dataBlock":"lightExampleEmitterNodeData1","emitter":"BNGP_1"}
{"name":"Marker_ChallengeB","class":"ParticleEmitterNode","persistentId":"b299ae03-37c5-4c8d-881d-d7f2eae790ca","__parent":"Markers","position":[-443.237,-244.369995,38.724926],"active":false,"dataBlock":"lightExampleEmitterNodeData1","emitter":"BNGP_1"}
{"name":"Marker_RaceD","class":"ParticleEmitterNode","persistentId":"3b58b141-0050-4767-8221-50d20f86ba65","__parent":"Markers","position":[892.302979,-481.557037,47.2819862],"active":false,"dataBlock":"lightExampleEmitterNodeData1","emitter":"BNGP_1"}
{"name":"Marker_RaceE","class":"ParticleEmitterNode","persistentId":"3d7b6c2c-daaf-4bc0-bde7-f78bb417f7fe","__parent":"Markers","position":[-748.797974,476.406006,28.5819969],"active":false,"dataBlock":"lightExampleEmitterNodeData1","emitter":"BNGP_1"}
