{"name":"BlueGarageLight_1","class":"PointLight","persistentId":"233b2c6f-a5fc-43d3-99ce-1d70ae47c653","__parent":"GaragesLamps","position":[-361.033783,384.886963,59.4014931],"brightness":0.599999905,"radius":20}
{"name":"BlueGarageLight_2","class":"PointLight","persistentId":"7fbc6ae1-9b1a-4d44-93dd-3050ddaf7a73","__parent":"GaragesLamps","position":[-356.256378,399.402222,59.4014931],"brightness":0.599999905,"radius":20,"shadowDarkenColor":[0,0,0,0]}
{"name":"GreenGarageLight_1","class":"PointLight","persistentId":"8b05b3ab-a4c7-4c45-abce-f38c69e1e8c6","__parent":"GaragesLamps","position":[260.69635,1040.6123,64.8174438],"brightness":0.599999905,"radius":20,"shadowDarkenColor":[0,0,0,0]}
{"name":"GreenGarageLight_2","class":"PointLight","persistentId":"00152ff8-a833-46db-b91d-1461afaec306","__parent":"GaragesLamps","position":[262.8479,1025.64905,64.8174438],"brightness":0.599999905,"radius":20,"shadowDarkenColor":[0,0,0,0]}
{"name":"RedGarageLight_1","class":"PointLight","persistentId":"21cfd318-90ce-4a73-8ec2-03964482864b","__parent":"GaragesLamps","position":[511.15387,-149.663422,62.8028412],"brightness":0.599999905,"radius":20,"shadowDarkenColor":[0,0,0,0]}
{"name":"RedGarageLight_2","class":"PointLight","persistentId":"6cce7789-e975-4abd-ae1f-64feba0a6a7c","__parent":"GaragesLamps","position":[520.35675,-164.186111,61.20644],"brightness":0.599999905,"radius":20,"shadowDarkenColor":[0,0,0,0]}
