{"name":"spawn_parking_lot","class":"SpawnSphere","persistentId":"2a52cdbd-9cbc-459d-ab09-1367a7900d8e","__parent":"PlayerDropPoints","position":[907.939026,773.502014,235.878006],"autoplaceOnSpawn":"0","cloneOrigin":"spawn_tourist","dataBlock":"SpawnSphereMarker","homingCount":"0","indoorWeight":"1","lockCount":"0","outdoorWeight":"1","radius":5,"rotationMatrix":[0.148492873,0.988913417,0,-0.988913417,0.148492873,0,0,0,1],"sphereWeight":"1"}
{"name":"spawn_building_site","class":"SpawnSphere","persistentId":"3c63ab30-0c21-432f-b598-18e3f19f80af","__parent":"PlayerDropPoints","position":[-910.372437,607.926575,265.05899],"autoplaceOnSpawn":"0","cloneOrigin":"spawn_tourist","dataBlock":"SpawnSphereMarker","homingCount":"0","indoorWeight":"1","lockCount":"0","outdoorWeight":"1","radius":5,"rotationMatrix":[-0.668481708,0.743728697,0,-0.743728697,-0.668481708,0,0,0,1],"sphereWeight":"1"}
{"name":"spawn_west_highway","class":"SpawnSphere","persistentId":"8d46086f-65bd-4f12-84b4-11dc21889ee6","__parent":"PlayerDropPoints","position":[-922.15802,-929.867981,135.533997],"autoplaceOnSpawn":"0","cloneOrigin":"spawn_tourist","dataBlock":"SpawnSphereMarker","homingCount":"0","indoorWeight":"1","lockCount":"0","outdoorWeight":"1","radius":5,"rotationMatrix":[-0.345341027,0.938477576,0,-0.938477576,-0.345341027,0,0,0,1],"sphereWeight":"1"}
{"name":"spawn_tourist","class":"SpawnSphere","persistentId":"99a2db53-5f81-4193-8e3f-09b8a013bf85","__parent":"PlayerDropPoints","position":[-528.440002,283.885986,298.36499],"autoplaceOnSpawn":"0","cloneOrigin":"spawn_industrial","dataBlock":"SpawnSphereMarker","homingCount":"0","indoorWeight":"1","lockCount":"0","outdoorWeight":"1","radius":5,"rotationMatrix":[-0.202582359,-0.979265273,0,0.979265273,-0.202582359,0,0,0,1],"sphereWeight":"1"}
{"name":"spawn_auto_repair_zone","class":"SpawnSphere","persistentId":"b8eefdf2-c516-4784-b89a-077810d03c0b","__parent":"PlayerDropPoints","position":[771.263123,-149.268295,144.291489],"autoplaceOnSpawn":"0","dataBlock":"SpawnSphereMarker","homingCount":"0","indoorWeight":"1","lockCount":"0","outdoorWeight":"1","radius":5,"rotationMatrix":[-0.174984306,0.984570861,0,-0.984570861,-0.174984306,0,0,0,1],"sphereWeight":"1"}
{"name":"spawn_campsite","class":"SpawnSphere","persistentId":"c2069570-0dbc-4b37-bad9-ee256aa33b6c","__parent":"PlayerDropPoints","position":[566.185913,-530.956909,135.29071],"autoplaceOnSpawn":"0","dataBlock":"SpawnSphereMarker","homingCount":"0","indoorWeight":"1","lockCount":"0","outdoorWeight":"1","radius":5,"rotationMatrix":[0.854940236,-0.518726647,0,0.516512215,0.851290882,0.092298694,-0.047877796,-0.0789098665,0.995731354],"sphereWeight":"1"}
{"name":"spawn_airfield","class":"SpawnSphere","persistentId":"af0aab20-4c2e-4441-855c-1bf8ffb471bb","__parent":"PlayerDropPoints","position":[-327.173309,-548.803284,129.632477],"dataBlock":"SpawnSphereMarker","radius":1,"rotationMatrix":[0.984807611,-0.173649028,0,0.173649028,0.984807611,0,0,0,1],"spawnClass":"Player","sphereWeight0":"1"}
