{"class":"TSStatic","persistentId":"0eb8ba3f-9f40-484a-a79a-cc7f7d4b2340","__parent":"Shacks_a","position":[-15.309906,-871.684814,8.35662937],"annotation":"OBSTACLES","isRenderEnabled":false,"rotationMatrix":[-0.15659599,0.987612784,0.00993491989,-0.929748833,-0.150800049,0.335896462,0.333233833,0.0433630608,0.94184655],"shapeName":"/levels/east_coast_usa/art/shapes/buildings/eca_fv_shore_boat_damaged.DAE"}
{"class":"TSStatic","persistentId":"26774d06-d6d7-41f0-a32d-d023d14c2fc6","__parent":"Shacks_a","position":[-9.27601814,-877.67804,9.52576065],"annotation":"OBSTACLES","isRenderEnabled":false,"rotationMatrix":[-0.0639482737,-0.997953236,0,0.997953236,-0.0639482737,0,0,0,1],"shapeName":"/levels/east_coast_usa/art/shapes/buildings/eca_fv_lobstertrap_a.DAE"}
{"class":"TSStatic","persistentId":"60316386-4cc9-42f7-8954-beff6f64dc39","__parent":"Shacks_a","position":[-13.1704645,-868.240601,9.91692638],"annotation":"OBSTACLES","isRenderEnabled":false,"rotationMatrix":[0.991717994,-0.128435016,0,0.128435016,0.991717994,0,0,0,1],"shapeName":"/levels/east_coast_usa/art/shapes/buildings/eca_fv_lobstertrap_stack_a.DAE"}
{"class":"TSStatic","persistentId":"74932e2a-70c3-4683-a302-4e5ab9321ff9","__parent":"Shacks_a","position":[-9.09686565,-879.926636,9.5257597],"annotation":"OBSTACLES","isRenderEnabled":false,"rotationMatrix":[0.982132912,0.188188896,0,-0.18818891,0.982132912,0,0,0,1],"shapeName":"/levels/east_coast_usa/art/shapes/buildings/eca_fv_lobstertrap_stack_b.DAE"}
{"class":"TSStatic","persistentId":"a08ecb52-ed43-45a0-b5ae-cd46f20230eb","__parent":"Shacks_a","position":[-11.8611956,-863.136963,9.91692638],"annotation":"OBSTACLES","isRenderEnabled":false,"rotationMatrix":[0.981234848,0.192816496,0,-0.192816496,0.981234848,0,0,0,1],"shapeName":"/levels/east_coast_usa/art/shapes/buildings/eca_fv_metal_box.DAE"}
{"class":"TSStatic","persistentId":"a0fd8f91-004e-4450-879e-0f26c6e183bd","__parent":"Shacks_a","position":[-8.45957756,-882.437378,9.5257616],"annotation":"OBSTACLES","isRenderEnabled":false,"rotationMatrix":[0.9962219,0.0868447721,0,-0.0868447721,0.9962219,0,0,0,1],"shapeName":"/levels/east_coast_usa/art/shapes/buildings/eca_fv_lobstertrap_stack_d.DAE"}
{"class":"TSStatic","persistentId":"af5d9861-4cc3-46ca-b406-366517c2d194","__parent":"Shacks_a","position":[-9.66104698,-875.697266,9.52576065],"annotation":"OBSTACLES","isRenderEnabled":false,"rotationMatrix":[-0.945086837,0.326819569,0,-0.326819509,-0.945086718,0,0,0,1],"shapeName":"/levels/east_coast_usa/art/shapes/buildings/eca_fv_junk_b.DAE"}
{"class":"TSStatic","persistentId":"bcae868f-4fad-4678-9f45-29b4fcfe2507","__parent":"Shacks_a","position":[-11.7895641,-864.377136,9.91692638],"annotation":"BUILDINGS","isRenderEnabled":false,"rotationMatrix":[0.0981435999,-0.995172262,0,0.995172262,0.0981435999,0,0,0,1],"shapeName":"/levels/east_coast_usa/art/shapes/buildings/eca_bld_fv_small_shacks.DAE"}
{"class":"TSStatic","persistentId":"bd8e9412-9648-4890-854c-7e2a16ef9fc8","__parent":"Shacks_a","position":[-10.6340723,-878.130188,6.12140083],"isRenderEnabled":false,"rotationMatrix":[0.985960424,0.166979373,0,-0.166979387,0.985960484,0,0,0,1],"shapeName":"/levels/east_coast_usa/art/shapes/buildings/eca_small_pier.DAE"}
{"class":"TSStatic","persistentId":"c1d94ff3-4054-40ad-9ab7-6c341a308127","__parent":"Shacks_a","position":[-8.86363792,-878.339355,9.52576065],"annotation":"OBSTACLES","isRenderEnabled":false,"rotationMatrix":[0.418768138,-0.908093274,0,0.908093274,0.418768108,0,0,0,1],"shapeName":"/levels/east_coast_usa/art/shapes/buildings/eca_fv_lobstertrap_a.DAE"}
