{
  "data":[
    {
      "config":"simple_traffic_pessima",
      "model":"pessima"
    },
	{
      "config":"simple_traffic_pessima_alt",
      "model":"pessima"
    },
	{
      "config":"simple_traffic_pessima_alt2",
      "model":"pessima"
    },
    {
      "config":"simple_traffic_vivace",
      "model":"vivace"
    },
    {
      "config":"simple_traffic_covet",
      "model":"covet"
    },
	{
      "config":"simple_traffic_covet_alt",
      "model":"covet"
    },
    {
      "config":"simple_traffic_coupe",
      "model":"coupe"
    },
	{
      "config":"simple_traffic_coupe_alt",
      "model":"coupe"
    },
	{
      "config":"simple_traffic_coupe_alt2",
      "model":"coupe"
    },
	{
      "config":"simple_traffic_coupe_alt3",
      "model":"coupe"
    },
    {
      "config":"simple_traffic_midsize",
      "model":"midsize"
    },
	{
      "config":"simple_traffic_midsize_alt",
      "model":"midsize"
    },
	{
      "config":"simple_traffic_midsize_alt2",
      "model":"midsize"
    },
    {
      "config":"simple_traffic_sunburst",
      "model":"sunburst"
    },
	{
      "config":"simple_traffic_sunburst_alt",
      "model":"sunburst"
    },
	{
      "config":"simple_traffic_sunburst_alt2",
      "model":"sunburst"
    },
    {
      "config":"simple_traffic_legran",
      "model":"legran"
    },
    {
      "config":"simple_traffic_etki",
      "model":"etki"
    },
	{
      "config":"simple_traffic_etki_alt",
      "model":"etki"
    },
	{
      "config":"simple_traffic_etki_alt2",
      "model":"etki"
    },
    {
      "config":"simple_traffic_lansdale",
      "model":"lansdale"
    }
	,
    {
      "config":"simple_traffic_lansdale_alt",
      "model":"lansdale"
    },
    {
      "config":"simple_traffic_etkc",
      "model":"etkc"
    },
    {
      "config":"simple_traffic_etkc_alt",
      "model":"etkc"
    },
    {
      "config":"simple_traffic_etkc_alt2",
      "model":"etkc"
    },
    {
      "config":"simple_traffic_etk800",
      "model":"etk800"
    },
    {
      "config":"simple_traffic_etk800_sedan",
      "model":"etk800"
    }
	
	
  ],
  "name":"Rural",
  "type":"custom"
}