{"name":"blrwp_dirtpathBcp9","class":"BeamNGWaypoint","persistentId":"3bba15ee-a031-4d1a-b7a4-72c80fc92c75","__parent":"Waypoints","position":[-95.3242493,510.208038,34.7772789],"scale":[2.89506841,2.89506841,2.89506841]}
{"name":"blrwp_dirtpathBintersectcp1","class":"BeamNGWaypoint","persistentId":"22c4b37d-6cf1-4a03-828e-3d88576c98e9","__parent":"Waypoints","position":[-178.858124,590.793579,29.8708477],"scale":[2.89506841,2.89506841,2.89506841]}
{"name":"blrwp_dirtshortcutcp1","class":"BeamNGWaypoint","persistentId":"b6557bf6-24fd-427c-8ba6-a0243ecc04c3","__parent":"Waypoints","position":[-281.994537,523.148193,31.1375046],"scale":[2.89506841,2.89506841,2.89506841]}
{"name":"blrwp_dirtpathBaiwp2","class":"BeamNGWaypoint","persistentId":"77492824-edcb-4adc-9618-cc593551d5bb","__parent":"Waypoints","position":[-147.08342,582.866211,31.8851967],"scale":[2.89506841,2.89506841,2.89506841]}
{"name":"blrwp_dirtpathBaiwp3","class":"BeamNGWaypoint","persistentId":"bbc829fd-12b0-4004-95ad-3a8cb48d916a","__parent":"Waypoints","position":[-78.159462,477.886353,38.0900002],"scale":[2.89506841,2.89506841,2.89506841]}
{"name":"blrwp_dirtbridgeintersectcp1","class":"BeamNGWaypoint","persistentId":"a9579216-aa82-4c35-90b2-0964fee041fb","__parent":"Waypoints","position":[-367.80127,894.402161,28.6540298],"scale":[2.98554707,2.98554707,2.98554707]}
{"name":"blrwp_dirtpathBcp4","class":"BeamNGWaypoint","persistentId":"cc0bfb62-66ee-4a05-bc5f-702c821c1f63","__parent":"Waypoints","position":[223.508255,576.942078,51.065506],"scale":[2.74111319,2.74111319,2.74111319]}
{"name":"blrwp_dirtpathAcp2","class":"BeamNGWaypoint","persistentId":"aeb8ef7f-c409-4790-ac86-8484d46dedc3","__parent":"Waypoints","position":[-35.6469116,40.4157677,43.9308434],"scale":[3.32626963,3.32626963,3.32626963]}
{"name":"blrwp_seasidevillagecp2","class":"BeamNGWaypoint","persistentId":"6f1c146a-545d-4688-b0f9-4da63de940e7","__parent":"Waypoints","position":[22.7683983,-794.751038,18.8595619],"scale":[3.35087872,3.35087872,3.35087872]}
{"name":"blrwp_farintersectcp1","class":"BeamNGWaypoint","persistentId":"0f10221e-f0a7-4ac4-8d2e-0e58a6497bf9","__parent":"Waypoints","position":[-340.335052,919.357422,29.2285576],"scale":[3.15283203,3.15283203,3.15283203]}
{"name":"blrwp_sawmillentrancecp1","class":"BeamNGWaypoint","persistentId":"404dc709-26f9-47f1-8ec2-e09d90f789e4","__parent":"Waypoints","position":[295.923187,-729.351501,43.4994049],"scale":[2.96542978,2.96542978,2.96542978]}
{"name":"blrwp_manor","class":"BeamNGWaypoint","persistentId":"45b52613-91b8-498a-8f0b-eee1053a269b","__parent":"Waypoints","position":[-534.17865,-815.552979,49.4389801],"scale":[2.13916016,2.13916016,2.13916016]}
{"name":"blrwp_firwoodinn","class":"BeamNGWaypoint","persistentId":"3a870877-7f8b-4bab-ae55-7ced98630c38","__parent":"Waypoints","position":[536.485901,-763.082153,60.2724953],"scale":[2.5100832,2.5100832,2.5100832]}
{"name":"blrwp_watchtower","class":"BeamNGWaypoint","persistentId":"1a1804fe-01ee-49d8-a65b-189f98a9bdbc","__parent":"Waypoints","position":[147.053085,8.66887093,100.530685],"scale":[2.3472414,2.3472414,2.3472414]}
{"name":"blrwp_sawmill","class":"BeamNGWaypoint","persistentId":"5193da56-2983-4788-87d3-bd14d71da311","__parent":"Waypoints","position":[281.160675,-759.125916,46.1126251],"scale":[2.15717793,2.15717793,2.15717793]}
{"name":"blrwp_dock","class":"BeamNGWaypoint","persistentId":"5b92bdb0-ddfd-4849-b7d7-32f26aab11b1","__parent":"Waypoints","position":[-71.4717102,-850.602112,14.068161],"scale":[3.0683105,3.0683105,3.0683105]}
{"name":"blrwp_farmhouse","class":"BeamNGWaypoint","persistentId":"c0dd1120-51e2-4de7-934a-88046a8dc6c4","__parent":"Waypoints","position":[-605.198303,-350.794312,34.1921921],"scale":[2.36577153,2.36577153,2.36577153]}
{"name":"blrwp_firstresponderstation","class":"BeamNGWaypoint","persistentId":"63f2106e-3028-4416-a3b6-eaf9a0f78abb","__parent":"Waypoints","position":[377.095398,95.0643768,53.9388199],"scale":[2.05034184,2.05034184,2.05034184]}
{"name":"blrwp_storeA","class":"BeamNGWaypoint","persistentId":"92b1f13b-d367-463a-8d7d-93e6be669c0f","__parent":"Waypoints","position":[709.889648,-38.7322273,51.8632851],"scale":[2.00947285,2.00947285,2.00947285]}
{"name":"blrwp_curvecp1","class":"BeamNGWaypoint","persistentId":"92424d08-46e3-4396-94ca-3d5e9e518f44","__parent":"Waypoints","position":[448.75351,812.576843,55.5055161],"scale":[2.55986333,2.55986333,2.55986333]}
{"name":"blrwp_curveBcp1","class":"BeamNGWaypoint","persistentId":"4d019215-206e-47d3-a7a5-90749d06849d","__parent":"Waypoints","position":[744.698547,653.065552,69.1475296],"scale":[2.10166025,2.10166025,2.10166025]}
{"name":"blrwp_bridgeAcp1","class":"BeamNGWaypoint","persistentId":"7181f81d-fec6-4ae1-971f-6646a5728b7b","__parent":"Waypoints","position":[-308.708191,636.974426,22.9371681],"scale":[2.37890625,2.37890625,2.37890625]}
{"name":"blrwp_cliffcp1","class":"BeamNGWaypoint","persistentId":"6bcb5eb4-ee12-4e02-86c2-a8901a8bbeef","__parent":"Waypoints","position":[-461.789276,215.447693,28.876503],"scale":[2.27590322,2.27590322,2.27590322]}
{"name":"blrwp_midroadcp1","class":"BeamNGWaypoint","persistentId":"24685990-102f-4f80-9512-6738deec8bfd","__parent":"Waypoints","position":[-66.7057724,-218.30838,32.9048309],"scale":[2.45793462,2.45793462,2.45793462]}
{"name":"blrwp_midroadcp2","class":"BeamNGWaypoint","persistentId":"c09f6f90-9fc8-4a65-b6df-4c8864fb1817","__parent":"Waypoints","position":[321.54187,-665.687073,37.0172462],"scale":[2.49824238,2.49824238,2.49824238]}
{"name":"blrwp_midroadend","class":"BeamNGWaypoint","persistentId":"d0240321-f40d-4e51-9330-fd9e5ad8ca13","__parent":"Waypoints","position":[500.514618,-879.490112,39.4493179],"scale":[3.04477215,3.04477215,3.04477215]}
{"name":"blrwp_yjuncBcp1","class":"BeamNGWaypoint","persistentId":"ab9fc629-4691-437e-824a-01395d1aca13","__parent":"Waypoints","position":[-709.088501,-566.763733,22.3311005],"scale":[2.03613281,2.03613281,2.03613281]}
{"name":"blrwp_riversidejunccp1","class":"BeamNGWaypoint","persistentId":"3eec8430-22bd-4222-8d14-95aa9f5007f3","__parent":"Waypoints","position":[-913.526184,-751.419189,34.4460678],"scale":[2.17431641,2.17431641,2.17431641]}
{"name":"blrwp_riversidejuncbcp1","class":"BeamNGWaypoint","persistentId":"c44aeeb9-79a0-408c-9aea-6252d51dc858","__parent":"Waypoints","position":[-845.667908,-191.695343,28.6544476]}
{"name":"blrwp_gasstationintersectcp5","class":"BeamNGWaypoint","persistentId":"6b4abf3c-7866-4bfa-9395-702c8ff0afa6","__parent":"Waypoints","position":[-843.516663,574.565918,26.2670841],"scale":[2.6119628,2.6119628,2.6119628]}
{"name":"blrwp_yjuncAcp2","class":"BeamNGWaypoint","persistentId":"1de06c7c-4006-451a-9e05-0ebfb763320a","__parent":"Waypoints","position":[-573.390808,-158.615509,28.3921566],"scale":[2.84892583,2.84892583,2.84892583]}
{"name":"blrwp_farmjunccp1","class":"BeamNGWaypoint","persistentId":"798ed376-4519-4037-9fc5-ea0a4009d701","__parent":"Waypoints","position":[-297.010529,-253.808914,37.9009094],"scale":[2.90245366,2.90245366,2.90245366]}
{"name":"blrwp_sawmillcp1","class":"BeamNGWaypoint","persistentId":"a4ee70b1-77a4-4eb8-99ea-6c940426fd60","__parent":"Waypoints","position":[174.251541,-678.725342,40.2929688],"scale":[2.86274433,2.86274433,2.86274433]}
{"name":"blrwp_sawmilloverpassjunccp1","class":"BeamNGWaypoint","persistentId":"c57b4987-bb30-4d61-a24f-3a961ccaabb4","__parent":"Waypoints","position":[455.866119,-614.718445,48.8817024],"scale":[3.73496103,3.73496103,3.73496103]}
{"name":"blrwp_townentranceyjunccp1","class":"BeamNGWaypoint","persistentId":"5ac8b1f7-deb8-4130-b7f0-ca3d305be483","__parent":"Waypoints","position":[550.676086,-538.778564,50.4935684],"scale":[3.41191387,3.41191387,3.41191387]}
{"name":"blrwp_farpond","class":"BeamNGWaypoint","persistentId":"a5845eb3-76b0-4765-9a81-03ed96a688d0","__parent":"Waypoints","position":[-847.317444,929.541443,31.1172409],"scale":[2.76279306,2.76279306,2.76279306]}
{"name":"blrwp_overpassAyjunccp1","class":"BeamNGWaypoint","persistentId":"5cbd3905-5990-469e-b786-7b22aeb4b53f","__parent":"Waypoints","position":[-36.6041031,739.565063,26.9377193],"scale":[2.73754883,2.73754883,2.73754883]}
{"name":"blrwp_farpondcp1","class":"BeamNGWaypoint","persistentId":"f45481e0-6d4b-468a-adaf-e87f718ece4e","__parent":"Waypoints","position":[-880.916382,932.802185,28.3482018],"scale":[2.5640626,2.5640626,2.5640626]}
{"name":"blrwp_midroadendcp2","class":"BeamNGWaypoint","persistentId":"e50eabe0-ed06-45bd-aa21-2bc81766a44f","__parent":"Waypoints","position":[541.888733,-894.650085,39.0378799],"scale":[2.80771494,2.80771494,2.80771494]}
{"name":"blrwp_seasidelongroadcp1","class":"BeamNGWaypoint","persistentId":"d8fe271c-c74d-4f49-98f5-4c5c8e2cae5a","__parent":"Waypoints","position":[900.127808,338.49527,65.3429947],"scale":[2.84296894,2.84296894,2.84296894]}
{"name":"blrwp_seasidelongroadcp2","class":"BeamNGWaypoint","persistentId":"e2d89b0f-54e9-4c24-9eb8-f0a59955f616","__parent":"Waypoints","position":[762.502197,876.539734,81.6054916],"scale":[2.78056645,2.78056645,2.78056645]}
{"name":"blrwp_fartjunctioncp1","class":"BeamNGWaypoint","persistentId":"dd0cb5ae-2c02-4950-9273-c038a5e4cc39","__parent":"Waypoints","position":[221.983841,882.94165,36.4721375],"scale":[3.07919931,3.07919931,3.07919931]}
{"name":"blrwp_overpassAyjuncBcp3","class":"BeamNGWaypoint","persistentId":"ddb52762-34de-411f-8c19-f222988c2919","__parent":"Waypoints","position":[-15.2840576,868.708801,26.3836479],"scale":[2.62460947,2.62460947,2.62460947]}
{"name":"blrwp_seasidevillagecp1","class":"BeamNGWaypoint","persistentId":"befea651-ff8b-4e62-a238-335a5435b3e5","__parent":"Waypoints","position":[-211.072617,-807.452271,15.9805756],"scale":[3.12438965,3.12438965,3.12438965]}
{"name":"blrwp_gasstationintersectcp6","class":"BeamNGWaypoint","persistentId":"a1fa273b-1dec-4cdd-a58e-08e1c45b1ab0","__parent":"Waypoints","position":[-617.385071,579.109985,28.1307144],"scale":[3.14057636,3.14057636,3.14057636]}
{"name":"blrwp_midroadendcp3","class":"BeamNGWaypoint","persistentId":"ad936031-328d-40e1-8784-1671e4713197","__parent":"Waypoints","position":[429.985809,-870.774353,38.7561874],"scale":[3.01000977,3.01000977,3.01000977]}
{"name":"blrwp_seasidevillagecp3","class":"BeamNGWaypoint","persistentId":"07027b86-8fc3-43bf-ac4a-64909dfcce1d","__parent":"Waypoints","position":[-20.9833241,-773.791931,17.3691902],"scale":[2.98720694,2.98720694,2.98720694]}
{"name":"blrwp_seasidevillagecp4","class":"BeamNGWaypoint","persistentId":"1dea9234-0c27-4e71-a133-bd8daa87b484","__parent":"Waypoints","position":[-244.963089,-837.230774,16.1311703],"scale":[3.30072784,3.30072784,3.30072784]}
{"name":"blrwp_yjuncBcp3","class":"BeamNGWaypoint","persistentId":"ffb4e2d1-bace-4bb4-aaa3-add776d69282","__parent":"Waypoints","position":[-691.938782,-551.604248,23.9658947],"scale":[2.37421894,2.37421894,2.37421894]}
{"name":"blrwp_redmanorcp1","class":"BeamNGWaypoint","persistentId":"0c497561-a78c-48ab-b73f-49b1f23af792","__parent":"Waypoints","position":[-477.450684,-737.376892,41.2795067],"scale":[2.679883,2.679883,2.679883]}
{"name":"blrwp_sawmillcp2","class":"BeamNGWaypoint","persistentId":"0c208190-ce88-4481-ae93-c3dd7355fce9","__parent":"Waypoints","position":[345.714874,-826.47522,43.0373688],"scale":[3.12451172,3.12451172,3.12451172]}
{"name":"blrwp_overpassAyjuncBcp2","class":"BeamNGWaypoint","persistentId":"1ffcf57a-3347-4bab-bd2c-982a8b47e453","__parent":"Waypoints","position":[19.23312,867.370605,26.1674042],"scale":[2.742383,2.742383,2.742383]}
{"name":"blrwp_fartjunctioncp2","class":"BeamNGWaypoint","persistentId":"5b28a6fa-b33c-4799-92c5-21f3abdd4dc4","__parent":"Waypoints","position":[274.584686,886.120422,37.8801994],"scale":[2.60673833,2.60673833,2.60673833]}
{"name":"blrwp_seasidelongroadcp2B","class":"BeamNGWaypoint","persistentId":"ba4f1687-1112-4d90-a012-3cfdb56fd37c","__parent":"Waypoints","position":[774.922852,861.159302,79.8050385],"scale":[2.78056645,2.78056645,2.78056645]}
{"name":"blrwp_seasidelongroadcp1B","class":"BeamNGWaypoint","persistentId":"3cf7733d-41b8-4413-ac93-2ef4cff6439c","__parent":"Waypoints","position":[904.380249,298.172852,61.4478683],"scale":[2.84296894,2.84296894,2.84296894]}
{"name":"blrwp_townbusstopcp1","class":"BeamNGWaypoint","persistentId":"1e1206ca-b436-479e-a551-c7edb09d1fda","__parent":"Waypoints","position":[909.014587,-209.130249,40.0152969],"scale":[2.5055666,2.5055666,2.5055666]}
{"name":"blrwp_farmjunccp2","class":"BeamNGWaypoint","persistentId":"198c184e-9ae9-44b7-888a-57dfd94d6611","__parent":"Waypoints","position":[-316.79425,-273.168701,36.8188133],"scale":[2.90245366,2.90245366,2.90245366]}
{"name":"blrwp_farmturncp1","class":"BeamNGWaypoint","persistentId":"b36a41b2-a595-4b50-bd28-4c1325cf85ca","__parent":"Waypoints","position":[-503.48587,-392.034332,37.1550674],"scale":[2.93964863,2.93964863,2.93964863]}
{"name":"blrwp_bridgeAcp2","class":"BeamNGWaypoint","persistentId":"e855b8d2-c552-4502-a85b-23894533e31e","__parent":"Waypoints","position":[-327.989319,608.530396,24.6652927],"scale":[2.37890625,2.37890625,2.37890625]}
{"name":"blrwp_mountainroadyjunccp1","class":"BeamNGWaypoint","persistentId":"b0085a09-fe09-4ee2-a4f3-cd3c9d6ab1f8","__parent":"Waypoints","position":[-140.280914,75.4430695,42.8051682],"scale":[2.96351767,2.96351767,2.96351767]}
{"name":"blrwp_townentrancebridgecp2","class":"BeamNGWaypoint","persistentId":"380bd5bb-12a9-4ef2-afd7-70156e3c73ed","__parent":"Waypoints","position":[523.800659,-442.6427,54.4012642],"scale":[2.22646475,2.22646475,2.22646475]}
{"name":"blrwp_watchtowerroadyjunccp1","class":"BeamNGWaypoint","persistentId":"9ec38268-feab-4ee3-bd1c-7c363cc26b8c","__parent":"Waypoints","position":[321.877899,-317.03653,51.3842354],"scale":[3.07501221,3.07501221,3.07501221]}
{"name":"blrwp_watchtowercp1","class":"BeamNGWaypoint","persistentId":"2d711120-eed6-4500-8759-cfb14c8c40d3","__parent":"Waypoints","position":[92.3925247,0.752372742,89.6073456],"scale":[2.3472414,2.3472414,2.3472414]}
{"name":"blrwp_offroadyjuncAcp1","class":"BeamNGWaypoint","persistentId":"70842268-ec73-4fa2-ad52-c8a41a16d18d","__parent":"Waypoints","position":[-186.834183,413.779358,35.7792931],"scale":[2.32978535,2.32978535,2.32978535]}
{"name":"blrwp_dirtpathAcp1","class":"BeamNGWaypoint","persistentId":"c862458c-0402-4e8c-a0d9-c3d081827b76","__parent":"Waypoints","position":[-132.059875,265.538574,33.2109299],"scale":[2.06757832,2.06757832,2.06757832]}
{"name":"blrwp_dirtpathAcp3","class":"BeamNGWaypoint","persistentId":"2a8bba0e-20c0-4489-a127-206509573562","__parent":"Waypoints","position":[195.940659,-283.240112,42.9948807],"scale":[2.30903339,2.30903339,2.30903339]}
{"name":"blrwp_dirthpathAend","class":"BeamNGWaypoint","persistentId":"41aab116-0bbc-41aa-af73-1888b4893828","__parent":"Waypoints","position":[290.562134,-415.821533,42.0723953],"scale":[3.10000038,3.10000038,3.10000038]}
{"name":"blrwp_dirtpathBcp1","class":"BeamNGWaypoint","persistentId":"d8425314-360e-47d4-8891-104490bf4c5c","__parent":"Waypoints","position":[-135.638016,436.155518,37.9825783],"scale":[2.75214863,2.75214863,2.75214863]}
{"name":"blrwp_dirtpathBcp2","class":"BeamNGWaypoint","persistentId":"5796df5f-5bf1-4fba-b8d0-17ace2db1802","__parent":"Waypoints","position":[-39.9599838,498.242981,37.5903091],"scale":[2.30034184,2.30034184,2.30034184]}
{"name":"blrwp_dirtpathBcp3","class":"BeamNGWaypoint","persistentId":"a50ef008-298b-4e05-ae50-4a477f47c71b","__parent":"Waypoints","position":[104.610062,540.029419,31.0515594],"scale":[2.54230976,2.54230976,2.54230976]}
{"name":"blrwp_dirtpathBcp5","class":"BeamNGWaypoint","persistentId":"f525a1c1-d8c9-4205-be54-311a8b7ce4bf","__parent":"Waypoints","position":[434.332886,607.616577,51.2419624],"scale":[2.46142578,2.46142578,2.46142578]}
{"name":"blrwp_dirtpathBcp6","class":"BeamNGWaypoint","persistentId":"98c956e0-8395-4be5-abee-479200f5b1cd","__parent":"Waypoints","position":[522.563599,252.402298,53.6421432],"scale":[3.03168964,3.03168964,3.03168964]}
{"name":"blrwp_dirtpathBend","class":"BeamNGWaypoint","persistentId":"88e293c3-e324-4508-87cb-bef6985da721","__parent":"Waypoints","position":[308.05658,167.411911,56.6832123],"scale":[2.75006104,2.75006104,2.75006104]}
{"name":"blrwp_dirtpathCcp1","class":"BeamNGWaypoint","persistentId":"1d6c5a06-a007-46f5-8e6e-651f44d2a863","__parent":"Waypoints","position":[42.1023331,357.655945,63.7184525],"scale":[3.06943369,3.06943369,3.06943369]}
{"name":"blrwp_dirtpathCcp2","class":"BeamNGWaypoint","persistentId":"ba395056-ef8a-477b-b673-e71f73fc6f7e","__parent":"Waypoints","position":[22.1625786,159.75705,73.0897598],"scale":[2.23196721,2.23196721,2.23196721]}
{"name":"blrwp_dirtpathAcp5","class":"BeamNGWaypoint","persistentId":"3df00d27-cde1-4a51-9532-f89677393181","__parent":"Waypoints","position":[151.552185,-281.213135,48.786602],"scale":[1.85498047,1.85498047,1.85498047]}
{"name":"blrwp_dirtpathAcp6","class":"BeamNGWaypoint","persistentId":"b0d512b3-2b0d-4848-b819-9fb9df53b918","__parent":"Waypoints","position":[48.6567688,-287.528931,42.7409782],"scale":[2.07338953,2.07338953,2.07338953]}
{"name":"blrwp_dirtpathAcp7","class":"BeamNGWaypoint","persistentId":"803ec7fe-b6f8-4509-9686-8afb356da2f3","__parent":"Waypoints","position":[-158.441345,-52.0579948,37.1313095],"scale":[2.43393564,2.43393564,2.43393564]}
{"name":"blrwp_dirtpathAcp8","class":"BeamNGWaypoint","persistentId":"6ef86edb-3d2d-4ef5-a804-3ac31adff093","__parent":"Waypoints","position":[-321.260529,50.6215019,31.9594517],"scale":[2.07111835,2.07111835,2.07111835]}
{"name":"blrwp_mountainroaddirtintersectcp1","class":"BeamNGWaypoint","persistentId":"77c7a56e-b816-45da-98f0-abdde96adeba","__parent":"Waypoints","position":[250.861664,-392.948944,41.890934],"scale":[3.03120136,3.03120136,3.03120136]}
{"name":"blrwp_mountainroaddirtintersectcp2","class":"BeamNGWaypoint","persistentId":"f14b6e05-11d5-4042-be30-8745ebbf24ec","__parent":"Waypoints","position":[56.3776283,-260.670624,43.1818275],"scale":[2.70717764,2.70717764,2.70717764]}
{"name":"blrwp_mountainroadyjunccp2","class":"BeamNGWaypoint","persistentId":"7bb3823c-5641-404f-813c-1e0e2abc9bd3","__parent":"Waypoints","position":[-200.084747,113.71109,44.5513382],"scale":[2.84133291,2.84133291,2.84133291]}
{"name":"blrwp_bridgeAcp3","class":"BeamNGWaypoint","persistentId":"91955cd9-4ef4-4de9-aa22-aaf02169ead4","__parent":"Waypoints","position":[-324.671997,668.613403,24.5717201],"scale":[2.37199712,2.37199712,2.37199712]}
{"name":"blrwp_dirtbridgeintersectcp2","class":"BeamNGWaypoint","persistentId":"eb286688-ab2b-43e0-9023-7034d547b78d","__parent":"Waypoints","position":[-438.674255,927.114685,30.8811436],"scale":[2.98554707,2.98554707,2.98554707]}
{"name":"blrwp_farpondintersectcp1","class":"BeamNGWaypoint","persistentId":"ae0d886f-0380-4a86-9743-b37bb8ba27a1","__parent":"Waypoints","position":[-771.727234,926.598145,38.0613213],"scale":[2.28437519,2.28437519,2.28437519]}
{"name":"blrwp_farpondroadintersectcp1","class":"BeamNGWaypoint","persistentId":"088b3fcb-6e01-450c-a4c0-ac1d9d046833","__parent":"Waypoints","position":[-750.657898,614.241455,25.7178459],"scale":[2.64257812,2.64257812,2.64257812]}
{"name":"blrwp_dirtpathBcp8","class":"BeamNGWaypoint","persistentId":"d8d5d465-e75b-4b33-b546-28bf59f57b26","__parent":"Waypoints","position":[201.763153,542.403442,45.7842903],"scale":[2.74111319,2.74111319,2.74111319]}
{"name":"blrwp_cliffsidemidroadcp1","class":"BeamNGWaypoint","persistentId":"4b21bb77-10ea-464b-81a5-9289dda652a4","__parent":"Waypoints","position":[196.708405,174.153931,48.6840706],"scale":[2.17409658,2.17409658,2.17409658]}
{"name":"blrwp_watchtowerroadyjunccp2","class":"BeamNGWaypoint","persistentId":"d3a593ee-7531-4457-8dde-c4ea8ed86913","__parent":"Waypoints","position":[365.146851,-368.450958,53.9398041],"scale":[3.07501221,3.07501221,3.07501221]}
{"name":"blrwp_firwoodinndirtpathcp1","class":"BeamNGWaypoint","persistentId":"8be6c0e8-d485-4ccd-b605-14c18828a639","__parent":"Waypoints","position":[445.070953,-482.728119,54.0913429],"scale":[2.15517569,2.15517569,2.15517569]}
{"name":"blrwp_firwoodinndirtpathcp2","class":"BeamNGWaypoint","persistentId":"6834c34b-3e0d-43f9-b983-820d16cccca3","__parent":"Waypoints","position":[531.460571,-614.345154,52.648838],"scale":[2.15517569,2.15517569,2.15517569]}
{"name":"blrwp_firwoodinndirtpathcp3","class":"BeamNGWaypoint","persistentId":"65784194-b52b-4c30-80a1-e7e33cbaa98f","__parent":"Waypoints","position":[582.891663,-698.617065,53.3130302],"scale":[2.15517569,2.15517569,2.15517569]}
{"name":"blrwp_firwoodinndirtpathcp4","class":"BeamNGWaypoint","persistentId":"b7dee4e9-b921-46ad-95c3-cc6236c85921","__parent":"Waypoints","position":[674.254028,-858.522217,42.000843],"scale":[2.15517569,2.15517569,2.15517569]}
{"name":"blrwp_seasidecliffroadcp1","class":"BeamNGWaypoint","persistentId":"9c15746f-58ab-43d0-9e72-830a97a72fe5","__parent":"Waypoints","position":[766.508423,-877.096252,38.0666656],"scale":[2.56865215,2.56865215,2.56865215]}
{"name":"blrwp_seasidecliffroadcp2","class":"BeamNGWaypoint","persistentId":"cb1910d6-6cef-458d-880c-7103c03d66e9","__parent":"Waypoints","position":[469.74939,-938.095093,16.744318],"scale":[2.56865215,2.56865215,2.56865215]}
{"name":"blrwp_dirtpathBaiwp1","class":"BeamNGWaypoint","persistentId":"2c863c12-a2e3-45d8-b072-8e56a107a09b","__parent":"Waypoints","position":[227.351562,383.334564,50.6065063],"scale":[2.74111319,2.74111319,2.74111319]}
{"name":"blrwp_mountainroaddirtintersectcp3","class":"BeamNGWaypoint","persistentId":"d045f290-8518-4822-be8d-1a627f49c741","__parent":"Waypoints","position":[322.325714,-444.13678,42.7235031],"scale":[3.10000038,3.10000038,3.10000038]}
{"name":"blrwp_sawmillentrancecp2","class":"BeamNGWaypoint","persistentId":"cb3c103b-8c7b-4d1f-ad02-3144dd33d19d","__parent":"Waypoints","position":[237.820923,-722.024048,42.0048103],"scale":[2.96542978,2.96542978,2.96542978]}
{"name":"blrwp_sawmilldirtroadcp1","class":"BeamNGWaypoint","persistentId":"78743bc4-ad01-466c-af95-e26da5de0c41","__parent":"Waypoints","position":[136.673828,-660.367065,39.8508835],"scale":[2.33535147,2.33535147,2.33535147]}
{"name":"blrwp_sawmilldirtroadcp2","class":"BeamNGWaypoint","persistentId":"095a14e3-37a7-40b9-a178-2aa7886a079e","__parent":"Waypoints","position":[88.0895844,-694.365784,37.8263588],"scale":[2.33535147,2.33535147,2.33535147]}
{"name":"blrwp_sawmilldirtroadcp3","class":"BeamNGWaypoint","persistentId":"00ef0e0b-759a-4d9a-b79a-84fe947a2209","__parent":"Waypoints","position":[-376.556122,-511.45462,41.3471031],"scale":[2.54980469,2.54980469,2.54980469]}
{"name":"blrwp_farmdirtroadcp1","class":"BeamNGWaypoint","persistentId":"95a63666-2dd2-4e42-b02a-8fbf339da8d3","__parent":"Waypoints","position":[-382.468719,-341.979828,35.3974228],"scale":[2.54980469,2.54980469,2.54980469]}
{"name":"blrwp_farmdirtroadcp2","class":"BeamNGWaypoint","persistentId":"f05751aa-18d4-45bc-b05a-3853fe0362b5","__parent":"Waypoints","position":[-385.335602,-224.234573,34.8160896],"scale":[2.54980469,2.54980469,2.54980469]}
{"name":"blrwp_farmdirtroadcp3","class":"BeamNGWaypoint","persistentId":"c9862b33-c7f8-4422-8616-aa4270349d77","__parent":"Waypoints","position":[-428.189728,-27.027647,30.0855598],"scale":[2.54980469,2.54980469,2.54980469]}
{"name":"blrwp_farmdirtroadcp4","class":"BeamNGWaypoint","persistentId":"6dc27559-2989-48ad-9b39-9a9318b9ec21","__parent":"Waypoints","position":[-366.681854,102.815155,32.3669243],"scale":[2.54980469,2.54980469,2.54980469]}
{"name":"blrwp_sawmillentrancecp3","class":"BeamNGWaypoint","persistentId":"6795d1ad-24dd-49c2-b297-dc970827f282","__parent":"Waypoints","position":[227.306442,-707.669495,40.9107056],"scale":[2.96542978,2.96542978,2.96542978]}
{"name":"blrwp_sawmillcp3","class":"BeamNGWaypoint","persistentId":"3331a41a-cece-48c1-a7c6-509df8222f0c","__parent":"Waypoints","position":[170.93782,-717.560364,42.9170494],"scale":[2.96542978,2.96542978,2.96542978]}
{"name":"blrwp_sawmillcp4","class":"BeamNGWaypoint","persistentId":"bdfe7d0a-81a4-4955-9096-cb9bbb4c3da8","__parent":"Waypoints","position":[124.85376,-755.175293,42.5227318],"scale":[2.96542978,2.96542978,2.96542978]}
{"name":"blrwp_sawmillcp5","class":"BeamNGWaypoint","persistentId":"77583249-4f80-4087-8cdd-e85b0e70a8c3","__parent":"Waypoints","position":[179.316116,-798.897644,48.6648712],"scale":[2.96542978,2.96542978,2.96542978]}
{"name":"blrwp_sawmillcp6","class":"BeamNGWaypoint","persistentId":"84bcc288-5519-4b4e-9117-3132bdbbf13d","__parent":"Waypoints","position":[259.078735,-823.272217,47.4006042],"scale":[2.96542978,2.96542978,2.96542978]}
{"name":"blrwp_sawmilldirtroadcp4","class":"BeamNGWaypoint","persistentId":"3be07f9d-40da-4ab4-be6e-3e3b5bac697f","__parent":"Waypoints","position":[100.100647,-658.58905,40.2830811],"scale":[2.33535147,2.33535147,2.33535147]}
{"name":"blrwp_sawmilldirtroadcp5","class":"BeamNGWaypoint","persistentId":"3b1ae31a-f434-4dcd-ab92-11edc951e77c","__parent":"Waypoints","position":[-64.9109879,-459.074066,51.8708458],"scale":[2.33535147,2.33535147,2.33535147]}
{"name":"blrwp_sawmilldirtroadcp6","class":"BeamNGWaypoint","persistentId":"15ab06d2-2178-4fb1-a641-cf62cebf0464","__parent":"Waypoints","position":[-382.923187,-418.901703,36.840023],"scale":[2.33535147,2.33535147,2.33535147]}
{"name":"blrwp_sawmillcp7","class":"BeamNGWaypoint","persistentId":"741398ca-fe69-46f1-800a-32f75c79dfea","__parent":"Waypoints","position":[315.882935,-836.804504,45.4085922],"scale":[3.12451172,3.12451172,3.12451172]}
{"name":"blrwp_farpondroadintersectcp2","class":"BeamNGWaypoint","persistentId":"35ebdd3b-d779-481b-a45c-18431be30609","__parent":"Waypoints","position":[-785.513489,602.940063,27.4261703],"scale":[2.64257812,2.64257812,2.64257812]}
{"name":"blrwp_gasstationdirtroadintersectcp1","class":"BeamNGWaypoint","persistentId":"d14ee871-5bcf-4c3d-a654-e81e7a223f58","__parent":"Waypoints","position":[-834.003479,538.003235,26.2361507],"scale":[2.6119628,2.6119628,2.6119628]}
{"name":"blrwp_gasstationdirtroadintersectcp2","class":"BeamNGWaypoint","persistentId":"754282ad-b6d6-4858-be32-9604fd2d2c85","__parent":"Waypoints","position":[-724.130127,166.818481,26.7215919],"scale":[3.50996113,3.50996113,3.50996113]}
{"name":"blrwp_farmdirtroadcp4B","class":"BeamNGWaypoint","persistentId":"3fd53c66-c1b5-4d58-b315-e4ad944644cd","__parent":"Waypoints","position":[-391.12561,80.3848572,34.6460342],"scale":[2.54980469,2.54980469,2.54980469]}
{"name":"blrwp_farmdirtroadcp5","class":"BeamNGWaypoint","persistentId":"dafe2fbd-3e7e-419d-a43b-168b3c5f9137","__parent":"Waypoints","position":[-430.506012,-90.4761429,32.4781685],"scale":[2.54980469,2.54980469,2.54980469]}
{"name":"blrwp_farmdirtroadcp6","class":"BeamNGWaypoint","persistentId":"9da3cbcf-9a72-44c4-9a83-16e5e4debfaa","__parent":"Waypoints","position":[-383.646332,-277.407715,34.9504128],"scale":[2.54980469,2.54980469,2.54980469]}
{"name":"blrwp_sawmilldirtroadcp7","class":"BeamNGWaypoint","persistentId":"caf63a70-23df-4764-badc-0876592b91d8","__parent":"Waypoints","position":[-356.09491,-575.61084,48.2348213],"scale":[2.54980469,2.54980469,2.54980469]}
{"name":"blrwp_sawmillentrancecp3B","class":"BeamNGWaypoint","persistentId":"9ec315c9-c93e-48ba-b1b4-9431597fd1d6","__parent":"Waypoints","position":[243.749023,-709.296326,41.9646492],"scale":[2.96542978,2.96542978,2.96542978]}
{"name":"blrwp_gasstationintersectcp7","class":"BeamNGWaypoint","persistentId":"83c5499f-9f15-4fbb-9867-514bc7b5f3e4","__parent":"Waypoints","position":[-881.265076,567.406128,25.8643894],"scale":[2.6119628,2.6119628,2.6119628]}
{"name":"blrwp_riversideroadyjunccp2","class":"BeamNGWaypoint","persistentId":"90efb205-689e-44a0-8801-9ecd681e97b1","__parent":"Waypoints","position":[-955.220154,325.894287,30.2869205],"scale":[2.8391602,2.8391602,2.8391602]}
{"name":"blrwp_riversideroadBcp1","class":"BeamNGWaypoint","persistentId":"c37b898a-2542-4620-aeb2-162f4187f486","__parent":"Waypoints","position":[-954.896301,-77.4406815,48.7201538],"scale":[3.04628944,3.04628944,3.04628944]}
{"name":"blrwp_riversidejunccp2","class":"BeamNGWaypoint","persistentId":"a7c9b3a9-8a8b-4c22-b3f4-9bac872d5299","__parent":"Waypoints","position":[-935.063293,-785.259033,35.4025841],"scale":[2.17431641,2.17431641,2.17431641]}
{"name":"blrwp_dirtbridgeaiwp1","class":"BeamNGWaypoint","persistentId":"fec9e631-e001-4e42-be95-7b1d3ff8bbd9","__parent":"Waypoints","position":[-330.861603,867.128174,28.760088],"scale":[2.98554707,2.98554707,2.98554707]}
{"name":"blrwp_gasstationdirtroadaiwp1","class":"BeamNGWaypoint","persistentId":"1f1da021-243b-4929-9176-30bc9b09c39b","__parent":"Waypoints","position":[-787.697998,296.130096,34.0608711],"scale":[2.6119628,2.6119628,2.6119628]}
{"name":"blrwp_farpondintersectaiwp1","class":"BeamNGWaypoint","persistentId":"3730ea0a-0aa4-48b7-9cf7-6d067aea55a5","__parent":"Waypoints","position":[-745.452942,951.879944,35.6604233],"scale":[2.28437519,2.28437519,2.28437519]}
{"name":"blrwp_watchtowerroadcp1","class":"BeamNGWaypoint","persistentId":"a185a929-6345-40a3-a54b-b2714a48585a","__parent":"Waypoints","position":[-141.341873,394.110291,40.3298264],"scale":[3.1706543,3.1706543,3.1706543]}
{"name":"blrwp_dirtpathccp3","class":"BeamNGWaypoint","persistentId":"9b945393-604d-492f-ab41-7c0f125a9566","__parent":"Waypoints","position":[55.1449089,213.871933,83.7054596],"scale":[3.02625751,3.02625751,3.02625751]}
{"name":"blrwp_watchtowerroadcp3","class":"BeamNGWaypoint","persistentId":"6ec4ed6c-0543-4e31-a4a0-9e042ef1a422","__parent":"Waypoints","position":[-230.580185,482.396576,33.3236198],"scale":[3.0520997,3.0520997,3.0520997]}
{"name":"blrwp_sawmilldirtintersectcp1","class":"BeamNGWaypoint","persistentId":"e5ca8843-acc0-4ad9-b2ca-f78fe071c37b","__parent":"Waypoints","position":[496.73822,-592.570984,52.648838],"scale":[3.64980459,3.64980459,3.64980459]}
{"name":"blrwp_sawmilloverpassjunccp3","class":"BeamNGWaypoint","persistentId":"adcd8c30-c78c-4211-bb75-a6b916595337","__parent":"Waypoints","position":[412.798889,-604.080139,46.7011948],"scale":[3.73496103,3.73496103,3.73496103]}
{"name":"blrwp_dirtpathAcp4","class":"BeamNGWaypoint","persistentId":"7392ec2a-f546-4cda-b046-ef39a55e07ab","__parent":"Waypoints","position":[270.646179,-364.586212,44.7596245],"scale":[3.10000038,3.10000038,3.10000038]}
{"name":"blrwp_dirtpathAcp9","class":"BeamNGWaypoint","persistentId":"19076a75-8ee2-4060-bc1e-0d0da481e140","__parent":"Waypoints","position":[109.102333,-219.460358,56.2830963],"scale":[2.30903339,2.30903339,2.30903339]}
{"name":"blrwp_dirtpathAcp10","class":"BeamNGWaypoint","persistentId":"fe8e887f-f709-4067-96b9-9b54de3aa63f","__parent":"Waypoints","position":[-50.9261398,85.612175,42.2829552],"scale":[3.32626963,3.32626963,3.32626963]}
{"name":"blrwp_dirtpathAcp11","class":"BeamNGWaypoint","persistentId":"1175f3e0-78f7-4a75-bdf5-8c41cc0aa13b","__parent":"Waypoints","position":[-156.400833,290.857941,32.0612183],"scale":[2.06757832,2.06757832,2.06757832]}
{"name":"blrwp_offroadyjuncAcp2","class":"BeamNGWaypoint","persistentId":"6fd26931-7100-4c15-a247-7ddc81643b12","__parent":"Waypoints","position":[-170.177017,413.854065,35.7792931],"scale":[2.32978535,2.32978535,2.32978535]}
{"name":"blrwp_sawmilldirtintersectaiwp1","class":"BeamNGWaypoint","persistentId":"c785721c-d893-466a-9266-5e66110936b8","__parent":"Waypoints","position":[502.638245,-560.376648,52.9634285],"scale":[3.64980459,3.64980459,3.64980459]}
{"name":"blrwp_dirtpathAaiwp1","class":"BeamNGWaypoint","persistentId":"e420736c-0e76-4f91-a24f-8409c145eadb","__parent":"Waypoints","position":[-27.6358967,9.92761898,45.9444809],"scale":[3.32626963,3.32626963,3.32626963]}
{"name":"blrwp_mountainroadaiwp1","class":"BeamNGWaypoint","persistentId":"ea7d95d1-0137-4dc4-ba8e-207df639e998","__parent":"Waypoints","position":[352.169861,-498.708374,47.9580383],"scale":[3.10000038,3.10000038,3.10000038]}
{"name":"blrwp_mountainroadaiwp2","class":"BeamNGWaypoint","persistentId":"3dd02705-ea84-4a24-9d71-7cc153ff38b3","__parent":"Waypoints","position":[-366.711304,193.896225,58.0858421],"scale":[2.84133291,2.84133291,2.84133291]}
{"name":"blrwp_firwoodinndirtpathaiwp1","class":"BeamNGWaypoint","persistentId":"ca629c4d-4c36-4bf8-9e4e-e72a38ef0174","__parent":"Waypoints","position":[637.175049,-809.669067,50.1871796],"scale":[2.15517569,2.15517569,2.15517569]}
{"name":"blrwp_dirtpathCaiwp1","class":"BeamNGWaypoint","persistentId":"fc9a92ec-e744-464c-ab6c-5f5c3aec8643","__parent":"Waypoints","position":[-32.8182297,446.054779,44.6385918],"scale":[1.22262394,1.22262394,1.22262394]}
{"name":"blrwp_dirtpathCaiwp2","class":"BeamNGWaypoint","persistentId":"74fcc646-eee5-479a-8031-7011b4abd4a3","__parent":"Waypoints","position":[40.1285515,187.417511,81.11689],"scale":[2.23196721,2.23196721,2.23196721]}
{"name":"blrwp_dirtpathAaiwp2","class":"BeamNGWaypoint","persistentId":"ca07d7ff-e2b9-47a2-a9bd-5cae9722dead","__parent":"Waypoints","position":[137.420425,-242.707062,54.4388199],"scale":[2.30903339,2.30903339,2.30903339]}
{"name":"blrwp_dirtpathAaiwp3","class":"BeamNGWaypoint","persistentId":"4f97425e-5914-4f06-ab42-327a686ce85a","__parent":"Waypoints","position":[101.327934,-291.79187,49.4790878],"scale":[1.85498047,1.85498047,1.85498047]}
{"name":"blrwp_dirtpathAaiwp4","class":"BeamNGWaypoint","persistentId":"02a3713b-1e94-40f5-94bb-da1d019b8eae","__parent":"Waypoints","position":[-108.199562,-96.6183395,40.6070633],"scale":[2.43393564,2.43393564,2.43393564]}
{"name":"blrwp_dirtpathAaiwp5","class":"BeamNGWaypoint","persistentId":"1c7e473c-1b46-4cfd-b4d5-0fd9087eafd5","__parent":"Waypoints","position":[152.702911,-253.814026,51.6934357],"scale":[2.33533001,2.33533001,2.33533001]}
{"name":"blrwp_dirtpathAaiwp6","class":"BeamNGWaypoint","persistentId":"d9a6d2c8-c6a0-4af4-a3d5-131ff0fafefc","__parent":"Waypoints","position":[164.500534,-263.013702,48.809742],"scale":[2.33533001,2.33533001,2.33533001]}
{"name":"blrwp_seasidebridgeaiwp1","class":"BeamNGWaypoint","persistentId":"40d268df-3cba-4dc7-86c8-c59d6c0ef0f4","__parent":"Waypoints","position":[-674.44165,-782.509155,36.9361992],"scale":[2.16241241,2.16241241,2.16241241]}
{"name":"blrwp_cgm_farmjump","class":"BeamNGWaypoint","persistentId":"cd9212b9-5a13-4f0a-a03a-c2b1e56fc9c8","__parent":"Waypoints","position":[-563.915222,-236.361923,29.2246876],"scale":[1.71511006,1.71511006,1.71511006]}
{"name":"blrwp_cgm_crazyjump","class":"BeamNGWaypoint","persistentId":"bb895a65-6fb0-49e9-bbbf-b659919b5fa2","__parent":"Waypoints","position":[77.3385696,694.799194,30.9539948],"scale":[1.89311528,1.89311528,1.89311528]}
{"name":"blrwp_farmjunccp3","class":"BeamNGWaypoint","persistentId":"9d6af8f6-6d23-4c8d-9d08-28978e35d4f5","__parent":"Waypoints","position":[-316.917023,-229.528656,37.0025558],"scale":[2.90245366,2.90245366,2.90245366]}
{"name":"blrwp_farmjunccp4","class":"BeamNGWaypoint","persistentId":"3a22efeb-0d78-4434-815d-f17df38b2fd4","__parent":"Waypoints","position":[-450.877167,-60.7595215,31.7967052],"scale":[2.54980469,2.54980469,2.54980469]}
{"name":"blrwp_seasidelongroadcp3","class":"BeamNGWaypoint","persistentId":"82ac5013-5820-4c9d-98da-5dfde18094ea","__parent":"Waypoints","position":[504.658966,922.739136,57.0626907],"scale":[2.78056645,2.78056645,2.78056645]}
{"name":"blrwp_towngasstationst","class":"BeamNGWaypoint","persistentId":"9b35fe0b-6989-464e-879e-e482a4a28054","__parent":"Waypoints","position":[733.438354,-31.4683571,51.8632851],"scale":[2.00947285,2.00947285,2.00947285]}
{"name":"blrwp_midroadendaiwp1","class":"BeamNGWaypoint","persistentId":"c34275d5-b96c-4ae4-871a-dbef39971094","__parent":"Waypoints","position":[454.0802,-831.284119,43.1699333],"scale":[3.04477215,3.04477215,3.04477215]}
