{"class":"TSStatic","persistentId":"02569b4c-40b5-42b0-a882-dc89e2eabfea","__parent":"camp_barrier","position":[593.851685,-598.93988,134.153229],"annotation":"OBSTACLES","isRenderEnabled":false,"rotationMatrix":[-0.518320084,-0.855186284,0,0.855186284,-0.518320084,0,0,0,1],"shapeName":"/levels/utah/art/shapes/buildings/ut_camp_barrier.DAE"}
{"class":"TSStatic","persistentId":"02f0f80d-187a-441c-a08c-127e5966d7b9","__parent":"camp_barrier","position":[634.235657,-573.157898,138.23996],"annotation":"OBSTACLES","isRenderEnabled":false,"rotationMatrix":[-0.999974191,-0.00717916247,0,0.00717916247,-0.999974191,0,0,0,1],"shapeName":"/levels/utah/art/shapes/buildings/ut_camp_barrier.DAE"}
{"class":"TSStatic","persistentId":"045cfb12-97c5-4974-bdef-778e00973f9f","__parent":"camp_barrier","position":[600.9646,-604.652954,135.474045],"annotation":"OBSTACLES","isRenderEnabled":false,"rotationMatrix":[0.94301337,-0.332756013,0,0.332756013,0.94301337,0,0,0,1],"shapeName":"/levels/utah/art/shapes/buildings/ut_camp_barrier.DAE"}
{"class":"TSStatic","persistentId":"05d1de84-4e77-4bd8-b876-d344aa164af3","__parent":"camp_barrier","position":[606.354309,-543.540466,134.202866],"annotation":"OBSTACLES","isRenderEnabled":false,"rotationMatrix":[0.731731236,0.681592166,0,-0.681592166,0.731731236,0,0,0,1],"shapeName":"/levels/utah/art/shapes/buildings/ut_camp_barrier.DAE"}
{"class":"TSStatic","persistentId":"07655b2e-a908-4266-aa09-81a6a46c0722","__parent":"camp_barrier","position":[647.619202,-515.100525,134.202866],"annotation":"OBSTACLES","isRenderEnabled":false,"rotationMatrix":[-0.724239051,0.689545751,0,-0.689545751,-0.724239051,0,0,0,1],"shapeName":"/levels/utah/art/shapes/buildings/ut_camp_barrier.DAE"}
{"class":"TSStatic","persistentId":"08e2c9ef-6b2a-407f-9b6f-428057797f4b","__parent":"camp_barrier","position":[521.27594,-491.19516,134.338852],"annotation":"OBSTACLES","isRenderEnabled":false,"rotationMatrix":[0.988765717,-0.149472073,0,0.149472073,0.988765717,0,0,0,1],"shapeName":"/levels/utah/art/shapes/buildings/ut_camp_barrier.DAE"}
{"class":"TSStatic","persistentId":"10e4db6a-893b-436c-89c9-00f9e4d095ea","__parent":"camp_barrier","position":[664.704468,-548.80127,138.23996],"annotation":"OBSTACLES","isRenderEnabled":false,"rotationMatrix":[-0.70188421,0.712291121,0,-0.712291121,-0.70188421,0,0,0,1],"shapeName":"/levels/utah/art/shapes/buildings/ut_camp_barrier.DAE"}
{"class":"TSStatic","persistentId":"18e40753-e3d2-4068-be2b-edf4387284ac","__parent":"camp_barrier","position":[531.421448,-444.270325,135.943207],"annotation":"OBSTACLES","isRenderEnabled":false,"rotationMatrix":[-0.574257016,-0.818672597,0,0.818672597,-0.574257016,0,0,0,1],"shapeName":"/levels/utah/art/shapes/buildings/ut_camp_barrier.DAE"}
{"class":"TSStatic","persistentId":"1a94e461-02ce-4a4e-bb3d-d848c29873e9","__parent":"camp_barrier","position":[579.502625,-571.958923,134.202866],"annotation":"OBSTACLES","isRenderEnabled":false,"rotationMatrix":[-0.898133874,-0.439722061,0,0.439722061,-0.898133874,0,0,0,1],"shapeName":"/levels/utah/art/shapes/buildings/ut_camp_barrier.DAE"}
{"class":"TSStatic","persistentId":"1cdecb9a-6be9-4614-a78a-ad4f42d7c98a","__parent":"camp_barrier","position":[665.157654,-508.388428,135.28302],"annotation":"OBSTACLES","isRenderEnabled":false,"rotationMatrix":[0.512282848,-0.858812928,0,0.858812928,0.512282848,0,0,0,1],"shapeName":"/levels/utah/art/shapes/buildings/ut_camp_barrier.DAE"}
{"class":"TSStatic","persistentId":"2053ccf6-e449-4bff-8828-b6d8d4dd3ae8","__parent":"camp_barrier","position":[663.953247,-506.369354,135.28302],"annotation":"OBSTACLES","isRenderEnabled":false,"rotationMatrix":[0.512282848,-0.858812928,0,0.858812928,0.512282848,0,0,0,1],"shapeName":"/levels/utah/art/shapes/buildings/ut_camp_barrier.DAE"}
{"class":"TSStatic","persistentId":"22159a8e-3bf2-4595-8742-2259ec0ba288","__parent":"camp_barrier","position":[600.217712,-536.044617,134.202866],"annotation":"OBSTACLES","isRenderEnabled":false,"rotationMatrix":[-0.894531965,0.44700259,0,-0.44700259,-0.894531965,0,0,0,1],"shapeName":"/levels/utah/art/shapes/buildings/ut_camp_barrier.DAE"}
{"class":"TSStatic","persistentId":"24ba2685-2a75-4641-a002-fdd024f33def","__parent":"camp_barrier","position":[625.121704,-555.088684,134.202866],"annotation":"OBSTACLES","isRenderEnabled":false,"rotationMatrix":[0.874748409,-0.484575063,0,0.484575063,0.874748409,0,0,0,1],"shapeName":"/levels/utah/art/shapes/buildings/ut_camp_barrier.DAE"}
{"class":"TSStatic","persistentId":"29af93f3-97ca-4ac1-b7ac-24473f578dbe","__parent":"camp_barrier","position":[499.557953,-502.776031,134.338852],"annotation":"OBSTACLES","isRenderEnabled":false,"rotationMatrix":[-0.332033068,-0.943268239,0,0.943268239,-0.332033068,0,0,0,1],"shapeName":"/levels/utah/art/shapes/buildings/ut_camp_barrier.DAE"}
{"class":"TSStatic","persistentId":"2b3c181a-71b0-49cc-8a15-61893929fe70","__parent":"camp_barrier","position":[602.361816,-537.116089,134.202866],"annotation":"OBSTACLES","isRenderEnabled":false,"rotationMatrix":[-0.894531965,0.44700259,0,-0.44700259,-0.894531965,0,0,0,1],"shapeName":"/levels/utah/art/shapes/buildings/ut_camp_barrier.DAE"}
{"class":"TSStatic","persistentId":"2d6e2083-1ad3-43c4-8887-79a2bbef9ece","__parent":"camp_barrier","position":[501.845703,-498.703796,134.338852],"annotation":"OBSTACLES","isRenderEnabled":false,"rotationMatrix":[-0.6338135,-0.773486555,0,0.773486555,-0.6338135,0,0,0,1],"shapeName":"/levels/utah/art/shapes/buildings/ut_camp_barrier.DAE"}
{"class":"TSStatic","persistentId":"3066b7ee-bfa6-46cb-9c90-9e85d5a057d5","__parent":"camp_barrier","position":[627.111694,-528.806335,134.202866],"annotation":"OBSTACLES","isRenderEnabled":false,"rotationMatrix":[-0.512389004,0.858751714,0,-0.858751714,-0.512389004,0,0,0,1],"shapeName":"/levels/utah/art/shapes/buildings/ut_camp_barrier.DAE"}
{"class":"TSStatic","persistentId":"349b521b-6cb9-4679-a387-0f35ffbc0adb","__parent":"camp_barrier","position":[654.800232,-546.952698,138.23996],"annotation":"OBSTACLES","isRenderEnabled":false,"rotationMatrix":[0.981131196,-0.193343192,0,0.193343192,0.981131196,0,0,0,1],"shapeName":"/levels/utah/art/shapes/buildings/ut_camp_barrier.DAE"}
{"class":"TSStatic","persistentId":"34c5ba76-ebf5-42aa-8da1-72360e7ce30d","__parent":"camp_barrier","position":[641.183899,-590.841431,138.23996],"annotation":"OBSTACLES","isRenderEnabled":false,"rotationMatrix":[0.402215034,0.915544927,0,-0.915544927,0.402215034,0,0,0,1],"shapeName":"/levels/utah/art/shapes/buildings/ut_camp_barrier.DAE"}
{"class":"TSStatic","persistentId":"36b5e78f-bba4-4fdf-a083-66d70edc3c0b","__parent":"camp_barrier","position":[652.481201,-546.496094,138.23996],"annotation":"OBSTACLES","isRenderEnabled":false,"rotationMatrix":[0.981131196,-0.193343192,0,0.193343192,0.981131196,0,0,0,1],"shapeName":"/levels/utah/art/shapes/buildings/ut_camp_barrier.DAE"}
{"class":"TSStatic","persistentId":"3cb8cea8-e93f-45ac-9a76-7afbd45efdee","__parent":"camp_barrier","position":[623.021973,-553.925537,134.202866],"annotation":"OBSTACLES","isRenderEnabled":false,"rotationMatrix":[0.874748409,-0.484575063,0,0.484575063,0.874748409,0,0,0,1],"shapeName":"/levels/utah/art/shapes/buildings/ut_camp_barrier.DAE"}
{"class":"TSStatic","persistentId":"3ee312d1-23f1-4050-92fc-6fd47c00460b","__parent":"camp_barrier","position":[640.229858,-593.013245,138.23996],"annotation":"OBSTACLES","isRenderEnabled":false,"rotationMatrix":[0.643375635,0.765550733,0,-0.765550733,0.643375635,0,0,0,1],"shapeName":"/levels/utah/art/shapes/buildings/ut_camp_barrier.DAE"}
{"class":"TSStatic","persistentId":"41186dea-a39a-4117-962c-07b0d776f1db","__parent":"camp_barrier","position":[629.520203,-532.843018,134.202866],"annotation":"OBSTACLES","isRenderEnabled":false,"rotationMatrix":[-0.226608858,0.973983943,0,-0.973983943,-0.226608858,0,0,0,1],"shapeName":"/levels/utah/art/shapes/buildings/ut_camp_barrier.DAE"}
{"class":"TSStatic","persistentId":"44935e98-c33e-48ac-bac5-5775d38b2f8e","__parent":"camp_barrier","position":[649.316956,-516.716919,134.202866],"annotation":"OBSTACLES","isRenderEnabled":false,"rotationMatrix":[-0.52091074,0.853608489,0,-0.853608489,-0.52091074,0,0,0,1],"shapeName":"/levels/utah/art/shapes/buildings/ut_camp_barrier.DAE"}
{"class":"TSStatic","persistentId":"4b8f161e-1349-466c-8ae2-351dfb280e2a","__parent":"camp_barrier","position":[666.700989,-510.174469,135.28302],"annotation":"OBSTACLES","isRenderEnabled":false,"rotationMatrix":[0.653824091,-0.756642103,0,0.756642103,0.653824091,0,0,0,1],"shapeName":"/levels/utah/art/shapes/buildings/ut_camp_barrier.DAE"}
{"class":"TSStatic","persistentId":"4dd41bc2-02d7-476d-9718-9b6c098a773e","__parent":"camp_barrier","position":[576.467285,-575.599854,134.202866],"annotation":"OBSTACLES","isRenderEnabled":false,"rotationMatrix":[-0.518320084,-0.855186284,0,0.855186284,-0.518320084,0,0,0,1],"shapeName":"/levels/utah/art/shapes/buildings/ut_camp_barrier.DAE"}
{"class":"TSStatic","persistentId":"50e539ae-5a5b-4119-8cb5-e73e8aaaefae","__parent":"camp_barrier","position":[533.225098,-445.773407,135.943207],"annotation":"OBSTACLES","isRenderEnabled":false,"rotationMatrix":[0.796735108,-0.604327023,0,0.604327023,0.796735108,0,0,0,1],"shapeName":"/levels/utah/art/shapes/buildings/ut_camp_barrier.DAE"}
{"class":"TSStatic","persistentId":"514db874-5113-4b4a-9fdb-e5ae89f72586","__parent":"camp_barrier","position":[663.045227,-547.117981,138.23996],"annotation":"OBSTACLES","isRenderEnabled":false,"rotationMatrix":[-0.70188421,0.712291121,0,-0.712291121,-0.70188421,0,0,0,1],"shapeName":"/levels/utah/art/shapes/buildings/ut_camp_barrier.DAE"}
{"class":"TSStatic","persistentId":"56fd30fd-1bc6-4221-b86c-9d8d3b6653c4","__parent":"camp_barrier","position":[609.474121,-606.887634,138.23996],"annotation":"OBSTACLES","isRenderEnabled":false,"rotationMatrix":[0.94301337,-0.332756013,0,0.332756013,0.94301337,0,0,0,1],"shapeName":"/levels/utah/art/shapes/buildings/ut_camp_barrier.DAE"}
{"class":"TSStatic","persistentId":"62d2195d-88d5-4b94-a61b-a47408d550b9","__parent":"camp_barrier","position":[532.790222,-442.318939,135.943207],"annotation":"OBSTACLES","isRenderEnabled":false,"rotationMatrix":[-0.574257016,-0.818672597,0,0.818672597,-0.574257016,0,0,0,1],"shapeName":"/levels/utah/art/shapes/buildings/ut_camp_barrier.DAE"}
{"class":"TSStatic","persistentId":"6ea6013a-b6ca-4d9a-a5e2-bae9eae8d3a8","__parent":"camp_barrier","position":[672.255859,-533.939453,138.23996],"annotation":"OBSTACLES","isRenderEnabled":false,"rotationMatrix":[0.215127066,0.976586282,0,-0.976586282,0.215127066,0,0,0,1],"shapeName":"/levels/utah/art/shapes/buildings/ut_camp_barrier.DAE"}
{"class":"TSStatic","persistentId":"70a41a75-b3cd-43ef-89fb-1c62b9067544","__parent":"camp_barrier","position":[594.269775,-601.242065,134.153229],"annotation":"OBSTACLES","isRenderEnabled":false,"rotationMatrix":[0.178670958,-0.983908296,0,0.983908296,0.178670958,0,0,0,1],"shapeName":"/levels/utah/art/shapes/buildings/ut_camp_barrier.DAE"}
{"class":"TSStatic","persistentId":"71554226-dabf-4bfe-ab86-6365500a467b","__parent":"camp_barrier","position":[625.891724,-526.76178,134.202866],"annotation":"OBSTACLES","isRenderEnabled":false,"rotationMatrix":[-0.512389004,0.858751714,0,-0.858751714,-0.512389004,0,0,0,1],"shapeName":"/levels/utah/art/shapes/buildings/ut_camp_barrier.DAE"}
{"class":"TSStatic","persistentId":"742aee6f-cb40-4df5-9767-c7286fb2a7e0","__parent":"camp_barrier","position":[631.871826,-573.174866,138.23996],"annotation":"OBSTACLES","isRenderEnabled":false,"rotationMatrix":[-0.999974191,-0.00717916247,0,0.00717916247,-0.999974191,0,0,0,1],"shapeName":"/levels/utah/art/shapes/buildings/ut_camp_barrier.DAE"}
{"class":"TSStatic","persistentId":"77f17491-b273-419d-b5f5-c1acafaa5106","__parent":"camp_barrier","position":[651.801331,-520.788025,134.202866],"annotation":"OBSTACLES","isRenderEnabled":false,"rotationMatrix":[-0.0695633069,0.997574568,0,-0.997574568,-0.0695633069,0,0,0,1],"shapeName":"/levels/utah/art/shapes/buildings/ut_camp_barrier.DAE"}
{"class":"TSStatic","persistentId":"7c248943-d30a-42b4-b10d-99359f6d44fb","__parent":"camp_barrier","position":[505.773499,-496.31839,134.338852],"annotation":"OBSTACLES","isRenderEnabled":false,"rotationMatrix":[-0.959851444,0.280508935,0,-0.280508935,-0.959851444,0,0,0,1],"shapeName":"/levels/utah/art/shapes/buildings/ut_camp_barrier.DAE"}
{"class":"TSStatic","persistentId":"8491c6ec-d566-4e1d-a81b-091f78b4ca2c","__parent":"camp_barrier","position":[499.681732,-505.131165,134.338852],"annotation":"OBSTACLES","isRenderEnabled":false,"rotationMatrix":[0.0524826944,-0.998621881,0,0.998621881,0.0524826944,0,0,0,1],"shapeName":"/levels/utah/art/shapes/buildings/ut_camp_barrier.DAE"}
{"class":"TSStatic","persistentId":"84edaa5b-9033-4e51-84f9-cd64de07b52d","__parent":"camp_barrier","position":[500.348022,-500.531555,134.338852],"annotation":"OBSTACLES","isRenderEnabled":false,"rotationMatrix":[-0.6338135,-0.773486555,0,0.773486555,-0.6338135,0,0,0,1],"shapeName":"/levels/utah/art/shapes/buildings/ut_camp_barrier.DAE"}
{"class":"TSStatic","persistentId":"a0a02e93-7b5a-4137-8e3b-b45b9567783f","__parent":"camp_barrier","position":[650.552185,-518.741089,134.202866],"annotation":"OBSTACLES","isRenderEnabled":false,"rotationMatrix":[-0.52091074,0.853608489,0,-0.853608489,-0.52091074,0,0,0,1],"shapeName":"/levels/utah/art/shapes/buildings/ut_camp_barrier.DAE"}
{"class":"TSStatic","persistentId":"a1b8bbff-50cb-4324-9678-3794ee88b3df","__parent":"camp_barrier","position":[583.987183,-570.341614,134.202866],"annotation":"OBSTACLES","isRenderEnabled":false,"rotationMatrix":[-0.895382524,0.445297569,0,-0.445297569,-0.895382524,0,0,0,1],"shapeName":"/levels/utah/art/shapes/buildings/ut_camp_barrier.DAE"}
{"class":"TSStatic","persistentId":"b0bd427c-01ec-41ab-81b5-ca473f168fbf","__parent":"camp_barrier","position":[503.358337,-496.857819,134.338852],"annotation":"OBSTACLES","isRenderEnabled":false,"rotationMatrix":[-0.975953698,-0.217979044,0,0.217979044,-0.975953698,0,0,0,1],"shapeName":"/levels/utah/art/shapes/buildings/ut_camp_barrier.DAE"}
{"class":"TSStatic","persistentId":"b1359a58-267e-4074-946d-163a032fd14a","__parent":"camp_barrier","position":[620.955933,-552.781067,134.202866],"annotation":"OBSTACLES","isRenderEnabled":false,"rotationMatrix":[0.874748409,-0.484575063,0,0.484575063,0.874748409,0,0,0,1],"shapeName":"/levels/utah/art/shapes/buildings/ut_camp_barrier.DAE"}
{"class":"TSStatic","persistentId":"b153d5d8-7c6a-433f-96cb-ed738ebe4f2c","__parent":"camp_barrier","position":[535.503113,-438.451447,135.943207],"annotation":"OBSTACLES","isRenderEnabled":false,"rotationMatrix":[-0.574257016,-0.818672597,0,0.818672597,-0.574257016,0,0,0,1],"shapeName":"/levels/utah/art/shapes/buildings/ut_camp_barrier.DAE"}
{"class":"TSStatic","persistentId":"b362dd0c-af13-43b4-a999-7d5e71a1222f","__parent":"camp_barrier","position":[577.703552,-573.56012,134.202866],"annotation":"OBSTACLES","isRenderEnabled":false,"rotationMatrix":[-0.746975601,-0.664851487,0,0.664851487,-0.746975601,0,0,0,1],"shapeName":"/levels/utah/art/shapes/buildings/ut_camp_barrier.DAE"}
{"class":"TSStatic","persistentId":"b5e72464-3da8-4012-8613-75acc70f0182","__parent":"camp_barrier","position":[628.310913,-530.816284,134.202866],"annotation":"OBSTACLES","isRenderEnabled":false,"rotationMatrix":[-0.512389004,0.858751714,0,-0.858751714,-0.512389004,0,0,0,1],"shapeName":"/levels/utah/art/shapes/buildings/ut_camp_barrier.DAE"}
{"class":"TSStatic","persistentId":"b8069c30-9be3-406c-8707-1cae8503902e","__parent":"camp_barrier","position":[581.661926,-570.901733,134.202866],"annotation":"OBSTACLES","isRenderEnabled":false,"rotationMatrix":[-0.972191751,-0.234185949,0,0.234185949,-0.972191751,0,0,0,1],"shapeName":"/levels/utah/art/shapes/buildings/ut_camp_barrier.DAE"}
{"class":"TSStatic","persistentId":"b842def8-c871-4f93-ba91-7d89b98e7b16","__parent":"camp_barrier","position":[641.159241,-586.19928,138.23996],"annotation":"OBSTACLES","isRenderEnabled":false,"rotationMatrix":[-0.147667438,0.989037097,0,-0.989037097,-0.147667438,0,0,0,1],"shapeName":"/levels/utah/art/shapes/buildings/ut_camp_barrier.DAE"}
{"class":"TSStatic","persistentId":"b8839826-7932-4039-a143-beda9b329ff7","__parent":"camp_barrier","position":[607.666565,-541.558289,134.202866],"annotation":"OBSTACLES","isRenderEnabled":false,"rotationMatrix":[0.552010834,0.833835959,0,-0.833835959,0.552010834,0,0,0,1],"shapeName":"/levels/utah/art/shapes/buildings/ut_camp_barrier.DAE"}
{"class":"TSStatic","persistentId":"ba140b2c-ce46-445c-9664-4bea4a68f374","__parent":"camp_barrier","position":[611.703491,-607.674255,138.23996],"annotation":"OBSTACLES","isRenderEnabled":false,"rotationMatrix":[0.94301337,-0.332756013,0,0.332756013,0.94301337,0,0,0,1],"shapeName":"/levels/utah/art/shapes/buildings/ut_camp_barrier.DAE"}
{"class":"TSStatic","persistentId":"bbb53a5c-45d6-4e75-b4a6-278928c4d182","__parent":"camp_barrier","position":[630.058167,-535.155212,134.202866],"annotation":"OBSTACLES","isRenderEnabled":false,"rotationMatrix":[-0.0582352765,0.99830097,0,-0.99830097,-0.0582352765,0,0,0,1],"shapeName":"/levels/utah/art/shapes/buildings/ut_camp_barrier.DAE"}
{"class":"TSStatic","persistentId":"bc146eda-c054-4257-870a-03a4e35376d0","__parent":"camp_barrier","position":[641.5047,-588.513306,138.23996],"annotation":"OBSTACLES","isRenderEnabled":false,"rotationMatrix":[0.136508122,0.990638912,0,-0.990638912,0.136508122,0,0,0,1],"shapeName":"/levels/utah/art/shapes/buildings/ut_camp_barrier.DAE"}
{"class":"TSStatic","persistentId":"c44ad2b2-32cb-4088-a85c-032eab4d1ffc","__parent":"camp_barrier","position":[517.759644,-488.760681,134.338852],"annotation":"OBSTACLES","isRenderEnabled":false,"rotationMatrix":[0.200151801,-0.979764223,0,0.979764223,0.200151801,0,0,0,1],"shapeName":"/levels/utah/art/shapes/buildings/ut_camp_barrier.DAE"}
{"class":"TSStatic","persistentId":"cf24fd05-17c3-425a-b5b6-bad042ad4fab","__parent":"camp_barrier","position":[613.914978,-608.454651,138.23996],"annotation":"OBSTACLES","isRenderEnabled":false,"rotationMatrix":[0.94301337,-0.332756013,0,0.332756013,0.94301337,0,0,0,1],"shapeName":"/levels/utah/art/shapes/buildings/ut_camp_barrier.DAE"}
{"class":"TSStatic","persistentId":"d3c9f75d-d50a-4138-840b-f743aa5c1305","__parent":"camp_barrier","position":[604.470947,-538.170044,134.202866],"annotation":"OBSTACLES","isRenderEnabled":false,"rotationMatrix":[-0.762760639,0.646680772,0,-0.646680772,-0.762760639,0,0,0,1],"shapeName":"/levels/utah/art/shapes/buildings/ut_camp_barrier.DAE"}
{"class":"TSStatic","persistentId":"d844a3b2-b8b0-4df9-9431-d0699438723b","__parent":"camp_barrier","position":[645.933289,-544.182434,138.23996],"annotation":"OBSTACLES","isRenderEnabled":false,"rotationMatrix":[0.807623804,-0.589698136,0,0.589698136,0.807623804,0,0,0,1],"shapeName":"/levels/utah/art/shapes/buildings/ut_camp_barrier.DAE"}
{"class":"TSStatic","persistentId":"da6cd119-3776-4b42-bc85-0c5aa489c900","__parent":"camp_barrier","position":[668.455566,-511.770691,135.28302],"annotation":"OBSTACLES","isRenderEnabled":false,"rotationMatrix":[0.739704072,-0.67292726,0,0.67292726,0.739704072,0,0,0,1],"shapeName":"/levels/utah/art/shapes/buildings/ut_camp_barrier.DAE"}
{"class":"TSStatic","persistentId":"db9dc581-eaa1-4d27-9405-77bf1d1fc62c","__parent":"camp_barrier","position":[524.709656,-489.133514,134.338852],"annotation":"OBSTACLES","isRenderEnabled":false,"rotationMatrix":[0.752647877,0.658423185,0,-0.658423185,0.752647877,0,0,0,1],"shapeName":"/levels/utah/art/shapes/buildings/ut_camp_barrier.DAE"}
{"class":"TSStatic","persistentId":"dca5d0a4-58b9-4583-a3a0-b94641453a99","__parent":"camp_barrier","position":[603.176941,-605.433594,136.090408],"annotation":"OBSTACLES","isRenderEnabled":false,"rotationMatrix":[0.94301337,-0.332756013,0,0.332756013,0.94301337,0,0,0,1],"shapeName":"/levels/utah/art/shapes/buildings/ut_camp_barrier.DAE"}
{"class":"TSStatic","persistentId":"e74b3038-e890-42af-946f-10e0d1850655","__parent":"camp_barrier","position":[650.157349,-546.029968,138.23996],"annotation":"OBSTACLES","isRenderEnabled":false,"rotationMatrix":[0.981131196,-0.193343192,0,0.193343192,0.981131196,0,0,0,1],"shapeName":"/levels/utah/art/shapes/buildings/ut_camp_barrier.DAE"}
{"class":"TSStatic","persistentId":"ebedfc4a-74fc-4684-898c-5da38e5944e6","__parent":"camp_barrier","position":[595.970032,-602.890564,134.153229],"annotation":"OBSTACLES","isRenderEnabled":false,"rotationMatrix":[0.717942834,-0.696102083,0,0.696102083,0.717942834,0,0,0,1],"shapeName":"/levels/utah/art/shapes/buildings/ut_camp_barrier.DAE"}
{"class":"TSStatic","persistentId":"f3dbd1d0-798f-4dec-b15b-36027deec0c8","__parent":"camp_barrier","position":[647.838318,-545.573364,138.23996],"annotation":"OBSTACLES","isRenderEnabled":false,"rotationMatrix":[0.807623804,-0.589698136,0,0.589698136,0.807623804,0,0,0,1],"shapeName":"/levels/utah/art/shapes/buildings/ut_camp_barrier.DAE"}
{"class":"TSStatic","persistentId":"f617d5b5-c9b4-4c95-89ce-89102ce1cef0","__parent":"camp_barrier","position":[670.211304,-513.36792,135.28302],"annotation":"OBSTACLES","isRenderEnabled":false,"rotationMatrix":[0.739704072,-0.67292726,0,0.67292726,0.739704072,0,0,0,1],"shapeName":"/levels/utah/art/shapes/buildings/ut_camp_barrier.DAE"}
{"class":"TSStatic","persistentId":"f7d32aad-002a-497a-b59e-eca717712a17","__parent":"camp_barrier","position":[518.948364,-490.795776,134.338852],"annotation":"OBSTACLES","isRenderEnabled":false,"rotationMatrix":[0.513817132,-0.857899964,0,0.857899964,0.513817132,0,0,0,1],"shapeName":"/levels/utah/art/shapes/buildings/ut_camp_barrier.DAE"}
{"class":"TSStatic","persistentId":"f8f6e113-7817-4bf4-a541-5dd7d98e39c2","__parent":"camp_barrier","position":[525.955933,-487.094086,134.338852],"annotation":"OBSTACLES","isRenderEnabled":false,"rotationMatrix":[0.521437705,0.853289306,0,-0.853289306,0.521437705,0,0,0,1],"shapeName":"/levels/utah/art/shapes/buildings/ut_camp_barrier.DAE"}
{"class":"TSStatic","persistentId":"f9607e68-5233-4d59-9309-a3931214ddfe","__parent":"camp_barrier","position":[606.254089,-539.681763,134.202866],"annotation":"OBSTACLES","isRenderEnabled":false,"rotationMatrix":[-0.601386845,0.798958004,0,-0.798958004,-0.601386845,0,0,0,1],"shapeName":"/levels/utah/art/shapes/buildings/ut_camp_barrier.DAE"}
{"class":"TSStatic","persistentId":"ff417e1d-c3dc-42ea-80dc-e15b907bc869","__parent":"camp_barrier","position":[534.149475,-440.381165,135.943207],"annotation":"OBSTACLES","isRenderEnabled":false,"rotationMatrix":[-0.574257016,-0.818672597,0,0.818672597,-0.574257016,0,0,0,1],"shapeName":"/levels/utah/art/shapes/buildings/ut_camp_barrier.DAE"}
