{"name":"startTrigR6","class":"BeamNGTrigger","persistentId":"91b47780-a9a3-4205-8483-553f31e99fb6","__parent":"DragTriggers6","position":[1139.65381,-785.224854,13.7133865],"locked":true,"luaFunction":"onBeamNGTrigger","scale":[0.963378906,3.75,4.19927454]}
{"name":"finishTrig6","class":"BeamNGTrigger","persistentId":"68930077-b0fa-410d-87ca-c42143a5b1ea","__parent":"DragTriggers6","position":[747.803223,-787.362183,12.446497],"locked":true,"luaFunction":"onBeamNGTrigger","scale":[0.739941359,19.6288071,4.1019268]}
{"name":"falseStartTrigL6","class":"BeamNGTrigger","persistentId":"4d30e947-07d6-4975-8eff-50c8ca471f4a","__parent":"DragTriggers6","position":[1136.47266,-789.04187,13.7376356],"locked":true,"luaFunction":"onBeamNGTrigger","scale":[4.65859413,3.75,4.86588669]}
{"name":"falseStartTrigR6","class":"BeamNGTrigger","persistentId":"1e059632-259d-4854-b7ca-5b08ca574180","__parent":"DragTriggers6","position":[1136.47266,-785.24408,13.7376356],"locked":true,"luaFunction":"onBeamNGTrigger","scale":[4.65859413,3.75,4.86588669]}
{"name":"prestageTrigL6","class":"BeamNGTrigger","persistentId":"d3dbf660-af8f-4347-9bee-0d11025bb6bc","__parent":"DragTriggers6","position":[1140.17065,-789.038269,13.7133865],"locked":true,"luaFunction":"onBeamNGTrigger","scale":[0.963378906,3.75,4.19927454]}
{"name":"laneTrigR6","class":"BeamNGTrigger","persistentId":"7741913f-32d1-446f-823d-453e1d283faa","__parent":"DragTriggers6","position":[942.357727,-785.202515,13.7133875],"locked":true,"luaFunction":"onBeamNGTrigger","scale":[395.537292,5,7.45670176]}
{"name":"startTrigL6","class":"BeamNGTrigger","persistentId":"2245bae8-9758-4f68-86ad-1e8dc5ba88c8","__parent":"DragTriggers6","position":[1139.63257,-789.038269,13.7133865],"locked":true,"luaFunction":"onBeamNGTrigger","scale":[0.963378906,3.75,4.19927454]}
{"name":"laneTrigL6","class":"BeamNGTrigger","persistentId":"4af41f18-b49a-44a5-9e08-dd2303121062","__parent":"DragTriggers6","position":[942.357727,-789.157043,13.7133875],"locked":true,"luaFunction":"onBeamNGTrigger","scale":[395.537292,5,7.45670176]}
{"name":"prestageTrigR6","class":"BeamNGTrigger","persistentId":"5857905a-24d6-40d2-ad29-339f37bd90f4","__parent":"DragTriggers6","position":[1140.08691,-785.224854,13.7133865],"locked":true,"luaFunction":"onBeamNGTrigger","scale":[1.20878911,3.75,4.19927454]}
