{"class":"TSStatic","persistentId":"0029d9b6-d771-4814-a942-c2a1e5d0d1f4","__parent":"OldMineV2","position":[254.833252,650.479797,179.559341],"isRenderEnabled":false,"shapeName":"/levels/utah/art/shapes/clutter/ut_debri_wood_small_b.DAE"}
{"class":"TSStatic","persistentId":"00d7cd85-3a2d-4d40-b7c8-95f83c0045aa","__parent":"OldMineV2","position":[270.02771,672.014832,179.563461],"isRenderEnabled":false,"rotationMatrix":[0.715805054,0.698299646,0,-0.698299646,0.715805054,0,0,0,1],"shapeName":"/levels/utah/art/shapes/clutter/ut_debri_tin_panel.DAE"}
{"class":"TSStatic","persistentId":"05dffc17-9426-4bf2-af25-a0a4f66cd99e","__parent":"OldMineV2","position":[266.185944,675.745422,179.478531],"isRenderEnabled":false,"rotationMatrix":[0.616861701,0.787071228,0,-0.787071228,0.616861701,0,0,0,1],"shapeName":"/levels/utah/art/shapes/buildings/ut_old_shed_v2.DAE"}
{"class":"TSStatic","persistentId":"0da5bb4a-0d08-4cef-938b-3d776d16c32e","__parent":"OldMineV2","position":[246.370682,658.895874,179.375122],"isRenderEnabled":false,"shapeName":"/levels/utah/art/shapes/buildings/ut_debris_a.DAE"}
{"class":"TSStatic","persistentId":"12566e72-21a2-484c-8334-947a4b6632aa","__parent":"OldMineV2","position":[259.613678,685.273438,179.575089],"isRenderEnabled":false,"shapeName":"/levels/utah/art/shapes/clutter/ut_debri_wood_small_a.DAE"}
{"class":"TSStatic","persistentId":"28dc93fa-e27a-4678-b2e9-862a211b61e3","__parent":"OldMineV2","position":[261.812958,676.722656,179.686584],"decalType":"Visible Mesh Final","isRenderEnabled":false,"rotationMatrix":[0.893135607,-0.449788034,0,0.449788034,0.893135607,0,0,0,1],"shapeName":"/levels/utah/art/shapes/buildings/ut_old_mine_v2.DAE"}
{"class":"TSStatic","persistentId":"2b3a50a4-19ce-478a-9fe6-adc0a3505bb8","__parent":"OldMineV2","position":[246.91629,660.286316,179.426575],"isRenderEnabled":false,"shapeName":"/levels/utah/art/shapes/buildings/ut_debris_a.DAE"}
{"class":"TSStatic","persistentId":"50013c63-e41b-4f07-a007-61411f3f031d","__parent":"OldMineV2","position":[259.142059,687.184875,179.575089],"isRenderEnabled":false,"shapeName":"/levels/utah/art/shapes/clutter/ut_debri_wood_small_a.DAE"}
{"class":"TSStatic","persistentId":"54e97ad2-cff9-4510-a6a2-22f41f8f5c2e","__parent":"OldMineV2","position":[247.050659,663.933594,179.42778],"isRenderEnabled":false,"shapeName":"/levels/utah/art/shapes/clutter/ut_boxes_wood.DAE"}
{"class":"TSStatic","persistentId":"55a04aee-e213-4379-b5ba-9b872d450542","__parent":"OldMineV2","position":[248.207047,657.494629,179.426575],"isRenderEnabled":false,"shapeName":"/levels/utah/art/shapes/buildings/ut_debris_a.DAE"}
{"class":"TSStatic","persistentId":"6a69acc1-6cfa-4cdb-a236-618b5e29ace2","__parent":"OldMineV2","position":[248.43837,658.979736,179.426575],"isRenderEnabled":false,"shapeName":"/levels/utah/art/shapes/buildings/ut_debris_a.DAE"}
{"class":"TSStatic","persistentId":"6de58e59-f091-49f2-ba80-6c203ecb515d","__parent":"OldMineV2","position":[259.243561,685.206604,179.559341],"isRenderEnabled":false,"shapeName":"/levels/utah/art/shapes/clutter/ut_debri_wood_small_b.DAE"}
{"class":"TSStatic","persistentId":"739c8779-627c-49c0-80d2-bf7a98efacb0","__parent":"OldMineV2","position":[242.448318,654.09314,179.831955],"isRenderEnabled":false,"rotationMatrix":[0.369783759,0.923672318,0.100347422,-0.929027855,0.366193593,0.0528417863,0.0120626613,-0.11277093,0.993536353],"shapeName":"/levels/Utah/art/shapes/buildings/utah_mines_rough_edge.dae"}
{"class":"TSStatic","persistentId":"86961ac4-2a84-45dd-bf48-6cbaa565e047","__parent":"OldMineV2","position":[247.712585,656.016846,179.426575],"isRenderEnabled":false,"shapeName":"/levels/utah/art/shapes/buildings/ut_debris_a.DAE"}
{"class":"TSStatic","persistentId":"939bda93-446b-4d61-8477-b28f49feed87","__parent":"OldMineV2","position":[245.998032,654.699768,179.524811],"isRenderEnabled":false,"shapeName":"/levels/utah/art/shapes/buildings/ut_debris_a.DAE"}
{"class":"TSStatic","persistentId":"a45f3662-46f1-4ded-92d1-869668553872","__parent":"OldMineV2","position":[244.752441,655.144287,179.524811],"isRenderEnabled":false,"shapeName":"/levels/utah/art/shapes/buildings/ut_debris_a.DAE"}
{"class":"TSStatic","persistentId":"a5044f0c-125f-437d-bc2b-769354c8e5e7","__parent":"OldMineV2","position":[250.672302,662.46106,179.575089],"isRenderEnabled":false,"shapeName":"/levels/utah/art/shapes/clutter/ut_debri_wood_small_a.DAE"}
{"class":"TSStatic","persistentId":"a50e4b09-6855-437a-9cb7-608f52221aff","__parent":"OldMineV2","position":[256.829712,681.793762,179.558823],"isRenderEnabled":false,"rotationMatrix":[-0.794246912,0.60759002,0,-0.60759002,-0.794246912,0,0,0,1],"shapeName":"/levels/utah/art/shapes/clutter/ut_debri_wood_big_a.DAE"}
{"class":"TSStatic","persistentId":"b59a5402-10bb-4c3c-9b00-7c45440e7899","__parent":"OldMineV2","position":[251.861862,661.145264,179.350021],"isRenderEnabled":false,"shapeName":"/levels/utah/art/shapes/buildings/ut_debris_b.DAE"}
{"class":"TSStatic","persistentId":"b9232d0d-12de-496e-b28b-38a1564fd3c2","__parent":"OldMineV2","position":[247.857056,663.977905,179.535172],"isRenderEnabled":false,"shapeName":"/levels/utah/art/shapes/clutter/ut_debri_wood_small_a.DAE"}
{"class":"TSStatic","persistentId":"cf2cc3a3-673f-4ac4-8896-c5b05cf6f07d","__parent":"OldMineV2","position":[251.818893,666.03772,179.592239],"isRenderEnabled":false,"shapeName":"/levels/utah/art/shapes/clutter/ut_debri_wood_big_a.DAE"}
{"class":"TSStatic","persistentId":"f17a36a4-d899-47db-96fe-60d5a09867ba","__parent":"OldMineV2","position":[249.907867,648.7099,179.795502],"isRenderEnabled":false,"shapeName":"/levels/utah/art/shapes/clutter/ut_debri_wood_big_b.DAE"}
{"class":"TSStatic","persistentId":"f8e3ad60-534f-4acd-9917-e113f5689f4a","__parent":"OldMineV2","position":[243.310593,655.66748,179.524811],"isRenderEnabled":false,"shapeName":"/levels/utah/art/shapes/buildings/ut_debris_a.DAE"}
{"class":"TSStatic","persistentId":"fd2d7131-b797-4f11-a425-247dadbd9383","__parent":"OldMineV2","position":[251.670059,659.281921,179.394592],"isRenderEnabled":false,"rotationMatrix":[0.171697155,0.985148907,0,-0.985148907,0.171697155,0,0,0,1],"shapeName":"/levels/utah/art/shapes/clutter/ut_boxes_wood.DAE"}
{"class":"DecalRoad","persistentId":"033450ed-c3ea-4f12-b48c-a9b04f9a0b7e","__parent":"OldMineV2","position":[277.301483,693.630798,179.644135],"breakAngle":1,"distanceFade":[200,100],"improvedSpline":true,"material":"Dirt_road_variation_03","nodes":[[277.301483,693.630798,179.644135,5],[271.518311,681.854919,179.644043,5],[263.063965,671.199646,179.595001,5],[267.518219,656.594177,179.398544,5]],"renderPriority":12,"startEndFade":[10,10],"textureLength":112}
{"class":"DecalRoad","persistentId":"0fd4eed4-73ea-4f86-a0ef-d88195c01ae7","__parent":"OldMineV2","position":[279.489014,700.415039,179.696716],"improvedSpline":true,"material":"dirt_road_gravels","nodes":[[279.489014,700.415039,179.696716,4],[275.189789,691.008606,179.5625,4],[262.604187,681.347778,179.605865,4]],"renderPriority":3,"startEndFade":[6,13],"textureLength":8}
{"class":"DecalRoad","persistentId":"109a0160-f381-4682-9714-99ac062e7128","__parent":"OldMineV2","position":[274.364014,711.349243,187.018677],"breakAngle":1,"distanceFade":[200,100],"improvedSpline":true,"material":"Dirt_road_variation_03","nodes":[[274.364014,711.349243,187.018677,5],[294.067383,722.010193,185.563538,5],[311.841095,726.918762,184.538208,5]],"startEndFade":[10,10],"textureLength":112}
{"class":"DecalRoad","persistentId":"1c7e7a02-8641-4a06-b01f-bd335d9f42e2","__parent":"OldMineV2","position":[275.293701,711.895569,187.005096],"improvedSpline":true,"material":"dirt_road_gravels","nodes":[[275.293701,711.895569,187.005096,4],[269.04538,706.707458,187.881348,4],[261.779083,698.366211,188.96376,4]],"overObjects":true,"renderPriority":2,"startEndFade":[2,5],"textureLength":8}
{"class":"DecalRoad","persistentId":"235e4bd1-2b12-408c-a781-242a43efe32c","__parent":"OldMineV2","position":[278.969299,700.135498,179.706268],"improvedSpline":true,"material":"dirt_road_flows","nodes":[[278.969299,700.135498,179.706268,3.20000005],[274.449524,694.556213,179.595795,3.20000005],[270.442871,691.316467,179.549347,3.20000005]],"renderPriority":5,"startEndFade":[5,5],"textureLength":10}
{"class":"DecalRoad","persistentId":"26091475-da87-43d7-965c-e8c97185bc02","__parent":"OldMineV2","position":[351.825073,752.606506,181.037811],"improvedSpline":true,"material":"dirt_tiretracks_02","nodes":[[351.825073,752.606506,181.037811,4],[334.173065,742.964966,182.286133,4],[322.645477,734.7547,183.769028,4],[312.702362,728.17688,184.525177,4],[289.517029,720.18634,185.923752,4],[272.688507,709.575562,186.825989,4]],"renderPriority":7,"startEndFade":[5,10],"textureLength":16}
{"class":"DecalRoad","persistentId":"56a14e2d-0eea-490c-be35-fc453f528d74","__parent":"OldMineV2","position":[279.752747,697.356201,179.604584],"improvedSpline":true,"material":"dirt_tiretracks_02","nodes":[[279.752747,697.356201,179.604584,4],[274.370361,690.120056,179.56073,4],[262.35907,681.311401,179.610016,4],[258.109314,669.244324,179.598328,4],[263.060333,657.316772,179.527313,4],[263.738708,646.527405,178.977264,4],[258.227295,635.678162,178.663864,4]],"renderPriority":7,"startEndFade":[5,5],"textureLength":16}
{"class":"DecalRoad","persistentId":"5e302f5a-d1b1-41f4-8eaf-b47cc07395fc","__parent":"OldMineV2","position":[281.148651,695.307312,179.727249],"improvedSpline":true,"material":"dirt_road_flows","nodes":[[281.148651,695.307312,179.727249,2.5],[276.953522,688.918884,179.543793,2.5],[269.952698,683.986206,179.570786,2.5]],"renderPriority":5,"startEndFade":[5,5],"textureLength":10}
{"class":"DecalRoad","persistentId":"6d9686fc-9bea-4f82-b92f-d93704da1fce","__parent":"OldMineV2","position":[275.065735,713.293579,187.005096],"improvedSpline":true,"material":"dirt_road_flows","nodes":[[275.065735,713.293579,187.005096,2.5],[268.215759,707.522949,187.828796,2.5]],"overObjects":true,"startEndFade":[5,5],"textureLength":10}
{"class":"DecalRoad","persistentId":"735005f9-685d-4a34-b3e7-a63a677bff39","__parent":"OldMineV2","position":[282.03302,692.311279,180.208191],"improvedSpline":true,"material":"dirt_tiretracks_02","nodes":[[282.03302,692.311279,180.208191,4],[273.635925,683.015198,179.618576,4],[258.947479,679.957947,179.594788,4],[260.186584,658.794312,179.566254,4],[260.153931,644.49115,178.797058,4],[253.757187,630.734619,178.581024,4]],"renderPriority":5,"startEndFade":[15,5],"textureLength":16}
{"class":"DecalRoad","persistentId":"8b87677a-e9d6-43dc-9343-019c7f8bdc9a","__parent":"OldMineV2","position":[241.093811,657.978943,196.536072],"breakAngle":1,"distanceFade":[200,100],"improvedSpline":true,"material":"DirtRoad_variation_01","nodes":[[241.093811,657.978943,196.536072,3.20000005],[247.649323,670.600098,195.105728,3.20000005],[253.535004,683.957031,192.102295,3.20000005],[258.831024,694.267395,189.80069,3.20000005],[268.662476,706.476746,187.947525,3.20000005],[275.747772,712.804138,187.005096,3.20000005]],"overObjects":true,"renderPriority":8,"startEndFade":[5,10],"textureLength":48,"useTemplate":"false"}
{"class":"DecalRoad","persistentId":"906fa4c9-358d-4ce7-8bdf-fde87ac566ad","__parent":"OldMineV2","position":[276.417175,711.87146,187.005112],"improvedSpline":true,"material":"dirt_road_flows","nodes":[[276.417175,711.87146,187.005112,2],[271.458649,707.380127,187.727066,2],[266.388916,702.965149,188.335388,2]],"overObjects":true,"renderPriority":9,"startEndFade":[5,5],"textureLength":8}
{"class":"DecalRoad","persistentId":"a4cce28f-37ce-493e-9545-0c741779b067","__parent":"OldMineV2","position":[282.25238,713.621887,186.887482],"improvedSpline":true,"material":"dirt_road_flows","nodes":[[282.25238,713.621887,186.887482,2],[274.357361,708.773804,187.366348,2]],"overObjects":true,"renderPriority":5,"startEndFade":[5,5],"textureLength":8}
{"class":"DecalRoad","persistentId":"b616b093-a754-4f25-8673-94bcc8faf5c0","__parent":"OldMineV2","position":[310.10144,729.154663,184.677216],"improvedSpline":true,"material":"dirt_road_gravels","nodes":[[310.10144,729.154663,184.677216,4],[274.898987,712.367371,187.005096,4]],"renderPriority":3,"startEndFade":[10,5],"textureLength":8}
{"class":"DecalRoad","persistentId":"ccdb7173-f893-412b-bbd3-c25526a69863","__parent":"OldMineV2","position":[277.917145,692.367737,179.600922],"improvedSpline":true,"material":"dirt_road_gravels","nodes":[[277.917145,692.367737,179.600922,4],[270.276611,680.081665,179.580658,4],[262.5755,671.160217,179.602112,4]],"renderPriority":3,"startEndFade":[6,13],"textureLength":8}
