{
  "additionalAttributes":{},
  "customAdditionalAttributes":{},
  "description":"Beam Legal Racing Track Event",
  "devNotes":{
    "devMission":false,
    "mode":"silent",
    "text":""
  },
  "grouping":{
    "id":"",
    "label":""
  },
  "missionType":"flowgraph",
  "missionTypeData":{},
  "name":"BLR Track Event",
  "retryBehaviour":"infiniteRetries",
  "startCondition":{
    "type":"always"
  },
  "startTrigger":{
    "level":"motorsports_playground",
    "pos":[
      204.4691925,
      -250.1306152,
      8.944953918
    ],
    "radius":3,
    "rot":[
      -0.009857067169,
      0.009933514118,
      0.7097634213,
      0.7043011801
    ],
    "type":"coordinates"
  },
  "visibleCondition":{
    "type":"automatic"
  }
}