{"class":"TSStatic","persistentId":"dc76ccdf-b519-4445-9ac9-c5b8b44680e8","__parent":"airstripfence","position":[-932.348755,-730.980103,9.35740471],"isRenderEnabled":false,"locked":true,"playAmbient":false,"rotationMatrix":[6.5168274e-07,1,0,-1,6.5168274e-07,0,0,0,1],"shapeName":"/levels/motorsports_playground/art/shapes/objects/wall_wire1.dae","useInstanceRenderData":true}
{"class":"TSStatic","persistentId":"d43a82a3-170c-498e-b0c5-24f1fffd3d60","__parent":"airstripfence","position":[-932.348755,-728.008057,9.17164421],"isRenderEnabled":false,"locked":true,"playAmbient":false,"rotationMatrix":[6.5168274e-07,1,0,-1,6.5168274e-07,0,0,0,1],"shapeName":"/levels/motorsports_playground/art/shapes/objects/wall_wire1.dae","useInstanceRenderData":true}
{"class":"TSStatic","persistentId":"d58cb44c-ae16-4231-929d-9c1d151c0d21","__parent":"airstripfence","position":[-932.348755,-724.956299,9.15747833],"isRenderEnabled":false,"locked":true,"playAmbient":false,"rotationMatrix":[6.5168274e-07,1,0,-1,6.5168274e-07,0,0,0,1],"shapeName":"/levels/motorsports_playground/art/shapes/objects/wall_wire1.dae","useInstanceRenderData":true}
{"class":"TSStatic","persistentId":"c8d7811c-aa87-46e1-a146-49e2b457f5e2","__parent":"airstripfence","position":[-932.348755,-722.023254,8.98051548],"isRenderEnabled":false,"locked":true,"playAmbient":false,"rotationMatrix":[6.5168274e-07,1,0,-1,6.5168274e-07,0,0,0,1],"shapeName":"/levels/motorsports_playground/art/shapes/objects/wall_wire1.dae","useInstanceRenderData":true}
{"class":"TSStatic","persistentId":"b6f4b034-1ebc-409c-b8d1-979d3b400d91","__parent":"airstripfence","position":[-932.348755,-719.050049,8.86569309],"isRenderEnabled":false,"locked":true,"playAmbient":false,"rotationMatrix":[6.5168274e-07,1,0,-1,6.5168274e-07,0,0,0,1],"shapeName":"/levels/motorsports_playground/art/shapes/objects/wall_wire1.dae","useInstanceRenderData":true}
{"class":"TSStatic","persistentId":"61991f83-4b13-46e5-aeb4-5f4225a755b2","__parent":"airstripfence","position":[-932.348755,-716.057129,8.69488049],"isRenderEnabled":false,"locked":true,"playAmbient":false,"rotationMatrix":[6.5168274e-07,1,0,-1,6.5168274e-07,0,0,0,1],"shapeName":"/levels/motorsports_playground/art/shapes/objects/wall_wire1.dae","useInstanceRenderData":true}
