{"class":"TSStatic","persistentId":"082c04ac-786e-4262-ab1a-d9debe0aad24","__parent":"hookup_open","position":[601.565979,-586.256104,135.21698],"annotation":"OBSTACLES","isRenderEnabled":false,"rotationMatrix":[-0.988608122,0.150513127,0,-0.150513113,-0.988608062,0,0,0,1],"shapeName":"/levels/utah/art/shapes/buildings/ut_hookup_open.DAE"}
{"class":"TSStatic","persistentId":"211d4f32-0387-49bd-8aa1-a0668a88a707","__parent":"hookup_open","position":[654.461853,-552.923096,139.22905],"annotation":"OBSTACLES","isRenderEnabled":false,"rotationMatrix":[0.96606499,0.25829944,0,-0.25829941,0.96606493,0,0,0,1],"shapeName":"/levels/utah/art/shapes/buildings/ut_hookup_open.DAE"}
{"class":"TSStatic","persistentId":"3c97f94f-5602-4659-ab0d-5c888318d578","__parent":"hookup_open","position":[631.077148,-598.409485,139.223389],"annotation":"OBSTACLES","isRenderEnabled":false,"rotationMatrix":[0.796081781,0.605189025,0,-0.605189025,0.796081841,0,0,0,1],"shapeName":"/levels/utah/art/shapes/buildings/ut_hookup_open.DAE"}
{"class":"TSStatic","persistentId":"4086588a-9164-4257-beff-e7b774927a01","__parent":"hookup_open","position":[507.837341,-507.802338,135.22702],"annotation":"OBSTACLES","isRenderEnabled":false,"rotationMatrix":[-1,-1.19209275e-07,0,1.19209275e-07,-1,0,0,0,1],"shapeName":"/levels/utah/art/shapes/buildings/ut_hookup_open.DAE"}
{"class":"TSStatic","persistentId":"4953fa59-7df2-42d5-8d0b-99e8a3a9cda9","__parent":"hookup_open","position":[601.735779,-585.559326,135.227097],"annotation":"OBSTACLES","isRenderEnabled":false,"rotationMatrix":[-0.953223825,0.302265346,0,-0.302265346,-0.953223825,0,0,0,1],"shapeName":"/levels/utah/art/shapes/buildings/ut_hookup_tap.DAE"}
{"class":"TSStatic","persistentId":"4c567d06-a6f1-4d71-9208-db3d930da2cf","__parent":"hookup_open","position":[639.133789,-520.147827,135.224136],"annotation":"OBSTACLES","isRenderEnabled":false,"rotationMatrix":[0.965925813,-0.258819044,0,0.258819044,0.965925813,0,0,0,1],"shapeName":"/levels/utah/art/shapes/buildings/ut_hookup_open.DAE"}
{"class":"TSStatic","persistentId":"5973e23a-6c39-4244-b261-68fbe2d0c90e","__parent":"hookup_open","position":[639.102844,-520.541809,135.210098],"annotation":"OBSTACLES","isRenderEnabled":false,"rotationMatrix":[0.970765412,-0.24003154,0,0.24003154,0.970765412,0,0,0,1],"shapeName":"/levels/utah/art/shapes/buildings/ut_RV_hookupbump.DAE"}
{"class":"TSStatic","persistentId":"63e86f96-90d4-4448-b0ce-47e6ff6c7f32","__parent":"hookup_open","position":[631.459412,-599.016296,139.226349],"annotation":"OBSTACLES","isRenderEnabled":false,"rotationMatrix":[0.880432785,0.474171042,0,-0.474171042,0.880432785,0,0,0,1],"shapeName":"/levels/utah/art/shapes/buildings/ut_hookup_tap.DAE"}
{"class":"TSStatic","persistentId":"6a8fc5ce-1464-45c8-b6a9-388ecd311d2c","__parent":"hookup_open","position":[507.900391,-507.087921,135.22998],"annotation":"OBSTACLES","isRenderEnabled":false,"rotationMatrix":[-0.987859607,0.15534918,0,-0.15534918,-0.987859607,0,0,0,1],"shapeName":"/levels/utah/art/shapes/buildings/ut_hookup_tap.DAE"}
{"class":"TSStatic","persistentId":"72c7385c-380b-4ba5-b5ac-1c9c7af96ebe","__parent":"hookup_open","position":[631.36969,-598.674927,139.209351],"annotation":"OBSTACLES","isRenderEnabled":false,"rotationMatrix":[0.784191012,0.620519519,0,-0.620519519,0.784191072,0,0,0,1],"shapeName":"/levels/utah/art/shapes/buildings/ut_RV_hookupbump.DAE"}
{"class":"TSStatic","persistentId":"935a032f-3aef-4fec-9e6a-71269c94bc7d","__parent":"hookup_open","position":[654.585388,-553.629517,139.23201],"annotation":"OBSTACLES","isRenderEnabled":false,"rotationMatrix":[0.994463205,0.105085604,0,-0.105085604,0.994463205,0,0,0,1],"shapeName":"/levels/utah/art/shapes/buildings/ut_hookup_tap.DAE"}
{"class":"TSStatic","persistentId":"a09dcd74-1712-4dbd-9070-d3360cd1a267","__parent":"hookup_open","position":[654.631897,-553.279114,139.215012],"annotation":"OBSTACLES","isRenderEnabled":false,"rotationMatrix":[0.960872054,0.2769925,0,-0.2769925,0.960872054,0,0,0,1],"shapeName":"/levels/utah/art/shapes/buildings/ut_RV_hookupbump.DAE"}
{"class":"TSStatic","persistentId":"a4bbd6a8-c1f6-408f-957b-7b31c6d2048d","__parent":"hookup_open","position":[601.552979,-585.861206,135.210098],"annotation":"OBSTACLES","isRenderEnabled":false,"rotationMatrix":[-0.991341889,0.131305978,0,-0.131305978,-0.991341889,0,0,0,1],"shapeName":"/levels/utah/art/shapes/buildings/ut_RV_hookupbump.DAE"}
{"class":"TSStatic","persistentId":"adff5a67-545b-4849-bd8a-d734809f39ea","__parent":"hookup_open","position":[546.61084,-443.878693,137.214401],"annotation":"OBSTACLES","isRenderEnabled":false,"rotationMatrix":[0.858637691,-0.512583017,0,0.512583017,0.858637691,0,0,0,1],"shapeName":"/levels/utah/art/shapes/buildings/ut_RV_hookupbump.DAE"}
{"class":"TSStatic","persistentId":"c4e876ba-0af8-4b40-9f83-508759e9dcfc","__parent":"hookup_open","position":[546.323914,-444.08371,137.2314],"annotation":"OBSTACLES","isRenderEnabled":false,"rotationMatrix":[0.756027997,-0.654539227,0,0.654539227,0.756027997,0,0,0,1],"shapeName":"/levels/utah/art/shapes/buildings/ut_hookup_tap.DAE"}
{"class":"TSStatic","persistentId":"cf81b58f-8bf5-4ed1-b873-005a1dfc1d7b","__parent":"hookup_open","position":[507.765289,-507.413757,135.212982],"annotation":"OBSTACLES","isRenderEnabled":false,"rotationMatrix":[-0.999811828,-0.0193999242,0,0.0193999242,-0.999811828,0,0,0,1],"shapeName":"/levels/utah/art/shapes/buildings/ut_RV_hookupbump.DAE"}
{"class":"TSStatic","persistentId":"d166f056-8fd5-42e6-bf64-41de5b667bd0","__parent":"hookup_open","position":[638.888,-520.821655,135.227097],"annotation":"OBSTACLES","isRenderEnabled":false,"rotationMatrix":[0.913991868,-0.405733049,0,0.405733049,0.913991868,0,0,0,1],"shapeName":"/levels/utah/art/shapes/buildings/ut_hookup_tap.DAE"}
{"class":"TSStatic","persistentId":"fa542dfd-bc88-4f87-8f44-60de39da4304","__parent":"hookup_open","position":[546.755615,-443.510834,137.228439],"annotation":"OBSTACLES","isRenderEnabled":false,"rotationMatrix":[0.848532081,-0.529143989,0,0.529143989,0.848532021,0,0,0,1],"shapeName":"/levels/utah/art/shapes/buildings/ut_hookup_open.DAE"}
