{"class":"TSStatic","persistentId":"4be41c5f-5636-4588-b7df-daa7dfef91e8","__parent":"dealer_a","position":[779.170166,-110.948051,144.310089],"isRenderEnabled":false,"rotationMatrix":[-0.143034458,0.989717364,0,-0.989717364,-0.143034458,0,0,0,1],"shapeName":"/art/shapes/garage_and_dealership/deal_covered_car_barstow_1.dae","useInstanceRenderData":true}
{"class":"TSStatic","persistentId":"c53fa4b3-cf37-41d7-88f1-9d9a45ad4c43","__parent":"dealer_a","position":[759.212585,-114.898949,148],"isRenderEnabled":false,"rotationMatrix":[0.965925813,0.258819073,0,-0.258819073,0.965925813,0,0,0,1],"shapeName":"/art/shapes/garage_and_dealership/s_string_tinsel_01.dae","useInstanceRenderData":true}
{"class":"TSStatic","persistentId":"478606e7-6cc8-461f-ba26-97246b85c6d4","__parent":"dealer_a","position":[762.347595,-114.059029,148],"isRenderEnabled":false,"rotationMatrix":[0.965925813,0.258819073,0,-0.258819073,0.965925813,0,0,0,1],"shapeName":"/art/shapes/garage_and_dealership/s_string_tinsel_01.dae","useInstanceRenderData":true}
{"class":"TSStatic","persistentId":"48a24998-83a8-4c80-b467-7acded09473c","__parent":"dealer_a","position":[765.536194,-113.206795,144.300003],"isRenderEnabled":false,"shapeName":"/art/shapes/garage_and_dealership/s_billboard_wood_pole_01.dae","useInstanceRenderData":true}
{"class":"TSStatic","persistentId":"9d3dd201-f9fe-4efd-8d8b-779917931d01","__parent":"dealer_a","position":[765.568848,-113.194099,147.989685],"isRenderEnabled":false,"shapeName":"/art/shapes/garage_and_dealership/s_string_tinsel_hang_01.dae","useInstanceRenderData":true}
{"class":"TSStatic","persistentId":"79670208-3635-496a-8a62-a774e64e71e8","__parent":"dealer_a","position":[768.983582,-113.186676,141.659256],"isRenderEnabled":false,"shapeName":"/art/shapes/garage_and_dealership/s_billboard_wood_pole_01.dae","useInstanceRenderData":true}
{"class":"TSStatic","persistentId":"acb2582c-c41f-45eb-8f6b-6647886d6a70","__parent":"dealer_a","position":[768.628418,-113.328003,144.304901],"annotation":"OBSTACLES","isRenderEnabled":false,"shapeName":"/art/shapes/garage_and_dealership/Clutter/metal_drum_a.DAE","useInstanceRenderData":true}
{"class":"DecalRoad","persistentId":"e2bd245f-adab-4654-99c3-e33871897574","__parent":"dealer_a","position":[767.874878,-107.404282,144.304901],"improvedSpline":true,"material":"utah_asphalt_road_dirt_edge","nodes":[[767.874878,-107.404282,144.304901,1],[780.787048,-105.365311,144.304901,1]],"renderPriority":7,"smoothness":0.25,"startEndFade":[1,1],"textureLength":6}
{"class":"DecalRoad","persistentId":"275c4bc1-a701-456d-a06a-550e53da1d4e","__parent":"dealer_a","position":[760.02832,-114.595467,144.304901],"improvedSpline":true,"material":"utah_asphalt_road_dirt_edge","nodes":[[760.02832,-114.595467,144.304901,1],[769.401794,-113.017624,144.304901,1]],"renderPriority":7,"smoothness":0.25,"startEndFade":[1,1],"textureLength":6}
{"class":"DecalRoad","persistentId":"ad26bcbd-9611-483a-8417-f04e5f43dc53","__parent":"dealer_a","position":[768.93988,-113.63221,144.304901],"improvedSpline":true,"material":"utah_asphalt_road_dirt_edge","nodes":[[768.93988,-113.63221,144.304901,1],[767.859619,-107.280899,144.304901,1]],"renderPriority":7,"smoothness":0.25,"startEndFade":[1,1],"textureLength":6}
{"class":"DecalRoad","persistentId":"91e08fc0-ecb1-4547-a1e5-212a18241965","__parent":"dealer_a","position":[780.830811,-105.374115,144.304901],"improvedSpline":true,"material":"utah_asphalt_road_dirt_edge","nodes":[[780.830811,-105.374115,144.304901,1],[781.822144,-110.120483,144.304901,1],[783.852051,-122.501915,144.304901,1],[785.557983,-132.366776,144.304901,1],[786.888977,-140.497269,144.304901,1],[788.243958,-141.590805,144.304901,1],[801.46698,-139.289215,144.304901,1],[812.228943,-137.477478,144.304901,1],[823.454468,-135.637192,144.350388,1],[825.985535,-135.141174,144.605011,1]],"renderPriority":7,"smoothness":0.25,"startEndFade":[1,1],"textureLength":6}
{"name":"p_billboard_wood_stand_02","class":"Prefab","persistentId":"1e5add8c-f33f-444d-b9a0-8c018ec471d8","__parent":"dealer_a","position":[816.426025,-118.83326,144.198807],"filename":"/art/prefabs/p_billboard_wood_stand_02.prefab","rotationMatrix":[-0.998738348,-0.0502135493,0,0.0502135493,-0.998738348,0,0,0,1]}
{"name":"p_billboard_wood_stand_05","class":"Prefab","persistentId":"c4256b14-e98d-4a14-970f-fbbc022a84e2","__parent":"dealer_a","position":[836.850464,-222.780945,143.300461],"filename":"/art/prefabs/p_billboard_wood_stand_05.prefab","rotationMatrix":[-0.213169247,0.977015138,0,-0.977015138,-0.213169247,0,0,0,1]}
{"name":"p_billboard_metal_stand_01","class":"Prefab","persistentId":"ffc2be43-af1e-4e0a-979a-3048ebb89f56","__parent":"dealer_a","position":[794.880676,-139.200043,143.939285],"filename":"/art/prefabs/p_billboard_metal_stand_01.prefab","rotationMatrix":[-0.158745691,0.987319469,0,-0.987319469,-0.158745691,0,0,0,1]}
{"class":"DecalRoad","persistentId":"c2c76df5-b387-4469-b0cd-1c9e285b087c","__parent":"dealer_a","position":[759.068542,-139.507141,144.304901],"improvedSpline":true,"material":"utah_asphalt_road_dirt_edge","nodes":[[759.068542,-139.507141,144.304901,1],[760.17157,-141.752792,144.304901,1],[763.732422,-142.114883,144.304901,1],[768.415649,-141.410202,144.304901,1],[771.541199,-140.422546,144.304901,1],[772.391724,-138.855499,144.304901,1],[770.993713,-137.714447,144.304901,1],[767.903931,-138.240585,144.304901,1],[761.908997,-139.37468,144.304901,1]],"renderPriority":7,"startEndFade":[1,1],"textureLength":6}
{"class":"TSStatic","persistentId":"3dc140a6-421d-407c-bab4-03b7af108800","__parent":"dealer_a","position":[760.011536,-138.809418,144.452225],"isRenderEnabled":false,"rotationMatrix":[-0.985800922,-0.167918175,0,0.167918175,-0.985800922,0,0,0,1],"shapeName":"/art/shapes/garage_and_dealership/Clutter/ind_pallet_cans.DAE","useInstanceRenderData":true}
{"class":"TSStatic","persistentId":"771652b6-e8ae-47dd-a039-87618fa296ff","__parent":"dealer_a","position":[759.108276,-139.291702,144.452225],"isRenderEnabled":false,"shapeName":"/art/shapes/garage_and_dealership/Clutter/italy_clutter_big_dustbin.DAE","useInstanceRenderData":true}
{"class":"TSStatic","persistentId":"6aec33d4-fac8-4ac5-a643-823f1eb52298","__parent":"dealer_a","position":[770.93042,-139.806519,144.304901],"annotation":"OBSTACLES","isRenderEnabled":false,"shapeName":"/art/shapes/garage_and_dealership/Clutter/metal_drum_old_a.DAE","useInstanceRenderData":true}
{"class":"TSStatic","persistentId":"d44520df-f759-4d70-b0c4-2abc8e9cbd7a","__parent":"dealer_a","position":[771.661499,-139.23912,144.304886],"isRenderEnabled":false,"rotationMatrix":[0.00242009712,-0.999997079,0,0.999997079,0.00242009712,0,0,0,1],"shapeName":"/art/shapes/garage_and_dealership/Clutter/pallet_stack.DAE","useInstanceRenderData":true}
{"class":"TSStatic","persistentId":"86ff9abf-4808-4727-823c-26244b59ead8","__parent":"dealer_a","position":[771.63562,-139.238342,145.343674],"isRenderEnabled":false,"rotationMatrix":[0.0296543818,0.999560177,0,-0.999560177,0.0296543818,0,0,0,1],"shapeName":"/art/shapes/garage_and_dealership/Clutter/pallet_stack.DAE","useInstanceRenderData":true}
{"class":"TSStatic","persistentId":"98a888c4-64bf-4af3-9702-8e2346e7e013","__parent":"dealer_a","position":[757.315918,-126.830009,144.297577],"annotation":"BUILDINGS","isRenderEnabled":false,"rotationMatrix":[-0.169466764,0.985535502,0,-0.985535502,-0.169466764,0,0,0,1],"shapeName":"/levels/utah/art/shapes/buildings/ut_car_dealer.DAE"}
{"class":"TSStatic","persistentId":"22977b0b-cca2-441e-b914-3c428c30a8ee","__parent":"dealer_a","position":[761.446899,-141.181519,144.300003],"isRenderEnabled":false,"shapeName":"/art/shapes/garage_and_dealership/s_billboard_wood_pole_01.dae","useInstanceRenderData":true}
{"class":"TSStatic","persistentId":"a89f2267-4b82-4a23-988a-2e41975f014e","__parent":"dealer_a","position":[760.599976,-138.000015,148],"isRenderEnabled":false,"rotationMatrix":[0.258818746,-0.965925872,0,0.965925872,0.258818746,0,0,0,1],"shapeName":"/art/shapes/garage_and_dealership/s_string_tinsel_01.dae","useInstanceRenderData":true}
{"class":"TSStatic","persistentId":"deb0542b-81f9-4808-bd09-4599cff8f501","__parent":"dealer_a","position":[761.5,-141.200012,148],"isRenderEnabled":false,"rotationMatrix":[0.965925813,0.258819073,0,-0.258819073,0.965925813,0,0,0,1],"shapeName":"/art/shapes/garage_and_dealership/s_string_tinsel_01.dae","useInstanceRenderData":true}
{"class":"TSStatic","persistentId":"002c9d50-b781-4beb-ab10-c9e6d10d0913","__parent":"dealer_a","position":[764.63501,-140.360092,148],"isRenderEnabled":false,"rotationMatrix":[0.965925813,0.258819073,0,-0.258819073,0.965925813,0,0,0,1],"shapeName":"/art/shapes/garage_and_dealership/s_string_tinsel_01.dae","useInstanceRenderData":true}
{"class":"TSStatic","persistentId":"bea7e339-aef3-44d5-afd8-3d6add28c315","__parent":"dealer_a","position":[767.823608,-139.507858,144.300003],"isRenderEnabled":false,"shapeName":"/art/shapes/garage_and_dealership/s_billboard_wood_pole_01.dae","useInstanceRenderData":true}
{"class":"TSStatic","persistentId":"82bd6a78-2f59-483b-a8f5-28cbbd93a79f","__parent":"dealer_a","position":[767.856262,-139.495163,147.989685],"isRenderEnabled":false,"shapeName":"/art/shapes/garage_and_dealership/s_string_tinsel_hang_01.dae","useInstanceRenderData":true}
{"class":"TSStatic","persistentId":"de0593fc-ba2b-48d6-9596-f6d30ebb05f5","__parent":"dealer_a","position":[790.461243,-156.10791,144.381638],"annotation":"OBSTACLES","isRenderEnabled":false,"rotationMatrix":[0.989685059,0.143259555,0,-0.143259555,0.989685059,0,0,0,1],"shapeName":"/art/shapes/garage_and_dealership/Clutter/drum_pallet.DAE","useInstanceRenderData":true}
{"class":"TSStatic","persistentId":"caa78df8-4a60-432c-b2d5-4c4ed5d912ef","__parent":"dealer_a","position":[761.049988,-140.839401,144.304886],"annotation":"OBSTACLES","isRenderEnabled":false,"rotationMatrix":[0.901596904,-0.432577074,0,0.432577074,0.901596904,0,0,0,1],"shapeName":"/art/shapes/garage_and_dealership/Clutter/ind_metal_scraps_c.DAE","useInstanceRenderData":true}
{"class":"TSStatic","persistentId":"d15fc622-3e80-4ee4-a131-e60c654deea5","__parent":"dealer_a","position":[765.898376,-127.324837,144.460678],"isRenderEnabled":false,"rotationMatrix":[0.882249057,0.470782965,0,-0.470782965,0.882249057,0,0,0,1],"shapeName":"/art/shapes/garage_and_dealership/s_flag_floor_portrait_04.dae","useInstanceRenderData":true}
{"class":"TSStatic","persistentId":"ca14921c-3001-4dd9-a95f-793207c218d4","__parent":"dealer_a","position":[765.030762,-121.060425,144.452225],"isRenderEnabled":false,"rotationMatrix":[-0.181809127,0.983334005,0,-0.983334005,-0.181809127,0,0,0,1],"shapeName":"/art/shapes/garage_and_dealership/s_flag_floor_feather_01.dae","useInstanceRenderData":true}
{"class":"TSStatic","persistentId":"82f0b5eb-9390-4b8a-a062-d2d3f8253eed","__parent":"dealer_a","position":[760.036194,-135.159882,148.494659],"isRenderEnabled":false,"rotationMatrix":[-0.17149961,0.985183954,0,-0.985183954,-0.17149961,0,0,0,1],"shapeName":"/art/shapes/garage_and_dealership/s_billboard_wood_3m_02.dae","useInstanceRenderData":true}
{"class":"TSStatic","persistentId":"26b895ff-69ef-4bc4-9164-6a8759dc99c8","__parent":"dealer_a","position":[760.020264,-137.693649,150.155258],"isRenderEnabled":false,"rotationMatrix":[0.538184345,0.842827201,0,-0.842827201,0.538184345,0,0,0,1],"scale":[1.58028889,1.58028889,1.58028889],"shapeName":"/art/shapes/garage_and_dealership/s_billboard_wood_1.5m_06.dae","useInstanceRenderData":true}
