{"class":"TSStatic","persistentId":"30662133-8e89-4e04-aa22-59af06cad5b4","__parent":"dealerships_and_garages","position":[-788.956909,562.057068,25.0037212],"annotation":"OBSTACLES","isRenderEnabled":false,"rotationMatrix":[0.836168766,-0.548472285,0,0.536661863,0.818163276,-0.206404671,0.113207243,0.172589138,0.97846669],"shapeName":"/art/shapes/garage_and_dealership/Clutter/clutter_workshop_broom.dae","useInstanceRenderData":true}
{"class":"TSStatic","persistentId":"c65c3515-8a02-4cf1-b89f-a341869b3ce5","__parent":"dealerships_and_garages","position":[-787.952087,562.407349,24.9993896],"annotation":"OBSTACLES","isRenderEnabled":false,"shapeName":"/art/shapes/garage_and_dealership/Clutter/debris_m_barrel_b.DAE","useInstanceRenderData":true}
{"class":"TSStatic","persistentId":"0f6f6931-5f7c-4548-9836-599791531f5d","__parent":"dealerships_and_garages","position":[-796.561462,568.942688,24.9993877],"annotation":"OBSTACLES","isRenderEnabled":false,"shapeName":"/art/shapes/garage_and_dealership/Clutter/debris_m_barrel_a.DAE","useInstanceRenderData":true}
{"class":"TSStatic","persistentId":"d5b3bfd4-f137-486e-b26c-301d40e0fa15","__parent":"dealerships_and_garages","position":[-796.418701,569.65802,24.9993916],"annotation":"OBSTACLES","isRenderEnabled":false,"shapeName":"/art/shapes/garage_and_dealership/Clutter/debris_m_barrel_a.DAE","useInstanceRenderData":true}
{"class":"TSStatic","persistentId":"d4972a13-d887-4718-a98b-f147817924b3","__parent":"dealerships_and_garages","position":[-781.795532,558.109131,24.9993896],"annotation":"OBSTACLES","isRenderEnabled":false,"rotationMatrix":[-0.675902605,-0.736990988,0,0.736990988,-0.675902605,0,0,0,1],"shapeName":"/art/shapes/garage_and_dealership/Clutter/ind_pallet_cans.DAE","useInstanceRenderData":true}
{"class":"TSStatic","persistentId":"639e49ce-2afa-484c-85ae-b6344ef6f6a9","__parent":"dealerships_and_garages","position":[-763.239624,522.044128,24.1761971],"annotation":"OBSTACLES","isRenderEnabled":false,"rotationMatrix":[0.999990523,-0.00432543736,0,0.00432543736,0.999990523,0,0,0,1],"shapeName":"/art/shapes/garage_and_dealership/s_billboard_metal_stand_02.dae","useInstanceRenderData":true}
{"class":"TSStatic","persistentId":"b7331140-29e4-432b-b1b7-565f5c40eb85","__parent":"dealerships_and_garages","position":[-763.293762,522.01239,27.797863],"annotation":"OBSTACLES","isRenderEnabled":false,"rotationMatrix":[0.999990582,-0.00432537822,0,0.00432537822,0.999990582,0,0,0,1],"shapeName":"/art/shapes/garage_and_dealership/s_billboard_hang_02.dae","useInstanceRenderData":true}
{"class":"TSStatic","persistentId":"1f913018-2061-4db5-add0-b1423858b6f3","__parent":"dealerships_and_garages","position":[-802.613464,548.685852,24.9594173],"annotation":"OBSTACLES","isRenderEnabled":false,"rotationMatrix":[-0.111100048,-0.993809104,0,0.993809104,-0.111100048,0,0,0,1],"shapeName":"/art/shapes/garage_and_dealership/s_flag_floor_feather_01.dae","useInstanceRenderData":true}
{"class":"TSStatic","persistentId":"f7cad2f0-ba50-4447-8856-3abb7f8ecb51","__parent":"dealerships_and_garages","position":[-797.945618,548.803955,28.1711807],"annotation":"OBSTACLES","isRenderEnabled":false,"rotationMatrix":[0.817934215,-0.57531172,0,0.57531172,0.817934215,0,0,0,1],"shapeName":"/art/shapes/garage_and_dealership/s_string_tinsel_01.dae","useInstanceRenderData":true}
{"class":"TSStatic","persistentId":"d608379a-56fa-457a-8e5b-633d68b7c377","__parent":"dealerships_and_garages","position":[-795.239624,546.874207,28.1905651],"annotation":"OBSTACLES","isRenderEnabled":false,"rotationMatrix":[0.741233945,-0.671246767,0,0.671246767,0.741233945,0,0,0,1],"shapeName":"/art/shapes/garage_and_dealership/s_string_tinsel_hang_01.dae","useInstanceRenderData":true}
{"class":"TSStatic","persistentId":"5e54df12-bcbb-42e9-80e1-7d6716ded0ad","__parent":"dealerships_and_garages","position":[-795.255493,546.895691,24.9108276],"annotation":"OBSTACLES","isRenderEnabled":false,"shapeName":"/art/shapes/garage_and_dealership/s_billboard_wood_pole_01.dae","useInstanceRenderData":true}
{"class":"TSStatic","persistentId":"5c0ecfc1-6c5d-4f94-b73c-e68f08891548","__parent":"dealerships_and_garages","position":[-792.690125,544.593689,22.1086884],"annotation":"OBSTACLES","isRenderEnabled":false,"rotationMatrix":[-0.962201476,-0.27233848,0,0.27233848,-0.962201476,0,0,0,1],"shapeName":"/art/shapes/garage_and_dealership/s_billboard_wood_pole_01.dae","useInstanceRenderData":true}
{"class":"TSStatic","persistentId":"5f1f7cf8-0972-479b-92eb-5be9ca45733f","__parent":"dealerships_and_garages","position":[-777.3797,533.543335,27.8692265],"annotation":"OBSTACLES","isRenderEnabled":false,"rotationMatrix":[-0.817934334,0.575311422,0,-0.575311422,-0.817934334,0,0,0,1],"shapeName":"/art/shapes/garage_and_dealership/s_string_tinsel_01.dae","useInstanceRenderData":true}
{"class":"TSStatic","persistentId":"eb9b9e91-44e3-4a89-b29c-f231ec8435ba","__parent":"dealerships_and_garages","position":[-780.069824,535.451599,24.6088734],"annotation":"OBSTACLES","isRenderEnabled":false,"rotationMatrix":[-0.99999994,-3.2584137e-07,0,3.2584137e-07,-0.99999994,0,0,0,1],"shapeName":"/art/shapes/garage_and_dealership/s_billboard_wood_pole_01.dae","useInstanceRenderData":true}
{"class":"TSStatic","persistentId":"a3f3fc53-1184-4729-b986-8116fac303fb","__parent":"dealerships_and_garages","position":[-780.085693,535.473083,27.8886108],"annotation":"OBSTACLES","isRenderEnabled":false,"rotationMatrix":[-0.741234124,0.671246469,0,-0.671246469,-0.741234124,0,0,0,1],"shapeName":"/art/shapes/garage_and_dealership/s_string_tinsel_hang_01.dae","useInstanceRenderData":true}
{"class":"TSStatic","persistentId":"3862ab93-008c-45c3-bdbb-ef73f3af5761","__parent":"dealerships_and_garages","position":[-782.635193,537.753601,21.8067341],"annotation":"OBSTACLES","isRenderEnabled":false,"rotationMatrix":[0.962201357,0.272338778,0,-0.272338778,0.962201357,0,0,0,1],"shapeName":"/art/shapes/garage_and_dealership/s_billboard_wood_pole_01.dae","useInstanceRenderData":true}
{"class":"TSStatic","persistentId":"ab0c6bf3-6684-4be7-b2db-beab798438de","__parent":"dealerships_and_garages","position":[-777.332886,533.515198,27.8886108],"annotation":"OBSTACLES","isRenderEnabled":false,"rotationMatrix":[0.830961943,-0.556329131,0,0.556329131,0.830961943,0,0,0,1],"shapeName":"/art/shapes/garage_and_dealership/s_string_tinsel_hang_01.dae","useInstanceRenderData":true}
{"class":"TSStatic","persistentId":"954d070c-4a3d-46ce-b061-104adfee13af","__parent":"dealerships_and_garages","position":[-774.478882,531.629639,21.8067341],"annotation":"OBSTACLES","isRenderEnabled":false,"rotationMatrix":[-0.912373722,-0.409358084,0,0.409358084,-0.912373722,0,0,0,1],"shapeName":"/art/shapes/garage_and_dealership/s_billboard_wood_pole_01.dae","useInstanceRenderData":true}
{"class":"TSStatic","persistentId":"99a3d8a2-522f-492e-80dd-149aea5cef5c","__parent":"dealerships_and_garages","position":[-777.351685,533.534119,24.6088734],"annotation":"OBSTACLES","isRenderEnabled":false,"rotationMatrix":[0.989371359,0.145410463,0,-0.145410463,0.989371359,0,0,0,1],"shapeName":"/art/shapes/garage_and_dealership/s_billboard_wood_pole_01.dae","useInstanceRenderData":true}
{"class":"TSStatic","persistentId":"f6d382bf-9e51-4649-b114-34974874c841","__parent":"dealerships_and_garages","position":[-799.765198,546.231445,24.939436],"annotation":"OBSTACLES","isRenderEnabled":false,"rotationMatrix":[-0.111100048,-0.993809104,0,0.993809104,-0.111100048,0,0,0,1],"shapeName":"/art/shapes/garage_and_dealership/s_flag_floor_feather_01.dae","useInstanceRenderData":true}
{"class":"TSStatic","persistentId":"f1d8d3ba-73c2-4cf8-ade9-c34cbf108976","__parent":"dealerships_and_garages","position":[-796.760498,543.800598,24.9713421],"annotation":"OBSTACLES","isRenderEnabled":false,"rotationMatrix":[-0.111100048,-0.993809104,0,0.993809104,-0.111100048,0,0,0,1],"shapeName":"/art/shapes/garage_and_dealership/s_flag_floor_feather_01.dae","useInstanceRenderData":true}
{"class":"TSStatic","persistentId":"81d58f4d-7b60-4ceb-9204-5e829800001c","__parent":"dealerships_and_garages","position":[-776.937927,528.204102,24.4099712],"annotation":"OBSTACLES","isRenderEnabled":false,"rotationMatrix":[0.972824037,0.231544912,0,-0.231544912,0.972824037,0,0,0,1],"shapeName":"/art/shapes/garage_and_dealership/s_flag_floor_feather_01.dae","useInstanceRenderData":true}
{"class":"TSStatic","persistentId":"0cc59b47-6955-4101-9e50-36972ee234db","__parent":"dealerships_and_garages","position":[-779.748047,530.371399,24.570694],"annotation":"OBSTACLES","isRenderEnabled":false,"rotationMatrix":[0.972824037,0.231544912,0,-0.231544912,0.972824037,0,0,0,1],"shapeName":"/art/shapes/garage_and_dealership/s_flag_floor_feather_01.dae","useInstanceRenderData":true}
{"class":"TSStatic","persistentId":"eea1988c-703b-4e90-9c24-71b02bcfc7d6","__parent":"dealerships_and_garages","position":[-783.468994,533.132446,24.7778416],"annotation":"OBSTACLES","isRenderEnabled":false,"rotationMatrix":[0.972824037,0.231544912,0,-0.231544912,0.972824037,0,0,0,1],"shapeName":"/art/shapes/garage_and_dealership/s_flag_floor_feather_01.dae","useInstanceRenderData":true}
{"class":"TSStatic","persistentId":"fbe93b7b-0735-49ab-8157-1a5258e020fe","__parent":"dealerships_and_garages","position":[-797.925964,548.806763,28.1905651],"annotation":"OBSTACLES","isRenderEnabled":false,"rotationMatrix":[-0.744922161,0.667151392,0,-0.667151392,-0.744922161,0,0,0,1],"shapeName":"/art/shapes/garage_and_dealership/s_string_tinsel_hang_01.dae","useInstanceRenderData":true}
{"class":"TSStatic","persistentId":"febcdfb5-4a4d-43a6-ac4c-d0052b4511ee","__parent":"dealerships_and_garages","position":[-800.487976,551.073181,22.1086884],"annotation":"OBSTACLES","isRenderEnabled":false,"rotationMatrix":[0.960685909,0.277637362,0,-0.277637362,0.960685909,0,0,0,1],"shapeName":"/art/shapes/garage_and_dealership/s_billboard_wood_pole_01.dae","useInstanceRenderData":true}
{"class":"TSStatic","persistentId":"ad41dca6-240b-4033-95b3-b028414d2a96","__parent":"dealerships_and_garages","position":[-773.48761,560.743103,21.8067322],"annotation":"OBSTACLES","isRenderEnabled":false,"rotationMatrix":[0.970403671,0.24148798,0,-0.24148798,0.970403671,0,0,0,1],"shapeName":"/art/shapes/garage_and_dealership/s_billboard_wood_pole_01.dae","useInstanceRenderData":true}
{"class":"TSStatic","persistentId":"ce99f898-992d-4c31-a17c-d5685099c09b","__parent":"dealerships_and_garages","position":[-771.012207,558.382385,27.8886089],"annotation":"OBSTACLES","isRenderEnabled":false,"rotationMatrix":[-0.719431221,0.694563568,0,-0.694563568,-0.719431221,0,0,0,1],"shapeName":"/art/shapes/garage_and_dealership/s_string_tinsel_hang_01.dae","useInstanceRenderData":true}
{"class":"TSStatic","persistentId":"ad6c14a2-8243-414c-a6b1-9f072386bb3e","__parent":"dealerships_and_garages","position":[-770.997009,558.360413,24.6088715],"annotation":"OBSTACLES","isRenderEnabled":false,"rotationMatrix":[-0.99949038,0.0319181867,0,-0.0319181867,-0.99949038,0,0,0,1],"shapeName":"/art/shapes/garage_and_dealership/s_billboard_wood_pole_01.dae","useInstanceRenderData":true}
{"class":"TSStatic","persistentId":"8fe71bad-d4d0-4ba7-878d-b1157f57f96a","__parent":"dealerships_and_garages","position":[-768.369202,556.367249,27.8692245],"annotation":"OBSTACLES","isRenderEnabled":false,"rotationMatrix":[-0.79915446,0.601125538,0,-0.601125538,-0.79915446,0,0,0,1],"shapeName":"/art/shapes/garage_and_dealership/s_string_tinsel_01.dae","useInstanceRenderData":true}
{"class":"TSStatic","persistentId":"8fa3321a-4eca-4b4b-b517-aa0d5fcf6ccc","__parent":"dealerships_and_garages","position":[-768.341492,556.357178,24.6088715],"annotation":"OBSTACLES","isRenderEnabled":false,"rotationMatrix":[0.993508518,0.113757111,0,-0.113757111,0.993508518,0,0,0,1],"shapeName":"/art/shapes/garage_and_dealership/s_billboard_wood_pole_01.dae","useInstanceRenderData":true}
{"class":"TSStatic","persistentId":"3115f374-2afc-4bae-b4c8-6af5578900d3","__parent":"dealerships_and_garages","position":[-760.371277,550.340698,27.8886089],"annotation":"OBSTACLES","isRenderEnabled":false,"rotationMatrix":[0.812781334,-0.582568705,0,0.582568705,0.812781334,0,0,0,1],"shapeName":"/art/shapes/garage_and_dealership/s_string_tinsel_hang_01.dae","useInstanceRenderData":true}
{"class":"TSStatic","persistentId":"b0bba952-5d15-4437-8157-39fdc92649d0","__parent":"dealerships_and_garages","position":[-757.578918,548.36499,21.8067322],"annotation":"OBSTACLES","isRenderEnabled":false,"rotationMatrix":[-0.924974918,-0.38002789,0,0.38002789,-0.924974918,0,0,0,1],"shapeName":"/art/shapes/garage_and_dealership/s_billboard_wood_pole_01.dae","useInstanceRenderData":true}
{"class":"TSStatic","persistentId":"ab7e9cbf-a75d-446f-a8dc-d3a716078196","__parent":"dealerships_and_garages","position":[-765.691223,554.363586,24.6088715],"annotation":"OBSTACLES","isRenderEnabled":false,"rotationMatrix":[0.993508518,0.113757111,0,-0.113757111,0.993508518,0,0,0,1],"shapeName":"/art/shapes/garage_and_dealership/s_billboard_wood_pole_01.dae","useInstanceRenderData":true}
{"class":"TSStatic","persistentId":"28be18de-0540-434e-85c1-2a29e686b1a5","__parent":"dealerships_and_garages","position":[-765.718933,554.373657,27.8692245],"annotation":"OBSTACLES","isRenderEnabled":false,"rotationMatrix":[-0.79915446,0.601125538,0,-0.601125538,-0.79915446,0,0,0,1],"shapeName":"/art/shapes/garage_and_dealership/s_string_tinsel_01.dae","useInstanceRenderData":true}
{"class":"TSStatic","persistentId":"260c4f1f-6e0b-4016-8efd-bda3e260b8bb","__parent":"dealerships_and_garages","position":[-763.077942,552.371765,27.8692245],"annotation":"OBSTACLES","isRenderEnabled":false,"rotationMatrix":[-0.79915446,0.601125538,0,-0.601125538,-0.79915446,0,0,0,1],"shapeName":"/art/shapes/garage_and_dealership/s_string_tinsel_01.dae","useInstanceRenderData":true}
{"class":"TSStatic","persistentId":"90e2f6e4-0530-402e-b1f6-4842ae9b5de5","__parent":"dealerships_and_garages","position":[-763.050232,552.361694,24.6088715],"annotation":"OBSTACLES","isRenderEnabled":false,"rotationMatrix":[0.993508518,0.113757111,0,-0.113757111,0.993508518,0,0,0,1],"shapeName":"/art/shapes/garage_and_dealership/s_billboard_wood_pole_01.dae","useInstanceRenderData":true}
{"class":"TSStatic","persistentId":"20d8e1cb-fb80-4015-92bf-1a11b9c8a212","__parent":"dealerships_and_garages","position":[-760.427673,550.378174,27.8692245],"annotation":"OBSTACLES","isRenderEnabled":false,"rotationMatrix":[-0.79915446,0.601125538,0,-0.601125538,-0.79915446,0,0,0,1],"shapeName":"/art/shapes/garage_and_dealership/s_string_tinsel_01.dae","useInstanceRenderData":true}
{"class":"TSStatic","persistentId":"37f278f7-fad6-4ee1-bb7f-fc4d574fdc84","__parent":"dealerships_and_garages","position":[-760.399963,550.368103,24.6088715],"annotation":"OBSTACLES","isRenderEnabled":false,"rotationMatrix":[0.993508518,0.113757111,0,-0.113757111,0.993508518,0,0,0,1],"shapeName":"/art/shapes/garage_and_dealership/s_billboard_wood_pole_01.dae","useInstanceRenderData":true}
{"class":"TSStatic","persistentId":"1b9e6d4b-abf8-4b5a-816d-5f1198c1adfc","__parent":"dealerships_and_garages","position":[566.496338,-755.24762,60.4998779],"annotation":"OBSTACLES","isRenderEnabled":false,"shapeName":"/art/shapes/garage_and_dealership/deal_covered_car_barstow_1.dae","useInstanceRenderData":true}
{"class":"TSStatic","persistentId":"f7242415-807e-479e-9f0d-80ff72ad239f","__parent":"dealerships_and_garages","position":[-106.060753,-796.190979,16.4397449],"annotation":"OBSTACLES","isRenderEnabled":false,"rotationMatrix":[0.276256561,0.960747242,0.0254334323,-0.96095103,0.276561588,-0.00930803455,-0.0159765817,-0.021868879,0.999633133],"shapeName":"/art/shapes/garage_and_dealership/deal_covered_car_barstow_1.dae","useInstanceRenderData":true}
{"class":"TSStatic","persistentId":"21c29aa8-e842-4ab8-bbe4-32a400beab6a","__parent":"dealerships_and_garages","position":[710.084778,-354.09433,56.578392],"annotation":"OBSTACLES","decalType":"None","isRenderEnabled":false,"rotationMatrix":[0.131873772,-0.99126631,0,0.99126631,0.131873772,0,0,0,1],"shapeName":"/art/shapes/garage_and_dealership/deal_covered_car_barstow_1.dae","useInstanceRenderData":true}
{"class":"TSStatic","persistentId":"bad7ce60-0c52-43b3-98fa-95ba9622b2c0","__parent":"dealerships_and_garages","position":[710.059204,-350.959015,56.5911942],"annotation":"OBSTACLES","decalType":"None","isRenderEnabled":false,"rotationMatrix":[0.0241267215,-0.999708772,0,0.999708772,0.0241267215,0,0,0,1],"shapeName":"/art/shapes/garage_and_dealership/deal_covered_car_sunburst_1.dae","useInstanceRenderData":true}
{"class":"TSStatic","persistentId":"600cc64b-7245-448a-8082-44027e7e58ec","__parent":"dealerships_and_garages","position":[697.808838,-352.047241,56.5979004],"annotation":"OBSTACLES","decalType":"None","isRenderEnabled":false,"rotationMatrix":[-0.118365467,0.992970049,0,-0.992970049,-0.118365467,0,0,0,1],"shapeName":"/art/shapes/garage_and_dealership/deal_covered_car_sunburst_2.dae","useInstanceRenderData":true}
{"name":"smiths_sign","class":"TSStatic","persistentId":"f01f2e97-fd82-433b-9829-474229d5054c","__parent":"dealerships_and_garages","position":[-800.929565,485.279144,28.2040119],"annotation":"OBSTACLES","isRenderEnabled":false,"rotationMatrix":[-0.783672154,0.621174276,0,-0.621174276,-0.783672154,0,0,0,1],"scale":[1.2791903,1.2791903,1.2791903],"shapeName":"/levels/east_coast_usa/art/shapes/buildings/eca_dealer_garage_smiths.dae","useInstanceRenderData":true}
{"name":"henderson_sign","class":"TSStatic","persistentId":"a957da5b-f55f-4cca-974a-db47263e6ff5","__parent":"dealerships_and_garages","position":[-84.4706345,-789.617798,21.1442337],"annotation":"OBSTACLES","isRenderEnabled":false,"rotationMatrix":[0.210052267,0.977689922,0,-0.977689922,0.210052267,0,0,0,1],"scale":[1.77735114,1.77735114,1.77735114],"shapeName":"/levels/east_coast_usa/art/shapes/buildings/eca_dealer_garage_hendersons.dae","useInstanceRenderData":true}
{"name":"firwood_garage_sign","class":"TSStatic","persistentId":"fc232714-6aa3-49ed-b5ac-b4d501f68c73","__parent":"dealerships_and_garages","position":[588.834229,-143.628479,56.5783119],"annotation":"OBSTACLES","isRenderEnabled":false,"rotationMatrix":[0.783762097,-0.621060789,0,0.621060789,0.783762097,0,0,0,1],"scale":[1.50404072,1.50404072,1.50404072],"shapeName":"/levels/east_coast_usa/art/shapes/buildings/eca_dealer_garage_firwood.dae","useInstanceRenderData":true}
{"class":"TSStatic","persistentId":"3ce66136-63a3-4ae5-8b43-55dfb8078050","__parent":"dealerships_and_garages","position":[-784.732361,562.684082,24.9993916],"annotation":"OBSTACLES","decalType":"None","isRenderEnabled":false,"rotationMatrix":[-0.737763524,0.675059199,0,-0.675059199,-0.737763524,0,0,0,1],"shapeName":"/levels/east_coast_usa/art/shapes/misc/deal_covered_car_roamer_1.dae","useInstanceRenderData":true}
{"class":"TSStatic","persistentId":"325dc59f-d5f6-48a3-8ec3-4a738c29529b","__parent":"dealerships_and_garages","position":[-768.318176,551.49115,24.9993896],"annotation":"OBSTACLES","decalType":"None","isRenderEnabled":false,"rotationMatrix":[0.75652802,-0.653961301,0,0.653961301,0.75652802,0,0,0,1],"shapeName":"/levels/east_coast_usa/art/shapes/misc/deal_covered_car_sunburst_1.dae","useInstanceRenderData":true}
{"class":"TSStatic","persistentId":"7ac94162-126e-419a-853e-0c234c895d59","__parent":"dealerships_and_garages","position":[-776.874084,556.242798,24.9993916],"annotation":"OBSTACLES","decalType":"None","isRenderEnabled":false,"rotationMatrix":[0.801635146,-0.597813487,0,0.597813487,0.801635146,0,0,0,1],"shapeName":"/levels/east_coast_usa/art/shapes/misc/deal_covered_car_roamer_1.dae","useInstanceRenderData":true}
{"class":"TSStatic","persistentId":"9233ad15-f2bb-4cde-b5da-d4af817fc63c","__parent":"dealerships_and_garages","position":[-83.6477661,-786.484131,16.7610607],"annotation":"OBSTACLES","isRenderEnabled":false,"shapeName":"/levels/east_coast_usa/art/shapes/misc/garbage_cardboard_box_a.dae","useInstanceRenderData":true}
{"class":"TSStatic","persistentId":"9ca23adb-b30e-4fcc-ad0b-88e6a8451ed0","__parent":"dealerships_and_garages","position":[-83.3598633,-785.990234,16.7610607],"annotation":"OBSTACLES","isRenderEnabled":false,"shapeName":"/levels/east_coast_usa/art/shapes/misc/garbage_cardboard_box_b.dae","useInstanceRenderData":true}
{"class":"TSStatic","persistentId":"6125c82f-de0e-4ce6-a97b-2f483489984c","__parent":"dealerships_and_garages","position":[-84.2188492,-785.239258,16.7610607],"annotation":"OBSTACLES","isRenderEnabled":false,"shapeName":"/levels/east_coast_usa/art/shapes/misc/garbage_bin_a.dae","useInstanceRenderData":true}
{"class":"TSStatic","persistentId":"0334d4a5-2e88-4013-ac33-9bae565a5adc","__parent":"dealerships_and_garages","position":[-92.9933014,-792.721863,16.4762459],"annotation":"OBSTACLES","isRenderEnabled":false,"shapeName":"/levels/east_coast_usa/art/shapes/misc/concrete_road_barrier_a.dae","useInstanceRenderData":true}
{"class":"TSStatic","persistentId":"788548dd-9fc5-4dd4-8465-8a5895348637","__parent":"dealerships_and_garages","position":[-83.598999,-785.344238,16.7610607],"annotation":"OBSTACLES","isRenderEnabled":false,"shapeName":"/levels/east_coast_usa/art/shapes/misc/garbage_plasticbag.dae","useInstanceRenderData":true}
{"class":"TSStatic","persistentId":"9656f532-370d-457d-88a1-62597720e648","__parent":"dealerships_and_garages","position":[-83.0987167,-785.566345,16.7610607],"annotation":"OBSTACLES","isRenderEnabled":false,"rotationMatrix":[-0.931243122,-0.364398569,0,0.364398569,-0.931243122,0,0,0,1],"shapeName":"/levels/east_coast_usa/art/shapes/misc/garbage_plasticbag_black.dae","useInstanceRenderData":true}
{"class":"TSStatic","persistentId":"486f48ed-ccf4-4d59-9ca6-181783336d38","__parent":"dealerships_and_garages","position":[-83.320961,-785.334534,16.7610607],"annotation":"OBSTACLES","isRenderEnabled":false,"shapeName":"/levels/east_coast_usa/art/shapes/misc/garbage_bottle_a.dae","useInstanceRenderData":true}
{"class":"TSStatic","persistentId":"0445f602-e4f9-452c-925d-73a49d969de7","__parent":"dealerships_and_garages","position":[-75.8580704,-783.719666,16.1948948],"annotation":"OBSTACLES","isRenderEnabled":false,"shapeName":"/levels/east_coast_usa/art/shapes/buildings/eca_fv_junk_a.DAE","useInstanceRenderData":true}
{"class":"TSStatic","persistentId":"024737d1-7728-446e-95a1-6cc2dec2271c","__parent":"dealerships_and_garages","position":[-83.2179718,-783.778503,16.4996357],"annotation":"OBSTACLES","isRenderEnabled":false,"shapeName":"/levels/east_coast_usa/art/shapes/buildings/eca_fv_junk_b.DAE","useInstanceRenderData":true}
{"class":"TSStatic","persistentId":"a3de33fd-de66-4ba9-9af9-0146728b7558","__parent":"dealerships_and_garages","position":[-85.5636444,-793.515503,16.7610607],"annotation":"OBSTACLES","isRenderEnabled":false,"rotationMatrix":[-1,-3.25841398e-07,0,3.25841398e-07,-1,0,0,0,1],"shapeName":"/levels/east_coast_usa/art/shapes/buildings/eca_flag_usa.dae","useInstanceRenderData":true}
{"class":"DecalRoad","persistentId":"0546501a-338c-4a6a-afe2-aa66ed04b828","__parent":"dealerships_and_garages","position":[-89.5431061,-790.114258,16.4996338],"breakAngle":1,"improvedSpline":true,"material":"Dirt_road_variation_02","nodes":[[-89.5431061,-790.114258,16.4996338,2.25000024],[-79.9512482,-791.838318,16.3636894,2.25000024],[-76.336113,-791.108276,16.0230331,2.25000024]],"renderPriority":4,"startEndFade":[5,5],"textureLength":100}
{"class":"DecalRoad","persistentId":"4dc7e7cf-e0a2-487d-8c9f-a9ebdc9f3206","__parent":"dealerships_and_garages","position":[-75.5366669,-787.793396,16.0246887],"breakAngle":1,"improvedSpline":true,"material":"Dirt_road_variation_02","nodes":[[-75.5366669,-787.793396,16.0246887,2.25000024],[-81.8592453,-788.834229,16.729044,2.25000024],[-88.5388718,-786.299133,16.4996338,2.25000024]],"renderPriority":4,"startEndFade":[5,5],"textureLength":100}
{"class":"DecalRoad","persistentId":"46c4a872-25d7-4834-a290-1931b21532c7","__parent":"dealerships_and_garages","position":[590.55365,-144.830429,53.4502487],"breakAngle":1,"improvedSpline":true,"material":"line_white_damage_01","nodes":[[590.55365,-144.830429,53.4502487,0.150000095],[589.318787,-146.382294,53.4624786,0.150000095]],"overObjects":true,"renderPriority":1,"startEndFade":[0.200000003,0.200000003],"textureLength":6.4000001}
{"class":"DecalRoad","persistentId":"c48e4b4e-706b-46ce-b103-e24c1593aaac","__parent":"dealerships_and_garages","position":[589.320129,-146.248001,53.4618797],"breakAngle":1,"improvedSpline":true,"material":"line_white_damage_01","nodes":[[589.320129,-146.248001,53.4618797,0.150000095],[590.834595,-147.450943,53.3210411,0.150000095]],"overObjects":true,"renderPriority":1,"startEndFade":[0.200000003,0.200000003],"textureLength":6.4000001}
{"class":"DecalRoad","persistentId":"d00382c1-86fb-46ec-aac9-373b9bb6d812","__parent":"dealerships_and_garages","position":[588.278931,-150.587631,53.4855804],"breakAngle":1,"improvedSpline":true,"material":"line_white_damage_01","nodes":[[588.278931,-150.587631,53.4855804,0.150000095],[586.864868,-149.443756,53.4866829,0.150000095]],"overObjects":true,"renderPriority":1,"startEndFade":[0.200000003,0.200000003],"textureLength":6.4000001}
{"class":"DecalRoad","persistentId":"a3a8fbab-82a2-4978-bd1e-90960ea4cf92","__parent":"dealerships_and_garages","position":[586.927246,-149.36441,53.4860611],"breakAngle":1,"improvedSpline":true,"material":"line_white_damage_01","nodes":[[586.927246,-149.36441,53.4860611,0.150000095],[585.585632,-151.065628,53.4905853,0.150000095]],"overObjects":true,"renderPriority":1,"startEndFade":[0.200000003,0.200000003],"textureLength":6.4000001}
{"class":"DecalRoad","persistentId":"476dd393-52f3-4834-a3ab-2f262eb1b633","__parent":"dealerships_and_garages","position":[587.186218,-152.194336,53.4902954],"breakAngle":1,"improvedSpline":true,"material":"line_white_damage_01","nodes":[[587.186218,-152.194336,53.4902954,0.150000095],[585.55188,-150.916397,53.4905586,0.150000095]],"overObjects":true,"renderPriority":1,"startEndFade":[0.200000003,0.200000003],"textureLength":6.4000001}
{"class":"DecalRoad","persistentId":"ea3ae0e0-2959-46de-8e60-5669747ad221","__parent":"dealerships_and_garages","position":[587.372986,-142.316788,53.4529991],"breakAngle":1,"improvedSpline":true,"material":"line_white_damage_01","nodes":[[587.372986,-142.316788,53.4529991,0.150000095],[584.25885,-146.237167,53.4838715,0.150000095]],"overObjects":true,"renderPriority":1,"startEndFade":[0.200000003,0.200000003],"textureLength":6.4000001}
{"class":"DecalRoad","persistentId":"5e1c5054-103e-4313-941a-54ebe7c9d9eb","__parent":"dealerships_and_garages","position":[577.759094,-134.516312,53.4684372],"breakAngle":1,"improvedSpline":true,"material":"line_white_damage_01","nodes":[[577.759094,-134.516312,53.4684372,0.150000006],[574.644958,-138.436691,53.4993095,0.150000006]],"overObjects":true,"renderPriority":1,"startEndFade":[0.200000003,0.200000003],"textureLength":6.4000001}
{"class":"DecalRoad","persistentId":"ac3e39eb-7410-4edd-8718-445389e732dc","__parent":"dealerships_and_garages","position":[582.702515,-138.338989,53.476593],"breakAngle":1,"improvedSpline":true,"material":"line_white_damage_01","nodes":[[582.702515,-138.338989,53.476593,0.150000006],[579.588379,-142.259369,53.5074654,0.150000006]],"overObjects":true,"renderPriority":1,"startEndFade":[0.200000003,0.200000003],"textureLength":6.4000001}
{"class":"DecalRoad","persistentId":"8b670577-1f17-475c-b203-19a24dea9e2e","__parent":"dealerships_and_garages","position":[580.149475,-136.481461,53.4698029],"breakAngle":1,"improvedSpline":true,"material":"line_white_damage_01","nodes":[[580.149475,-136.481461,53.4698029,0.150000006],[577.035339,-140.40184,53.5006752,0.150000006]],"overObjects":true,"renderPriority":1,"startEndFade":[0.200000003,0.200000003],"textureLength":6.4000001}
{"class":"DecalRoad","persistentId":"b001e5fd-15ac-451a-80b9-c30a2abf64f1","__parent":"dealerships_and_garages","position":[585.0354,-140.385071,53.4718323],"breakAngle":1,"improvedSpline":true,"material":"line_white_damage_01","nodes":[[585.0354,-140.385071,53.4718323,0.150000006],[581.921265,-144.30545,53.5027046,0.150000006]],"overObjects":true,"renderPriority":1,"startEndFade":[0.200000003,0.200000003],"textureLength":6.4000001}
{"class":"TSStatic","persistentId":"11e04a0f-d103-428c-93b8-325049cd9b79","__parent":"dealerships_and_garages","position":[562.738953,-765.975037,60.613327],"isRenderEnabled":false,"shapeName":"/levels/east_coast_usa/art/shapes/misc/sawmill_log_long2.dae","useInstanceRenderData":true}
{"class":"TSStatic","persistentId":"ccb64a35-3654-4dae-b52b-ebe1cb873fe8","__parent":"dealerships_and_garages","position":[549.174988,-765.960144,60.613327],"isRenderEnabled":false,"rotationMatrix":[-0.99999994,-3.2584137e-07,0,3.2584137e-07,-0.99999994,0,0,0,1],"shapeName":"/levels/east_coast_usa/art/shapes/misc/sawmill_log_long2.dae","useInstanceRenderData":true}
{"class":"DecalRoad","persistentId":"42c96d3e-1f25-43c5-9e00-029152694661","__parent":"dealerships_and_garages","position":[-775.969666,527.217468,24.294548],"breakAngle":1,"detail":0.300000012,"improvedSpline":true,"material":"ECA_road_edge_dirt_grass","nodes":[[-775.969666,527.217468,24.294548,2],[-774.508057,529.70575,24.6038818,2],[-774.238892,531.830933,24.9201736,2],[-776.190674,533.674622,25.0155945,2],[-781.922913,537.490051,25.1889706,2],[-786.361694,541.471741,25.1916828,2],[-792.173279,545.140625,25.4661427,2],[-797.438049,549.347595,25.036499,2],[-799.913757,550.834534,24.9849758,2],[-801.521057,550.856506,24.9533424,2],[-803.005432,549.039856,24.9559593,2],[-803.166565,548.027771,24.9955139,2]],"renderPriority":9,"startEndFade":[1,1],"textureLength":8}
{"class":"DecalRoad","persistentId":"de3597d6-8b82-4881-9a5b-f23d2d09b742","__parent":"dealerships_and_garages","position":[-793.448486,574.044556,25.0337067],"breakAngle":1,"detail":0.300000012,"improvedSpline":true,"material":"ECA_road_edge_dirt_grass","nodes":[[-793.448486,574.044556,25.0337067,2],[-787.814026,570.146179,24.9993896,2],[-780.401733,565.989502,24.9993896,2],[-771.452515,559.367615,24.9993896,2],[-765.847961,555.221863,24.9993896,2],[-758.686584,550.515198,24.9993896,2],[-755.794373,546.492126,24.9993896,2],[-754.051514,542.71405,24.9993896,2],[-755.151062,536.7146,24.9993896,2],[-759.619385,528.872437,24.9889488,2],[-763.838074,523.959229,24.7000332,2],[-767.2276,519.054199,23.7307434,2]],"renderPriority":9,"startEndFade":[1,1],"textureLength":8}
{"class":"DecalRoad","persistentId":"f96753a3-4146-4f4e-84ac-09cb1eedd732","__parent":"dealerships_and_garages","position":[-812.200928,554.63739,25.3279095],"breakAngle":1,"improvedSpline":true,"material":"ECA_road_edge_dirt","nodes":[[-812.200928,554.63739,25.3279095,2.0999999],[-802.827515,565.335205,25.1386719,2.0999999],[-799.319397,569.126587,25.0673065,2.0999999],[-794.483032,573.690552,25.1176472,2.0999999]],"startEndFade":[1,1],"textureLength":8}
{"class":"DecalRoad","persistentId":"6f46722b-c79b-49d2-b30e-712e555af308","__parent":"dealerships_and_garages","position":[-809.312256,550.398621,25.184082],"breakAngle":1,"detail":0.300000012,"improvedSpline":true,"material":"AsphaltRoad_variation_one_way","nodes":[[-809.312256,550.398621,25.184082,8],[-802.653931,555.42981,24.9993896,8],[-795.173462,553.444641,24.9993896,8],[-785.835144,546.67627,24.9993896,8],[-774.098267,538.579468,24.9785404,8],[-769.160706,533.720703,24.8557148,8],[-768.920227,527.803467,24.5223312,8],[-772.987793,521.539124,23.9645538,8]],"renderPriority":5,"startEndFade":[15,15],"textureLength":32}
{"class":"DecalRoad","persistentId":"e484d245-2bc5-4e8a-ac8f-36d5b0c3555f","__parent":"dealerships_and_garages","position":[-768.424438,527.016968,24.4852638],"breakAngle":1,"detail":0.300000012,"improvedSpline":true,"material":"AsphaltRoad_variation_one_way","nodes":[[-768.424438,527.016968,24.4852638,8],[-763.24176,534.212952,24.9660606,8],[-766.493958,541.618164,24.9972916,8],[-776.296631,548.102417,24.9993896,8],[-790.030273,558.787231,24.9993896,8],[-797.03064,561.798279,24.9993896,8],[-802.457764,561.884644,24.9993896,8],[-806.178284,560.390991,24.9993896,8]],"renderPriority":5,"startEndFade":[15,15],"textureLength":32}
{"class":"DecalRoad","persistentId":"1df05e39-94cb-4a93-9003-ecb1cf3e2e41","__parent":"dealerships_and_garages","position":[-760.420227,537.319397,24.9993896],"breakAngle":1,"detail":0.300000012,"improvedSpline":true,"material":"AsphaltRoad_variation_one_way","nodes":[[-760.420227,537.319397,24.9993896,8],[-762.237854,545.121643,24.9993896,8],[-767.658386,550.550903,24.9993896,8],[-773.473083,554.368958,24.9993896,8]],"renderPriority":5,"startEndFade":[5,5],"textureLength":32}
{"class":"DecalRoad","persistentId":"aff0a535-b744-4c87-9816-5e58bbdb16a7","__parent":"dealerships_and_garages","position":[-781.718262,562.938721,24.9993896],"breakAngle":1,"detail":0.300000012,"improvedSpline":true,"material":"AsphaltRoad_variation_one_way","nodes":[[-781.718262,562.938721,24.9993896,8],[-787.043152,556.522888,24.9993896,8],[-794.776672,553.144714,24.9993896,8]],"renderPriority":5,"startEndFade":[5,5],"textureLength":32}
{"class":"DecalRoad","persistentId":"ff8c4935-3f34-428d-a1a6-09472fe93036","__parent":"dealerships_and_garages","position":[-788.276733,548.978333,24.9993896],"breakAngle":1,"detail":0.300000012,"improvedSpline":true,"material":"AsphaltRoad_variation_one_way","nodes":[[-788.276733,548.978333,24.9993896,8],[-782.548401,551.908569,24.9993896,8],[-773.50061,563.661011,24.9993896,8]],"renderPriority":5,"startEndFade":[5,5],"textureLength":32}
{"class":"DecalRoad","persistentId":"ecc1fc31-246c-4e30-a3d6-002e68f0e423","__parent":"dealerships_and_garages","position":[-808.484985,550.849304,25.1734638],"breakAngle":1,"detail":0.200000003,"improvedSpline":true,"material":"AsphaltRoad_variation_track","nodes":[[-808.484985,550.849304,25.1734638,6],[-802.93927,555.76532,24.9993896,6],[-792.169556,553.744446,24.9993896,6],[-780.063782,544.194702,24.9993896,6],[-770.403931,535.739624,24.9177666,6],[-769.217468,529.051697,24.6026592,6],[-771.649048,523.082458,23.9986649,6]],"renderPriority":6,"startEndFade":[10,10],"textureLength":32}
{"class":"DecalRoad","persistentId":"45b9f392-6a9d-4054-b833-9c1da46691de","__parent":"dealerships_and_garages","position":[-808.256592,550.092529,25.168663],"breakAngle":2,"detail":0.300000012,"distanceFade":[200,50],"drivability":1,"improvedSpline":true,"material":"AsphaltRoad_variation_two_way","nodes":[[-808.256592,550.092529,25.168663,9.90000057],[-805.159668,554.650391,25.0008526,9.90000057],[-797.56073,556.689331,24.9993896,9.90000057],[-788.602722,550.98114,24.9993896,9.90000057],[-776.870483,542.324585,24.9993896,9.90000057],[-769.52002,535.339478,24.9058113,9.90000057],[-768.88208,528.536011,24.5766811,9.90000057],[-774.373108,520.385132,23.9867287,9.90000057]],"startEndFade":[5,5],"textureLength":80}
{"class":"DecalRoad","persistentId":"c9089b5a-ce7b-42df-b920-40df280bc96c","__parent":"dealerships_and_garages","position":[566.059692,-752.688599,60.4998779],"breakAngle":2,"detail":0.300000012,"distanceFade":[200,50],"drivability":1,"improvedSpline":true,"material":"AsphaltRoad_variation_two_way","nodes":[[566.059692,-752.688599,60.4998779,9.90000057],[562.269958,-759.790771,60.4998779,9.90000057],[551.93158,-761.626953,60.4998779,8],[541.488831,-762.310486,60.4689865,7.10000086],[536.753052,-761.108215,60.0863609,7.10000086],[532.907471,-756.090149,59.216011,7.10000086]],"startEndFade":[5,5],"textureLength":80}
{"class":"DecalRoad","persistentId":"f8710972-0d80-4fed-8198-c2075f25e74e","__parent":"dealerships_and_garages","position":[566.060913,-762.815308,60.4998779],"breakAngle":1,"distanceFade":[200,50],"improvedSpline":true,"material":"repair1","nodes":[[566.060913,-762.815308,60.4998779,4.00000095],[542.110962,-763.687134,60.543766,4.00000095]],"renderPriority":1,"startEndFade":[3,3],"textureLength":16}
{"class":"DecalRoad","persistentId":"f75a2e79-1fcf-4038-b9ec-b5006296553b","__parent":"dealerships_and_garages","position":[551.525269,-751.774231,60.4998779],"breakAngle":1,"distanceFade":[200,50],"improvedSpline":true,"material":"repair1","nodes":[[551.525269,-751.774231,60.4998779,4.00000095],[551.742432,-761.035889,60.4998779,4.00000095]],"renderPriority":1,"startEndFade":[3,3],"textureLength":16}
{"class":"DecalRoad","persistentId":"b5a14e04-ca42-4bef-a7b2-27ce6fb88cc3","__parent":"dealerships_and_garages","position":[561.179871,-760.85144,60.4998779],"breakAngle":1,"distanceFade":[200,50],"improvedSpline":true,"material":"repair1","nodes":[[561.179871,-760.85144,60.4998779,4.00000095],[561.185852,-751.614746,60.4998779,4.00000095]],"renderPriority":1,"startEndFade":[3,3],"textureLength":16}
{"class":"DecalRoad","persistentId":"3cc07603-c1d1-4a5a-810e-710afedc6c60","__parent":"dealerships_and_garages","position":[-797.575684,553.485229,24.9993896],"breakAngle":1,"distanceFade":[200,50],"improvedSpline":true,"material":"repair1","nodes":[[-797.575684,553.485229,24.9993896,4.00000095],[-772.499756,534.35675,24.9100399,4.00000095]],"renderPriority":1,"startEndFade":[3,3],"textureLength":16}
{"class":"DecalRoad","persistentId":"24591ee3-e0b7-4482-b35f-fd05f49175a8","__parent":"dealerships_and_garages","position":[-770.909851,556.978333,24.9993896],"breakAngle":1,"distanceFade":[200,50],"improvedSpline":true,"material":"repair1","nodes":[[-770.909851,556.978333,24.9993896,4.00000095],[-777.879028,547.699707,24.9993896,4.00000095]],"renderPriority":1,"startEndFade":[3,3],"textureLength":16}
{"class":"DecalRoad","persistentId":"8ecc8f30-4533-482a-9b2a-9587f42864c6","__parent":"dealerships_and_garages","position":[-763.703857,535.973389,24.9824123],"breakAngle":1,"distanceFade":[200,50],"improvedSpline":true,"material":"repair1","nodes":[[-763.703857,535.973389,24.9824123,4.00000095],[-756.958679,544.636475,24.9993896,4.00000095]],"renderPriority":1,"startEndFade":[3,3],"textureLength":16}
{"class":"DecalRoad","persistentId":"84f3c910-2ec2-44e7-b2ca-2fdd285abbc3","__parent":"dealerships_and_garages","position":[-805.730469,557.164917,24.9993896],"breakAngle":1,"distanceFade":[200,50],"improvedSpline":true,"material":"repair1","nodes":[[-805.730469,557.164917,24.9993896,4.00000095],[-796.073242,568.581116,24.9993896,4.00000095]],"renderPriority":1,"startEndFade":[3,3],"textureLength":16}
{"class":"DecalRoad","persistentId":"185e8dc5-2d45-4265-bb4c-c46e860d88a9","__parent":"dealerships_and_garages","position":[-779.166077,548.064575,24.9993896],"breakAngle":1,"distanceFade":[200,50],"improvedSpline":true,"material":"repair1","nodes":[[-779.166077,548.064575,24.9993896,4.00000095],[-796.012024,561.020996,24.9993896,4.00000095]],"renderPriority":1,"startEndFade":[3,3],"textureLength":16}
{"class":"DecalRoad","persistentId":"ab255190-00dd-4a50-9126-03d885d6046d","__parent":"dealerships_and_garages","position":[-798.881287,568.179321,25.0000572],"breakAngle":1,"improvedSpline":true,"material":"line_white_damage_01","nodes":[[-798.881287,568.179321,25.0000572,0.150000006],[-788.843018,560.569885,24.9993896,0.150000006]],"renderPriority":1,"startEndFade":[0.200000003,0.200000003],"textureLength":6.4000001}
{"class":"DecalRoad","persistentId":"04989a54-a74d-4764-9cbe-66559229b179","__parent":"dealerships_and_garages","position":[-788.928345,560.612305,24.9993896],"breakAngle":1,"improvedSpline":true,"material":"line_white_damage_01","nodes":[[-788.928345,560.612305,24.9993896,0.150000006],[-783.999329,567.125366,24.9993896,0.150000006]],"renderPriority":1,"startEndFade":[0.200000003,0.200000003],"textureLength":6.4000001}
{"class":"DecalRoad","persistentId":"d3172663-e6ee-4211-bf52-8ce7bcd728ad","__parent":"dealerships_and_garages","position":[-772.346985,559.000732,24.9993896],"breakAngle":1,"improvedSpline":true,"material":"line_white_damage_01","nodes":[[-772.346985,559.000732,24.9993896,0.150000006],[-776.69281,553.046021,24.9993896,0.150000006]],"renderPriority":1,"startEndFade":[0.200000003,0.200000003],"textureLength":6.4000001}
{"class":"DecalRoad","persistentId":"95b9e301-2d9d-462f-9948-016aba1fcda3","__parent":"dealerships_and_garages","position":[-804.741455,548.677612,25.067524],"breakAngle":1,"improvedSpline":true,"material":"line_white_damage_01","nodes":[[-804.741455,548.677612,25.067524,0.150000006],[-802.61554,551.573486,24.990799,0.150000006],[-800.708679,552.447998,24.9993896,0.150000006],[-798.483337,551.876709,24.9996147,0.150000006],[-794.000122,548.76709,24.9994011,0.150000006],[-784.851318,541.736206,24.9993896,0.150000006],[-774.84314,534.132629,24.979969,0.150000006],[-773.104004,531.949463,24.8281345,0.150000006],[-773.162476,530.038574,24.633482,0.150000006],[-773.993286,528.198853,24.4261703,0.150000006],[-775.457336,525.596619,24.1847172,0.150000006]],"renderPriority":1,"startEndFade":[0.200000003,0.200000003],"textureLength":6.4000001}
{"class":"DecalRoad","persistentId":"9ca4fe7a-7e6e-4fa7-a0ec-109076089118","__parent":"dealerships_and_garages","position":[-781.071777,564.701477,24.9993896],"breakAngle":1,"improvedSpline":true,"material":"line_white_damage_01","nodes":[[-781.071777,564.701477,24.9993896,0.150000006],[-785.047913,559.658691,24.9993896,0.150000006]],"renderPriority":1,"startEndFade":[0.200000003,0.200000003],"textureLength":6.4000001}
{"class":"DecalRoad","persistentId":"c1e866da-68d5-4d82-a73e-3389571d00e9","__parent":"dealerships_and_garages","position":[-778.226318,562.895142,24.9993896],"breakAngle":1,"improvedSpline":true,"material":"line_white_damage_01","nodes":[[-778.226318,562.895142,24.9993896,0.150000006],[-782.222107,557.72113,24.9993896,0.150000006]],"renderPriority":1,"startEndFade":[0.200000003,0.200000003],"textureLength":6.4000001}
{"class":"DecalRoad","persistentId":"efa0573c-4df3-4d0f-b27f-56ab58f3ecb2","__parent":"dealerships_and_garages","position":[-775.016174,560.988403,24.9993896],"breakAngle":1,"improvedSpline":true,"material":"line_white_damage_01","nodes":[[-775.016174,560.988403,24.9993896,0.150000006],[-779.630798,555.416382,24.9993896,0.150000006]],"renderPriority":1,"startEndFade":[0.200000003,0.200000003],"textureLength":6.4000001}
{"class":"DecalRoad","persistentId":"c724c05c-8747-412d-8e28-d18727b032f2","__parent":"dealerships_and_garages","position":[-770.026855,556.897705,24.9993896],"breakAngle":1,"improvedSpline":true,"material":"line_white_damage_01","nodes":[[-770.026855,556.897705,24.9993896,0.150000006],[-773.496948,552.369446,24.9993896,0.150000006]],"renderPriority":1,"startEndFade":[0.200000003,0.200000003],"textureLength":6.4000001}
{"class":"DecalRoad","persistentId":"2cec21d1-11e1-4e5c-a5cd-9ac37a951e07","__parent":"dealerships_and_garages","position":[-761.98761,551.354736,24.9993896],"breakAngle":1,"improvedSpline":true,"material":"line_white_damage_01","nodes":[[-761.98761,551.354736,24.9993896,0.150000006],[-765.907043,546.059631,24.9993896,0.150000006]],"renderPriority":1,"startEndFade":[0.200000003,0.200000003],"textureLength":6.4000001}
{"class":"DecalRoad","persistentId":"2b096040-85ad-41ec-be37-5178ca14216d","__parent":"dealerships_and_garages","position":[-759.152954,549.166077,24.9993896],"breakAngle":1,"improvedSpline":true,"material":"line_white_damage_01","nodes":[[-759.152954,549.166077,24.9993896,0.150000006],[-763.102722,543.936707,24.9993896,0.150000006]],"renderPriority":1,"startEndFade":[0.200000003,0.200000003],"textureLength":6.4000001}
{"class":"DecalRoad","persistentId":"f166018c-05ea-410b-8889-402130f25076","__parent":"dealerships_and_garages","position":[-756.869324,545.420166,24.9993896],"breakAngle":1,"improvedSpline":true,"material":"line_white_damage_01","nodes":[[-756.869324,545.420166,24.9993896,0.150000006],[-759.882874,541.587646,24.9993896,0.25]],"renderPriority":1,"startEndFade":[0.200000003,0.200000003],"textureLength":6.4000001}
{"class":"DecalRoad","persistentId":"22aa8049-411f-4587-adc2-f5d204bf05f0","__parent":"dealerships_and_garages","position":[-772.432495,558.891907,24.9993896],"breakAngle":1,"improvedSpline":true,"material":"line_white_damage_01","nodes":[[-772.432495,558.891907,24.9993896,0.150000006],[-758.142822,548.189453,24.9993896,0.150000006]],"renderPriority":1,"startEndFade":[0.200000003,0.200000003],"textureLength":6.4000001}
{"class":"DecalRoad","persistentId":"1e101f0f-421e-4ddb-a653-5384343d04e9","__parent":"dealerships_and_garages","position":[-796.706116,566.522034,24.9993896],"breakAngle":1,"improvedSpline":true,"material":"line_white_damage_01","nodes":[[-796.706116,566.522034,24.9993896,0.150000006],[-800.712708,561.484375,24.9993896,0.150000006]],"renderPriority":1,"startEndFade":[0.200000003,0.200000003],"textureLength":6.4000001}
{"class":"DecalRoad","persistentId":"3524cfd1-80ff-441a-999a-908fdf6985af","__parent":"dealerships_and_garages","position":[-794.148315,564.536133,24.9993896],"breakAngle":1,"improvedSpline":true,"material":"line_white_damage_01","nodes":[[-794.148315,564.536133,24.9993896,0.150000006],[-798.030701,559.513184,24.9993896,0.150000006]],"renderPriority":1,"startEndFade":[0.200000003,0.200000003],"textureLength":6.4000001}
{"class":"DecalRoad","persistentId":"1f698c77-8ad9-4003-94e0-af4cdca5411b","__parent":"dealerships_and_garages","position":[-791.540405,562.574585,24.9993896],"breakAngle":1,"improvedSpline":true,"material":"line_white_damage_01","nodes":[[-791.540405,562.574585,24.9993896,0.150000006],[-795.395447,557.586182,24.9993896,0.150000006]],"renderPriority":1,"startEndFade":[0.200000003,0.200000003],"textureLength":6.4000001}
{"class":"DecalRoad","persistentId":"0a52bc3e-5cf6-4d65-a2e4-25b16e608b2c","__parent":"dealerships_and_garages","position":[-788.932556,560.613037,24.9993896],"breakAngle":1,"improvedSpline":true,"material":"line_white_damage_01","nodes":[[-788.932556,560.613037,24.9993896,0.150000006],[-792.698242,555.66626,24.9993896,0.150000006]],"renderPriority":1,"startEndFade":[0.200000003,0.200000003],"textureLength":6.4000001}
{"class":"DecalRoad","persistentId":"7feac008-ebc8-4f84-8925-fbbbc7198cdd","__parent":"dealerships_and_garages","position":[553.184631,-757.475525,60.4998779],"breakAngle":1,"improvedSpline":true,"material":"line_white_damage_01","nodes":[[553.184631,-757.475525,60.4998779,0.150000095],[553.147644,-751.63031,60.4998779,0.150000095]],"renderPriority":1,"startEndFade":[0.200000003,0.200000003],"textureLength":6.4000001}
{"class":"DecalRoad","persistentId":"ea3632e4-7f95-4fff-87e5-a4364e461da9","__parent":"dealerships_and_garages","position":[556.241394,-757.493042,60.4998779],"breakAngle":1,"improvedSpline":true,"material":"line_white_damage_01","nodes":[[556.241394,-757.493042,60.4998779,0.150000095],[556.231689,-751.648621,60.4998779,0.150000095]],"renderPriority":1,"startEndFade":[0.200000003,0.200000003],"textureLength":6.4000001}
{"class":"DecalRoad","persistentId":"ff792eb9-eb03-4b06-b464-5d4f4ae559c3","__parent":"dealerships_and_garages","position":[562.181091,-751.792419,60.4998779],"breakAngle":1,"improvedSpline":true,"material":"line_white_damage_01","nodes":[[562.181091,-751.792419,60.4998779,0.150000095],[562.207581,-757.514709,60.4998779,0.150000095]],"renderPriority":1,"startEndFade":[0.200000003,0.200000003],"textureLength":6.4000001}
{"class":"DecalRoad","persistentId":"b21a7e46-fe9f-4fcb-8eee-7f122f9a1024","__parent":"dealerships_and_garages","position":[565.146667,-757.463318,60.4998779],"breakAngle":1,"improvedSpline":true,"material":"line_white_damage_01","nodes":[[565.146667,-757.463318,60.4998779,0.150000095],[565.186951,-751.810852,60.4998779,0.150000095]],"renderPriority":1,"startEndFade":[0.200000003,0.200000003],"textureLength":6.4000001}
{"class":"DecalRoad","persistentId":"b1bda31b-6644-4edf-ab73-af7c7f03ff6c","__parent":"dealerships_and_garages","position":[559.213257,-757.456848,60.4998779],"breakAngle":1,"improvedSpline":true,"material":"line_white_damage_01","nodes":[[559.213257,-757.456848,60.4998779,0.150000095],[559.187744,-751.707336,60.4998779,0.150000095]],"renderPriority":1,"startEndFade":[0.200000003,0.200000003],"textureLength":6.4000001}
{"name":"middealership_signage","class":"TSStatic","persistentId":"0213fec2-4517-4c5d-aece-7ad564814ae6","__parent":"dealerships_and_garages","position":[703.372009,-355.546997,57.3418007],"annotation":"OBSTACLES","isRenderEnabled":false,"rotationMatrix":[-1,-3.25841398e-07,0,3.25841398e-07,-1,0,0,0,1],"shapeName":"/levels/east_coast_usa/art/shapes/buildings/eca_midgrade_dealership_main.dae","useInstanceRenderData":true}
{"name":"offroad_dealership","class":"TSStatic","persistentId":"5c498d51-a474-4f8b-a384-adf055aad0d1","__parent":"dealerships_and_garages","position":[-790.5,568,25],"annotation":"BUILDINGS","isRenderEnabled":false,"rotationMatrix":[0.798635304,-0.601815283,0,0.601815283,0.798635304,0,0,0,1],"shapeName":"/levels/east_coast_usa/art/shapes/buildings/eca_offroad_dealership_main.dae","useInstanceRenderData":true}
{"name":"offroad_dealership_sign","class":"TSStatic","persistentId":"14b14d6e-d682-4723-b85a-6a301ae57593","__parent":"dealerships_and_garages","position":[-792.235474,542.544312,25.306879],"annotation":"OBSTACLES","isRenderEnabled":false,"rotationMatrix":[0.798635244,-0.601815164,0.000415574003,0.601815283,0.798635125,-0.000551485165,1.60071068e-10,0.000690534303,0.999999762],"shapeName":"/levels/east_coast_usa/art/shapes/buildings/eca_offroad_dealership_sign.dae","useInstanceRenderData":true}
{"name":"offroad_dealership_shed","class":"TSStatic","persistentId":"e366648d-d063-43f2-9947-7be46c7d27f7","__parent":"dealerships_and_garages","position":[-780.292969,560.229858,24.9999409],"annotation":"BUILDINGS","isRenderEnabled":false,"rotationMatrix":[0.798634887,-0.60181576,0.00041557441,0.601815879,0.798634648,-0.000551484816,1.30967237e-10,0.000690534303,0.999999762],"shapeName":"/levels/east_coast_usa/art/shapes/buildings/eca_offroad_dealership_shed.dae","useInstanceRenderData":true}
{"name":"classic_dealership_barn","class":"TSStatic","persistentId":"46834011-f5d1-47bc-8781-2bd93d3e0a85","__parent":"dealerships_and_garages","position":[575.163818,-760.593872,60.5114098],"annotation":"BUILDINGS","isRenderEnabled":false,"rotationMatrix":[-3.2584137e-07,-1,0,1,-3.2584137e-07,0,0,0,1],"shapeName":"/levels/east_coast_usa/art/shapes/buildings/eca_classic_dealership_barn.dae","useInstanceRenderData":true}
{"class":"DecalRoad","persistentId":"30be3fdd-67c4-4c1a-b042-e01feff5fd41","__parent":"dealerships_and_garages","position":[-764.885559,552.92865,24.9993896],"breakAngle":1,"improvedSpline":true,"material":"line_white_damage_01","nodes":[[-764.885559,552.92865,24.9993896,0.150000006],[-768.575562,548.090698,24.9993896,0.150000006]],"renderPriority":1,"startEndFade":[0.200000003,0.200000003],"textureLength":6.4000001}
{"class":"TSStatic","persistentId":"22747724-7969-4087-9ff7-e3d57eb78dd4","__parent":"dealerships_and_garages","position":[568.169434,-758.504456,61.8877945],"annotation":"OBSTACLES","isRenderEnabled":false,"rotationMatrix":[-3.2584137e-07,-1,0,1,-3.2584137e-07,0,0,0,1],"shapeName":"/art/shapes/garage_and_dealership/s_billboard_wood_0.5m_04.dae","useInstanceRenderData":true}
{"class":"TSStatic","persistentId":"ed6e9b3e-d48f-474b-84ea-e07d6972d93a","__parent":"dealerships_and_garages","position":[568.086487,-762.067322,67.4530182],"annotation":"OBSTACLES","isRenderEnabled":false,"rotationMatrix":[-0.00464890338,0.999988735,0,-0.999988735,-0.00464890338,0,0,0,1],"shapeName":"/art/shapes/garage_and_dealership/s_flag_tinsel_hang_02.dae","useInstanceRenderData":true}
{"class":"TSStatic","persistentId":"c1cfc814-db2b-454f-8d09-249fa070d4fc","__parent":"dealerships_and_garages","position":[562.0495,-766.222595,63.8011856],"annotation":"OBSTACLES","isRenderEnabled":false,"shapeName":"/art/shapes/garage_and_dealership/s_flag_tinsel_hang_01.dae","useInstanceRenderData":true}
{"class":"TSStatic","persistentId":"af730de0-d321-48aa-b44b-ad0683e92636","__parent":"dealerships_and_garages","position":[565.019226,-766.222595,59.9922523],"annotation":"OBSTACLES","isRenderEnabled":false,"shapeName":"/art/shapes/garage_and_dealership/s_billboard_wood_pole_01.dae","useInstanceRenderData":true}
{"class":"TSStatic","persistentId":"3aa22f1b-3cc5-4c97-a77c-a97ac4deade1","__parent":"dealerships_and_garages","position":[562.019226,-766.222595,59.9922523],"annotation":"OBSTACLES","isRenderEnabled":false,"shapeName":"/art/shapes/garage_and_dealership/s_billboard_wood_pole_01.dae","useInstanceRenderData":true}
{"class":"TSStatic","persistentId":"e4ed4e9f-cad9-43e4-8cae-f8b44c58365a","__parent":"dealerships_and_garages","position":[559.058655,-766.222595,59.9922523],"annotation":"OBSTACLES","isRenderEnabled":false,"shapeName":"/art/shapes/garage_and_dealership/s_billboard_wood_pole_01.dae","useInstanceRenderData":true}
{"class":"TSStatic","persistentId":"656e66b8-025a-4d3f-9c07-56691e41130a","__parent":"dealerships_and_garages","position":[559.088928,-766.222595,63.8011856],"annotation":"OBSTACLES","isRenderEnabled":false,"shapeName":"/art/shapes/garage_and_dealership/s_flag_tinsel_hang_01.dae","useInstanceRenderData":true}
{"class":"TSStatic","persistentId":"6e04057b-3986-4acf-85c2-e6c480903d2d","__parent":"dealerships_and_garages","position":[556.058655,-766.222595,59.9922523],"annotation":"OBSTACLES","isRenderEnabled":false,"shapeName":"/art/shapes/garage_and_dealership/s_billboard_wood_pole_01.dae","useInstanceRenderData":true}
{"class":"TSStatic","persistentId":"cbc55493-efa8-4cb3-9f0c-377ab4c5465a","__parent":"dealerships_and_garages","position":[553.058655,-766.222595,59.9922523],"annotation":"OBSTACLES","isRenderEnabled":false,"shapeName":"/art/shapes/garage_and_dealership/s_billboard_wood_pole_01.dae","useInstanceRenderData":true}
{"class":"TSStatic","persistentId":"1d06c527-e25c-44d1-aeda-ed0279302864","__parent":"dealerships_and_garages","position":[553.088928,-766.222595,63.8011856],"annotation":"OBSTACLES","isRenderEnabled":false,"shapeName":"/art/shapes/garage_and_dealership/s_flag_tinsel_hang_01.dae","useInstanceRenderData":true}
{"class":"TSStatic","persistentId":"0fe1648b-37fd-4f96-b07e-4af14306d511","__parent":"dealerships_and_garages","position":[550.058655,-766.222595,59.9922523],"annotation":"OBSTACLES","isRenderEnabled":false,"shapeName":"/art/shapes/garage_and_dealership/s_billboard_wood_pole_01.dae","useInstanceRenderData":true}
{"class":"TSStatic","persistentId":"f5c7671f-c0d0-43e3-86fb-f33a5c8731bd","__parent":"dealerships_and_garages","position":[550.088928,-766.222595,63.8011856],"annotation":"OBSTACLES","isRenderEnabled":false,"shapeName":"/art/shapes/garage_and_dealership/s_flag_tinsel_hang_01.dae","useInstanceRenderData":true}
{"class":"TSStatic","persistentId":"b1e8a190-37e6-4d4e-b78b-e46b7ba26c04","__parent":"dealerships_and_garages","position":[547.058655,-766.222595,59.9922523],"annotation":"OBSTACLES","isRenderEnabled":false,"shapeName":"/art/shapes/garage_and_dealership/s_billboard_wood_pole_01.dae","useInstanceRenderData":true}
{"class":"TSStatic","persistentId":"dabfb772-b496-4fe0-9a07-8bd156f53cea","__parent":"dealerships_and_garages","position":[544.058655,-766.222595,59.9922523],"annotation":"OBSTACLES","isRenderEnabled":false,"shapeName":"/art/shapes/garage_and_dealership/s_billboard_wood_pole_01.dae","useInstanceRenderData":true}
{"class":"TSStatic","persistentId":"cc927bac-4684-4e06-bef3-76bfdf1c1f78","__parent":"dealerships_and_garages","position":[544.088928,-766.222595,63.8011856],"annotation":"OBSTACLES","isRenderEnabled":false,"shapeName":"/art/shapes/garage_and_dealership/s_flag_tinsel_hang_01.dae","useInstanceRenderData":true}
{"class":"TSStatic","persistentId":"1eb5899d-7ab1-458d-96b0-3fbc42c91f03","__parent":"dealerships_and_garages","position":[547.075928,-766.236755,63.8011856],"annotation":"OBSTACLES","isRenderEnabled":false,"shapeName":"/art/shapes/garage_and_dealership/s_flag_tinsel_hang_02.dae","useInstanceRenderData":true}
{"class":"TSStatic","persistentId":"be91b409-21d9-4325-8b66-1be063ee587e","__parent":"dealerships_and_garages","position":[556.069641,-766.218018,63.8011856],"annotation":"OBSTACLES","isRenderEnabled":false,"scale":[1.01894534,1,1],"shapeName":"/art/shapes/garage_and_dealership/s_flag_tinsel_hang_02.dae","useInstanceRenderData":true}
{"class":"TSStatic","persistentId":"7ae56b78-149a-4b61-865f-0bf3c7bdde23","__parent":"dealerships_and_garages","position":[545.591858,-766.227356,63.299614],"annotation":"OBSTACLES","isRenderEnabled":false,"rotationMatrix":[-1,-3.25841398e-07,0,3.25841398e-07,-1,0,0,0,1],"shapeName":"/art/shapes/garage_and_dealership/s_billboard_hang_03.dae","useInstanceRenderData":true}
{"class":"TSStatic","persistentId":"84fafa9e-e1e9-40d2-a513-28d84a50c9de","__parent":"dealerships_and_garages","position":[568.370789,-752.173828,63.8011856],"annotation":"OBSTACLES","isRenderEnabled":false,"rotationMatrix":[-3.2584137e-07,-1,0,1,-3.2584137e-07,0,0,0,1],"shapeName":"/art/shapes/garage_and_dealership/s_flag_tinsel_hang_01.dae","useInstanceRenderData":true}
{"class":"TSStatic","persistentId":"58f58f4c-4ab3-44e2-8601-7ef2b9106c17","__parent":"dealerships_and_garages","position":[568.370789,-752.143555,59.9922523],"annotation":"OBSTACLES","isRenderEnabled":false,"rotationMatrix":[-3.2584137e-07,-1,0,1,-3.2584137e-07,0,0,0,1],"shapeName":"/art/shapes/garage_and_dealership/s_billboard_wood_pole_01.dae","useInstanceRenderData":true}
{"class":"TSStatic","persistentId":"2d58669f-dab8-45b3-9187-0f1f18728451","__parent":"dealerships_and_garages","position":[568.017639,-766.222595,59.9922523],"annotation":"OBSTACLES","isRenderEnabled":false,"shapeName":"/art/shapes/garage_and_dealership/s_billboard_wood_pole_01.dae","useInstanceRenderData":true}
{"class":"TSStatic","persistentId":"39e498a3-c973-48db-9786-55111a65f1cf","__parent":"dealerships_and_garages","position":[565.047913,-766.222595,63.8011856],"annotation":"OBSTACLES","isRenderEnabled":false,"shapeName":"/art/shapes/garage_and_dealership/s_flag_tinsel_hang_01.dae","useInstanceRenderData":true}
{"class":"TSStatic","persistentId":"f551ed83-18f4-4cf2-940a-200fbe910689","__parent":"dealerships_and_garages","position":[694.966492,-332.835693,58.4805794],"annotation":"OBSTACLES","isRenderEnabled":false,"rotationMatrix":[-0.955908,-0.293665946,0,0.293665946,-0.955908,0,0,0,1],"scale":[1.4251132,1.4251132,1.4251132],"shapeName":"/art/shapes/garage_and_dealership/s_billboard_wood_0.5m_01.dae","useInstanceRenderData":true}
{"class":"TSStatic","persistentId":"6d67b435-a682-4c44-8b1d-119305707bed","__parent":"dealerships_and_garages","position":[710.882751,-327.213348,58.5786285],"annotation":"OBSTACLES","isRenderEnabled":false,"rotationMatrix":[-0.342443973,0.939538121,0,-0.939538121,-0.342443973,0,0,0,1],"shapeName":"/art/shapes/garage_and_dealership/s_billboard_wood_0.5m_02.dae","useInstanceRenderData":true}
{"class":"TSStatic","persistentId":"853d5a23-f324-47bb-8c76-e3f2b7a895e3","__parent":"dealerships_and_garages","position":[711.309753,-328.448761,58.4418945],"annotation":"OBSTACLES","isRenderEnabled":false,"rotationMatrix":[-0.296499729,0.955032825,0,-0.955032825,-0.296499729,0,0,0,1],"shapeName":"/art/shapes/garage_and_dealership/s_billboard_wood_0.5m_03.dae","useInstanceRenderData":true}
{"class":"TSStatic","persistentId":"c0ea6c8a-77ef-4801-a8e6-0dc40c3a059b","__parent":"dealerships_and_garages","position":[714.14386,-348.898254,56.4924126],"annotation":"OBSTACLES","isRenderEnabled":false,"shapeName":"/art/shapes/garage_and_dealership/s_flag_floor_portrait_01.dae","useInstanceRenderData":true}
{"class":"TSStatic","persistentId":"e6178361-54b8-4aba-a04b-284009f7556a","__parent":"dealerships_and_garages","position":[713.603271,-343.418427,56.5819931],"annotation":"OBSTACLES","isRenderEnabled":false,"shapeName":"/art/shapes/garage_and_dealership/s_flag_floor_portrait_02.dae","useInstanceRenderData":true}
{"class":"TSStatic","persistentId":"a82bf248-fe72-4efc-9788-50de8c7899ec","__parent":"dealerships_and_garages","position":[713.217102,-337.654388,56.6707497],"annotation":"OBSTACLES","isRenderEnabled":false,"rotationMatrix":[0.999591887,0.0285596661,0.000604719506,-0.0285660736,0.999367714,0.0211605113,0,-0.0211691502,0.999775708],"shapeName":"/art/shapes/garage_and_dealership/s_flag_floor_portrait_03.dae","useInstanceRenderData":true}
{"class":"TSStatic","persistentId":"0af0605c-3c5c-47dd-921d-1350645d6788","__parent":"dealerships_and_garages","position":[695.328003,-357.438171,59.5100861],"annotation":"OBSTACLES","isRenderEnabled":false,"rotationMatrix":[-0.0507403649,0.998711824,0,-0.998711824,-0.0507403649,0,0,0,1],"shapeName":"/art/shapes/garage_and_dealership/s_string_tinsel_01.dae","useInstanceRenderData":true}
{"class":"TSStatic","persistentId":"d298fe31-a27f-4707-afb7-0fe54f3db853","__parent":"dealerships_and_garages","position":[695.155457,-354.217163,59.5021782],"annotation":"OBSTACLES","isRenderEnabled":false,"rotationMatrix":[-0.034754578,0.999336064,-0.0109209334,-0.999395847,-0.0347524993,0.000379781879,0,0.0109275356,0.999940157],"shapeName":"/art/shapes/garage_and_dealership/s_string_tinsel_01.dae","useInstanceRenderData":true}
{"class":"TSStatic","persistentId":"db86bd06-985a-423f-bfc1-f3c44f127f65","__parent":"dealerships_and_garages","position":[695.037292,-350.969574,59.4636192],"annotation":"OBSTACLES","isRenderEnabled":false,"rotationMatrix":[-0.034754578,0.999336064,-0.0109209334,-0.999395847,-0.0347524993,0.000379781879,0,0.0109275356,0.999940157],"shapeName":"/art/shapes/garage_and_dealership/s_string_tinsel_01.dae","useInstanceRenderData":true}
{"class":"TSStatic","persistentId":"11cb8d28-6e0d-42c3-85ab-9f7b72dbd3a4","__parent":"dealerships_and_garages","position":[694.920898,-347.724823,59.4281578],"annotation":"OBSTACLES","isRenderEnabled":false,"rotationMatrix":[-0.0665108114,0.997725904,-0.010903337,-0.997785568,-0.0665068328,0.000726799248,0,0.0109275356,0.999940157],"shapeName":"/art/shapes/garage_and_dealership/s_string_tinsel_01.dae","useInstanceRenderData":true}
{"class":"TSStatic","persistentId":"8e8e6b13-8130-4f86-a97a-df0e8512c14f","__parent":"dealerships_and_garages","position":[694.7052,-344.493256,59.3937531],"annotation":"OBSTACLES","isRenderEnabled":false,"rotationMatrix":[-0.0507358648,0.998342514,-0.0271541215,-0.998711288,-0.0507464856,0.000297995546,-0.00108047528,0.0271342546,0.999630988],"shapeName":"/art/shapes/garage_and_dealership/s_string_tinsel_01.dae","useInstanceRenderData":true}
{"class":"TSStatic","persistentId":"eef5c783-63ae-48e9-a9b5-4e963da5fc4f","__parent":"dealerships_and_garages","position":[694.531738,-341.277405,59.2955093],"annotation":"OBSTACLES","isRenderEnabled":false,"rotationMatrix":[-0.0188420042,0.999803782,-0.00603497401,-0.99982208,-0.0188437477,-0.000232345352,-0.000346021785,0.00602953136,0.999981463],"shapeName":"/art/shapes/garage_and_dealership/s_string_tinsel_01.dae","useInstanceRenderData":true}
{"class":"TSStatic","persistentId":"190213c4-1ebd-4dc4-9f50-f939c3f3c741","__parent":"dealerships_and_garages","position":[694.472595,-338.03009,59.2754326],"annotation":"OBSTACLES","isRenderEnabled":false,"rotationMatrix":[-0.0180680547,0.99980998,-0.00724230055,-0.999836147,-0.0180727858,-0.000589247444,-0.000720024749,0.00723047834,0.999973238],"shapeName":"/art/shapes/garage_and_dealership/s_string_tinsel_01.dae","useInstanceRenderData":true}
{"class":"TSStatic","persistentId":"a3aabbbc-634c-4f37-bf05-1b53525787a2","__parent":"dealerships_and_garages","position":[694.431641,-334.826263,59.2574501],"annotation":"OBSTACLES","isRenderEnabled":false,"rotationMatrix":[0.648263872,0.761356413,0.00945622474,-0.761348069,0.648321569,-0.00523599936,-0.0101171415,-0.00380516052,0.99994117],"shapeName":"/art/shapes/garage_and_dealership/s_string_tinsel_01.dae","useInstanceRenderData":true}
{"class":"TSStatic","persistentId":"1ce002b5-ab57-466f-aa1c-2a1a5a70a97a","__parent":"dealerships_and_garages","position":[696.544128,-332.363861,59.288208],"annotation":"OBSTACLES","isRenderEnabled":false,"rotationMatrix":[0.958556592,0.284696579,0.010781806,-0.284721017,0.958609402,0.000767155085,-0.0101171415,-0.00380516052,0.99994117],"shapeName":"/art/shapes/garage_and_dealership/s_string_tinsel_01.dae","useInstanceRenderData":true}
{"class":"TSStatic","persistentId":"6b0a792f-321a-4134-bb70-52db3ac29a8a","__parent":"dealerships_and_garages","position":[699.647156,-331.444427,59.3231812],"annotation":"OBSTACLES","isRenderEnabled":false,"rotationMatrix":[0.888218164,0.459294319,0.0107690226,-0.459311903,0.888273656,-0.000929514936,-0.00999276992,-0.00412072148,0.99994117],"scale":[1.03848422,1,1],"shapeName":"/art/shapes/garage_and_dealership/s_string_tinsel_01.dae","useInstanceRenderData":true}
{"class":"TSStatic","persistentId":"38ebe562-3b5f-418e-b12f-15a93b057f7f","__parent":"dealerships_and_garages","position":[702.631104,-329.910065,59.3637886],"annotation":"OBSTACLES","isRenderEnabled":false,"rotationMatrix":[0.810825169,0.585273445,-0.00404552231,-0.58527565,0.810832977,0.000708279607,0.0036947811,0.00179346511,0.999991119],"shapeName":"/art/shapes/garage_and_dealership/s_string_tinsel_01.dae","useInstanceRenderData":true}
{"class":"TSStatic","persistentId":"52b21b3d-cd0a-4062-92ab-8930ee0e32ec","__parent":"dealerships_and_garages","position":[705.250305,-328.02002,59.3507195],"annotation":"OBSTACLES","isRenderEnabled":false,"rotationMatrix":[0.820553541,0.571554303,-0.00405686256,-0.571556687,0.820561171,0.000640143,0.0036947811,0.00179346511,0.999991119],"shapeName":"/art/shapes/garage_and_dealership/s_string_tinsel_01.dae","useInstanceRenderData":true}
{"class":"TSStatic","persistentId":"e7277f75-4d54-4691-b516-749eb0dcc67e","__parent":"dealerships_and_garages","position":[707.918579,-326.162842,59.3379097],"annotation":"OBSTACLES","isRenderEnabled":false,"rotationMatrix":[0.991992772,-0.126251698,-0.00300084986,0.126248434,0.991996467,-0.00139511749,0.00315296696,0.00100510311,0.99999404],"scale":[0.827393532,1,1],"shapeName":"/art/shapes/garage_and_dealership/s_string_tinsel_01.dae","useInstanceRenderData":true}
{"class":"TSStatic","persistentId":"3c8d628f-1200-44b2-a9dc-8b7f437caef8","__parent":"dealerships_and_garages","position":[710.579163,-326.514099,59.3379097],"annotation":"OBSTACLES","isRenderEnabled":false,"rotationMatrix":[0.318995595,-0.94775039,-0.00300084986,0.947752297,0.319000155,-0.00139511749,0.00227950234,-0.00239902036,0.99999404],"scale":[0.797919512,1,1],"shapeName":"/art/shapes/garage_and_dealership/s_string_tinsel_01.dae","useInstanceRenderData":true}
{"class":"TSStatic","persistentId":"8af86522-809b-4925-81c7-eec974a52538","__parent":"dealerships_and_garages","position":[713.728088,-352.772156,59.5100861],"annotation":"OBSTACLES","isRenderEnabled":false,"rotationMatrix":[-0.0980341285,0.995182991,0,-0.995182991,-0.0980341285,0,0,0,1],"shapeName":"/art/shapes/garage_and_dealership/s_string_tinsel_01.dae","useInstanceRenderData":true}
{"class":"TSStatic","persistentId":"7fe13169-b3bb-42ed-9236-7d7f598178df","__parent":"dealerships_and_garages","position":[713.403076,-349.562958,59.5021782],"annotation":"OBSTACLES","isRenderEnabled":false,"rotationMatrix":[-0.082095921,0.996564448,-0.0109209334,-0.996624231,-0.0820966661,0.000379781879,-0.000518095272,0.0109152459,0.999940157],"shapeName":"/art/shapes/garage_and_dealership/s_string_tinsel_01.dae","useInstanceRenderData":true}
{"class":"TSStatic","persistentId":"9d8739ac-aaba-47aa-8c0c-0f3042efde55","__parent":"dealerships_and_garages","position":[713.134399,-346.342102,59.4636192],"annotation":"OBSTACLES","isRenderEnabled":false,"rotationMatrix":[-0.0664241016,0.997731626,-0.0109209334,-0.997791409,-0.0664239153,0.000379781879,-0.000346490822,0.0109220408,0.999940157],"shapeName":"/art/shapes/garage_and_dealership/s_string_tinsel_01.dae","useInstanceRenderData":true}
{"class":"TSStatic","persistentId":"8cd00412-2265-4145-9295-5b6fd01b28bc","__parent":"dealerships_and_garages","position":[712.915222,-343.102692,59.4281578],"annotation":"OBSTACLES","isRenderEnabled":false,"rotationMatrix":[-0.0981133059,0.99511528,-0.010903337,-0.995175064,-0.0981112272,0.000726799248,-0.000346490822,0.0109220408,0.999940157],"shapeName":"/art/shapes/garage_and_dealership/s_string_tinsel_01.dae","useInstanceRenderData":true}
{"class":"TSStatic","persistentId":"2855b4d9-5070-4462-b410-26a019a9f8dc","__parent":"dealerships_and_garages","position":[712.597168,-339.879578,59.3937531],"annotation":"OBSTACLES","isRenderEnabled":false,"rotationMatrix":[-0.0823658407,0.996231794,-0.0271541215,-0.996600032,-0.0823881477,0.000297995546,-0.00194030616,0.0270863511,0.999630988],"shapeName":"/art/shapes/garage_and_dealership/s_string_tinsel_01.dae","useInstanceRenderData":true}
{"class":"TSStatic","persistentId":"7e6148a0-b1a3-4419-9936-9a8f90dbc3c9","__parent":"dealerships_and_garages","position":[713.831604,-356.014679,59.5100861],"annotation":"OBSTACLES","isRenderEnabled":false,"rotationMatrix":[-0.0325580835,0.999469638,0,-0.999469638,-0.0325580835,0,0,0,1],"shapeName":"/art/shapes/garage_and_dealership/s_string_tinsel_01.dae","useInstanceRenderData":true}
{"class":"TSStatic","persistentId":"5e85711e-f3e6-47b6-aba2-43d48aa48017","__parent":"dealerships_and_garages","position":[711.301758,-327.860413,56.6856194],"annotation":"OBSTACLES","isRenderEnabled":false,"rotationMatrix":[0.258818895,-0.965925813,0,0.965925813,0.258818895,0,0,0,1],"shapeName":"/art/shapes/garage_and_dealership/s_billboard_metal_stand_01.dae","useInstanceRenderData":true}
{"class":"TSStatic","persistentId":"05567baa-7e6b-42cf-986b-95b140d1d612","__parent":"dealerships_and_garages","position":[711.302734,-327.819153,60.1138573],"annotation":"OBSTACLES","isRenderEnabled":false,"rotationMatrix":[-0.258819312,0.965925753,0,-0.965925753,-0.258819312,0,0,0,1],"shapeName":"/art/shapes/garage_and_dealership/s_billboard_wood_1.5m_06.dae","useInstanceRenderData":true}
{"class":"TSStatic","persistentId":"9634aa69-3340-4633-a360-e55571d3ee84","__parent":"dealerships_and_garages","position":[704.603149,-356.915222,59.6715088],"annotation":"OBSTACLES","isRenderEnabled":false,"rotationMatrix":[0.998005092,0.0631297678,0,-0.0631297678,0.998005092,0,0,0,1],"shapeName":"/art/shapes/garage_and_dealership/s_string_tinsel_01.dae","useInstanceRenderData":true}
{"class":"TSStatic","persistentId":"c246279e-58f8-40e2-8827-dd1ed2d5b83f","__parent":"dealerships_and_garages","position":[694.377686,-337.989655,58.3517952],"annotation":"OBSTACLES","isRenderEnabled":false,"rotationMatrix":[0.0102427378,-0.999947488,0,0.999947488,0.0102427378,0,0,0,1],"scale":[1.50477886,1.50477886,1.50477886],"shapeName":"/art/shapes/garage_and_dealership/s_billboard_wood_1.5m_09.dae","useInstanceRenderData":true}
{"class":"TSStatic","persistentId":"eaad021d-b26a-4623-871c-5e4b8b16dd7d","__parent":"dealerships_and_garages","position":[712.682434,-349.622437,56.554863],"annotation":"OBSTACLES","isRenderEnabled":false,"shapeName":"/art/shapes/garage_and_dealership/Clutter/clutter_barrels_red.dae","useInstanceRenderData":true}
{"class":"TSStatic","persistentId":"ea8ba657-83c2-41fd-92b5-90c49d28be49","__parent":"dealerships_and_garages","position":[587.822632,-152.749008,55.2138519],"annotation":"OBSTACLES","isRenderEnabled":false,"rotationMatrix":[0.786398172,-0.617719412,0,0.617719412,0.786398172,0,0,0,1],"shapeName":"/art/shapes/garage_and_dealership/s_billboard_wood_1.5m_07.dae","useInstanceRenderData":true}
{"class":"TSStatic","persistentId":"6d902354-acd1-4d07-a0f8-af208a13ca8b","__parent":"dealerships_and_garages","position":[588.034912,-152.907349,55.9641571],"annotation":"OBSTACLES","isRenderEnabled":false,"rotationMatrix":[0.786398172,-0.617719412,0,0.617719412,0.786398172,0,0,0,1],"scale":[1.35369277,1.35369277,1.35369277],"shapeName":"/art/shapes/garage_and_dealership/s_billboard_wood_1.5m_09.dae","useInstanceRenderData":true}
{"class":"TSStatic","persistentId":"45d46e51-3a48-4c5f-b0af-229c0dbe557d","__parent":"dealerships_and_garages","position":[590.810791,-144.92041,54.6474991],"annotation":"OBSTACLES","isRenderEnabled":false,"rotationMatrix":[0.786398172,-0.617719412,0,0.617719412,0.786398172,0,0,0,1],"shapeName":"/art/shapes/garage_and_dealership/s_billboard_wood_0.5m_03.dae","useInstanceRenderData":true}
{"class":"TSStatic","persistentId":"0b3a3781-cc13-4f8c-9421-146ae1ef232b","__parent":"dealerships_and_garages","position":[587.095459,-150.823044,53.4866486],"annotation":"OBSTACLES","isRenderEnabled":false,"rotationMatrix":[0.272980541,-0.962019563,0,0.962019563,0.272980541,0,0,0,1],"shapeName":"/art/shapes/garage_and_dealership/s_flag_floor_feather_01.dae","useInstanceRenderData":true}
{"class":"TSStatic","persistentId":"92a5569a-c817-4762-82ea-8822ed10496c","__parent":"dealerships_and_garages","position":[590.407043,-145.945206,53.4866486],"annotation":"OBSTACLES","isRenderEnabled":false,"rotationMatrix":[0.272980541,-0.962019563,0,0.962019563,0.272980541,0,0,0,1],"shapeName":"/art/shapes/garage_and_dealership/s_flag_floor_feather_01.dae","useInstanceRenderData":true}
{"class":"TSStatic","persistentId":"ba796033-cc7c-4475-b597-afeda7750df6","__parent":"dealerships_and_garages","position":[590.704102,-145.211151,53.4596786],"annotation":"OBSTACLES","isRenderEnabled":false,"shapeName":"/art/shapes/garage_and_dealership/Clutter/clutter_workshop_white_bucket.dae","useInstanceRenderData":true}
{"class":"TSStatic","persistentId":"10340652-4e47-4c5e-8b18-373be6b254f0","__parent":"dealerships_and_garages","position":[579.833374,-139.811401,53.4834366],"annotation":"OBSTACLES","decalType":"None","isRenderEnabled":false,"rotationMatrix":[0.737110615,-0.67577225,0,0.67577225,0.737110615,0,0,0,1],"shapeName":"/art/shapes/garage_and_dealership/deal_covered_car_sunburst_2.dae","useInstanceRenderData":true}
{"class":"TSStatic","persistentId":"a9cd3af8-a954-4626-b3ed-d2576d148bab","__parent":"dealerships_and_garages","position":[577.565369,-137.532562,53.4803467],"annotation":"OBSTACLES","decalType":"None","isRenderEnabled":false,"rotationMatrix":[-0.788900256,0.614521384,0,-0.614521384,-0.788900256,0,0,0,1],"shapeName":"/art/shapes/garage_and_dealership/deal_covered_car_barstow_1.dae","useInstanceRenderData":true}
{"name":"firwood_garage_sign1","class":"TSStatic","persistentId":"a3f46e73-a252-4e5b-8357-de53b717ee6d","__parent":"dealerships_and_garages","position":[592.190186,-156.309158,56.5783119],"annotation":"OBSTACLES","isRenderEnabled":false,"rotationMatrix":[0.783762097,-0.621060789,0,0.621060789,0.783762097,0,0,0,1],"scale":[0.690867364,0.690867364,0.690867364],"shapeName":"/levels/east_coast_usa/art/shapes/buildings/eca_dealer_garage_firwood.dae","useInstanceRenderData":true}
{"class":"TSStatic","persistentId":"2c9ca560-7fb4-4d91-a4d9-166508f33e70","__parent":"dealerships_and_garages","position":[-792.952942,472.198334,23.5233383],"annotation":"OBSTACLES","decalType":"None","isRenderEnabled":false,"rotationMatrix":[-0.939909697,-0.341423094,0,0.341423094,-0.939909697,0,0,0,1],"shapeName":"/art/shapes/garage_and_dealership/deal_covered_car_sunburst_1.dae","useInstanceRenderData":true}
{"class":"TSStatic","persistentId":"57c0e375-77ce-4f15-a1c1-c1b95a3a88c4","__parent":"dealerships_and_garages","position":[-795.625366,478.897675,23.4904938],"annotation":"OBSTACLES","isRenderEnabled":false,"rotationMatrix":[-0.830093682,0.557623804,0,-0.557623804,-0.830093682,0,0,0,1],"shapeName":"/art/shapes/garage_and_dealership/s_flag_floor_teardrop_01.dae","useInstanceRenderData":true}
{"class":"TSStatic","persistentId":"6d241512-8e56-42b9-819c-94d73ea41131","__parent":"dealerships_and_garages","position":[-790.380005,523.914185,26.220274],"annotation":"OBSTACLES","isRenderEnabled":false,"rotationMatrix":[-0.881432056,-0.472310066,0,0.472310066,-0.881432056,0,0,0,1],"shapeName":"/art/shapes/garage_and_dealership/s_billboard_hang_01.dae","useInstanceRenderData":true}
{"class":"TSStatic","persistentId":"7aeae648-3d05-4733-838f-ece412863dc3","__parent":"dealerships_and_garages","position":[-796.469788,504.848663,26.1592026],"annotation":"OBSTACLES","isRenderEnabled":false,"rotationMatrix":[-0.782148957,0.6230914,0,-0.6230914,-0.782148957,0,0,0,1],"scale":[1.55462003,1.55462003,1.55462003],"shapeName":"/art/shapes/garage_and_dealership/s_billboard_wood_0.5m_03.dae","useInstanceRenderData":true}
{"class":"TSStatic","persistentId":"80b51a59-d94b-4055-978b-92b919f40f9b","__parent":"dealerships_and_garages","position":[-795.630981,504.195831,26.1681461],"annotation":"OBSTACLES","isRenderEnabled":false,"rotationMatrix":[-0.782148957,0.6230914,0,-0.6230914,-0.782148957,0,0,0,1],"scale":[1.55462003,1.55462003,1.55462003],"shapeName":"/art/shapes/garage_and_dealership/s_billboard_wood_0.5m_04.dae","useInstanceRenderData":true}
{"class":"TSStatic","persistentId":"b1d40b3f-c337-4b7a-8096-1dc2612c8b8a","__parent":"dealerships_and_garages","position":[-790.393005,523.914185,26.9598904],"annotation":"OBSTACLES","isRenderEnabled":false,"rotationMatrix":[-0.881432056,-0.472310066,0,0.472310066,-0.881432056,0,0,0,1],"scale":[1.23379219,1.23379219,1.23379219],"shapeName":"/art/shapes/garage_and_dealership/s_billboard_wood_1.5m_07.dae","useInstanceRenderData":true}
{"class":"TSStatic","persistentId":"c9c230cd-62d7-4829-8620-2653b4b739d6","__parent":"dealerships_and_garages","position":[-790.36261,523.879517,24.7146072],"annotation":"OBSTACLES","isRenderEnabled":false,"rotationMatrix":[0.881729603,0.471754134,0,-0.471754134,0.881729603,0,0,0,1],"shapeName":"/art/shapes/garage_and_dealership/s_billboard_metal_stand_02.dae","useInstanceRenderData":true}
{"name":"smiths_sign1","class":"TSStatic","persistentId":"b2a64cb1-d77c-4ea7-a88f-b4567fa733cb","__parent":"dealerships_and_garages","position":[-790.436646,524.055237,28.1434593],"annotation":"OBSTACLES","isRenderEnabled":false,"rotationMatrix":[-0.887350559,-0.461094469,0,0.461094469,-0.887350559,0,0,0,1],"scale":[1.2791903,1.2791903,1.2791903],"shapeName":"/levels/east_coast_usa/art/shapes/buildings/eca_dealer_garage_smiths.dae","useInstanceRenderData":true}
{"class":"TSStatic","persistentId":"e637266f-895e-4bc6-9b10-232c210333ab","__parent":"dealerships_and_garages","position":[-714.641113,465.13562,24.1553097],"annotation":"OBSTACLES","isRenderEnabled":false,"rotationMatrix":[0.361552387,0.932351351,0,-0.932351351,0.361552387,0,0,0,1],"scale":[1.23379219,1.23379219,1.23379219],"shapeName":"/art/shapes/garage_and_dealership/s_billboard_wood_1.5m_07.dae","useInstanceRenderData":true}
{"class":"TSStatic","persistentId":"d92d0395-e08e-405d-add8-28908a754b92","__parent":"dealerships_and_garages","position":[-714.651001,465.127167,23.4156933],"annotation":"OBSTACLES","isRenderEnabled":false,"rotationMatrix":[0.361552387,0.932351351,0,-0.932351351,0.361552387,0,0,0,1],"shapeName":"/art/shapes/garage_and_dealership/s_billboard_hang_01.dae","useInstanceRenderData":true}
{"name":"smiths_sign2","class":"TSStatic","persistentId":"598a8a54-631f-4954-9d6c-ce7c2ee3e5d0","__parent":"dealerships_and_garages","position":[-714.516174,465.056976,25.3425846],"annotation":"OBSTACLES","isRenderEnabled":false,"rotationMatrix":[0.373346597,0.92769146,0,-0.92769146,0.373346597,0,0,0,1],"scale":[1.2791903,1.2791903,1.2791903],"shapeName":"/levels/east_coast_usa/art/shapes/buildings/eca_dealer_garage_smiths.dae","useInstanceRenderData":true}
{"class":"TSStatic","persistentId":"b74b5707-34b7-42c5-8142-549cbb40c86d","__parent":"dealerships_and_garages","position":[-714.686768,465.142151,21.9100266],"annotation":"OBSTACLES","isRenderEnabled":false,"rotationMatrix":[-0.362140179,-0.932123065,0,0.932123065,-0.362140179,0,0,0,1],"shapeName":"/art/shapes/garage_and_dealership/s_billboard_metal_stand_02.dae","useInstanceRenderData":true}
{"class":"TSStatic","persistentId":"8a11ee20-f4e1-467d-856c-7cc7d9107f58","__parent":"dealerships_and_garages","position":[-805.065186,486.946014,23.4904938],"annotation":"OBSTACLES","isRenderEnabled":false,"rotationMatrix":[-0.830093682,0.557623804,0,-0.557623804,-0.830093682,0,0,0,1],"shapeName":"/art/shapes/garage_and_dealership/s_flag_floor_teardrop_01.dae","useInstanceRenderData":true}
{"class":"TSStatic","persistentId":"e8e27d1e-c1ac-4d07-bbd2-882c1a7fd204","__parent":"dealerships_and_garages","position":[-797.948059,548.807129,24.9108276],"annotation":"OBSTACLES","isRenderEnabled":false,"shapeName":"/art/shapes/garage_and_dealership/s_billboard_wood_pole_01.dae","useInstanceRenderData":true}
{"class":"DecalRoad","persistentId":"dbaed2af-11ea-48a2-9d88-0bccf2d9ebc9","__parent":"dealerships_and_garages","position":[-767.436523,554.807312,24.9993896],"breakAngle":1,"improvedSpline":true,"material":"line_white_damage_01","nodes":[[-767.436523,554.807312,24.9993896,0.150000006],[-771.036804,550.265137,24.9993896,0.150000006]],"renderPriority":1,"startEndFade":[0.200000003,0.200000003],"textureLength":6.4000001}
