{"class":"TSStatic","persistentId":"02798f2a-36a0-49d3-a7e8-0750b217315a","__parent":"House_h","position":[560.802002,5.17931223,52.8393555],"annotation":"OBSTACLES","isRenderEnabled":false,"rotationMatrix":[0.755461395,-0.65519321,0,0.65519321,0.755461395,0,0,0,1],"shapeName":"/levels/east_coast_usa/art/shapes/buildings/eca_bld_wood_fence_b.DAE"}
{"class":"TSStatic","persistentId":"100c79d2-8a37-422b-84c7-badf65b7fa5b","__parent":"House_h","position":[701.208374,-264.489441,53.3124466],"annotation":"OBSTACLES","isRenderEnabled":false,"rotationMatrix":[0.559706271,-0.828691065,0,0.828691065,0.559706271,0,0,0,1],"shapeName":"/levels/east_coast_usa/art/shapes/buildings/eca_bld_wood_fence_b.DAE"}
{"class":"TSStatic","persistentId":"13570286-803d-4efa-9d3a-5b3c59ff2b83","__parent":"House_h","position":[-35.299511,-828.038452,13.9626083],"annotation":"OBSTACLES","isRenderEnabled":false,"rotationMatrix":[-0.821353614,-0.57041961,0,0.57041961,-0.821353614,0,0,0,1],"shapeName":"/levels/east_coast_usa/art/shapes/buildings/eca_bld_wood_fence_b.DAE"}
{"class":"TSStatic","persistentId":"14978c78-36ea-4b3c-b61c-e2bf296b44a1","__parent":"House_h","position":[704.794678,-274.391998,53.8424301],"annotation":"OBSTACLES","isRenderEnabled":false,"rotationMatrix":[0.519953072,-0.85419488,0,0.85419482,0.519953072,0,0,0,1],"shapeName":"/levels/east_coast_usa/art/shapes/buildings/eca_bld_wood_fence_b.DAE"}
{"class":"TSStatic","persistentId":"2037e052-e4ec-451e-90ba-bb39000c9201","__parent":"House_h","position":[-41.8517456,-832.588928,13.9626083],"annotation":"OBSTACLES","isRenderEnabled":false,"rotationMatrix":[-0.821353614,-0.57041961,0,0.57041961,-0.821353614,0,0,0,1],"shapeName":"/levels/east_coast_usa/art/shapes/buildings/eca_bld_wood_fence_b.DAE"}
{"class":"TSStatic","persistentId":"20eea802-6bf3-41ed-9bee-44fe7993c825","__parent":"House_h","position":[555.948181,9.31295967,52.7867432],"annotation":"OBSTACLES","isRenderEnabled":false,"rotationMatrix":[0.770492435,-0.637449086,0,0.637449086,0.770492435,0,0,0,1],"shapeName":"/levels/east_coast_usa/art/shapes/buildings/eca_bld_wood_fence_b.DAE"}
{"class":"TSStatic","persistentId":"2497392e-52fb-4ace-9840-9f6bb862038e","__parent":"House_h","position":[-103.290184,-781.862427,16.4794617],"annotation":"OBSTACLES","isRenderEnabled":false,"rotationMatrix":[-0.207891524,-0.978151739,0,0.978151739,-0.207891524,0,0,0,1],"shapeName":"/levels/east_coast_usa/art/shapes/buildings/eca_bld_wood_fence_b.DAE"}
{"class":"TSStatic","persistentId":"284651bd-1b9c-4911-b8de-7bb81a6455f9","__parent":"House_h","position":[-26.4776649,-826.758118,14.1169395],"annotation":"OBSTACLES","isRenderEnabled":false,"rotationMatrix":[-0.57041949,0.821353316,0,-0.821353316,-0.57041949,0,0,0,1],"shapeName":"/levels/east_coast_usa/art/shapes/buildings/eca_bld_wood_fence_b.DAE"}
{"class":"TSStatic","persistentId":"2d3bb474-97db-40ae-9314-7a7938a7af0e","__parent":"House_h","position":[703.43811,-267.791046,53.3124466],"annotation":"OBSTACLES","isRenderEnabled":false,"rotationMatrix":[0.559706271,-0.828691065,0,0.828691065,0.559706271,0,0,0,1],"shapeName":"/levels/east_coast_usa/art/shapes/buildings/eca_bld_wood_fence_b.DAE"}
{"class":"TSStatic","persistentId":"37a70ccb-6b5a-4e05-84d9-6beeec1b6ac1","__parent":"House_h","position":[696.967285,-249.889481,53.2460556],"annotation":"OBSTACLES","isRenderEnabled":false,"rotationMatrix":[0.679234266,0.733921528,0,-0.733921528,0.679234266,0,0,0,1],"shapeName":"/levels/east_coast_usa/art/shapes/buildings/eca_bld_wood_fence_b.DAE"}
{"class":"TSStatic","persistentId":"39688aa0-0fee-4553-9589-67a1eb8723d0","__parent":"House_h","position":[705.673035,-271.091003,53.3070335],"annotation":"OBSTACLES","isRenderEnabled":false,"rotationMatrix":[0.559706271,-0.828691065,0,0.828691065,0.559706271,0,0,0,1],"shapeName":"/levels/east_coast_usa/art/shapes/buildings/eca_bld_wood_fence_b.DAE"}
{"class":"TSStatic","persistentId":"424fc3d7-b737-4bf5-b173-1bdabaca5e2b","__parent":"House_h","position":[552.878845,11.8526659,52.7867432],"annotation":"OBSTACLES","isRenderEnabled":false,"rotationMatrix":[0.770492435,-0.637449086,0,0.637449086,0.770492435,0,0,0,1],"shapeName":"/levels/east_coast_usa/art/shapes/buildings/eca_bld_wood_fence_b.DAE"}
{"class":"TSStatic","persistentId":"48480777-09c1-47be-a4f3-22a02db67c74","__parent":"House_h","position":[-43.5013695,-833.727844,13.9626083],"annotation":"OBSTACLES","isRenderEnabled":false,"rotationMatrix":[0.560963333,-0.827841043,0,0.827841043,0.560963333,0,0,0,1],"shapeName":"/levels/east_coast_usa/art/shapes/buildings/eca_bld_wood_fence_b.DAE"}
{"class":"TSStatic","persistentId":"486282ac-66e0-4f40-a7b3-916c62859776","__parent":"House_h","position":[706.86731,-277.797272,53.8424301],"annotation":"OBSTACLES","isRenderEnabled":false,"rotationMatrix":[0.519953072,-0.85419488,0,0.85419482,0.519953072,0,0,0,1],"shapeName":"/levels/east_coast_usa/art/shapes/buildings/eca_bld_wood_fence_b.DAE"}
{"class":"TSStatic","persistentId":"4c2ea530-089d-4f33-a2b1-8175cc34f512","__parent":"House_h","position":[699.673523,-246.965652,53.2460556],"annotation":"OBSTACLES","isRenderEnabled":false,"rotationMatrix":[0.679234266,0.733921528,0,-0.733921528,0.679234266,0,0,0,1],"shapeName":"/levels/east_coast_usa/art/shapes/buildings/eca_bld_wood_fence_b.DAE"}
{"class":"TSStatic","persistentId":"616150d0-1bdd-4b27-b2ca-cdb182bfabb7","__parent":"House_h","position":[565.341125,1.2849592,52.816391],"annotation":"OBSTACLES","isRenderEnabled":false,"rotationMatrix":[0.755461395,-0.65519321,0,0.65519321,0.755461395,0,0,0,1],"shapeName":"/levels/east_coast_usa/art/shapes/buildings/eca_bld_wood_fence_b.DAE"}
{"class":"TSStatic","persistentId":"61e0f050-674e-4de1-8f48-95dd842fdbd7","__parent":"House_h","position":[700.091919,-262.83667,53.3124466],"annotation":"OBSTACLES","isRenderEnabled":false,"rotationMatrix":[0.559706271,-0.828691065,0,0.828691065,0.559706271,0,0,0,1],"shapeName":"/levels/east_coast_usa/art/shapes/buildings/eca_bld_wood_fence_b.DAE"}
{"class":"TSStatic","persistentId":"687e1e6e-3bb5-4497-9d68-578cef918e03","__parent":"House_h","position":[551.341736,13.1240091,52.7867432],"annotation":"OBSTACLES","isRenderEnabled":false,"rotationMatrix":[0.770492435,-0.637449086,0,0.637449086,0.770492435,0,0,0,1],"shapeName":"/levels/east_coast_usa/art/shapes/buildings/eca_bld_wood_fence_b.DAE"}
{"class":"TSStatic","persistentId":"6f44faef-ee84-4913-b8f0-0c018b6c0660","__parent":"House_h","position":[-30.385931,-824.625977,13.9626083],"annotation":"OBSTACLES","isRenderEnabled":false,"rotationMatrix":[-0.821353614,-0.57041961,0,0.57041961,-0.821353614,0,0,0,1],"shapeName":"/levels/east_coast_usa/art/shapes/buildings/eca_bld_wood_fence_b.DAE"}
{"class":"TSStatic","persistentId":"7774a82f-9951-489e-935e-8d79dc621cab","__parent":"House_h","position":[-103.704659,-783.812622,16.4794617],"annotation":"OBSTACLES","isRenderEnabled":false,"rotationMatrix":[-0.207891524,-0.978151739,0,0.978151739,-0.207891524,0,0,0,1],"shapeName":"/levels/east_coast_usa/art/shapes/buildings/eca_bld_wood_fence_b.DAE"}
{"class":"TSStatic","persistentId":"7bf60985-4eeb-4378-ad76-0a587e6ab6a7","__parent":"House_h","position":[715.371887,-291.316284,54.8907852],"annotation":"OBSTACLES","isRenderEnabled":false,"rotationMatrix":[0.519953072,-0.85419488,0,0.85419482,0.519953072,0,0,0,1],"shapeName":"/levels/east_coast_usa/art/shapes/buildings/eca_bld_wood_fence_b.DAE"}
{"class":"TSStatic","persistentId":"87421acc-e321-46ee-b96c-5bacb88131d8","__parent":"House_h","position":[554.41333,10.5827627,52.7867432],"annotation":"OBSTACLES","isRenderEnabled":false,"rotationMatrix":[0.770492435,-0.637449086,0,0.637449086,0.770492435,0,0,0,1],"shapeName":"/levels/east_coast_usa/art/shapes/buildings/eca_bld_wood_fence_b.DAE"}
{"class":"TSStatic","persistentId":"890222f2-3607-4071-b801-319ebe8cbefe","__parent":"House_h","position":[702.322998,-266.14032,53.3124466],"annotation":"OBSTACLES","isRenderEnabled":false,"rotationMatrix":[0.559706271,-0.828691065,0,0.828691065,0.559706271,0,0,0,1],"shapeName":"/levels/east_coast_usa/art/shapes/buildings/eca_bld_wood_fence_b.DAE"}
{"class":"TSStatic","persistentId":"8aeb8c39-2294-4cee-9979-2f37699d6b44","__parent":"House_h","position":[702.376953,-244.037033,53.2406425],"annotation":"OBSTACLES","isRenderEnabled":false,"rotationMatrix":[0.679234266,0.733921528,0,-0.733921528,0.679234266,0,0,0,1],"shapeName":"/levels/east_coast_usa/art/shapes/buildings/eca_bld_wood_fence_b.DAE"}
{"class":"TSStatic","persistentId":"8e07bfc2-5454-472e-a5bc-f4d412191e60","__parent":"House_h","position":[562.306519,3.8740716,52.8393555],"annotation":"OBSTACLES","isRenderEnabled":false,"rotationMatrix":[0.755461395,-0.65519321,0,0.65519321,0.755461395,0,0,0,1],"shapeName":"/levels/east_coast_usa/art/shapes/buildings/eca_bld_wood_fence_b.DAE"}
{"class":"TSStatic","persistentId":"976f81a9-f9ac-40cc-bab7-507783125afa","__parent":"House_h","position":[-28.7483025,-823.488647,13.9626083],"annotation":"OBSTACLES","isRenderEnabled":false,"rotationMatrix":[-0.821353614,-0.57041961,0,0.57041961,-0.821353614,0,0,0,1],"shapeName":"/levels/east_coast_usa/art/shapes/buildings/eca_bld_wood_fence_b.DAE"}
{"class":"TSStatic","persistentId":"99ca2ed2-1f72-4615-9b61-512ac582172a","__parent":"House_h","position":[-40.2102127,-831.448914,13.9626083],"annotation":"OBSTACLES","isRenderEnabled":false,"rotationMatrix":[-0.821353614,-0.57041961,0,0.57041961,-0.821353614,0,0,0,1],"shapeName":"/levels/east_coast_usa/art/shapes/buildings/eca_bld_wood_fence_b.DAE"}
{"class":"TSStatic","persistentId":"a1a2daf5-1783-4ad8-be65-45083eb9666f","__parent":"House_h","position":[698.32074,-248.427628,53.2460556],"annotation":"OBSTACLES","isRenderEnabled":false,"rotationMatrix":[0.679234266,0.733921528,0,-0.733921528,0.679234266,0,0,0,1],"shapeName":"/levels/east_coast_usa/art/shapes/buildings/eca_bld_wood_fence_b.DAE"}
{"class":"TSStatic","persistentId":"a2673b8d-b3a9-4ca2-b7a7-4a7b2eb57d27","__parent":"House_h","position":[-32.017765,-825.759338,13.9626083],"annotation":"OBSTACLES","isRenderEnabled":false,"rotationMatrix":[-0.821353614,-0.57041961,0,0.57041961,-0.821353614,0,0,0,1],"shapeName":"/levels/east_coast_usa/art/shapes/buildings/eca_bld_wood_fence_b.DAE"}
{"class":"TSStatic","persistentId":"a425f33b-7c7e-4c59-a949-411498af110b","__parent":"House_h","position":[559.294861,6.4860549,52.8393555],"annotation":"OBSTACLES","isRenderEnabled":false,"rotationMatrix":[0.755461395,-0.65519321,0,0.65519321,0.755461395,0,0,0,1],"shapeName":"/levels/east_coast_usa/art/shapes/buildings/eca_bld_wood_fence_b.DAE"}
{"class":"TSStatic","persistentId":"aa03445e-ced4-4c2a-adc5-0e3d56466219","__parent":"House_h","position":[-104.119263,-785.763367,16.4794617],"annotation":"OBSTACLES","isRenderEnabled":false,"rotationMatrix":[-0.207891524,-0.978151739,0,0.978151739,-0.207891524,0,0,0,1],"shapeName":"/levels/east_coast_usa/art/shapes/buildings/eca_bld_wood_fence_b.DAE"}
{"class":"TSStatic","persistentId":"ad4ea0ad-c3e6-4fdc-abf7-6b39b73cd932","__parent":"House_h","position":[-27.6131096,-825.12323,14.0773745],"annotation":"OBSTACLES","isRenderEnabled":false,"rotationMatrix":[-0.57041949,0.821353316,0,-0.821353316,-0.57041949,0,0,0,1],"shapeName":"/levels/east_coast_usa/art/shapes/buildings/eca_bld_wood_fence_b.DAE"}
{"class":"TSStatic","persistentId":"aed1caa4-2f20-4d4c-8a95-2ab84c561a62","__parent":"House_h","position":[711.223999,-284.502045,54.8907852],"annotation":"OBSTACLES","isRenderEnabled":false,"rotationMatrix":[0.519953072,-0.85419488,0,0.85419482,0.519953072,0,0,0,1],"shapeName":"/levels/east_coast_usa/art/shapes/buildings/eca_bld_wood_fence_b.DAE"}
{"class":"TSStatic","persistentId":"b4fe889d-9f20-4763-a2fb-ff7cdadac894","__parent":"House_h","position":[701.031128,-245.498627,53.2460556],"annotation":"OBSTACLES","isRenderEnabled":false,"rotationMatrix":[0.679234266,0.733921528,0,-0.733921528,0.679234266,0,0,0,1],"shapeName":"/levels/east_coast_usa/art/shapes/buildings/eca_bld_wood_fence_b.DAE"}
{"class":"TSStatic","persistentId":"b685f402-289c-4b33-b789-a6aeebcf03ae","__parent":"House_h","position":[691.55365,-255.720779,53.2923317],"annotation":"OBSTACLES","isRenderEnabled":false,"rotationMatrix":[0.679234266,0.733921528,0,-0.733921528,0.679234266,0,0,0,1],"shapeName":"/levels/east_coast_usa/art/shapes/buildings/eca_bld_wood_fence_b.DAE"}
{"class":"TSStatic","persistentId":"b7d9c697-fb14-4169-96f1-ebdb4e287f28","__parent":"House_h","position":[713.296631,-287.907318,54.8907852],"annotation":"OBSTACLES","isRenderEnabled":false,"rotationMatrix":[0.519953072,-0.85419488,0,0.85419482,0.519953072,0,0,0,1],"shapeName":"/levels/east_coast_usa/art/shapes/buildings/eca_bld_wood_fence_b.DAE"}
{"class":"TSStatic","persistentId":"b8e43046-e8d6-4176-b751-b6fb05dd1207","__parent":"House_h","position":[707.90332,-279.498901,53.8424301],"annotation":"OBSTACLES","isRenderEnabled":false,"rotationMatrix":[0.519953072,-0.85419488,0,0.85419482,0.519953072,0,0,0,1],"shapeName":"/levels/east_coast_usa/art/shapes/buildings/eca_bld_wood_fence_b.DAE"}
{"class":"TSStatic","persistentId":"ba93fe49-4deb-4b30-8a1e-51b7e2f4d102","__parent":"House_h","position":[-33.659729,-826.899658,13.9626083],"annotation":"OBSTACLES","isRenderEnabled":false,"rotationMatrix":[-0.821353614,-0.57041961,0,0.57041961,-0.821353614,0,0,0,1],"shapeName":"/levels/east_coast_usa/art/shapes/buildings/eca_bld_wood_fence_b.DAE"}
{"class":"TSStatic","persistentId":"c57746c6-10bf-4eb5-a723-82ce4ac1b309","__parent":"House_h","position":[712.261108,-286.205719,54.8907852],"annotation":"OBSTACLES","isRenderEnabled":false,"rotationMatrix":[0.519953072,-0.85419488,0,0.85419482,0.519953072,0,0,0,1],"shapeName":"/levels/east_coast_usa/art/shapes/buildings/eca_bld_wood_fence_b.DAE"}
{"class":"TSStatic","persistentId":"c6c5db3b-60ed-4cbe-b18a-4b385a319534","__parent":"House_h","position":[-42.372776,-835.379517,13.9447985],"annotation":"OBSTACLES","isRenderEnabled":false,"rotationMatrix":[0.553651571,-0.832748294,0,0.832748294,0.553651571,0,0,0,1],"shapeName":"/levels/east_coast_usa/art/shapes/buildings/eca_bld_wood_fence_b_end.DAE"}
{"class":"TSStatic","persistentId":"c705fc93-bbff-42c0-9bc8-332d7b96fa37","__parent":"House_h","position":[-104.533562,-787.712646,16.4794617],"annotation":"OBSTACLES","isRenderEnabled":false,"rotationMatrix":[-0.207891524,-0.978151739,0,0.978151739,-0.207891524,0,0,0,1],"shapeName":"/levels/east_coast_usa/art/shapes/buildings/eca_bld_wood_fence_b.DAE"}
{"class":"TSStatic","persistentId":"c7bf037e-b8b6-4bad-ba41-5480bfd5b080","__parent":"House_h","position":[694.25708,-252.79216,53.2869186],"annotation":"OBSTACLES","isRenderEnabled":false,"rotationMatrix":[0.679234266,0.733921528,0,-0.733921528,0.679234266,0,0,0,1],"shapeName":"/levels/east_coast_usa/art/shapes/buildings/eca_bld_wood_fence_b.DAE"}
{"class":"TSStatic","persistentId":"c8a9c021-868e-40b3-89a9-c4ff1a154ef7","__parent":"House_h","position":[705.831787,-276.095673,53.8424301],"annotation":"OBSTACLES","isRenderEnabled":false,"rotationMatrix":[0.519953072,-0.85419488,0,0.85419482,0.519953072,0,0,0,1],"shapeName":"/levels/east_coast_usa/art/shapes/buildings/eca_bld_wood_fence_b.DAE"}
{"class":"TSStatic","persistentId":"c8b12404-5188-4817-af9c-7c7284de3370","__parent":"House_h","position":[-104.929001,-789.659363,16.4810276],"annotation":"OBSTACLES","isRenderEnabled":false,"rotationMatrix":[-0.197351113,-0.980332732,0,0.980332732,-0.197351113,0,0,0,1],"shapeName":"/levels/east_coast_usa/art/shapes/buildings/eca_bld_wood_fence_b_end.DAE"}
{"class":"TSStatic","persistentId":"cb3e3f15-c2bc-472b-937f-edd580c0d981","__parent":"House_h","position":[-38.5735779,-830.312317,13.9626083],"annotation":"OBSTACLES","isRenderEnabled":false,"rotationMatrix":[-0.821353614,-0.57041961,0,0.57041961,-0.821353614,0,0,0,1],"shapeName":"/levels/east_coast_usa/art/shapes/buildings/eca_bld_wood_fence_b.DAE"}
{"class":"TSStatic","persistentId":"cdef4bb9-f70b-40b2-aa8a-c64c23ec2a24","__parent":"House_h","position":[-99.3993607,-782.689331,16.4794617],"annotation":"OBSTACLES","isRenderEnabled":false,"rotationMatrix":[-0.978151798,0.207891554,0,-0.207891554,-0.978151798,0,0,0,1],"shapeName":"/levels/east_coast_usa/art/shapes/buildings/eca_bld_wood_fence_b.DAE"}
{"class":"TSStatic","persistentId":"d4a48a4b-b4ee-4d1d-8310-0ccd52bcc91d","__parent":"House_h","position":[-29.0106812,-836.825684,14.8433619],"annotation":"BUILDINGS","isRenderEnabled":false,"rotationMatrix":[-0.819484174,-0.573100388,0,0.573100388,-0.819484174,0,0,0,1],"shapeName":"/levels/east_coast_usa/art/shapes/buildings/eca_bld_fv_house_h.DAE"}
{"class":"TSStatic","persistentId":"d9a8768c-0988-4f7c-9578-d28dd3f0fe16","__parent":"House_h","position":[714.332642,-289.608948,54.8907852],"annotation":"OBSTACLES","isRenderEnabled":false,"rotationMatrix":[0.519953072,-0.85419488,0,0.85419482,0.519953072,0,0,0,1],"shapeName":"/levels/east_coast_usa/art/shapes/buildings/eca_bld_wood_fence_b.DAE"}
{"class":"TSStatic","persistentId":"dd3d479d-9d50-492b-ba5d-fe4552657241","__parent":"House_h","position":[-36.9376297,-829.176147,13.9626083],"annotation":"OBSTACLES","isRenderEnabled":false,"rotationMatrix":[-0.821353614,-0.57041961,0,0.57041961,-0.821353614,0,0,0,1],"shapeName":"/levels/east_coast_usa/art/shapes/buildings/eca_bld_wood_fence_b.DAE"}
{"class":"TSStatic","persistentId":"e0f3d66e-229a-4578-b657-5c01e5496d16","__parent":"House_h","position":[708.942566,-281.206238,53.8424301],"annotation":"OBSTACLES","isRenderEnabled":false,"rotationMatrix":[0.519953072,-0.85419488,0,0.85419482,0.519953072,0,0,0,1],"shapeName":"/levels/east_coast_usa/art/shapes/buildings/eca_bld_wood_fence_b.DAE"}
{"class":"TSStatic","persistentId":"e7852c4d-2b7b-43d5-aca1-f64078a8de14","__parent":"House_h","position":[563.811401,2.5689218,52.8393555],"annotation":"OBSTACLES","isRenderEnabled":false,"rotationMatrix":[0.755461395,-0.65519321,0,0.65519321,0.755461395,0,0,0,1],"shapeName":"/levels/east_coast_usa/art/shapes/buildings/eca_bld_wood_fence_b.DAE"}
{"class":"TSStatic","persistentId":"e8d2213b-3bbd-4c99-b635-605215539394","__parent":"House_h","position":[695.612488,-251.353622,53.2460556],"annotation":"OBSTACLES","isRenderEnabled":false,"rotationMatrix":[0.679234266,0.733921528,0,-0.733921528,0.679234266,0,0,0,1],"shapeName":"/levels/east_coast_usa/art/shapes/buildings/eca_bld_wood_fence_b.DAE"}
{"class":"TSStatic","persistentId":"eb5f30cb-77a7-457f-8499-7dcde14523f0","__parent":"House_h","position":[692.911255,-254.253754,53.2923317],"annotation":"OBSTACLES","isRenderEnabled":false,"rotationMatrix":[0.679234266,0.733921528,0,-0.733921528,0.679234266,0,0,0,1],"shapeName":"/levels/east_coast_usa/art/shapes/buildings/eca_bld_wood_fence_b.DAE"}
{"class":"TSStatic","persistentId":"f85188f0-032a-4044-9943-889a49435738","__parent":"House_h","position":[-101.34391,-782.276062,16.4794617],"annotation":"OBSTACLES","isRenderEnabled":false,"rotationMatrix":[-0.978151798,0.207891554,0,-0.207891554,-0.978151798,0,0,0,1],"shapeName":"/levels/east_coast_usa/art/shapes/buildings/eca_bld_wood_fence_b.DAE"}
{"class":"TSStatic","persistentId":"ff863b24-03d7-4472-a6d2-039a43532c70","__parent":"House_h","position":[704.556946,-269.44751,53.3124466],"annotation":"OBSTACLES","isRenderEnabled":false,"rotationMatrix":[0.559706271,-0.828691065,0,0.828691065,0.559706271,0,0,0,1],"shapeName":"/levels/east_coast_usa/art/shapes/buildings/eca_bld_wood_fence_b.DAE"}
