{"name":"timeDispR6","class":"TSStatic","persistentId":"aeb871e1-a9ef-4f1d-b7a3-486583bddcaa","__parent":"ScoreboardR1","position":[-889.427734,654.426697,18.1126366],"allowPlayerStep0":"1","instanceColor":[1,1,1,0],"isRenderEnabled":false,"locked":true,"rotationMatrix":[0.982990861,-0.183654085,0,0.183654085,0.982990861,0,0,0,1],"scale":[7.01394749,7.01394749,7.01394749],"shapeName":"/art/shapes/quarter_mile_display/display_7.dae","useInstanceRenderData":true}
{"name":"speedDispR6","class":"TSStatic","persistentId":"7d57c844-71e0-4207-a979-5044c8f6248e","__parent":"ScoreboardR1","position":[-886.016907,653.792847,16.3256359],"allowPlayerStep0":"1","instanceColor":[1,1,1,0],"isRenderEnabled":false,"locked":true,"rotationMatrix":[0.982990861,-0.183654085,0,0.183654085,0.982990861,0,0,0,1],"scale":[7.01394749,7.01394749,7.01394749],"shapeName":"/art/shapes/quarter_mile_display/display_1.dae","useInstanceRenderData":true}
{"name":"timeDispR7","class":"TSStatic","persistentId":"78d51245-064b-4c21-8de4-e4ba33740bb6","__parent":"ScoreboardR1","position":[-886.630432,653.939026,18.1126366],"allowPlayerStep0":"1","instanceColor":[1,1,1,0],"isRenderEnabled":false,"locked":true,"rotationMatrix":[0.982990861,-0.183654085,0,0.183654085,0.982990861,0,0,0,1],"scale":[7.01394749,7.01394749,7.01394749],"shapeName":"/art/shapes/quarter_mile_display/display_6.dae","useInstanceRenderData":true}
{"name":"speedDispR7","class":"TSStatic","persistentId":"bca59c49-5d01-47f3-a563-c77ea34df12c","__parent":"ScoreboardR1","position":[-888.718262,654.294128,16.3256359],"allowPlayerStep0":"1","instanceColor":[1,1,1,0],"isRenderEnabled":false,"locked":true,"rotationMatrix":[0.982990861,-0.183654085,0,0.183654085,0.982990861,0,0,0,1],"scale":[7.01394749,7.01394749,7.01394749],"shapeName":"/art/shapes/quarter_mile_display/display_2.dae","useInstanceRenderData":true}
{"name":"timeDispR8","class":"TSStatic","persistentId":"e7995573-db36-4e21-a70e-ee501875d05e","__parent":"ScoreboardR1","position":[-887.74823,654.112915,18.1126366],"allowPlayerStep0":"1","instanceColor":[1,1,1,0],"isRenderEnabled":false,"locked":true,"rotationMatrix":[0.982990861,-0.183654085,0,0.183654085,0.982990861,0,0,0,1],"scale":[7.01394749,7.01394749,7.01394749],"shapeName":"/art/shapes/quarter_mile_display/display_6.dae","useInstanceRenderData":true}
{"name":"timeDispR9","class":"TSStatic","persistentId":"68088428-ad02-4d04-8efa-fbb1ffd42609","__parent":"ScoreboardR1","position":[-885.914429,653.773682,18.1126366],"allowPlayerStep0":"1","instanceColor":[1,1,1,0],"isRenderEnabled":false,"locked":true,"rotationMatrix":[0.982990861,-0.183654085,0,0.183654085,0.982990861,0,0,0,1],"scale":[7.01394749,7.01394749,7.01394749],"shapeName":"/art/shapes/quarter_mile_display/display_1.dae","useInstanceRenderData":true}
{"name":"speedDispRDot1","class":"TSStatic","persistentId":"cee511fb-96f5-4909-8b61-b282c823059b","__parent":"ScoreboardR1","position":[-888.388916,654.232605,16.3256359],"allowPlayerStep0":"1","instanceColor":[1,1,1,0],"isRenderEnabled":false,"locked":true,"rotationMatrix":[0.982990861,-0.183654085,0,0.183654085,0.982990861,0,0,0,1],"scale":[7.01394749,7.01394749,7.01394749],"shapeName":"/art/shapes/quarter_mile_display/display_period.dae","useInstanceRenderData":true}
{"name":"speedDispR8","class":"TSStatic","persistentId":"f52ac97e-1884-4641-83f0-38ab227f1625","__parent":"ScoreboardR1","position":[-889.536438,654.447021,16.3256359],"allowPlayerStep0":"1","instanceColor":[1,1,1,0],"isRenderEnabled":false,"locked":true,"rotationMatrix":[0.982990861,-0.183654085,0,0.183654085,0.982990861,0,0,0,1],"scale":[7.01394749,7.01394749,7.01394749],"shapeName":"/art/shapes/quarter_mile_display/display_7.dae","useInstanceRenderData":true}
{"name":"speedDispR9","class":"TSStatic","persistentId":"b64e3892-5ef7-4ec5-91b0-9f967880b930","__parent":"ScoreboardR1","position":[-886.749512,653.961304,16.3256359],"allowPlayerStep0":"1","instanceColor":[1,1,1,0],"isRenderEnabled":false,"locked":true,"rotationMatrix":[0.982990861,-0.183654085,0,0.183654085,0.982990861,0,0,0,1],"scale":[7.01394749,7.01394749,7.01394749],"shapeName":"/art/shapes/quarter_mile_display/display_8.dae","useInstanceRenderData":true}
{"name":"speedDispR10","class":"TSStatic","persistentId":"504c7db4-22b8-458e-9a21-44f89b1770ef","__parent":"ScoreboardR1","position":[-887.415894,654.054199,16.3256359],"allowPlayerStep0":"1","instanceColor":[1,1,1,0],"isRenderEnabled":false,"locked":true,"rotationMatrix":[0.982990861,-0.183654085,0,0.183654085,0.982990861,0,0,0,1],"scale":[7.01394749,7.01394749,6.71758175],"shapeName":"/art/shapes/quarter_mile_display/display_4.dae","useInstanceRenderData":true}
{"name":"timeDispR10","class":"TSStatic","persistentId":"6073dacb-ff62-4c57-8be7-4a1434f52006","__parent":"ScoreboardR1","position":[-888.577637,654.267883,18.1126366],"allowPlayerStep0":"1","instanceColor":[1,1,1,0],"isRenderEnabled":false,"locked":true,"rotationMatrix":[0.982990861,-0.183654085,0,0.183654085,0.982990861,0,0,0,1],"scale":[7.01394749,7.01394749,7.01394749],"shapeName":"/art/shapes/quarter_mile_display/display_9.dae","useInstanceRenderData":true}
{"name":"timeDispRDot1","class":"TSStatic","persistentId":"5a96b244-d3e2-4e9c-89e2-0762eae17bd6","__parent":"ScoreboardR1","position":[-887.615356,654.091431,18.1576347],"allowPlayerStep0":"1","instanceColor":[1,1,1,0],"isRenderEnabled":false,"locked":true,"rotationMatrix":[0.982990861,-0.183654085,0,0.183654085,0.982990861,0,0,0,1],"scale":[7.01394749,7.01394749,6.71758175],"shapeName":"/art/shapes/quarter_mile_display/display_period.dae","useInstanceRenderData":true}
