{"name":"Whoosh_Pole_1","class":"SFXEmitter","persistentId":"15e883dc-c3a9-48e8-9fa0-41113ac82150","__parent":"Whooshes","position":[-327.078766,-890.764526,21.7077656],"fadeInTime":0,"fadeOutTime":0,"isLooping":false,"locked":true,"maxDistance":25,"referenceDistance":7,"rotationMatrix":[1,0,0,0,0.999999762,-0.000690533896,0,0.000690533896,0.999999762],"scale":[25,25,25]}
{"name":"Whoosh_Pole_10","class":"SFXEmitter","persistentId":"41c7b0d7-a156-4323-b714-13f2c3213ed0","__parent":"Whooshes","position":[48.8362465,-822.223877,23.7766342],"fadeInTime":0,"fadeOutTime":0,"isLooping":false,"locked":true,"maxDistance":25,"referenceDistance":7,"rotationMatrix":[1,0,0,0,0.999999762,-0.000690533896,0,0.000690533896,0.999999762],"scale":[25,25,25]}
{"name":"Whoosh_Pole_11","class":"SFXEmitter","persistentId":"17aac398-7e2c-4f64-9ba2-f8e78a725a4e","__parent":"Whooshes","position":[84.8967667,-850.972717,32.1934166],"fadeInTime":0,"fadeOutTime":0,"isLooping":false,"locked":true,"maxDistance":25,"referenceDistance":7,"rotationMatrix":[1,0,0,0,0.999999762,-0.000690533896,0,0.000690533896,0.999999762],"scale":[25,25,25]}
{"name":"Whoosh_Pole_12","class":"SFXEmitter","persistentId":"4b8cd610-ea68-491d-8544-ce2a61a0b3d4","__parent":"Whooshes","position":[112.495186,-876.51709,38.2164459],"fadeInTime":0,"fadeOutTime":0,"isLooping":false,"locked":true,"maxDistance":25,"referenceDistance":7,"rotationMatrix":[1,0,0,0,0.999999762,-0.000690533896,0,0.000690533896,0.999999762],"scale":[25,25,25]}
{"name":"Whoosh_Pole_13","class":"SFXEmitter","persistentId":"f22b77a2-c562-41ca-b4a9-fc34398cb666","__parent":"Whooshes","position":[133.977417,-892.346924,40.9673653],"fadeInTime":0,"fadeOutTime":0,"isLooping":false,"locked":true,"maxDistance":25,"referenceDistance":7,"rotationMatrix":[1,0,0,0,0.999999762,-0.000690533896,0,0.000690533896,0.999999762],"scale":[25,25,25]}
{"name":"Whoosh_Pole_14","class":"SFXEmitter","persistentId":"b2a599ef-2ddb-4f9c-8a82-df3f235f6a0b","__parent":"Whooshes","position":[166.621292,-906.056091,43.4107361],"fadeInTime":0,"fadeOutTime":0,"isLooping":false,"locked":true,"maxDistance":25,"referenceDistance":7,"rotationMatrix":[1,0,0,0,0.999999762,-0.000690533896,0,0.000690533896,0.999999762],"scale":[25,25,25]}
{"name":"Whoosh_Pole_15","class":"SFXEmitter","persistentId":"c5fc6d19-518e-4234-91a7-c2a07b7ed094","__parent":"Whooshes","position":[208.010559,-916.731506,43.863575],"fadeInTime":0,"fadeOutTime":0,"isLooping":false,"locked":true,"maxDistance":25,"referenceDistance":7,"rotationMatrix":[1,0,0,0,0.999999762,-0.000690533896,0,0.000690533896,0.999999762],"scale":[25,25,25]}
{"name":"Whoosh_Pole_16","class":"SFXEmitter","persistentId":"9070b912-82c8-4cfa-a78a-9151a073841d","__parent":"Whooshes","position":[253.644669,-922.634399,43.7595367],"fadeInTime":0,"fadeOutTime":0,"isLooping":false,"locked":true,"maxDistance":25,"referenceDistance":7,"rotationMatrix":[1,0,0,0,0.999999762,-0.000690533896,0,0.000690533896,0.999999762],"scale":[25,25,25]}
{"name":"Whoosh_Pole_17","class":"SFXEmitter","persistentId":"d77a872d-0b95-4dea-a89d-23f3cb1a12d5","__parent":"Whooshes","position":[298.051788,-918.243958,39.920433],"fadeInTime":0,"fadeOutTime":0,"isLooping":false,"locked":true,"maxDistance":25,"referenceDistance":7,"rotationMatrix":[1,0,0,0,0.999999762,-0.000690533896,0,0.000690533896,0.999999762],"scale":[25,25,25]}
{"name":"Whoosh_Pole_18","class":"SFXEmitter","persistentId":"028a1e81-fcc4-4bb8-add3-f0311e61524d","__parent":"Whooshes","position":[339.780609,-911.779236,36.5213318],"fadeInTime":0,"fadeOutTime":0,"isLooping":false,"locked":true,"maxDistance":25,"referenceDistance":7,"rotationMatrix":[1,0,0,0,0.999999762,-0.000690533896,0,0.000690533896,0.999999762],"scale":[25,25,25]}
{"name":"Whoosh_Pole_19","class":"SFXEmitter","persistentId":"2434f96a-2a5e-410b-a27a-d34c9912e20e","__parent":"Whooshes","position":[383.628845,-905.455933,35.7567062],"fadeInTime":0,"fadeOutTime":0,"isLooping":false,"locked":true,"maxDistance":25,"referenceDistance":7,"rotationMatrix":[1,0,0,0,0.999999762,-0.000690533896,0,0.000690533896,0.999999762],"scale":[25,25,25]}
{"name":"Whoosh_Pole_2","class":"SFXEmitter","persistentId":"866c0576-0276-41bd-8acb-0cbd3a4cb478","__parent":"Whooshes","position":[-279.516693,-870.809021,17.066927],"fadeInTime":0,"fadeOutTime":0,"isLooping":false,"locked":true,"maxDistance":25,"referenceDistance":7,"rotationMatrix":[1,0,0,0,0.999999762,-0.000690533896,0,0.000690533896,0.999999762],"scale":[25,25,25]}
{"name":"Whoosh_Pole_20","class":"SFXEmitter","persistentId":"a43d2c59-4c95-426f-8a01-c3ae35f09ee5","__parent":"Whooshes","position":[433.334137,-901.630432,36.2809944],"fadeInTime":0,"fadeOutTime":0,"isLooping":false,"locked":true,"maxDistance":25,"referenceDistance":7,"rotationMatrix":[1,0,0,0,0.999999762,-0.000690533896,0,0.000690533896,0.999999762],"scale":[25,25,25]}
{"name":"Whoosh_Pole_21","class":"SFXEmitter","persistentId":"69403fa9-9290-4670-a1b5-81b85086df0f","__parent":"Whooshes","position":[475.680145,-899.520325,37.946003],"fadeInTime":0,"fadeOutTime":0,"isLooping":false,"locked":true,"maxDistance":25,"referenceDistance":7,"rotationMatrix":[1,0,0,0,0.999999762,-0.000690533896,0,0.000690533896,0.999999762],"scale":[25,25,25]}
{"name":"Whoosh_Pole_22","class":"SFXEmitter","persistentId":"033a075f-63fd-43a7-94f1-9180a2bc696f","__parent":"Whooshes","position":[520.475586,-899.481384,38.3564949],"fadeInTime":0,"fadeOutTime":0,"isLooping":false,"locked":true,"maxDistance":25,"referenceDistance":7,"rotationMatrix":[1,0,0,0,0.999999762,-0.000690533896,0,0.000690533896,0.999999762],"scale":[25,25,25]}
{"name":"Whoosh_Pole_23","class":"SFXEmitter","persistentId":"57f0ab70-1751-4d8b-9229-ec4ce71a6deb","__parent":"Whooshes","position":[562.608704,-898.85437,39.4767456],"fadeInTime":0,"fadeOutTime":0,"isLooping":false,"locked":true,"maxDistance":25,"referenceDistance":7,"rotationMatrix":[1,0,0,0,0.999999762,-0.000690533896,0,0.000690533896,0.999999762],"scale":[25,25,25]}
{"name":"Whoosh_Pole_24","class":"SFXEmitter","persistentId":"63701c94-bf93-4ce9-b738-5394f996fe53","__parent":"Whooshes","position":[608.89624,-897.18866,39.9661407],"fadeInTime":0,"fadeOutTime":0,"isLooping":false,"locked":true,"maxDistance":25,"referenceDistance":7,"rotationMatrix":[1,0,0,0,0.999999762,-0.000690533896,0,0.000690533896,0.999999762],"scale":[25,25,25]}
{"name":"Whoosh_Pole_25","class":"SFXEmitter","persistentId":"3e10b183-132a-47c0-9f89-644d7a852d86","__parent":"Whooshes","position":[647.496765,-896.003906,38.7001228],"fadeInTime":0,"fadeOutTime":0,"isLooping":false,"locked":true,"maxDistance":25,"referenceDistance":7,"rotationMatrix":[1,0,0,0,0.999999762,-0.000690533896,0,0.000690533896,0.999999762],"scale":[25,25,25]}
{"name":"Whoosh_Pole_26","class":"SFXEmitter","persistentId":"42aa651a-70db-4e73-8014-aa5834746749","__parent":"Whooshes","position":[686.53894,-893.994019,39.0593491],"fadeInTime":0,"fadeOutTime":0,"isLooping":false,"locked":true,"maxDistance":25,"referenceDistance":7,"rotationMatrix":[1,0,0,0,0.999999762,-0.000690533896,0,0.000690533896,0.999999762],"scale":[25,25,25]}
{"name":"Whoosh_Pole_27","class":"SFXEmitter","persistentId":"eb3ae7fe-1a1a-4b59-bdc9-5b75f6e96192","__parent":"Whooshes","position":[726.136841,-882.500122,40.2576256],"fadeInTime":0,"fadeOutTime":0,"isLooping":false,"locked":true,"maxDistance":25,"referenceDistance":7,"rotationMatrix":[1,0,0,0,0.999999762,-0.000690533896,0,0.000690533896,0.999999762],"scale":[25,25,25]}
{"name":"Whoosh_Pole_28","class":"SFXEmitter","persistentId":"6d4b11c6-b4ea-4e90-b0dd-458523185adc","__parent":"Whooshes","position":[757.308289,-862.437317,42.2663345],"fadeInTime":0,"fadeOutTime":0,"isLooping":false,"locked":true,"maxDistance":25,"referenceDistance":7,"rotationMatrix":[1,0,0,0,0.999999762,-0.000690533896,0,0.000690533896,0.999999762],"scale":[25,25,25]}
{"name":"Whoosh_Pole_29","class":"SFXEmitter","persistentId":"ffc2b2a1-ec79-48aa-9ffa-64fc2298475c","__parent":"Whooshes","position":[787.228027,-838.362183,43.2159081],"fadeInTime":0,"fadeOutTime":0,"isLooping":false,"locked":true,"maxDistance":25,"referenceDistance":7,"rotationMatrix":[1,0,0,0,0.999999762,-0.000690533896,0,0.000690533896,0.999999762],"scale":[25,25,25]}
{"name":"Whoosh_Pole_3","class":"SFXEmitter","persistentId":"0f5cb3dd-4c91-45ea-8b19-8a3a8b994c2b","__parent":"Whooshes","position":[-245.56778,-845.764648,16.1598301],"fadeInTime":0,"fadeOutTime":0,"isLooping":false,"locked":true,"maxDistance":25,"referenceDistance":7,"rotationMatrix":[1,0,0,0,0.999999762,-0.000690533896,0,0.000690533896,0.999999762],"scale":[25,25,25]}
{"name":"Whoosh_Pole_30","class":"SFXEmitter","persistentId":"a8f3f85b-ac0b-4c1c-871a-24cf3785ee4a","__parent":"Whooshes","position":[815.621765,-807.273071,41.9343452],"fadeInTime":0,"fadeOutTime":0,"isLooping":false,"locked":true,"maxDistance":25,"referenceDistance":7,"rotationMatrix":[1,0,0,0,0.999999762,-0.000690533896,0,0.000690533896,0.999999762],"scale":[25,25,25]}
{"name":"Whoosh_Pole_31","class":"SFXEmitter","persistentId":"ff152ed7-85c8-4a0f-b67c-bf992c5fd074","__parent":"Whooshes","position":[832.004272,-775.600037,41.8652191],"fadeInTime":0,"fadeOutTime":0,"isLooping":false,"locked":true,"maxDistance":25,"referenceDistance":7,"rotationMatrix":[1,0,0,0,0.999999762,-0.000690533896,0,0.000690533896,0.999999762],"scale":[25,25,25]}
{"name":"Whoosh_Pole_4","class":"SFXEmitter","persistentId":"6d05c022-8c1f-48ee-b2eb-75075289d544","__parent":"Whooshes","position":[-211.81189,-817.025024,16.1278267],"fadeInTime":0,"fadeOutTime":0,"isLooping":false,"locked":true,"maxDistance":25,"referenceDistance":7,"rotationMatrix":[1,0,0,0,0.999999762,-0.000690533896,0,0.000690533896,0.999999762],"scale":[25,25,25]}
{"name":"Whoosh_Pole_5","class":"SFXEmitter","persistentId":"66c6aa8b-4a28-4c02-9a97-19f4b57644f9","__parent":"Whooshes","position":[-175.499374,-791.926575,16.2455635],"fadeInTime":0,"fadeOutTime":0,"isLooping":false,"locked":true,"maxDistance":25,"referenceDistance":7,"rotationMatrix":[1,0,0,0,0.999999762,-0.000690533896,0,0.000690533896,0.999999762],"scale":[25,25,25]}
{"name":"Whoosh_Pole_6","class":"SFXEmitter","persistentId":"e2dbf0c9-6ad0-41fd-b5a2-5f3fe7e59f9a","__parent":"Whooshes","position":[-137.454178,-775.350708,16.60289],"fadeInTime":0,"fadeOutTime":0,"isLooping":false,"locked":true,"maxDistance":25,"referenceDistance":7,"rotationMatrix":[1,0,0,0,0.999999762,-0.000690533896,0,0.000690533896,0.999999762],"scale":[25,25,25]}
{"name":"Whoosh_Pole_7","class":"SFXEmitter","persistentId":"0e661984-b435-42cc-ab4a-6a8196582e74","__parent":"Whooshes","position":[-85.4095612,-771.71051,16.4610348],"fadeInTime":0,"fadeOutTime":0,"isLooping":false,"locked":true,"maxDistance":25,"referenceDistance":7,"rotationMatrix":[1,0,0,0,0.999999762,-0.000690533896,0,0.000690533896,0.999999762],"scale":[25,25,25]}
{"name":"Whoosh_Pole_8","class":"SFXEmitter","persistentId":"7d007cc3-88c9-45ea-ace4-599db130e920","__parent":"Whooshes","position":[-40.4493256,-777.193542,16.9944305],"fadeInTime":0,"fadeOutTime":0,"isLooping":false,"locked":true,"maxDistance":25,"referenceDistance":7,"rotationMatrix":[1,0,0,0,0.999999762,-0.000690533896,0,0.000690533896,0.999999762],"scale":[25,25,25]}
{"name":"Whoosh_Pole_9","class":"SFXEmitter","persistentId":"a5d9c247-0c2d-4a28-85d5-e14cf6af81de","__parent":"Whooshes","position":[10.225071,-796.99054,18.0598602],"fadeInTime":0,"fadeOutTime":0,"isLooping":false,"locked":true,"maxDistance":25,"referenceDistance":7,"rotationMatrix":[1,0,0,0,0.999999762,-0.000690533896,0,0.000690533896,0.999999762],"scale":[25,25,25]}
