{"class":"TSStatic","persistentId":"7b02b199-21bc-4fc3-9743-7b68cd8b50e4","__parent":"town_bases","position":[89.5,-326.5,194],"annotation":"TRAFFIC_SIGNS","isRenderEnabled":false,"shapeName":"/levels/italy/art/shapes/buildings/italy_town_central_signs.dae","useInstanceRenderData":true}
{"class":"TSStatic","persistentId":"aa4bc50e-a7a8-479d-9c14-bd3b743f62e5","__parent":"town_bases","position":[-977.5,1662.5,152.600006],"annotation":"SIDEWALK","isRenderEnabled":false,"rotationMatrix":[0.979222178,0.202790305,6.34109265e-10,-0.202790305,0.979222178,-1.31319372e-10,-6.47564169e-10,-3.81639165e-16,1],"shapeName":"/levels/italy/art/shapes/buildings/italy_bld_airport_base_sidewalk.dae","useInstanceRenderData":true}
{"class":"TSStatic","persistentId":"93234490-ab06-4644-8c18-27ae5d875134","__parent":"town_bases","position":[1099.5,-600.5,150],"annotation":"TRAFFIC_SIGNS","isRenderEnabled":false,"shapeName":"/levels/italy/art/shapes/buildings/italy_town_west_signs.dae","useInstanceRenderData":true}
{"class":"TSStatic","persistentId":"6bf61012-0261-4a13-928a-596bec26b47d","__parent":"town_bases","position":[1099.5,-600.5,150],"annotation":"BUILDINGS","isRenderEnabled":false,"shapeName":"/levels/italy/art/shapes/buildings/italy_town_west_bridges.dae","useInstanceRenderData":true}
{"class":"TSStatic","persistentId":"9debffd0-338f-4607-82e2-524b58769718","__parent":"town_bases","position":[1099.5,-600.5,150],"annotation":"ASPHALT","isRenderEnabled":false,"shapeName":"/levels/italy/art/shapes/buildings/italy_town_west_roads.dae","useInstanceRenderData":true}
{"name":"italy_town_hill_base","class":"TSStatic","persistentId":"2f6bdf2d-7604-429b-9c52-b9cda958bb76","__parent":"town_bases","position":[-1000.5,899.5,360],"annotation":"SIDEWALK","isRenderEnabled":false,"shapeName":"/levels/italy/art/shapes/buildings/italy_town_hill_base.dae"}
{"name":"italy_town_east_base","class":"TSStatic","persistentId":"4158cd44-f1a5-43a6-964a-5d38b5648821","__parent":"town_bases","position":[-1800.5,1499.5,100],"annotation":"SIDEWALK","isRenderEnabled":false,"shapeName":"/levels/italy/art/shapes/buildings/italy_town_east_base.dae"}
{"name":"italy_town_base_west_port","class":"TSStatic","persistentId":"551f6e72-16b7-4e82-83d5-d634b52536be","__parent":"town_bases","position":[1200,-400,120],"annotation":"SIDEWALK","isRenderEnabled":false,"shapeName":"/levels/italy/art/shapes/buildings/italy_town_west_port.dae"}
{"name":"italy_town_west_base","class":"TSStatic","persistentId":"644b5d06-a0b5-4db2-b803-1b244e84fd0b","__parent":"town_bases","position":[1099.5,-600.5,150],"annotation":"SIDEWALK","isRenderEnabled":false,"shapeName":"/levels/italy/art/shapes/buildings/italy_town_west_base.dae"}
{"name":"city_base","class":"TSStatic","persistentId":"71890b8e-0896-4f85-9dfc-458d262cea4a","__parent":"town_bases","position":[999.5,1299.5,200],"annotation":"SIDEWALK","decalType":"Visible Mesh","isRenderEnabled":false,"prebuildCollisionData":true,"shapeName":"/levels/italy/art/shapes/buildings/italy_city_base.dae"}
{"name":"airport_parking_base","class":"TSStatic","persistentId":"809ea743-3d5a-4a75-bd62-6102debdf4bf","__parent":"town_bases","position":[-977.5,1662.5,152.600006],"annotation":"BUILDINGS","isRenderEnabled":false,"rotationMatrix":[0.979223132,0.202785596,0,-0.202785596,0.979223132,0,0,0,1],"shapeName":"/levels/italy/art/shapes/buildings/italy_bld_airport_base_parking.dae"}
{"class":"TSStatic","persistentId":"92b185e3-849a-4fe9-801d-d587ae1aac82","__parent":"town_bases","position":[0,1.83651374e-40,100.099998],"annotation":"ASPHALT","isRenderEnabled":false,"shapeName":"/levels/italy/art/shapes/buildings/italy_road_highway_bridge_west.dae"}
{"class":"TSStatic","persistentId":"af2c7dc8-c455-430f-9384-733650ea9636","__parent":"town_bases","position":[0,1.83651374e-40,101.199997],"annotation":"ASPHALT","decalType":"Visible Mesh Final","isRenderEnabled":false,"rotationMatrix":[1,0,0,0,0.999999523,-0.000976562325,0,0.000976562325,0.999999523],"shapeName":"/levels/italy/art/shapes/buildings/italy_road_highway_bridge_east.dae"}
{"name":"italy_town_central_base","class":"TSStatic","persistentId":"dade7511-90a3-4bfe-b09a-087c84e9b6d1","__parent":"town_bases","position":[89.5,-326.5,194],"annotation":"SIDEWALK","isRenderEnabled":false,"shapeName":"/levels/italy/art/shapes/buildings/italy_town_central_base.dae"}
{"name":"italy_airport_main_building","class":"TSStatic","persistentId":"ecfb7bb4-053e-46c8-b5ee-bb1669df12ac","__parent":"town_bases","position":[-977.614136,1662.8125,152.613922],"annotation":"BUILDINGS","isRenderEnabled":false,"rotationMatrix":[0.980043232,0.1987838,0,-0.1987838,0.980043232,0,0,0,1],"shapeName":"/levels/italy/art/shapes/buildings/italy_airport_main_bld.DAE"}
