{"name":"clouds1","class":"CloudLayer","persistentId":"04723d9f-4b7c-4868-a70a-83a41c4cffd0","__parent":"sky_and_sun","position":[-1278.56006,-1211.32996,-186.731003],"Textures":[{"texDirection":null,"texScale":null,"texSpeed":0.00200000009},{"texDirection":[0.800000012,0.200000003],"texScale":2,"texSpeed":0.0250000004},{"texDirection":[0.200000003,0.5],"texScale":0.5,"texSpeed":0.0350000001}],"baseColor":[0.996078014,0.996078014,0.996078014,0.996078014],"cloneOrigin":"clouds","coverage":0,"exposure":1.39999998,"height":6.80000019,"texture":"/levels/automation_test_track/art/skies/SkyNormals_02.dds","windSpeed":0}
{"name":"clouds","class":"CloudLayer","persistentId":"ebfc6cd7-8cfc-4810-b860-915db96970f6","__parent":"sky_and_sun","position":[547.21698,-452.971985,609.744995],"Textures":[{"texDirection":null,"texScale":1.5,"texSpeed":0.00200000009},{"texDirection":[0.800000012,0.200000003],"texScale":3,"texSpeed":0.0250000004},{"texDirection":[0.200000003,0.5],"texScale":4,"texSpeed":0.0350000001}],"baseColor":[1,0.999989986,0.999989986,0.996078014],"coverage":0.280000001,"exposure":1.5,"height":3.79999924,"texture":"/levels/automation_test_track/art/skies/SkyNormals_01.dds","windSpeed":0.200000018}
{"name":"theLevelInfo","class":"LevelInfo","persistentId":"4df4efc5-f9cc-47b3-a039-f1a63f66b14a","__parent":"sky_and_sun","bigMapTimeOfDay":1,"canvasClearColor":[76,76,76,255],"decalBias":0.000500001013,"enabled":"1","fogAtmosphereHeight":800,"fogColor":[0.236194029,0.241750762,0.249328315,1],"fogDensity":9.99999997e-07,"globalEnviromentMap":"BNG_Sky_01_cubemap","gravity":-9.81000042,"temperatureCurveC":[0,35,0.300000012,29,0.5,18,0.800000012,27,1,35],"visibleDistance":3500}
{"name":"tod","class":"TimeOfDay","persistentId":"a3b35710-ce13-4c79-938f-275c7be61e93","__parent":"sky_and_sun","axisTilt":0,"azimuthOverride":7,"dayLength":86400,"enableStartTimeFallBack":false,"play":false,"rotationMatrix":[0.99999994,0,0,0,0.99999994,0,0,0,0.999999881],"startTime":-0.100000076,"time":0.899999917}
{"name":"sunsky","class":"ScatterSky","persistentId":"3085eb17-d03a-4194-90d8-4de26921d7bd","__parent":"sky_and_sun","ambientScale":[0.545098007,0.545098007,0.549019992,1],"azimuth":401.070435,"colorize":[0.423528999,0.607842982,0.866666973,1],"colorizeAmount":2.0999999,"elevation":53.9999466,"enableFogFallBack":false,"exposure":1.20000005,"flareScale":8,"flareType":"BNG_Sunflare_3","fogScale":[0.694118023,0.854902029,0.992156982,1],"groundAlbedo":[0.429313958,0.321889341,0.357697636,1],"logWeight":0.995999992,"mieScattering":0.0123999882,"moonAzimuth":120,"moonElevation":30,"moonLightColor":[0.392156899,0.386729121,0.361399502,1],"moonMat":"Moon_Glow_Mat","moonScale":0.0799999982,"nightColor":[0.0190849677,0.0358785018,0.0666666701,1],"nightCubemap":"BNG_Sky_Space","nightFogColor":[0.0834909678,0.134788483,0.239215702,1],"overDarkFactor":[80000,48000,8000,8000],"rayleighScattering":0.0199999996,"shadowDarkenColor":[9.99999997e-07,9.99989993e-07,9.99989993e-07,0],"shadowDistance":1600,"shadowSoftness":0.199999988,"skyBrightness":6,"sunScale":[0.995610118,0.818473458,0.702778459,1],"sunSize":20,"texSize":2048,"useNightCubemap":true}
