{"name":"speedDispL2","class":"TSStatic","persistentId":"04055a25-dc6f-4980-9fc4-2b577fdeea0e","__parent":"ScoreboardL","position":[128.765121,237.437973,21.1896763],"allowPlayerStep0":"1","instanceColor":[1,1,1,0],"isRenderEnabled":false,"locked":true,"rotationMatrix":[5.96046448e-08,-1,0,1,5.96046448e-08,0,0,0,1],"scale":[7.01394749,7.01394749,7.01394749],"shapeName":"/art/shapes/quarter_mile_display/display_6.dae","useInstanceRenderData":true}
{"name":"timeDispL3","class":"TSStatic","persistentId":"1a78a001-bca7-41a5-89d7-06ff2ddd251d","__parent":"ScoreboardL","position":[128.730759,238.447556,22.976675],"allowPlayerStep0":"1","instanceColor":[1,1,1,0],"isRenderEnabled":false,"locked":true,"rotationMatrix":[5.96046448e-08,-1,0,1,5.96046448e-08,0,0,0,1],"scale":[7.01394749,7.01394749,7.01394749],"shapeName":"/art/shapes/quarter_mile_display/display_4.dae","useInstanceRenderData":true}
{"name":"timeDispLDot","class":"TSStatic","persistentId":"200166e8-6439-4128-9e3b-876647e31b85","__parent":"ScoreboardL","position":[128.734055,238.313034,23.0216732],"allowPlayerStep0":"1","instanceColor":[1,1,1,0],"isRenderEnabled":false,"locked":true,"rotationMatrix":[5.96046448e-08,-1,0,1,5.96046448e-08,0,0,0,1],"scale":[7.01394749,7.01394749,6.71758175],"shapeName":"/art/shapes/quarter_mile_display/display_period.dae","useInstanceRenderData":true}
{"name":"speedDispL3","class":"TSStatic","persistentId":"2ef0f549-e8c6-40ce-a7a9-5a3f1b85776f","__parent":"ScoreboardL","position":[128.734055,238.110092,21.1896763],"allowPlayerStep0":"1","instanceColor":[1,1,1,0],"isRenderEnabled":false,"locked":true,"rotationMatrix":[5.96046448e-08,-1,0,1,5.96046448e-08,0,0,0,1],"scale":[7.01394749,7.01394749,6.71758175],"shapeName":"/art/shapes/quarter_mile_display/display_2.dae","useInstanceRenderData":true}
{"name":"timeDispL5","class":"TSStatic","persistentId":"63cac67a-86a3-40bf-adc3-2dd1dad22e60","__parent":"ScoreboardL","position":[128.730759,240.156204,22.976675],"allowPlayerStep0":"1","instanceColor":[1,1,1,0],"isRenderEnabled":false,"locked":true,"rotationMatrix":[5.96046448e-08,-1,0,1,5.96046448e-08,0,0,0,1],"scale":[7.01394749,7.01394749,7.01394749],"shapeName":"/art/shapes/quarter_mile_display/display_3.dae","useInstanceRenderData":true}
{"name":"speedDispL5","class":"TSStatic","persistentId":"843ebf37-024a-4313-8e9e-3706cbdaf838","__parent":"ScoreboardL","position":[128.730759,240.266708,21.1896763],"allowPlayerStep0":"1","instanceColor":[1,1,1,0],"isRenderEnabled":false,"locked":true,"rotationMatrix":[5.96046448e-08,-1,0,1,5.96046448e-08,0,0,0,1],"scale":[7.01394749,7.01394749,7.01394749],"shapeName":"/art/shapes/quarter_mile_display/display_3.dae","useInstanceRenderData":true}
{"name":"timeDispL2","class":"TSStatic","persistentId":"c0bd8a76-98f5-442c-84db-f56c5388e757","__parent":"ScoreboardL","position":[128.765121,237.316879,22.976675],"allowPlayerStep0":"1","instanceColor":[1,1,1,0],"isRenderEnabled":false,"locked":true,"rotationMatrix":[5.96046448e-08,-1,0,1,5.96046448e-08,0,0,0,1],"scale":[7.01394749,7.01394749,7.01394749],"shapeName":"/art/shapes/quarter_mile_display/display_8.dae","useInstanceRenderData":true}
{"name":"speedDispL4","class":"TSStatic","persistentId":"c9d702dc-1b9a-491e-b0b9-11efd8b447b2","__parent":"ScoreboardL","position":[128.730759,239.434372,21.1896763],"allowPlayerStep0":"1","instanceColor":[1,1,1,0],"isRenderEnabled":false,"locked":true,"rotationMatrix":[5.96046448e-08,-1,0,1,5.96046448e-08,0,0,0,1],"scale":[7.01394749,7.01394749,7.01394749],"shapeName":"/art/shapes/quarter_mile_display/display_3.dae","useInstanceRenderData":true}
{"name":"timeDispL1","class":"TSStatic","persistentId":"d5f002cc-91c7-4dc4-86e2-0fe12e7f4234","__parent":"ScoreboardL","position":[128.734055,236.582687,22.976675],"allowPlayerStep0":"1","instanceColor":[1,1,1,0],"isRenderEnabled":false,"locked":true,"rotationMatrix":[5.96046448e-08,-1,0,1,5.96046448e-08,0,0,0,1],"scale":[7.01394749,7.01394749,7.01394749],"shapeName":"/art/shapes/quarter_mile_display/display_1.dae","useInstanceRenderData":true}
{"name":"speedDispLDot","class":"TSStatic","persistentId":"db7a275a-a073-4c71-82a3-bfa31002fd65","__parent":"ScoreboardL","position":[128.730759,239.09935,21.1896763],"allowPlayerStep0":"1","instanceColor":[1,1,1,0],"isRenderEnabled":false,"locked":true,"rotationMatrix":[5.96046448e-08,-1,0,1,5.96046448e-08,0,0,0,1],"scale":[7.01394749,7.01394749,7.01394749],"shapeName":"/art/shapes/quarter_mile_display/display_period.dae","useInstanceRenderData":true}
{"name":"speedDispL1","class":"TSStatic","persistentId":"dea24a4c-02d6-474b-bcf4-6d7b7b583af6","__parent":"ScoreboardL","position":[128.734055,236.686935,21.1896763],"allowPlayerStep0":"1","instanceColor":[1,1,1,0],"isRenderEnabled":false,"locked":true,"rotationMatrix":[5.96046448e-08,-1,0,1,5.96046448e-08,0,0,0,1],"scale":[7.01394749,7.01394749,7.01394749],"shapeName":"/art/shapes/quarter_mile_display/display_1.dae","useInstanceRenderData":true}
{"name":"timeDispL4","class":"TSStatic","persistentId":"f198d506-8ef2-4b4b-af2d-bcafbaeb89d8","__parent":"ScoreboardL","position":[128.730759,239.291367,22.976675],"allowPlayerStep0":"1","instanceColor":[1,1,1,0],"isRenderEnabled":false,"locked":true,"rotationMatrix":[5.96046448e-08,-1,0,1,5.96046448e-08,0,0,0,1],"scale":[7.01394749,7.01394749,7.01394749],"shapeName":"/art/shapes/quarter_mile_display/display_7.dae","useInstanceRenderData":true}
