{"name":"clutter_barrels_tarped_group","class":"Prefab","persistentId":"6b369aa2-af35-42f2-93a3-8376eaf3ce8d","__parent":"dealer_c","position":[-786.589539,-67.026886,296.624237],"annotation":"OBSTACLES","fileName":"/levels/utah/art/prefabs/clutter_barrels_tarped_group.prefab","rotationMatrix":[0.34423542,-0.938883185,0,0.938883185,0.34423542,0,0,0,1]}
{"class":"TSStatic","persistentId":"826d3619-8dc2-4d10-98c2-c01ccb74291e","__parent":"dealer_c","position":[-554.398621,240.443207,302.509613],"annotation":"OBSTACLES","isRenderEnabled":false,"rotationMatrix":[-0.983815908,0.179182485,0,-0.179182485,-0.983815908,0,0,0,1],"shapeName":"/art/shapes/garage_and_dealership/s_billboard_garage_022.dae","useInstanceRenderData":true}
{"class":"TSStatic","persistentId":"95d7fa2d-a56c-455b-bc77-0c50bb4ecb40","__parent":"dealer_c","position":[-562.206177,241.94017,302.519287],"annotation":"OBSTACLES","isRenderEnabled":false,"rotationMatrix":[-0.983349442,0.181724668,0,-0.181724668,-0.983349442,0,0,0,1],"shapeName":"/art/shapes/garage_and_dealership/s_billboard_garage_023.dae","useInstanceRenderData":true}
{"class":"TSStatic","persistentId":"74c351b1-c059-4f34-b061-184c66d4c97f","__parent":"dealer_c","position":[-558.30127,241.16304,302.716125],"annotation":"OBSTACLES","isRenderEnabled":false,"rotationMatrix":[-0.982192338,0.187877312,0,-0.187877312,-0.982192338,0,0,0,1],"scale":[1.62829781,1,1.62829781],"shapeName":"/art/shapes/garage_and_dealership/s_billboard_hang_03.dae","useInstanceRenderData":true}
{"class":"TSStatic","persistentId":"985bdb82-fd38-49fc-afbd-286537273ce5","__parent":"dealer_c","position":[-555.39447,240.493805,300.593719],"annotation":"OBSTACLES","isRenderEnabled":false,"rotationMatrix":[-0.980166554,0.198175535,0,-0.198175535,-0.980166554,0,0,0,1],"scale":[2.4000001,1,2.4000001],"shapeName":"/art/shapes/garage_and_dealership/s_billboard_garage_024.dae","useInstanceRenderData":true}
{"class":"TSStatic","persistentId":"dfecacb5-8794-491c-ba46-87fcca0e2def","__parent":"dealer_c","position":[-561.290405,241.619415,300.616211],"annotation":"OBSTACLES","isRenderEnabled":false,"rotationMatrix":[-0.980027556,0.198861599,0,-0.198861599,-0.980027556,0,0,0,1],"scale":[2.4000001,1,2.4000001],"shapeName":"/art/shapes/garage_and_dealership/s_billboard_garage_025.dae","useInstanceRenderData":true}
{"class":"TSStatic","persistentId":"75d238f0-d55b-43a3-99a8-4da9d5902efd","__parent":"dealer_c","position":[-806.362488,-109.030106,296.624237],"annotation":"OBSTACLES","isRenderEnabled":false,"rotationMatrix":[0.163154483,0.986600399,0,-0.986600399,0.163154483,0,0,0,1],"shapeName":"/art/shapes/garage_and_dealership/Clutter/pallet_stack.DAE","useInstanceRenderData":true}
{"class":"TSStatic","persistentId":"2c946891-f3b5-47ae-8356-2e00c7e1494d","__parent":"dealer_c","position":[-807.502869,-109.327042,296.624237],"annotation":"OBSTACLES","isRenderEnabled":false,"rotationMatrix":[0.992997408,-0.118134983,0,0.118134983,0.992997408,0,0,0,1],"shapeName":"/art/shapes/garage_and_dealership/Clutter/pallet_stack.DAE","useInstanceRenderData":true}
{"class":"TSStatic","persistentId":"5b8a7a0c-25cf-4b5e-b58a-d532f3f6e01e","__parent":"dealer_c","position":[-825.653076,-103.245895,296.624268],"annotation":"OBSTACLES","isRenderEnabled":false,"shapeName":"/art/shapes/garage_and_dealership/Clutter/ind_metal_scraps_c.DAE","useInstanceRenderData":true}
{"class":"TSStatic","persistentId":"153d7e19-d8aa-4739-a9a8-e2f0620e6082","__parent":"dealer_c","position":[-825.463562,-104.243744,296.60733],"annotation":"OBSTACLES","isRenderEnabled":false,"rotationMatrix":[0.397344261,-0.917669773,0,0.917669773,0.397344261,0,0,0,1],"shapeName":"/art/shapes/garage_and_dealership/Clutter/ind_clutter_mix.DAE","useInstanceRenderData":true}
{"class":"TSStatic","persistentId":"9abaedbb-c6eb-4fd3-bfb2-966f5f903f80","__parent":"dealer_c","position":[-564.930481,239.415573,305.236359],"annotation":"OBSTACLES","isRenderEnabled":false,"rotationMatrix":[-0.811189711,-0.5847826,0,0.5847826,-0.811189711,0,0,0,1],"scale":[2.01722074,2.01722074,2.01722074],"shapeName":"/levels/utah/art/shapes/buildings/s_top_rock_garage_logo.dae","useInstanceRenderData":true}
{"class":"TSStatic","persistentId":"43610105-a97e-46f5-8307-79804222911c","__parent":"dealer_c","position":[-591.746399,320.254486,299.869843],"annotation":"OBSTACLES","isRenderEnabled":false,"rotationMatrix":[-0.439038903,-0.898467779,0,0.898467779,-0.439038903,0,0,0,1],"scale":[2.01722074,2.01722074,2.01722074],"shapeName":"/levels/utah/art/shapes/buildings/s_top_rock_garage_logo.dae","useInstanceRenderData":true}
{"class":"TSStatic","persistentId":"4e52a85d-d1de-44fd-a432-0504858f37e8","__parent":"dealer_c","position":[-572.49231,244.479645,298.520203],"annotation":"OBSTACLES","isRenderEnabled":false,"shapeName":"/art/shapes/garage_and_dealership/Clutter/ind_dumpster_full.DAE","useInstanceRenderData":true}
{"class":"TSStatic","persistentId":"64cb2299-0811-4a8c-b90b-d30841838184","__parent":"dealer_c","position":[-569.130737,243.205887,298.639099],"annotation":"OBSTACLES","isRenderEnabled":false,"rotationMatrix":[-0.995857239,0.0909283385,0,-0.0909283385,-0.995857239,0,0,0,1],"shapeName":"/art/shapes/garage_and_dealership/Clutter/ind_metal_scraps_b.DAE","useInstanceRenderData":true}
{"class":"TSStatic","persistentId":"80043885-24de-49f9-af21-4bc09940c262","__parent":"dealer_c","position":[-551.117065,239.432953,298.638702],"annotation":"OBSTACLES","isRenderEnabled":false,"rotationMatrix":[-0.06776651,-0.997701049,0,0.997701049,-0.06776651,0,0,0,1],"shapeName":"/art/shapes/garage_and_dealership/Clutter/ind_pallet_cardboard.DAE","useInstanceRenderData":true}
{"class":"TSStatic","persistentId":"197a2406-5ccc-4dad-b6e0-fa043e9df440","__parent":"dealer_c","position":[-551.017395,238.140869,298.638702],"annotation":"OBSTACLES","isRenderEnabled":false,"rotationMatrix":[-0.996578097,0.0826544166,0,-0.0826544166,-0.996578097,0,0,0,1],"shapeName":"/art/shapes/garage_and_dealership/Clutter/ind_pallet_cardboard.DAE","useInstanceRenderData":true}
{"class":"TSStatic","persistentId":"220e03b8-bd26-4882-b898-5e4ed8e63feb","__parent":"dealer_c","position":[-550.205872,239.240417,298.638702],"annotation":"OBSTACLES","isRenderEnabled":false,"rotationMatrix":[0.117988475,0.993014574,0,-0.993014574,0.117988475,0,0,0,1],"shapeName":"/art/shapes/garage_and_dealership/Clutter/ind_pallet_cans.DAE","useInstanceRenderData":true}
{"class":"TSStatic","persistentId":"a1cc7402-4400-4697-a8b3-b5973c78cbee","__parent":"dealer_c","position":[-550.2995,237.197678,298.638702],"annotation":"OBSTACLES","isRenderEnabled":false,"shapeName":"/art/shapes/garage_and_dealership/Clutter/metal_drum_old_b.DAE","useInstanceRenderData":true}
{"class":"TSStatic","persistentId":"90c66de7-47e5-4cf4-9c99-32de691ed2ad","__parent":"dealer_c","position":[-549.031738,237.296738,298.638702],"annotation":"OBSTACLES","isRenderEnabled":false,"rotationMatrix":[0.157869637,0.987459779,0,-0.987459779,0.157869637,0,0,0,1],"shapeName":"/art/shapes/garage_and_dealership/Clutter/pallet_stack.DAE","useInstanceRenderData":true}
{"class":"TSStatic","persistentId":"2dd8a5d3-d038-423d-8086-86011fc517db","__parent":"dealer_c","position":[-549.04187,237.296738,299.678009],"annotation":"OBSTACLES","isRenderEnabled":false,"rotationMatrix":[-0.210545376,-0.977583706,0,0.977583706,-0.210545376,0,0,0,1],"shapeName":"/art/shapes/garage_and_dealership/Clutter/pallet_stack.DAE","useInstanceRenderData":true}
{"class":"TSStatic","persistentId":"7817c030-8e5c-4fba-a9b7-068f65dde4e7","__parent":"dealer_c","position":[-797.542053,-80.1543045,297.69339],"annotation":"OBSTACLES","isRenderEnabled":false,"rotationMatrix":[0.965925813,-0.258818984,0,0.258818984,0.965925813,0,0,0,1],"scale":[1.37453461,1.37453461,1.37453461],"shapeName":"/art/shapes/garage_and_dealership/s_billboard_garage_01.dae","useInstanceRenderData":true}
{"class":"TSStatic","persistentId":"341ecc0f-05c2-4ca7-b4bf-e25e7d946c47","__parent":"dealer_c","position":[-795.659546,-80.6629257,297.792847],"annotation":"OBSTACLES","isRenderEnabled":false,"rotationMatrix":[0.965925813,-0.258818269,0,0.258818269,0.965925813,0,0,0,1],"shapeName":"/art/shapes/garage_and_dealership/s_billboard_garage_02.dae","useInstanceRenderData":true}
{"class":"TSStatic","persistentId":"985e0282-f1c6-45ac-8a15-1efa252a6b7b","__parent":"dealer_c","position":[-792.211182,-78.6688995,297.774475],"annotation":"OBSTACLES","isRenderEnabled":false,"rotationMatrix":[0.258818656,0.965925872,0,-0.965925872,0.258818656,0,0,0,1],"shapeName":"/art/shapes/garage_and_dealership/s_billboard_garage_03.dae","useInstanceRenderData":true}
{"class":"TSStatic","persistentId":"2e58730a-e91f-4dda-ad8b-3dfc14b55428","__parent":"dealer_c","position":[-817.355347,-127.871353,299.175873],"annotation":"OBSTACLES","isRenderEnabled":false,"rotationMatrix":[0.258818954,0.965925753,0,-0.965925753,0.258818954,0,0,0,1],"scale":[1.21486795,1,1.21486795],"shapeName":"/art/shapes/garage_and_dealership/s_billboard_garage_011.dae","useInstanceRenderData":true}
{"class":"TSStatic","persistentId":"c0dbf90d-e53a-4573-9e77-3f1b116636b1","__parent":"dealer_c","position":[-565.186218,242.495499,301.060883],"annotation":"OBSTACLES","isRenderEnabled":false,"rotationMatrix":[-0.981810212,0.189864606,0,-0.189864606,-0.981810212,0,0,0,1],"scale":[2.83075714,1,2.83075714],"shapeName":"/art/shapes/garage_and_dealership/s_billboard_garage_013.dae","useInstanceRenderData":true}
{"class":"TSStatic","persistentId":"93bd95e6-102d-463f-8806-6be3c62adb6e","__parent":"dealer_c","position":[-813.316406,-113.484711,298.310913],"annotation":"OBSTACLES","isRenderEnabled":false,"rotationMatrix":[0.258818954,0.965925753,0,-0.965925753,0.258818954,0,0,0,1],"scale":[1.69347239,1,1.69347239],"shapeName":"/art/shapes/garage_and_dealership/s_billboard_garage_017.dae","useInstanceRenderData":true}
{"class":"TSStatic","persistentId":"1b0c1097-bbaf-45c0-a6da-f34a4b8e0d75","__parent":"dealer_c","position":[-815.757568,-122.106735,298.005615],"annotation":"OBSTACLES","isRenderEnabled":false,"rotationMatrix":[0.258818954,0.965925753,0,-0.965925753,0.258818954,0,0,0,1],"scale":[1.60402346,1,1.60402346],"shapeName":"/art/shapes/garage_and_dealership/s_billboard_garage_018.dae","useInstanceRenderData":true}
{"class":"TSStatic","persistentId":"18ab6ed3-9756-4709-a417-60eeda5a2043","__parent":"dealer_c","position":[-558.285156,241.29863,300.21524],"annotation":"OBSTACLES","isRenderEnabled":false,"rotationMatrix":[-0.980831742,0.194856495,0,-0.194856495,-0.980831742,0,0,0,1],"scale":[2.48318291,1,2.48318291],"shapeName":"/art/shapes/garage_and_dealership/s_billboard_garage_019.dae","useInstanceRenderData":true}
{"class":"TSStatic","persistentId":"aa43fb0d-5098-47ce-9709-d6dab486e9d0","__parent":"dealer_c","position":[-805.369873,-78.1833038,298.134552],"annotation":"OBSTACLES","isRenderEnabled":false,"rotationMatrix":[0.965925813,-0.258818984,0,0.258818984,0.965925813,0,0,0,1],"scale":[1.41736865,1,1.41736865],"shapeName":"/art/shapes/garage_and_dealership/s_billboard_garage_020.dae","useInstanceRenderData":true}
{"class":"TSStatic","persistentId":"d55d0f59-e982-4ee6-a548-6c2359ac5b53","__parent":"dealer_c","position":[-564.204407,242.440857,300.140472],"annotation":"OBSTACLES","isRenderEnabled":false,"rotationMatrix":[-0.982831776,0.1845036,0,-0.1845036,-0.982831776,0,0,0,1],"scale":[2.92082572,1.66501403,2.92082572],"shapeName":"/art/shapes/garage_and_dealership/s_billboard_garage_06.dae","useInstanceRenderData":true}
{"class":"TSStatic","persistentId":"74e01846-e82e-45e9-b36f-ec45bf00f148","__parent":"dealer_c","position":[-565.183838,242.50798,300.097565],"annotation":"OBSTACLES","isRenderEnabled":false,"rotationMatrix":[-0.979226828,0.202767864,0,-0.202767864,-0.979226828,0,0,0,1],"scale":[1.24773681,1,1.24773681],"shapeName":"/art/shapes/garage_and_dealership/s_billboard_garage_07.dae","useInstanceRenderData":true}
{"class":"TSStatic","persistentId":"f6c0ee49-f408-4542-a848-e6f79636bc2c","__parent":"dealer_c","position":[-566.726746,243.192917,298.635101],"annotation":"OBSTACLES","isRenderEnabled":false,"rotationMatrix":[-0.992286801,-0.123963222,0,0.123963222,-0.992286801,0,0,0,1],"shapeName":"/art/shapes/garage_and_dealership/s_flag_floor_portrait_05.dae","useInstanceRenderData":true}
{"class":"TSStatic","persistentId":"087b52b1-60f8-425e-872e-965acf4ee7a7","__parent":"dealer_c","position":[-790.717712,-73.5790863,298.134552],"annotation":"OBSTACLES","isRenderEnabled":false,"rotationMatrix":[0.258818656,0.965925872,0,-0.965925872,0.258818656,0,0,0,1],"scale":[1.41736865,1,1.41736865],"shapeName":"/art/shapes/garage_and_dealership/s_billboard_garage_020.dae","useInstanceRenderData":true}
{"class":"DecalRoad","persistentId":"6276d6f1-1f5f-49d4-ae9b-95c134a175b5","__parent":"dealer_c","position":[-794.641479,-104.612755,296.624237],"improvedSpline":true,"looped":true,"material":"utah_asphalt_road_dirt_edge","nodes":[[-794.641479,-104.612755,296.624237,1],[-793.562927,-103.38147,296.624237,1],[-793.994568,-101.627991,296.624237,1],[-796.294312,-100.843163,296.624237,1],[-803.506653,-98.8524551,296.624237,1],[-814.473511,-95.7748642,296.624237,1],[-817.198669,-95.0499725,296.624237,1],[-818.499939,-95.6591187,296.624237,1],[-818.902954,-97.4255905,296.624237,1],[-817.93689,-98.4532166,296.624237,1],[-815.187134,-99.2551346,296.624237,1],[-804.421509,-102.165237,296.624237,1],[-796.751831,-104.333473,296.624237,1]],"renderPriority":7,"startEndFade":[1,1],"textureLength":6}
{"class":"TSStatic","persistentId":"0466c781-8905-432a-bc73-f6471e455736","__parent":"dealer_c","position":[-793.378845,-85.605545,300.645721],"annotation":"OBSTACLES","isRenderEnabled":false,"rotationMatrix":[0.258818895,0.965925813,0,-0.965925813,0.258818895,0,0,0,1],"shapeName":"/art/shapes/garage_and_dealership/s_flag_tinsel_hang_01.dae","useInstanceRenderData":true}
{"class":"TSStatic","persistentId":"f94e275f-565c-4e97-b248-d1f2c712d6fe","__parent":"dealer_c","position":[-795.667664,-87.4879532,300.650665],"annotation":"OBSTACLES","isRenderEnabled":false,"rotationMatrix":[0.774435341,0.63265276,0,-0.63265276,0.774435341,0,0,0,1],"shapeName":"/art/shapes/garage_and_dealership/s_flag_tinsel_hang_02.dae","useInstanceRenderData":true}
{"class":"TSStatic","persistentId":"fbf3ae3c-cf8e-4888-976c-d5a3c7040b01","__parent":"dealer_c","position":[-798.679199,-87.6621933,300.645721],"annotation":"OBSTACLES","isRenderEnabled":false,"rotationMatrix":[0.998742163,0.0501383841,0,-0.0501383841,0.998742163,0,0,0,1],"shapeName":"/art/shapes/garage_and_dealership/s_flag_tinsel_hang_01.dae","useInstanceRenderData":true}
{"class":"TSStatic","persistentId":"2ef868e6-c75c-4664-a926-c802a51ab060","__parent":"dealer_c","position":[-801.173279,-86.061615,300.650665],"annotation":"OBSTACLES","isRenderEnabled":false,"rotationMatrix":[0.839809537,-0.542880654,0,0.542880654,0.839809537,0,0,0,1],"shapeName":"/art/shapes/garage_and_dealership/s_flag_tinsel_hang_02.dae","useInstanceRenderData":true}
{"class":"TSStatic","persistentId":"3db07683-90e5-47a1-b6b4-fa9a5d6df597","__parent":"dealer_c","position":[-801.183411,-86.0437775,300.650665],"annotation":"OBSTACLES","isRenderEnabled":false,"rotationMatrix":[-0.357255191,0.934006393,0,-0.934006393,-0.357255191,0,0,0,1],"shapeName":"/art/shapes/garage_and_dealership/s_flag_tinsel_hang_02.dae","useInstanceRenderData":true}
{"class":"TSStatic","persistentId":"27f95986-b226-41b5-8f76-9d6bd9ff50eb","__parent":"dealer_c","position":[-802.204773,-83.2779388,300.645721],"annotation":"OBSTACLES","isRenderEnabled":false,"rotationMatrix":[0.251786023,0.967782438,0,-0.967782438,0.251786023,0,0,0,1],"shapeName":"/art/shapes/garage_and_dealership/s_flag_tinsel_hang_01.dae","useInstanceRenderData":true}
{"class":"TSStatic","persistentId":"15691f4b-5452-4d2a-b507-84681c451bf8","__parent":"dealer_c","position":[-792.164246,-79.8589401,300.650665],"annotation":"OBSTACLES","isRenderEnabled":false,"rotationMatrix":[-0.185254008,-0.982690275,0,0.982690275,-0.185254008,0,0,0,1],"shapeName":"/art/shapes/garage_and_dealership/s_flag_tinsel_hang_02.dae","useInstanceRenderData":true}
{"class":"TSStatic","persistentId":"ad82ca3f-8faf-4524-89e5-37f698c3bb0c","__parent":"dealer_c","position":[-809.238037,-111.395767,302.178528],"annotation":"OBSTACLES","isRenderEnabled":false,"rotationMatrix":[0.707106709,0.707106709,0,-0.707106709,0.707106709,0,0,0,1],"shapeName":"/art/shapes/garage_and_dealership/s_string_tinsel_hang_01.dae","useInstanceRenderData":true}
{"class":"TSStatic","persistentId":"cc9e9045-21da-4453-93b8-7701fc22af93","__parent":"dealer_c","position":[-826.270813,-106.672302,302.191467],"annotation":"OBSTACLES","isRenderEnabled":false,"rotationMatrix":[0.258818865,0.965925813,0,-0.965925813,0.258818865,0,0,0,1],"shapeName":"/art/shapes/garage_and_dealership/s_string_tinsel_hang_02.dae","useInstanceRenderData":true}
{"class":"TSStatic","persistentId":"bee6fca5-4d32-4a49-bb33-42d3a98c56d5","__parent":"dealer_c","position":[-806.857117,-108.963219,296.169495],"annotation":"OBSTACLES","isRenderEnabled":false,"rotationMatrix":[0.965925634,-0.258819163,0,0.258819163,0.965925634,0,0,0,1],"shapeName":"/art/shapes/garage_and_dealership/s_billboard_wood_pole_01.dae","useInstanceRenderData":true}
{"class":"TSStatic","persistentId":"3dec527e-0942-44b4-8dbd-2a751f408bce","__parent":"dealer_c","position":[-825.385437,-103.365433,296.161743],"annotation":"OBSTACLES","isRenderEnabled":false,"rotationMatrix":[0.499999881,0.866025209,0,-0.866025209,0.499999881,0,0,0,1],"shapeName":"/art/shapes/garage_and_dealership/s_billboard_wood_pole_01.dae","useInstanceRenderData":true}
{"class":"TSStatic","persistentId":"9afcac83-4764-49c5-ac3c-eefe1fa855eb","__parent":"dealer_c","position":[-799.795837,-101.703949,300.987061],"annotation":"OBSTACLES","isRenderEnabled":false,"rotationMatrix":[0.964243531,-0.26501748,0,0.26501748,0.964243531,0,0,0,1],"scale":[1.03315425,1,1],"shapeName":"/art/shapes/garage_and_dealership/s_string_tinsel_01.dae","useInstanceRenderData":true}
{"class":"TSStatic","persistentId":"0812e4ea-61f3-4be2-b671-6554da008fe1","__parent":"dealer_c","position":[-803.036804,-100.813187,300.987061],"annotation":"OBSTACLES","isRenderEnabled":false,"rotationMatrix":[0.964243531,-0.26501748,0,0.26501748,0.964243531,0,0,0,1],"scale":[1.03315425,1,1],"shapeName":"/art/shapes/garage_and_dealership/s_string_tinsel_01.dae","useInstanceRenderData":true}
{"class":"TSStatic","persistentId":"02ad9ba2-0e8f-4716-8f74-4757730a72b9","__parent":"dealer_c","position":[-806.270142,-99.9245224,300.987061],"annotation":"OBSTACLES","isRenderEnabled":false,"rotationMatrix":[0.964243531,-0.26501748,0,0.26501748,0.964243531,0,0,0,1],"scale":[1.03315425,1,1],"shapeName":"/art/shapes/garage_and_dealership/s_string_tinsel_01.dae","useInstanceRenderData":true}
{"class":"TSStatic","persistentId":"ae08131b-92a8-45e8-9f08-44ec3b71a4f6","__parent":"dealer_c","position":[-809.452942,-99.0403595,300.987061],"annotation":"OBSTACLES","isRenderEnabled":false,"rotationMatrix":[0.964243531,-0.26501748,0,0.26501748,0.964243531,0,0,0,1],"scale":[1.02197266,1,1],"shapeName":"/art/shapes/garage_and_dealership/s_string_tinsel_01.dae","useInstanceRenderData":true}
{"class":"TSStatic","persistentId":"8c78178d-608e-4692-8dc3-fee4b5a758e9","__parent":"dealer_c","position":[-812.652222,-98.1514206,300.987061],"annotation":"OBSTACLES","isRenderEnabled":false,"rotationMatrix":[0.964243531,-0.26501748,0,0.26501748,0.964243531,0,0,0,1],"scale":[1.02197266,1,1],"shapeName":"/art/shapes/garage_and_dealership/s_string_tinsel_01.dae","useInstanceRenderData":true}
{"class":"TSStatic","persistentId":"5fe543d9-a86d-4432-b052-49992d80623c","__parent":"dealer_c","position":[-815.854309,-97.2617188,300.987061],"annotation":"OBSTACLES","isRenderEnabled":false,"rotationMatrix":[0.964243531,-0.26501748,0,0.26501748,0.964243531,0,0,0,1],"scale":[1.02197266,1,1],"shapeName":"/art/shapes/garage_and_dealership/s_string_tinsel_01.dae","useInstanceRenderData":true}
{"class":"TSStatic","persistentId":"2b21e731-c7dd-4343-ab04-6257b26b2bcc","__parent":"dealer_c","position":[-816.066956,-121.516121,296.702301],"annotation":"OBSTACLES","isRenderEnabled":false,"rotationMatrix":[0.258818895,0.965925813,0,-0.965925813,0.258818895,0,0,0,1],"shapeName":"/art/shapes/garage_and_dealership/s_flag_floor_portrait_04.dae","useInstanceRenderData":true}
{"class":"TSStatic","persistentId":"c1181473-decc-4e54-879d-729783c7df2b","__parent":"dealer_c","position":[-818.095764,-129.220871,296.702301],"annotation":"OBSTACLES","isRenderEnabled":false,"rotationMatrix":[-0.258819252,0.965925694,0,-0.965925694,-0.258819252,0,0,0,1],"shapeName":"/art/shapes/garage_and_dealership/s_flag_floor_feather_02.dae","useInstanceRenderData":true}
{"class":"TSStatic","persistentId":"32ff2877-9386-42e1-bee9-1b24d77d2e91","__parent":"dealer_c","position":[-811.452209,-119.015907,296.702301],"annotation":"OBSTACLES","isRenderEnabled":false,"rotationMatrix":[0.965925694,-0.258819044,0,0.258819044,0.965925694,0,0,0,1],"shapeName":"/art/shapes/garage_and_dealership/s_flag_floor_teardrop_02.dae","useInstanceRenderData":true}
{"class":"TSStatic","persistentId":"a88c1ea6-fc4d-4ac1-b3e7-18ea02a94675","__parent":"dealer_c","position":[-812.397156,-122.574677,296.702301],"annotation":"OBSTACLES","isRenderEnabled":false,"rotationMatrix":[0.965925694,-0.258819044,0,0.258819044,0.965925694,0,0,0,1],"shapeName":"/art/shapes/garage_and_dealership/s_flag_floor_teardrop_02.dae","useInstanceRenderData":true}
{"class":"TSStatic","persistentId":"b596f4b1-3048-402d-bed8-9635fd36890b","__parent":"dealer_c","position":[-813.341187,-126.028931,296.702301],"annotation":"OBSTACLES","isRenderEnabled":false,"rotationMatrix":[0.965925694,-0.258819044,0,0.258819044,0.965925694,0,0,0,1],"shapeName":"/art/shapes/garage_and_dealership/s_flag_floor_teardrop_02.dae","useInstanceRenderData":true}
{"class":"TSStatic","persistentId":"df3eabd8-1675-49a8-95fd-6a01dae39c35","__parent":"dealer_c","position":[-817.878845,-119.591866,296.702301],"annotation":"OBSTACLES","isRenderEnabled":false,"rotationMatrix":[-0.258819312,0.965925753,0,-0.965925753,-0.258819312,0,0,0,1],"shapeName":"/art/shapes/garage_and_dealership/deal_covered_car_roamer_1.dae","useInstanceRenderData":true}
{"class":"TSStatic","persistentId":"c92d68e0-e3e0-42d0-994b-1f4f9915f2c4","__parent":"dealer_c","position":[-819.032715,-123.105049,296.702301],"annotation":"OBSTACLES","isRenderEnabled":false,"rotationMatrix":[-0.258819312,0.965925753,0,-0.965925753,-0.258819312,0,0,0,1],"shapeName":"/art/shapes/garage_and_dealership/deal_covered_car_roamer_1.dae","useInstanceRenderData":true}
{"name":"p_billboard_metal_stand_09","class":"Prefab","persistentId":"c7923abb-7768-492b-89bd-fe9cf6f392eb","__parent":"dealer_c","position":[-825.122437,-97.417244,296.503204],"annotation":"OBSTACLES","fileName":"/art/prefabs/p_billboard_metal_stand_09.prefab","rotationMatrix":[0.349905223,0.936784983,0,-0.936784983,0.349905223,0,0,0,1]}
{"name":"p_billboard_metal_stand_03","class":"Prefab","persistentId":"d0358227-7557-4bac-bc5c-fa654987e450","__parent":"dealer_c","position":[-779.983887,-97.9972153,296.229126],"annotation":"OBSTACLES","fileName":"/art/prefabs/p_billboard_metal_stand_03.prefab","rotationMatrix":[0.499999672,0.866025329,0,-0.866025329,0.499999672,0,0,0,1]}
{"name":"p_billboard_metal_stand_06","class":"Prefab","persistentId":"f97cb121-a019-48d4-9869-229e2c0c9f99","__parent":"dealer_c","position":[-789.697327,-124.861153,296.504395],"annotation":"OBSTACLES","fileName":"/art/prefabs/p_billboard_metal_stand_06.prefab","rotationMatrix":[0.258818895,0.965925813,0,-0.965925813,0.258818895,0,0,0,1]}
{"class":"DecalRoad","persistentId":"4dbaec88-c34d-435d-93c1-0ee51dbd572a","__parent":"dealer_c","position":[-809.320435,-111.187988,296.624237],"improvedSpline":true,"material":"line_white_damage_02","nodes":[[-809.320435,-111.187988,296.624237,0.200000003],[-807.920349,-105.870392,296.624237,0.200000003]],"renderPriority":2,"startEndFade":[0.100000001,0.100000001],"textureLength":6}
{"class":"DecalRoad","persistentId":"f04d7886-b845-4a63-bdfb-ebf8fd8d9e1a","__parent":"dealer_c","position":[-812.306946,-110.384941,296.624237],"improvedSpline":true,"material":"line_white_damage_02","nodes":[[-812.306946,-110.384941,296.624237,0.200000003],[-810.90686,-105.067345,296.624237,0.200000003]],"renderPriority":2,"startEndFade":[0.100000001,0.100000001],"textureLength":6}
{"class":"DecalRoad","persistentId":"76d5365c-b70e-4327-96c5-715662ca118b","__parent":"dealer_c","position":[-815.20343,-109.518341,296.624237],"improvedSpline":true,"material":"line_white_damage_02","nodes":[[-815.20343,-109.518341,296.624237,0.200000003],[-813.803345,-104.200745,296.624237,0.200000003]],"renderPriority":2,"startEndFade":[0.100000001,0.100000001],"textureLength":6}
{"class":"DecalRoad","persistentId":"df518969-667a-4934-980d-a65de96a35a4","__parent":"dealer_c","position":[-818.080688,-108.728775,296.624237],"improvedSpline":true,"material":"line_white_damage_02","nodes":[[-818.080688,-108.728775,296.624237,0.200000003],[-816.680603,-103.411179,296.624237,0.200000003]],"renderPriority":2,"startEndFade":[0.100000001,0.100000001],"textureLength":6}
{"class":"DecalRoad","persistentId":"f3cc3576-f57f-43b2-a0ea-547a4f1ac4e4","__parent":"dealer_c","position":[-820.939209,-107.873413,296.624237],"improvedSpline":true,"material":"line_white_damage_02","nodes":[[-820.939209,-107.873413,296.624237,0.200000003],[-819.539124,-102.555817,296.624237,0.200000003]],"renderPriority":2,"startEndFade":[0.100000001,0.100000001],"textureLength":6}
{"class":"DecalRoad","persistentId":"ab1dee28-2162-4b2e-8d06-a3a454d80edc","__parent":"dealer_c","position":[-823.888611,-107.00425,296.624237],"improvedSpline":true,"material":"line_white_damage_02","nodes":[[-823.888611,-107.00425,296.624237,0.200000003],[-822.488525,-101.686653,296.624237,0.200000003]],"renderPriority":2,"startEndFade":[0.100000001,0.100000001],"textureLength":6}
{"class":"TSStatic","persistentId":"13329823-c95d-4a6f-993b-a429d4e3183b","__parent":"dealer_c","position":[-806.682434,-63.0216751,296.624268],"annotation":"OBSTACLES","isRenderEnabled":false,"rotationMatrix":[-0.124175906,-0.992260218,0,0.992260218,-0.124175906,0,0,0,1],"shapeName":"/art/shapes/garage_and_dealership/Clutter/ind_dumpster_full.DAE","useInstanceRenderData":true}
{"class":"TSStatic","persistentId":"e37cbde4-de79-400d-819d-15bb689d6644","__parent":"dealer_c","position":[-809.015015,-63.1970139,296.624268],"annotation":"OBSTACLES","isRenderEnabled":false,"rotationMatrix":[-0.238301784,-0.971191168,0,0.971191168,-0.238301784,0,0,0,1],"shapeName":"/art/shapes/garage_and_dealership/Clutter/ind_dumpster_empty.DAE","useInstanceRenderData":true}
{"class":"TSStatic","persistentId":"9afa3ace-5cb0-4d82-ab14-18dc60be2dd9","__parent":"dealer_c","position":[-806.492126,-65.2899246,296.624237],"annotation":"OBSTACLES","isRenderEnabled":false,"shapeName":"/art/shapes/garage_and_dealership/Clutter/ind_metal_scraps_b.DAE","useInstanceRenderData":true}
{"class":"TSStatic","persistentId":"d637c97f-fa44-4dd3-9911-cd755c403190","__parent":"dealer_c","position":[-804.329834,-66.4146347,296.727509],"annotation":"OBSTACLES","isRenderEnabled":false,"rotationMatrix":[0.258818895,0.965925813,0,-0.933377683,0.250097662,-0.257404625,-0.248633772,0.0666211769,0.966303706],"shapeName":"/art/shapes/garage_and_dealership/Clutter/cbbox_large_dirt.DAE","useInstanceRenderData":true}
{"class":"TSStatic","persistentId":"d08f67c8-c36e-499f-a6ab-e8512543bddd","__parent":"dealer_c","position":[-804.433594,-65.5733643,296.624237],"annotation":"OBSTACLES","isRenderEnabled":false,"shapeName":"/art/shapes/garage_and_dealership/Clutter/cbbox_medium_dirt.DAE","useInstanceRenderData":true}
{"class":"TSStatic","persistentId":"fe9e3bc4-1e0a-4a12-b214-674a1bc357e6","__parent":"dealer_c","position":[-804.424866,-65.5809174,296.958923],"annotation":"OBSTACLES","isRenderEnabled":false,"rotationMatrix":[1,0,0,0,0.995558381,-0.0941447392,0,0.0941447392,0.995558381],"shapeName":"/art/shapes/garage_and_dealership/Clutter/cbbox_small_dirt.DAE","useInstanceRenderData":true}
{"class":"TSStatic","persistentId":"57f75a29-83b5-4716-bc4f-413b34e4043a","__parent":"dealer_c","position":[-804.159546,-64.1763535,296.624237],"annotation":"OBSTACLES","isRenderEnabled":false,"rotationMatrix":[-0.500000179,0.866025329,0,-0.866025329,-0.500000179,0,0,0,1],"shapeName":"/art/shapes/garage_and_dealership/Clutter/ind_clutter_mix.DAE","useInstanceRenderData":true}
{"class":"TSStatic","persistentId":"59803fa1-fffb-49c9-807f-940a15b7cf30","__parent":"dealer_c","position":[-805.033997,-64.4429779,296.624237],"annotation":"OBSTACLES","isRenderEnabled":false,"rotationMatrix":[0.329206795,0.944257855,0,-0.944257855,0.329206795,0,0,0,1],"shapeName":"/art/shapes/garage_and_dealership/Clutter/cbbox_medium_dirt.DAE","useInstanceRenderData":true}
{"name":"clutter_fire_4","class":"TSStatic","persistentId":"12a76406-fc63-446b-97d1-f315c3ed7f7c","__parent":"dealer_c","position":[-795.764099,-80.8548813,296.783844],"annotation":"OBSTACLES","isRenderEnabled":false,"rotationMatrix":[0.860970616,-0.50865382,0,0.50865382,0.860970616,0,0,0,1],"shapeName":"/levels/utah/art/shapes/clutter/clutter_workshop_fire_extinguisher.dae"}
{"class":"TSStatic","persistentId":"2691a816-5fa7-44a5-9fe5-2d314d4f985c","__parent":"dealer_c","position":[-805.373535,-78.4172134,296.785553],"annotation":"OBSTACLES","isRenderEnabled":false,"rotationMatrix":[0.859425366,0.511260629,0,-0.511260688,0.859425306,0,0,0,1],"shapeName":"/levels/utah/art/shapes/clutter/clutter_workshop_white_bucket.dae"}
{"class":"TSStatic","persistentId":"03eba21a-524e-47c0-9f42-04e249942eeb","__parent":"dealer_c","position":[-791.109375,-75.9894714,296.783539],"annotation":"OBSTACLES","isRenderEnabled":false,"rotationMatrix":[0.385253251,0.922810197,0,-0.922810197,0.385253251,0,0,0,1],"shapeName":"/levels/utah/art/shapes/clutter/clutter_workshop_toolbox.dae"}
{"class":"TSStatic","persistentId":"e56798e8-a29f-4588-b471-6239c344dc61","__parent":"dealer_c","position":[-806.683167,-78.154808,296.785187],"annotation":"OBSTACLES","isRenderEnabled":false,"rotationMatrix":[0.298709542,-0.954343498,0,0.954343498,0.298709542,0,0,0,1],"shapeName":"/levels/utah/art/shapes/clutter/clutter_workshop_green_can.dae"}
{"class":"TSStatic","persistentId":"749b93b7-6f9f-4d83-98f3-abcca30cca7c","__parent":"dealer_c","position":[-806.885681,-77.7906113,296.856781],"annotation":"OBSTACLES","isRenderEnabled":false,"rotationMatrix":[-0.886132121,0.463431537,4.67306158e-08,-4.08957774e-08,2.26387264e-08,-1,-0.463431537,-0.886132121,-1.10851039e-09],"shapeName":"/levels/utah/art/shapes/clutter/clutter_workshop_green_can.dae"}
{"class":"TSStatic","persistentId":"fd718fb1-35e5-44ba-bd9d-ae81b6ea699e","__parent":"dealer_c","position":[-806.360535,-78.1211395,296.786346],"annotation":"OBSTACLES","isRenderEnabled":false,"rotationMatrix":[-0.23264651,-0.972560883,0,0.972560883,-0.23264651,0,0,0,1],"shapeName":"/levels/utah/art/shapes/clutter/clutter_workshop_black_oil.dae"}
{"class":"TSStatic","persistentId":"6507ff49-5eaf-423c-a33b-3a08b95f74c6","__parent":"dealer_c","position":[-806.316895,-78.2648773,296.786346],"annotation":"OBSTACLES","isRenderEnabled":false,"rotationMatrix":[0.952523053,-0.304464668,0,0.304464668,0.952523053,0,0,0,1],"shapeName":"/levels/utah/art/shapes/clutter/clutter_workshop_black_oil.dae"}
{"class":"TSStatic","persistentId":"d1bfe50b-894c-4750-9478-51fef2590f3e","__parent":"dealer_c","position":[-806.132751,-78.3398438,296.837341],"annotation":"OBSTACLES","isRenderEnabled":false,"rotationMatrix":[0.969173253,0.24637875,-4.63210199e-08,-4.46854358e-08,-1.22293535e-08,-1,-0.24637875,0.969173253,-8.42820813e-10],"shapeName":"/levels/utah/art/shapes/clutter/clutter_workshop_black_oil.dae"}
{"class":"TSStatic","persistentId":"97b1ae41-8e9b-4993-9b34-4c5005e8745c","__parent":"dealer_c","position":[-805.816345,-78.3668823,296.796509],"annotation":"OBSTACLES","isRenderEnabled":false,"rotationMatrix":[0.985891223,-0.166107744,-0.0206345655,0.15902786,0.967990518,-0.194174051,0.0522279516,0.188152909,0.980749965],"shapeName":"/levels/utah/art/shapes/clutter/clutter_workshop_broom.dae"}
{"class":"TSStatic","persistentId":"bc2a7aa4-1d84-44e0-b182-c4b5584a0781","__parent":"dealer_c","position":[-794.005859,-81.4165039,296.784973],"annotation":"OBSTACLES","isRenderEnabled":false,"shapeName":"/levels/utah/art/shapes/clutter/clutter_workshop_hand_truck.dae","useInstanceRenderData":true}
{"class":"DecalRoad","persistentId":"d2294c79-7d68-45e1-b117-0f4f7b0f92eb","__parent":"dealer_c","position":[-780.172913,-78.4236908,296.624237],"breakAngle":1,"distanceFade":[400,200],"improvedSpline":true,"material":"AsphaltRoad_damage_large_cracks_decal","nodes":[[-780.172913,-78.4236908,296.624237,2],[-779.829407,-74.1598663,296.624237,2]],"renderPriority":9,"startEndFade":[1,1],"textureLength":8}
{"class":"DecalRoad","persistentId":"c3b539b0-f461-46ec-bc2b-0a6a61469d30","__parent":"dealer_c","position":[-788.511658,-70.8792496,296.624237],"breakAngle":1,"distanceFade":[400,200],"improvedSpline":true,"material":"AsphaltRoad_damage_large_cracks_decal","nodes":[[-788.511658,-70.8792496,296.624237,2],[-789.667847,-75.8355713,296.624237,2]],"renderPriority":9,"startEndFade":[1,1],"textureLength":8}
{"class":"DecalRoad","persistentId":"0728b29c-09fc-4180-9ae6-102bc449b08f","__parent":"dealer_c","position":[-796.599854,-87.3373489,296.624237],"breakAngle":1,"distanceFade":[400,200],"improvedSpline":true,"material":"AsphaltRoad_damage_large_cracks_decal","nodes":[[-796.599854,-87.3373489,296.624237,2],[-803.288757,-85.1415405,296.624237,2]],"renderPriority":2,"startEndFade":[1,1],"textureLength":8}
{"class":"DecalRoad","persistentId":"24f45283-c66b-42ed-a45f-08a5ec92c1c5","__parent":"dealer_c","position":[-795.987671,-89.0706406,296.624237],"breakAngle":1,"distanceFade":[400,200],"improvedSpline":true,"material":"AsphaltRoad_damage_large_cracks_decal","nodes":[[-795.987671,-89.0706406,296.624237,2],[-800.734192,-87.7238464,296.624237,2]],"renderPriority":2,"startEndFade":[1,1],"textureLength":8}
{"class":"DecalRoad","persistentId":"1dae0f93-09b6-44a9-a70b-c9ed2c6400cd","__parent":"dealer_c","position":[-800.898926,-84.3438034,296.624237],"breakAngle":1,"distanceFade":[400,200],"improvedSpline":true,"material":"AsphaltRoad_damage_large_cracks_decal","nodes":[[-800.898926,-84.3438034,296.624237,2],[-793.109009,-86.5625916,296.624237,2]],"renderPriority":2,"startEndFade":[1,1],"textureLength":8}
{"class":"DecalRoad","persistentId":"af1d944e-c6fa-4549-9dc6-343710333a47","__parent":"dealer_c","position":[-800.003845,-82.7043457,296.624237],"breakAngle":1,"distanceFade":[400,200],"improvedSpline":true,"material":"AsphaltRoad_damage_large_cracks_decal","nodes":[[-800.003845,-82.7043457,296.624237,2],[-793.468994,-84.6693192,296.624237,2]],"renderPriority":2,"startEndFade":[1,1],"textureLength":8}
{"class":"DecalRoad","persistentId":"1cc34457-3203-4cae-a3fa-1d0fc93a9e53","__parent":"dealer_c","position":[-795.07135,-88.3709564,296.624237],"improvedSpline":true,"material":"tread_marks_damaged","nodes":[[-795.07135,-88.3709564,296.624237,4],[-802.390503,-86.1037827,296.624237,4]],"renderPriority":5,"startEndFade":[2,2],"textureLength":16}
{"class":"DecalRoad","persistentId":"2236f31b-dc25-4d1d-aed1-e9bfdd917895","__parent":"dealer_c","position":[-788.025696,-103.495667,296.624237],"improvedSpline":true,"material":"tread_marks_clean","nodes":[[-788.025696,-103.495667,296.624237,4],[-797.324097,-111.692711,296.624237,4],[-803.386536,-125.692673,296.624237,4]],"renderPriority":6,"startEndFade":[5,5],"textureLength":16}
{"class":"DecalRoad","persistentId":"2b36bca7-a5b0-423f-b793-2d86469b4353","__parent":"dealer_c","position":[-805.483276,-139.398941,296.624237],"improvedSpline":true,"material":"tread_marks_clean","nodes":[[-805.483276,-139.398941,296.624237,4],[-798.48999,-120.079239,296.624237,4],[-785.057495,-104.456848,296.607422,4]],"renderPriority":6,"startEndFade":[5,5],"textureLength":16}
{"class":"DecalRoad","persistentId":"23f31829-b75f-4410-86c3-150959b58268","__parent":"dealer_c","position":[-772.550659,-105.334282,296.371399],"improvedSpline":true,"material":"AsphaltRoad_variation_01","nodes":[[-772.550659,-105.334282,296.371399,4],[-782.392761,-103.236465,296.573853,4],[-788.424011,-97.4561234,296.624237,4]],"renderPriority":5,"startEndFade":[5,5],"textureLength":40}
{"class":"DecalRoad","persistentId":"482ed65a-2520-4dea-85b5-efb5130140fa","__parent":"dealer_c","position":[-785.621948,-91.3320541,296.624237],"improvedSpline":true,"material":"AsphaltRoad_variation_01","nodes":[[-785.621948,-91.3320541,296.624237,4],[-792.819641,-84.8301392,296.624237,4],[-801.505737,-81.5504837,296.624237,4]],"renderPriority":5,"startEndFade":[5,5],"textureLength":40}
{"class":"DecalRoad","persistentId":"4aec7df0-d0b4-4c56-bc8b-1575a4e80ed0","__parent":"dealer_c","position":[-793.751343,-130.703094,296.624237],"improvedSpline":true,"material":"AsphaltRoad_variation_01","nodes":[[-793.751343,-130.703094,296.624237,4],[-800.545532,-121.965919,296.624237,4]],"renderPriority":5,"startEndFade":[5,5],"textureLength":40}
{"class":"DecalRoad","persistentId":"7cd78b05-0bf2-45f3-b14c-f21dad4e66c7","__parent":"dealer_c","position":[-803.786682,-134.100021,296.624237],"improvedSpline":true,"material":"AsphaltRoad_variation_01","nodes":[[-803.786682,-134.100021,296.624237,4],[-800.806641,-124.717072,296.624237,4],[-794.393799,-113.980476,296.624237,4]],"renderPriority":5,"startEndFade":[5,5],"textureLength":40}
{"class":"DecalRoad","persistentId":"ce816acd-3ee1-4eca-b573-4e537edbdf48","__parent":"dealer_c","position":[-800.036011,-116.285851,296.624237],"improvedSpline":true,"material":"AsphaltRoad_variation_01","nodes":[[-800.036011,-116.285851,296.624237,4],[-794.779846,-108.763687,296.624237,4],[-786.773071,-103.244286,296.624237,4]],"renderPriority":5,"startEndFade":[5,5],"textureLength":40}
{"class":"DecalRoad","persistentId":"4759a5d0-f756-4242-bc33-335dd0cc1d07","__parent":"dealer_c","position":[-795.647949,-85.580658,296.624237],"breakAngle":1,"distanceFade":[400,200],"improvedSpline":true,"material":"AsphaltRoad_damage_large_cracks_decal","nodes":[[-795.647949,-85.580658,296.624237,2],[-791.886414,-87.4200516,296.624237,2]],"renderPriority":9,"startEndFade":[1,1],"textureLength":8}
{"class":"DecalRoad","persistentId":"41b5a408-c279-45f2-a84b-2e121f73004b","__parent":"dealer_c","position":[-782.300354,-93.0955658,296.624237],"breakAngle":1,"distanceFade":[400,200],"improvedSpline":true,"material":"AsphaltRoad_damage_large_cracks_decal","nodes":[[-782.300354,-93.0955658,296.624237,2],[-781.122375,-87.3701935,296.624237,2]],"renderPriority":9,"startEndFade":[1,1],"textureLength":8}
{"class":"DecalRoad","persistentId":"f9d885dc-e3ac-4c16-9892-3061cf371b9d","__parent":"dealer_c","position":[-807.914612,-78.4827423,296.624237],"breakAngle":1,"distanceFade":[400,200],"improvedSpline":true,"material":"AsphaltRoad_damage_large_cracks_decal","nodes":[[-807.914612,-78.4827423,296.624237,2],[-808.112549,-81.6567078,296.624237,2]],"renderPriority":9,"startEndFade":[1,1],"textureLength":8}
{"class":"DecalRoad","persistentId":"9236e6d6-c18a-479c-b4c8-b7476d1c661a","__parent":"dealer_c","position":[-789.698181,-115.594284,296.624237],"breakAngle":1,"distanceFade":[400,200],"improvedSpline":true,"material":"AsphaltRoad_damage_large_cracks_decal","nodes":[[-789.698181,-115.594284,296.624237,2],[-790.474731,-119.738121,296.624237,2]],"renderPriority":9,"startEndFade":[1,1],"textureLength":8}
{"class":"DecalRoad","persistentId":"442cd270-f039-47dd-913c-338602fcfd3b","__parent":"dealer_c","position":[-791.977173,-124.0569,296.624237],"breakAngle":1,"distanceFade":[400,200],"improvedSpline":true,"material":"AsphaltRoad_damage_large_cracks_decal","nodes":[[-791.977173,-124.0569,296.624237,2],[-793.15155,-128.321335,296.624237,2]],"renderPriority":9,"startEndFade":[1,1],"textureLength":8}
{"class":"DecalRoad","persistentId":"7ec94e81-bd77-43e8-87d3-782e925fd16c","__parent":"dealer_c","position":[-793.688354,-129.554199,296.624237],"breakAngle":1,"distanceFade":[400,200],"improvedSpline":true,"material":"AsphaltRoad_damage_large_cracks_decal","nodes":[[-793.688354,-129.554199,296.624237,2],[-795.186646,-136.162231,296.624237,2]],"renderPriority":9,"startEndFade":[1,1],"textureLength":8}
{"class":"DecalRoad","persistentId":"3653d82d-a6df-4608-bf74-105c7cef4698","__parent":"dealer_c","position":[-796.065491,-139.752777,296.624237],"breakAngle":1,"distanceFade":[400,200],"improvedSpline":true,"material":"AsphaltRoad_damage_large_cracks_decal","nodes":[[-796.065491,-139.752777,296.624237,2],[-797.449158,-143.029877,296.624237,2]],"renderPriority":9,"startEndFade":[1,1],"textureLength":8}
{"class":"DecalRoad","persistentId":"69528d59-7c2e-42a0-b9c3-3d7caec87bcd","__parent":"dealer_c","position":[-775.513367,-116.468071,295.601074],"breakAngle":1,"distanceFade":[400,200],"improvedSpline":true,"material":"AsphaltRoad_damage_large_cracks_decal","nodes":[[-775.513367,-116.468071,295.601074,2],[-776.285889,-114.170212,295.900146,2],[-777.438721,-112.284721,296.263428,2]],"renderPriority":9,"startEndFade":[1,1],"textureLength":8}
{"class":"DecalRoad","persistentId":"83e77c87-6b9e-45c3-8420-bf31945908c8","__parent":"dealer_c","position":[-780.561401,-101.10775,296.561646],"breakAngle":1,"distanceFade":[400,200],"improvedSpline":true,"material":"AsphaltRoad_damage_large_cracks_decal","nodes":[[-780.561401,-101.10775,296.561646,2],[-783.664917,-98.4620438,296.620148,2]],"renderPriority":9,"startEndFade":[1,1],"textureLength":8}
{"class":"DecalRoad","persistentId":"ee0e9a58-854d-467e-b359-1642e926cbd3","__parent":"dealer_c","position":[-782.221619,-84.3244858,296.624237],"improvedSpline":true,"material":"AsphaltRoad_variation_01","nodes":[[-782.221619,-84.3244858,296.624237,5],[-783.101501,-77.6694489,296.624237,5],[-788.104248,-71.1695099,296.624237,5]],"renderPriority":5,"startEndFade":[3,3],"textureLength":64}
{"class":"DecalRoad","persistentId":"ccd6b1cc-a992-4e13-aca3-e45d6f8063ed","__parent":"dealer_c","position":[-803.672241,-80.8460617,296.624237],"improvedSpline":true,"material":"AsphaltRoad_variation_01","nodes":[[-803.672241,-80.8460617,296.624237,5],[-806.811279,-92.8558197,296.624237,5]],"renderPriority":5,"startEndFade":[3,3],"textureLength":64}
{"class":"DecalRoad","persistentId":"ed2669c4-2751-4f3d-befa-4d89a7576eb9","__parent":"dealer_c","position":[-801.806152,-137.663956,296.624237],"improvedSpline":true,"material":"line_white_damage_02","nodes":[[-801.806152,-137.663956,296.624237,0.200000003],[-797.230835,-142.569061,296.624237,0.200000003]],"renderPriority":2,"startEndFade":[0.100000001,0.100000001],"textureLength":6}
{"class":"DecalRoad","persistentId":"7f3cac54-b49a-494f-8050-949b7a7bb089","__parent":"dealer_c","position":[-795.631104,-138.085968,296.624237],"improvedSpline":true,"material":"line_white_damage_02","nodes":[[-795.631104,-138.085968,296.624237,0.200000003],[-800.148438,-132.631744,296.624237,0.200000003]],"renderPriority":2,"startEndFade":[0.100000001,0.100000001],"textureLength":6}
{"class":"DecalRoad","persistentId":"80b29c55-d351-4484-ba5c-615578494297","__parent":"dealer_c","position":[-794.18457,-133.388641,296.624237],"improvedSpline":true,"material":"line_white_damage_02","nodes":[[-794.18457,-133.388641,296.624237,0.200000003],[-798.518982,-127.773201,296.624237,0.200000003]],"renderPriority":2,"startEndFade":[0.100000001,0.100000001],"textureLength":6}
{"class":"DecalRoad","persistentId":"a0a8e840-2544-4531-845f-f1cafde2224d","__parent":"dealer_c","position":[-792.831848,-128.352158,296.624237],"improvedSpline":true,"material":"line_white_damage_02","nodes":[[-792.831848,-128.352158,296.624237,0.200000003],[-797.194275,-123.017807,296.624237,0.200000003]],"renderPriority":2,"startEndFade":[0.100000001,0.100000001],"textureLength":6}
{"class":"DecalRoad","persistentId":"7b8a0d81-b88d-4a0a-a3a2-fbabf9f61bc2","__parent":"dealer_c","position":[-791.592346,-123.694298,296.624237],"improvedSpline":true,"material":"line_white_damage_02","nodes":[[-791.592346,-123.694298,296.624237,0.200000003],[-795.689453,-118.3367,296.624237,0.200000003]],"renderPriority":2,"startEndFade":[0.100000001,0.100000001],"textureLength":6}
{"class":"DecalRoad","persistentId":"8a38966e-e430-4041-b650-941b1f1061bf","__parent":"dealer_c","position":[-764.680847,-100.055473,296.694519],"improvedSpline":true,"material":"tread_marks_clean","nodes":[[-764.680847,-100.055473,296.694519,4],[-772.580078,-104.360085,296.411072,4],[-782.766541,-102.850677,296.582367,4]],"renderPriority":6,"startEndFade":[5,5],"textureLength":16}
{"class":"DecalRoad","persistentId":"43c1584f-31a1-46d1-84b3-fb05384c480f","__parent":"dealer_c","position":[-786.993347,-89.3521881,296.624237],"improvedSpline":true,"material":"tread_marks_clean","nodes":[[-786.993347,-89.3521881,296.624237,4],[-792.491211,-84.6110764,296.624237,4],[-801.992249,-81.5174103,296.624237,4]],"renderPriority":6,"startEndFade":[5,5],"textureLength":16}
{"class":"DecalRoad","persistentId":"768ecf23-b469-4309-a40e-b4bb750816b5","__parent":"dealer_c","position":[-809.261292,-91.7045059,296.624237],"improvedSpline":true,"material":"tread_marks_clean","nodes":[[-809.261292,-91.7045059,296.624237,4],[-802.07373,-88.1902008,296.624237,4],[-792.711365,-90.3429031,296.624237,4]],"renderPriority":6,"startEndFade":[5,5],"textureLength":16}
{"class":"DecalRoad","persistentId":"21259d8c-d978-4827-b708-c4c55a906420","__parent":"dealer_c","position":[-772.387756,-116.171066,295.758728],"improvedSpline":true,"material":"tread_marks_clean","nodes":[[-772.387756,-116.171066,295.758728,4],[-775.665466,-110.221519,296.185089,4],[-785.678284,-107.279617,296.600891,4]],"renderPriority":6,"startEndFade":[5,5],"textureLength":16}
{"class":"DecalRoad","persistentId":"4984c48e-43f6-4f05-939c-ab5a74a77255","__parent":"dealer_c","position":[-819.660522,-102.312111,296.624237],"drivability":0.400000006,"improvedSpline":true,"material":"tread_marks_clean","nodes":[[-819.660522,-102.312111,296.624237,4],[-798.441162,-108.193405,296.624237,4],[-790.061462,-107.035164,296.624237,4]],"renderPriority":6,"startEndFade":[5,5],"textureLength":16}
{"class":"DecalRoad","persistentId":"1c83d311-c9a2-4bd7-b7e8-1c7a75e122a4","__parent":"dealer_c","position":[-785.467468,-93.7473145,296.624237],"improvedSpline":true,"material":"tread_marks_clean","nodes":[[-785.467468,-93.7473145,296.624237,4],[-782.343567,-79.3370667,296.624237,4],[-788.771484,-71.9185181,296.624237,4]],"renderPriority":6,"startEndFade":[5,5],"textureLength":16}
{"class":"DecalRoad","persistentId":"41af107a-9db7-47e5-8e55-68dd46451763","__parent":"dealer_c","position":[-799.95752,-95.494278,296.624237],"improvedSpline":true,"material":"tread_marks_clean","nodes":[[-799.95752,-95.494278,296.624237,3.9000001],[-804.583984,-87.4773712,296.624237,3.9000001],[-803.332703,-79.1218567,296.624237,3.9000001]],"renderPriority":6,"startEndFade":[5,5],"textureLength":16}
{"class":"TSStatic","persistentId":"9d7ce1a1-1f65-456a-ac3c-0f9500d1a090","__parent":"dealer_c","position":[-799.054932,-75.985321,296.624634],"annotation":"BUILDINGS","decalType":"Visible Mesh Final","isRenderEnabled":false,"rotationMatrix":[0.965925753,-0.258819401,0,0.258819401,0.965925753,0,0,0,1],"shapeName":"/levels/utah/art/shapes/buildings/Dealer_c_gas_station.DAE","useInstanceRenderData":true}
{"class":"TSStatic","persistentId":"78daf07a-0cb9-4d61-b362-7c10ee01ebb3","__parent":"dealer_c","position":[-806.224304,-99.9289856,296.795197],"annotation":"OBSTACLES","isRenderEnabled":false,"rotationMatrix":[-0.963487446,0.267752767,0,-0.267752767,-0.963487446,0,0,0,1],"shapeName":"/levels/utah/art/shapes/buildings/concrete_bedding.dae","useInstanceRenderData":true}
{"class":"TSStatic","persistentId":"0a42e4b0-52a7-4e79-ae97-de15166b3497","__parent":"dealer_c","position":[-816.559937,-110.813736,296.624237],"annotation":"OBSTACLES","isRenderEnabled":false,"rotationMatrix":[-0.972650647,0.232273296,0,-0.232273296,-0.972650647,0,0,0,1],"shapeName":"/levels/utah/art/shapes/buildings/ut_recycle_bin.DAE","useInstanceRenderData":true}
{"class":"TSStatic","persistentId":"1d4726d3-814a-4321-b105-003d06950f4d","__parent":"dealer_c","position":[-818.301514,-110.325119,296.624237],"annotation":"OBSTACLES","isRenderEnabled":false,"rotationMatrix":[-0.955900013,0.293692231,0,-0.293692231,-0.955900013,0,0,0,1],"shapeName":"/levels/utah/art/shapes/buildings/ut_recycle_bin_b.DAE","useInstanceRenderData":true}
{"class":"TSStatic","persistentId":"ea6f8e3c-e568-40e1-8795-3a542e6355eb","__parent":"dealer_c","position":[-819.546875,-121.736938,296.702301],"annotation":"BUILDINGS","decalType":"Visible Mesh Final","isRenderEnabled":false,"rotationMatrix":[0.267103791,0.96366775,0,-0.96366775,0.267103791,0,0,0,1],"shapeName":"/levels/utah/art/shapes/buildings/dealer_c.dae","useInstanceRenderData":true}
{"name":"pumps_canyon_fuel","class":"SimGroup","persistentId":"0920c2bf-75de-426e-9e89-4686431ce53d","__parent":"dealer_c"}
