{"class":"TSStatic","persistentId":"009d7944-f924-4821-81d0-87a74b10b370","__parent":"powerlines_city_main","position":[1278.42249,1327.98352,151.618027],"annotation":"POLE","isRenderEnabled":false,"rotationMatrix":[0.999905705,0,-0.0137178889,0,1,0,0.0137178889,0,0.999905705],"scale":[1.3864255,1,1],"shapeName":"/levels/italy/art/shapes/buildings/powerline_city2.dae"}
{"class":"TSStatic","persistentId":"018bec80-b33b-41f7-9c5d-f6f776427d02","__parent":"powerlines_city_main","position":[651.40094,1368.56335,149.63002],"annotation":"POLE","isRenderEnabled":false,"rotationMatrix":[0.985071659,-0.172145188,0,0.172145188,0.985071659,0,0,0,1],"scale":[1.4075954,1.4075954,1.4075954],"shapeName":"/levels/italy/art/shapes/buildings/powerline_city2.dae"}
{"class":"TSStatic","persistentId":"03bc33f3-2f10-4473-808f-f27bc7bcb9a8","__parent":"powerlines_city_main","position":[1028.42542,1277.23486,151.481781],"annotation":"POLE","isRenderEnabled":false,"rotationMatrix":[0.996616423,0,0.0821929574,0,1,0,-0.0821929574,0,0.996616423],"scale":[1.88290274,1.88290274,1.88290274],"shapeName":"/levels/italy/art/shapes/buildings/powerline_city2.dae"}
{"class":"TSStatic","persistentId":"04724583-69ff-463a-ad5a-6589e6384133","__parent":"powerlines_city_main","position":[536.001648,1285.44714,170.10701],"annotation":"POLE","isRenderEnabled":false,"rotationMatrix":[-0.0544148721,0.998518288,0,-0.998518288,-0.0544148721,0,0,0,1],"shapeName":"/levels/italy/art/shapes/buildings/powerline_city2.dae"}
{"class":"TSStatic","persistentId":"04b2386f-fb41-43cf-8a0e-bcbd63d62525","__parent":"powerlines_city_main","position":[734.034546,1339.47461,153.986038],"annotation":"POLE","isRenderEnabled":false,"rotationMatrix":[-0.695292115,0.718727171,0,-0.718727171,-0.695292115,0,0,0,1],"scale":[1.05428863,0.983569324,0.983569324],"shapeName":"/levels/italy/art/shapes/buildings/powerline_city1.dae"}
{"class":"TSStatic","persistentId":"0a6f59f1-1f84-49ca-b7f7-904016047810","__parent":"powerlines_city_main","position":[1093.12646,1268.46545,151.293564],"annotation":"POLE","isRenderEnabled":false,"rotationMatrix":[0.0308476202,0.99952352,0,-0.99952352,0.0308476202,0,0,0,1],"scale":[0.398690015,1,0.601635635],"shapeName":"/levels/italy/art/shapes/buildings/powerline_city3.dae"}
{"class":"TSStatic","persistentId":"0ab81ff5-a738-4660-a3ac-061d5f705678","__parent":"powerlines_city_main","position":[952.533997,1192.40833,159.701874],"annotation":"POLE","isRenderEnabled":false,"rotationMatrix":[0.0596677698,-0.993811905,-0.093691498,0.998180032,0.0602249987,-0.00312848971,0.00875169877,-0.0933343694,0.995596468],"scale":[1.28282332,1,1],"shapeName":"/levels/italy/art/shapes/buildings/powerline_city2.dae"}
{"class":"TSStatic","persistentId":"0c04107e-2a71-4587-8ef9-64774348f5a3","__parent":"powerlines_city_main","position":[917.048523,1268.40796,152.896454],"annotation":"POLE","isRenderEnabled":false,"rotationMatrix":[0.254633665,0.966602564,0.028998537,-0.967037439,0.254519194,0.00763569446,-2.09541762e-09,-0.0299869776,0.999550343],"scale":[1.3419646,1.3419646,1.3419646],"shapeName":"/levels/italy/art/shapes/buildings/powerline_city2.dae"}
{"class":"TSStatic","persistentId":"116fc83a-60b3-41d9-b7ff-302c1cd62276","__parent":"powerlines_city_main","position":[1304.66528,1268.43384,157.675629],"annotation":"POLE","isRenderEnabled":false,"rotationMatrix":[0.00235794298,0.999996781,0,-0.999996781,0.00235794298,0,0,0,1],"scale":[1.19547939,1,1],"shapeName":"/levels/italy/art/shapes/buildings/powerline_city1.dae"}
{"class":"TSStatic","persistentId":"1552ff19-c77c-4b4f-a429-d36ccee0c913","__parent":"powerlines_city_main","position":[460.720245,1349.97852,166.867706],"annotation":"POLE","isRenderEnabled":false,"rotationMatrix":[0.0430370569,0.999073625,0,-0.999073625,0.0430370569,0,0,0,1],"scale":[0.981623948,1,1],"shapeName":"/levels/italy/art/shapes/buildings/powerline_city2.dae"}
{"class":"TSStatic","persistentId":"168d718d-f245-4f01-a13f-732f923d516d","__parent":"powerlines_city_main","position":[443.200836,1351.79761,168.446243],"annotation":"POLE","isRenderEnabled":false,"rotationMatrix":[-0.0128638744,0.999916852,0,-0.999916852,-0.0128638744,0,0,0,1],"scale":[1.02929914,1,1],"shapeName":"/levels/italy/art/shapes/buildings/powerline_city1.dae"}
{"class":"TSStatic","persistentId":"16927898-3e58-4450-a3f3-bbf68370b759","__parent":"powerlines_city_main","position":[1002.44281,1222.36145,156.999344],"annotation":"POLE","isRenderEnabled":false,"rotationMatrix":[-0.0463556722,0.998925269,0,-0.998925269,-0.0463556722,0,0,0,1],"scale":[1.39588141,1.39588141,1.39588141],"shapeName":"/levels/italy/art/shapes/buildings/powerline_city2.dae"}
{"class":"TSStatic","persistentId":"16b33083-7393-4a27-b066-dfd9684f9783","__parent":"powerlines_city_main","position":[1067.31677,1270.48694,149.961349],"annotation":"POLE","isRenderEnabled":false,"rotationMatrix":[0.000591659918,0.999999821,0,-0.999999821,0.000591659918,0,0,0,1],"scale":[0.397832006,0.437089711,0.437089711],"shapeName":"/levels/italy/art/shapes/buildings/powerline_city3.dae"}
{"class":"TSStatic","persistentId":"1a14f07f-1bac-4728-b025-fc44f087c88e","__parent":"powerlines_city_main","position":[1028.24121,1159.4978,158.183075],"annotation":"POLE","isRenderEnabled":false,"rotationMatrix":[-0.316651464,0.948541582,0,-0.948541582,-0.316651464,0,0,0,1],"scale":[1.15011561,1,1],"shapeName":"/levels/italy/art/shapes/buildings/powerline_city1.dae"}
{"class":"TSStatic","persistentId":"1acc769a-0ffe-4df8-b192-986e77db4d53","__parent":"powerlines_city_main","position":[544.763916,1312.86768,167.253281],"annotation":"POLE","isRenderEnabled":false,"scale":[0.784960985,1,1],"shapeName":"/levels/italy/art/shapes/buildings/powerline_city2.dae"}
{"class":"TSStatic","persistentId":"1b26f42e-522d-439c-b5f9-b5ac39831444","__parent":"powerlines_city_main","position":[1025.32898,1223.45203,155.473755],"annotation":"POLE","isRenderEnabled":false,"rotationMatrix":[-0.0722808391,0.989948273,0.121564776,-0.997384489,-0.071741946,-0.00880984217,3.0114149e-09,-0.121883579,0.992544472],"scale":[1.41373312,1.41373312,1.41373312],"shapeName":"/levels/italy/art/shapes/buildings/powerline_city2.dae"}
{"class":"TSStatic","persistentId":"1bcfe3db-b7eb-4577-9f01-88cfc6b8e8f2","__parent":"powerlines_city_main","position":[954.495728,1192.98792,159.679764],"annotation":"POLE","isRenderEnabled":false,"rotationMatrix":[0.997057796,0,-0.076651603,0,1,0,0.076651603,0,0.997057796],"scale":[1.58178699,1,1],"shapeName":"/levels/italy/art/shapes/buildings/powerline_city2.dae"}
{"class":"TSStatic","persistentId":"1da2a3ef-a4e7-46fa-a03d-42ea4ce421b7","__parent":"powerlines_city_main","position":[1227.33582,1228.35742,161.16156],"annotation":"POLE","isRenderEnabled":false,"rotationMatrix":[-0.129929572,0.991523385,0,-0.991523385,-0.129929572,0,0,0,1],"scale":[1.27498889,1,1],"shapeName":"/levels/italy/art/shapes/buildings/powerline_city3.dae"}
{"class":"TSStatic","persistentId":"1eb52ed3-1786-4a11-b7ab-5941def2124c","__parent":"powerlines_city_main","position":[471.40564,1343.22412,167.888031],"annotation":"POLE","isRenderEnabled":false,"rotationMatrix":[0.99859947,-0.0529081337,0,0.0529081337,0.99859947,0,0,0,1],"scale":[1.11750829,1,1],"shapeName":"/levels/italy/art/shapes/buildings/powerline_city1.dae"}
{"class":"TSStatic","persistentId":"25bff43f-1cb7-4f94-ab8d-51ca2e16754e","__parent":"powerlines_city_main","position":[1011.82239,1164.32935,162.926559],"annotation":"POLE","isRenderEnabled":false,"rotationMatrix":[0.164397001,0.986394703,0,-0.986394703,0.164397001,0,0,0,1],"scale":[1.10732472,1.14847279,1.14847279],"shapeName":"/levels/italy/art/shapes/buildings/powerline_city1.dae"}
{"class":"TSStatic","persistentId":"262384f6-dc42-4b64-9aa9-9d29e7ee07b8","__parent":"powerlines_city_main","position":[978.120544,1220.92834,154.531754],"annotation":"POLE","isRenderEnabled":false,"rotationMatrix":[-0.0962313861,0.989158213,0.110935532,-0.995293319,-0.0969135165,0.00076055777,0.0115034608,-0.110340096,0.993827224],"scale":[1.45674789,1.45674789,1.45674789],"shapeName":"/levels/italy/art/shapes/buildings/powerline_city2.dae"}
{"class":"TSStatic","persistentId":"2669ee95-a1dc-4f69-a54e-b642b02a87f6","__parent":"powerlines_city_main","position":[1082.49377,1159.44141,161.625092],"annotation":"POLE","isRenderEnabled":false,"rotationMatrix":[-0.260078341,0.965587735,0,-0.965587735,-0.260078341,0,0,0,1],"scale":[1.02681708,1,1],"shapeName":"/levels/italy/art/shapes/buildings/powerline_city3.dae"}
{"class":"TSStatic","persistentId":"282a8b0d-367a-457f-85ff-56208fcaa22d","__parent":"powerlines_city_main","position":[667.142822,1279.45325,157.322388],"annotation":"POLE","isRenderEnabled":false,"rotationMatrix":[0.0876042694,0.996155679,0,-0.996155679,0.0876042694,0,0,0,1],"scale":[1.19231045,1,1],"shapeName":"/levels/italy/art/shapes/buildings/powerline_city2.dae"}
{"class":"TSStatic","persistentId":"2bf1cf8f-1798-43c6-aafc-49c103ebcc77","__parent":"powerlines_city_main","position":[545.312866,1295.9104,170.856674],"annotation":"POLE","isRenderEnabled":false,"rotationMatrix":[0.989129245,0,-0.147047997,0,1,0,0.147047997,0,0.989129245],"scale":[0.803762317,1,1],"shapeName":"/levels/italy/art/shapes/buildings/powerline_city1.dae"}
{"class":"TSStatic","persistentId":"2f86ba10-82e2-4c85-9c1b-ccae345d1692","__parent":"powerlines_city_main","position":[471.082153,1349.45898,167.654633],"annotation":"POLE","isRenderEnabled":false,"rotationMatrix":[-0.256221503,0.966617942,0,-0.966617942,-0.256221503,0,0,0,1],"scale":[1.02606201,1,1],"shapeName":"/levels/italy/art/shapes/buildings/powerline_city3.dae"}
{"class":"TSStatic","persistentId":"3064d493-efb8-4be0-91de-14aaaf6a48fe","__parent":"powerlines_city_main","position":[955.448853,1259.38806,153.403778],"annotation":"POLE","isRenderEnabled":false,"rotationMatrix":[0.978543043,-0.142501041,0.148820072,0.140881136,0.989795029,0.0214256756,-0.150354549,-5.82009108e-09,0.988632619],"scale":[1.42419064,1.42419064,1.42419064],"shapeName":"/levels/italy/art/shapes/buildings/powerline_city2.dae"}
{"class":"TSStatic","persistentId":"32843f3d-7d3a-4545-b6ec-48a77da46d4d","__parent":"powerlines_city_main","position":[1247.36145,1231.3822,163.326096],"annotation":"POLE","isRenderEnabled":false,"rotationMatrix":[0.138546005,0.990355313,0,-0.990355313,0.138546005,0,0,0,1],"scale":[1.1734947,1,1],"shapeName":"/levels/italy/art/shapes/buildings/powerline_city2.dae"}
{"class":"TSStatic","persistentId":"370e97b9-7003-4ce4-9dfc-efb94b00d0c9","__parent":"powerlines_city_main","position":[1018.75751,1155.66992,160.135361],"annotation":"POLE","isRenderEnabled":false,"rotationMatrix":[0.931528866,0.355678737,0.0758052766,-0.35450688,0.934607863,-0.0288488101,-0.0811091289,2.32783592e-09,0.996705353],"scale":[0.980034173,0.980034173,0.857622743],"shapeName":"/levels/italy/art/shapes/buildings/powerline_city3.dae"}
{"class":"TSStatic","persistentId":"429b9298-0189-45c0-9dd1-9cf307e512f5","__parent":"powerlines_city_main","position":[1028.09766,1270.44263,153.648041],"annotation":"POLE","isRenderEnabled":false,"rotationMatrix":[-0.108857162,0.990751326,-0.081001617,-0.994057178,-0.108495176,0.00887032226,1.01798348e-09,0.0814858302,0.996674418],"scale":[0.401185334,1,0.444257349],"shapeName":"/levels/italy/art/shapes/buildings/powerline_city3.dae"}
{"class":"TSStatic","persistentId":"45168490-e0af-471d-a66d-a073721daac2","__parent":"powerlines_city_main","position":[507.431183,1407.34338,156.784653],"annotation":"POLE","isRenderEnabled":false,"rotationMatrix":[0.994971395,0,-0.100160345,0,1,0,0.100160345,0,0.994971395],"scale":[1.09486604,1,1],"shapeName":"/levels/italy/art/shapes/buildings/powerline_city2.dae"}
{"class":"TSStatic","persistentId":"455a0ae0-9da1-4995-a1e8-3b6d4b606608","__parent":"powerlines_city_main","position":[859.455505,1263.66162,155.036346],"annotation":"POLE","isRenderEnabled":false,"rotationMatrix":[-0.674603999,-0.737085581,0.0401833355,0.735781372,-0.675799608,-0.0438274257,0.0594604388,-5.5867222e-09,0.998230577],"scale":[1.01862049,1.01862049,1.01862049],"shapeName":"/levels/italy/art/shapes/buildings/powerline_city3.dae"}
{"class":"TSStatic","persistentId":"4621f5b5-ba19-4dd2-a624-88cc2e7d586d","__parent":"powerlines_city_main","position":[483.529175,1365.34229,164.638229],"annotation":"POLE","isRenderEnabled":false,"rotationMatrix":[-0.996391416,0.00354147144,0.0848081633,-0.00352871255,-0.999994159,0.000300347398,0.0848087296,-3.27392523e-11,0.996397257],"scale":[0.988305271,1,1],"shapeName":"/levels/italy/art/shapes/buildings/powerline_city2.dae"}
{"class":"TSStatic","persistentId":"49b7176f-87ed-4db6-b40c-069526601f59","__parent":"powerlines_city_main","position":[507.640289,1392.50391,162.791077],"annotation":"POLE","isRenderEnabled":false,"rotationMatrix":[0.997190297,-0.0749107897,0,0.0749107897,0.997190297,0,0,0,1],"scale":[0.976877034,0.976877034,0.976877034],"shapeName":"/levels/italy/art/shapes/buildings/powerline_city1.dae"}
{"class":"TSStatic","persistentId":"49c01d7d-db9b-46b8-b1d5-667f6eeb1073","__parent":"powerlines_city_main","position":[1361.2196,1272.25525,153.982193],"annotation":"POLE","isRenderEnabled":false,"rotationMatrix":[-0.0197638609,0.999804616,0,-0.999804616,-0.0197638609,0,0,0,1],"scale":[1.20251071,1,1],"shapeName":"/levels/italy/art/shapes/buildings/powerline_city2.dae"}
{"class":"TSStatic","persistentId":"4a410adf-7af7-4204-af51-a48a3ebf7e77","__parent":"powerlines_city_main","position":[952.766602,1226.40515,154.814468],"annotation":"POLE","isRenderEnabled":false,"rotationMatrix":[-0.301819831,0.944477618,0.12987259,-0.953344822,-0.299887598,-0.0346587896,0.0062127444,-0.13427411,0.990924776],"scale":[0.738581955,1,1],"shapeName":"/levels/italy/art/shapes/buildings/powerline_city3.dae"}
{"class":"TSStatic","persistentId":"4a442e02-72ab-489b-a522-9ece56dd0b32","__parent":"powerlines_city_main","position":[1384.18176,1272.50037,159.655701],"annotation":"POLE","isRenderEnabled":false,"rotationMatrix":[-0.0787384361,0.996895075,0,-0.996895075,-0.0787384361,0,0,0,1],"scale":[1.18465114,1,1],"shapeName":"/levels/italy/art/shapes/buildings/powerline_city1.dae"}
{"class":"TSStatic","persistentId":"4bb56cd9-530a-4a70-863e-2f20d255f55e","__parent":"powerlines_city_main","position":[1028.44434,1268.34204,153.695801],"annotation":"POLE","isRenderEnabled":false,"scale":[1.78828406,1.78828406,1.78828406],"shapeName":"/levels/italy/art/shapes/buildings/powerline_city1.dae"}
{"class":"TSStatic","persistentId":"4bd30587-1b91-4b9c-84a5-02d70d3a12de","__parent":"powerlines_city_main","position":[920.33252,1226.43848,157.596039],"annotation":"POLE","isRenderEnabled":false,"rotationMatrix":[0.00513725262,0.999986589,0,-0.999986589,0.00513725262,0,0,0,1],"scale":[0.694444001,0.694444001,0.694444001],"shapeName":"/levels/italy/art/shapes/buildings/powerline_city1.dae"}
{"class":"TSStatic","persistentId":"4f603f16-8fe3-4267-97c3-8b1b73c30f53","__parent":"powerlines_city_main","position":[880.280518,1241.30969,156.354767],"annotation":"POLE","isRenderEnabled":false,"rotationMatrix":[-0.857561767,-0.449407667,-0.250242531,0.431414992,-0.893327117,0.125890017,-0.280124336,6.28617016e-08,0.959963381],"scale":[1.08085179,1.08085179,1.08085179],"shapeName":"/levels/italy/art/shapes/buildings/powerline_city1.dae"}
{"class":"TSStatic","persistentId":"52b07ce0-5e47-424e-9c6b-d3535c2ba68a","__parent":"powerlines_city_main","position":[871.340332,1268.54187,154.412949],"annotation":"POLE","isRenderEnabled":false,"rotationMatrix":[-0.00975212641,0.997016549,-0.0765691549,-0.999952376,-0.00972350128,0.00074674777,-1.34946984e-10,0.0765727758,0.997064292],"scale":[1.28237653,1.30871904,1.30871904],"shapeName":"/levels/italy/art/shapes/buildings/powerline_city2.dae"}
{"class":"TSStatic","persistentId":"5559d34f-acce-4561-ad65-53412ad67d63","__parent":"powerlines_city_main","position":[1295.41089,1351.38086,147.631409],"annotation":"POLE","isRenderEnabled":false,"rotationMatrix":[0.0960786715,0.995373309,0,-0.995373309,0.0960786715,0,0,0,1],"scale":[1.59765911,1,1],"shapeName":"/levels/italy/art/shapes/buildings/powerline_city2.dae"}
{"class":"TSStatic","persistentId":"5651b3ec-32ec-4cda-b248-0b949544e1b6","__parent":"powerlines_city_main","position":[510.626007,1334.03491,167.943924],"annotation":"POLE","isRenderEnabled":false,"rotationMatrix":[0.994548202,0.060898222,-0.0846475735,-0.0606788509,0.99814409,0.00516447332,0.0848049894,-2.47426496e-10,0.996397376],"scale":[0.983014762,1.03083396,1.03083396],"shapeName":"/levels/italy/art/shapes/buildings/powerline_city2.dae"}
{"class":"TSStatic","persistentId":"5674b62a-7734-4107-8315-df9497a5fe5b","__parent":"powerlines_city_main","position":[1135.40881,1119.66296,165.638962],"annotation":"POLE","isRenderEnabled":false,"rotationMatrix":[0.998417497,-0.0516536348,-0.0222343821,0.0516408309,0.998665035,-0.0011500218,0.0222641025,-1.16420346e-10,0.999752164],"scale":[0.905842245,1,1],"shapeName":"/levels/italy/art/shapes/buildings/powerline_city1.dae"}
{"class":"TSStatic","persistentId":"58619711-f5d6-4de1-89c7-5a79aacb2999","__parent":"powerlines_city_main","position":[1183.34521,1264.45972,154.118042],"annotation":"POLE","isRenderEnabled":false,"rotationMatrix":[0.0190069955,0.999548972,-0.0232462846,-0.999819279,0.019001849,-0.000441921526,2.67371431e-10,0.0232504774,0.999729574],"scale":[1.18890166,1,1],"shapeName":"/levels/italy/art/shapes/buildings/powerline_city2.dae"}
{"class":"TSStatic","persistentId":"590bc337-f752-4076-916c-c08fbfe9b7dc","__parent":"powerlines_city_main","position":[1183.83484,1240.56018,154.344467],"annotation":"POLE","isRenderEnabled":false,"rotationMatrix":[0.0622552037,-0.998060465,0,0.998060465,0.0622552037,0,0,0,1],"scale":[1.19295239,1,1],"shapeName":"/levels/italy/art/shapes/buildings/powerline_city2.dae"}
{"class":"TSStatic","persistentId":"5d1f6451-8aa6-4e2c-b41d-f2cddf58e596","__parent":"powerlines_city_main","position":[1272.13062,1367.57874,148.840881],"annotation":"POLE","isRenderEnabled":false,"rotationMatrix":[0.0653349385,-0.997084379,-0.0394197963,0.997863293,0.0652838871,0.00258100405,1.30903233e-09,-0.0395042226,0.999219358],"scale":[1.58909142,1,1],"shapeName":"/levels/italy/art/shapes/buildings/powerline_city2.dae"}
{"class":"TSStatic","persistentId":"5de22e11-6cad-4cb1-a717-53a675ece418","__parent":"powerlines_city_main","position":[696.986084,1316.43823,156.9021],"annotation":"POLE","isRenderEnabled":false,"rotationMatrix":[0.128068864,0.99176538,0,-0.99176538,0.128068864,0,0,0,1],"shapeName":"/levels/italy/art/shapes/buildings/powerline_city2.dae"}
{"class":"TSStatic","persistentId":"5e10ef0f-e39f-4deb-ac93-b71f188676ef","__parent":"powerlines_city_main","position":[1114.13025,1159.92383,161.402603],"annotation":"POLE","isRenderEnabled":false,"rotationMatrix":[-0.149821609,0.978962183,-0.138515741,-0.988713205,-0.148343995,0.0209895503,-2.41292697e-09,0.140096992,0.990137875],"scale":[1.01363587,1.01363587,1.01363587],"shapeName":"/levels/italy/art/shapes/buildings/powerline_city1.dae"}
{"class":"TSStatic","persistentId":"65a4c920-ab94-413b-a811-4812df186333","__parent":"powerlines_city_main","position":[1135.4104,1159.00195,161.697495],"annotation":"POLE","isRenderEnabled":false,"rotationMatrix":[0.99701494,0,-0.0772058219,0,1,0,0.0772058219,0,0.99701494],"shapeName":"/levels/italy/art/shapes/buildings/powerline_city2.dae"}
{"class":"TSStatic","persistentId":"662ed1ba-e3a0-4951-85af-94f94a006a69","__parent":"powerlines_city_main","position":[896.081177,1220.25769,155.284988],"annotation":"POLE","isRenderEnabled":false,"rotationMatrix":[-0.711803913,-0.702376842,0,0.702376842,-0.711803913,0,0,0,1],"shapeName":"/levels/italy/art/shapes/buildings/powerline_city2.dae"}
{"class":"TSStatic","persistentId":"6630e575-7554-45ae-8860-9b628cd8268a","__parent":"powerlines_city_main","position":[473.421387,1387.66248,163.625244],"annotation":"POLE","isRenderEnabled":false,"rotationMatrix":[0.936082959,-0.351341337,-0.0175475776,0.351279736,0.936247528,-0.00658500986,0.0187424645,2.79349721e-09,0.999824345],"scale":[1.06143963,1,1],"shapeName":"/levels/italy/art/shapes/buildings/powerline_city2.dae"}
{"class":"TSStatic","persistentId":"66f500e9-c90d-4a54-ad93-e2a1c9c0a973","__parent":"powerlines_city_main","position":[972.872375,1277.25098,153.070679],"annotation":"POLE","isRenderEnabled":false,"rotationMatrix":[-0.140481755,-0.987720251,-0.0683550686,0.990032554,-0.139442936,-0.0197620019,0.00998771563,-0.0704499334,0.997464657],"scale":[0.374533445,0.374533445,0.621204138],"shapeName":"/levels/italy/art/shapes/buildings/powerline_city1.dae"}
{"class":"TSStatic","persistentId":"677a08c7-8ef1-4a0b-8d43-8df6c51be8ce","__parent":"powerlines_city_main","position":[857.006042,1268.44397,157.451843],"annotation":"POLE","isRenderEnabled":false,"rotationMatrix":[-0.20281741,0.95854789,-0.200123891,-0.979216158,-0.198536649,0.0414500982,1.44106993e-09,0.204371274,0.978892982],"scale":[1.31879294,1,1.67725325],"shapeName":"/levels/italy/art/shapes/buildings/powerline_city1.dae"}
{"class":"TSStatic","persistentId":"67ee28a6-960f-4ba7-88a4-3a5ccbf2b7a4","__parent":"powerlines_city_main","position":[1028.41016,1251.59375,154.145111],"annotation":"POLE","isRenderEnabled":false,"scale":[1.79575777,1.79575777,1.79575777],"shapeName":"/levels/italy/art/shapes/buildings/powerline_city2.dae"}
{"class":"TSStatic","persistentId":"6b26ddbe-2e8d-40d3-b5d3-4dedf0f61a62","__parent":"powerlines_city_main","position":[1095.38489,1239.87622,153.407578],"annotation":"POLE","isRenderEnabled":false,"scale":[1.2923826,1,1],"shapeName":"/levels/italy/art/shapes/buildings/powerline_city2.dae"}
{"class":"TSStatic","persistentId":"6c4e24b3-d5fa-4b16-a5d9-355661631ba1","__parent":"powerlines_city_main","position":[691.447449,1278.32739,157.154373],"annotation":"POLE","isRenderEnabled":false,"rotationMatrix":[0.140431166,0.990090132,0,-0.990090132,0.140431166,0,0,0,1],"scale":[1.10692227,1,1],"shapeName":"/levels/italy/art/shapes/buildings/powerline_city1.dae"}
{"class":"TSStatic","persistentId":"6c8ee6e4-1034-4dbb-af94-f5f10757cf05","__parent":"powerlines_city_main","position":[938.428467,1268.43433,157.003021],"annotation":"POLE","isRenderEnabled":false,"rotationMatrix":[-0.338545799,0.937154233,0.0844307095,-0.940949678,-0.337180227,-0.0303774457,2.90103985e-09,-0.0897292197,0.995966554],"scale":[1.39337599,1.39337599,1.17301226],"shapeName":"/levels/italy/art/shapes/buildings/powerline_city3.dae"}
{"class":"TSStatic","persistentId":"6d16793c-695b-42ba-8a23-0020f1fc5ca4","__parent":"powerlines_city_main","position":[1271.31506,1268.37744,155.678452],"annotation":"POLE","isRenderEnabled":false,"rotationMatrix":[-0.123919085,0.992292404,0,-0.992292404,-0.123919085,0,0,0,1],"scale":[1.21001124,1,1],"shapeName":"/levels/italy/art/shapes/buildings/powerline_city3.dae"}
{"class":"TSStatic","persistentId":"6d5ac00a-a60d-41e0-b126-b2a4aea6dc73","__parent":"powerlines_city_main","position":[651.416931,1351.13647,151.31221],"annotation":"POLE","isRenderEnabled":false,"rotationMatrix":[0.999945045,0.0104928017,0,-0.0104928017,0.999945045,0,0,0,1],"scale":[1.39201164,1.39201164,1.39201164],"shapeName":"/levels/italy/art/shapes/buildings/powerline_city2.dae"}
{"class":"TSStatic","persistentId":"6f0dfcb7-4ab4-4c4d-924b-691697c5466d","__parent":"powerlines_city_main","position":[649.346863,1293.08228,157.528336],"annotation":"POLE","isRenderEnabled":false,"rotationMatrix":[-0.256467164,-0.965851188,-0.0368293785,0.966553271,-0.256280988,-0.0097723864,3.9576209e-09,-0.0381038487,0.999273837],"scale":[1.36626685,1.40737486,1.40737486],"shapeName":"/levels/italy/art/shapes/buildings/powerline_city2.dae"}
{"class":"TSStatic","persistentId":"6fa55028-a7a3-4ea0-866c-d16f28498fe1","__parent":"powerlines_city_main","position":[1319.5553,1270.56714,157.312164],"annotation":"POLE","isRenderEnabled":false,"rotationMatrix":[-0.199658483,0.979865372,0,-0.979865372,-0.199658483,0,0,0,1],"scale":[1.15865576,1,1],"shapeName":"/levels/italy/art/shapes/buildings/powerline_city2.dae"}
{"class":"TSStatic","persistentId":"70480257-ae76-4e8c-b3f4-92b48afe77b0","__parent":"powerlines_city_main","position":[1028.42322,1303.005,153.069016],"annotation":"POLE","isRenderEnabled":false,"scale":[1.89119446,1.89119446,1.89119446],"shapeName":"/levels/italy/art/shapes/buildings/powerline_city2.dae"}
{"class":"TSStatic","persistentId":"7084c952-8d15-4124-ac91-28b96dddf8ef","__parent":"powerlines_city_main","position":[953.592102,1296.78589,151.767059],"annotation":"POLE","isRenderEnabled":false,"rotationMatrix":[0.992658854,-0.120948568,0,0.120948568,0.992658854,0,0,0,1],"scale":[1.5841608,1,1],"shapeName":"/levels/italy/art/shapes/buildings/powerline_city2.dae"}
{"class":"TSStatic","persistentId":"70fa45d8-4371-432b-a51b-4d6825cbbbda","__parent":"powerlines_city_main","position":[994.486572,1171.73413,159.86763],"annotation":"POLE","isRenderEnabled":false,"rotationMatrix":[-0.0154544339,0.999880373,0,-0.999880373,-0.0154544339,0,0,0,1],"scale":[1.52154696,1,1],"shapeName":"/levels/italy/art/shapes/buildings/powerline_city2.dae"}
{"class":"TSStatic","persistentId":"74c6964d-2f8c-453d-9e1c-309b08ec2125","__parent":"powerlines_city_main","position":[952.476196,1268.4646,154.380402],"annotation":"POLE","isRenderEnabled":false,"rotationMatrix":[0.0365469903,0.99933213,0,-0.99933213,0.0365469903,0,0,0,1],"scale":[1.28540337,1.28540337,1.28540337],"shapeName":"/levels/italy/art/shapes/buildings/powerline_city2.dae"}
{"class":"TSStatic","persistentId":"75789eb2-45b4-42ba-b480-c0ee0c54c73b","__parent":"powerlines_city_main","position":[1248.8562,1266.40271,157.764587],"annotation":"POLE","isRenderEnabled":false,"rotationMatrix":[0.126399115,0.991979122,0,-0.991979122,0.126399115,0,0,0,1],"scale":[1.1994859,1,1],"shapeName":"/levels/italy/art/shapes/buildings/powerline_city2.dae"}
{"class":"TSStatic","persistentId":"78180b91-e2ec-4eab-ae85-3cdc64f236c0","__parent":"powerlines_city_main","position":[955.415527,1284.13904,152.829025],"annotation":"POLE","isRenderEnabled":false,"scale":[1.3869499,1.3869499,1],"shapeName":"/levels/italy/art/shapes/buildings/powerline_city2.dae"}
{"class":"TSStatic","persistentId":"793f79c8-ef64-4d11-94f8-da47871ef493","__parent":"powerlines_city_main","position":[1359.87317,1239.46619,162.237228],"annotation":"POLE","isRenderEnabled":false,"rotationMatrix":[0.19968003,0.979861677,0,-0.979861677,0.19968003,0,0,0,1],"scale":[0.914581716,1,1],"shapeName":"/levels/italy/art/shapes/buildings/powerline_city2.dae"}
{"class":"TSStatic","persistentId":"7f198483-faf7-4f6e-aa15-d77d75b8c0e7","__parent":"powerlines_city_main","position":[543.666748,1285.43213,170.900421],"annotation":"POLE","isRenderEnabled":false,"rotationMatrix":[0.071143955,0.997466087,0,-0.997466087,0.071143955,0,0,0,1],"shapeName":"/levels/italy/art/shapes/buildings/powerline_city2.dae"}
{"class":"TSStatic","persistentId":"7fc92508-5d1b-42cb-b06f-0a5916ecb698","__parent":"powerlines_city_main","position":[891.979431,1268.46436,154.351242],"annotation":"POLE","isRenderEnabled":false,"rotationMatrix":[-0.04915132,0.997045755,0.0590112917,-0.998790503,-0.0490654632,-0.00290399091,1.16266452e-09,-0.0590826124,0.998252749],"scale":[1.68301177,1.68301177,1.68301177],"shapeName":"/levels/italy/art/shapes/buildings/powerline_city2.dae"}
{"class":"TSStatic","persistentId":"80e8d2c2-891e-4b29-bb4d-682fad80f46e","__parent":"powerlines_city_main","position":[968.8703,1352.33533,151.02243],"annotation":"POLE","isRenderEnabled":false,"rotationMatrix":[0.157794625,0.986501694,-0.0437524356,-0.987472296,0.157639802,-0.0069914842,-1.99371231e-09,0.0443074778,0.999017715],"scale":[1.64553654,1,1],"shapeName":"/levels/italy/art/shapes/buildings/powerline_city2.dae"}
{"class":"TSStatic","persistentId":"81d95671-834c-47ef-a43b-a5fb261c8dc2","__parent":"powerlines_city_main","position":[1305.33289,1235.55334,165.23085],"annotation":"POLE","isRenderEnabled":false,"rotationMatrix":[-0.0699218735,0.997551918,0,-0.997551918,-0.0699218735,0,0,0,1],"scale":[0.881739616,1,1],"shapeName":"/levels/italy/art/shapes/buildings/powerline_city3.dae"}
{"class":"TSStatic","persistentId":"82f7071b-3b53-4847-b0e7-140c88f10941","__parent":"powerlines_city_main","position":[968.598511,1350.21008,150.760605],"annotation":"POLE","isRenderEnabled":false,"rotationMatrix":[-0.999285817,-0.0377790108,0,0.0377790108,-0.999285817,0,0,0,1],"scale":[1.19559991,1,1],"shapeName":"/levels/italy/art/shapes/buildings/powerline_city2.dae"}
{"class":"TSStatic","persistentId":"894a0b4e-9b0e-4c41-95ad-b808cd5a91eb","__parent":"powerlines_city_main","position":[541.164917,1409.50378,154.678635],"annotation":"POLE","isRenderEnabled":false,"rotationMatrix":[-0.13788037,0.9841277,0.111717924,-0.990448534,-0.137000427,-0.0155522516,-2.46880338e-09,-0.112795211,0.99361825],"scale":[1.45138121,1,1],"shapeName":"/levels/italy/art/shapes/buildings/powerline_city2.dae"}
{"class":"TSStatic","persistentId":"8a7831e5-80ae-48d7-9274-1f9b84841892","__parent":"powerlines_city_main","position":[508.171509,1362.11011,166.345245],"annotation":"POLE","isRenderEnabled":false,"scale":[0.945887387,0.945887387,0.945887387],"shapeName":"/levels/italy/art/shapes/buildings/powerline_city3.dae"}
{"class":"TSStatic","persistentId":"8b5923ca-5ec1-46af-8fc5-c2f5038f6151","__parent":"powerlines_city_main","position":[545.286072,1305.09424,168.322662],"annotation":"POLE","isRenderEnabled":false,"rotationMatrix":[0.996973276,-0.0777428374,0,0.0777428374,0.996973276,0,0,0,1],"scale":[0.809973598,0.741516769,0.741516769],"shapeName":"/levels/italy/art/shapes/buildings/powerline_city3.dae"}
{"class":"TSStatic","persistentId":"90f58d41-71d8-4527-a11e-2b2d7edd03ee","__parent":"powerlines_city_main","position":[1169.85852,1146.47192,162.055466],"annotation":"POLE","isRenderEnabled":false,"rotationMatrix":[0.992992759,0,0.118175775,0,1,0,-0.118175775,0,0.992992759],"scale":[1.25800776,1,1],"shapeName":"/levels/italy/art/shapes/buildings/powerline_city1.dae"}
{"class":"TSStatic","persistentId":"9269ff56-f8cb-4a6f-ba11-f31755401040","__parent":"powerlines_city_main","position":[510.146515,1341.95569,166.987411],"annotation":"POLE","isRenderEnabled":false,"scale":[0.962109327,1,1],"shapeName":"/levels/italy/art/shapes/buildings/powerline_city2.dae"}
{"class":"TSStatic","persistentId":"942a63b8-8432-44e6-9798-6cd14179d05f","__parent":"powerlines_city_main","position":[1346.3949,1287.20886,153.721725],"annotation":"POLE","isRenderEnabled":false,"scale":[1.38925791,1,1],"shapeName":"/levels/italy/art/shapes/buildings/powerline_city2.dae"}
{"class":"TSStatic","persistentId":"953d251b-af33-4af5-a17c-15eb2fcae662","__parent":"powerlines_city_main","position":[1266.3374,1232.46301,166.912308],"annotation":"POLE","isRenderEnabled":false,"rotationMatrix":[0.0666761696,0.997774601,0,-0.997774601,0.0666761696,0,0,0,1],"scale":[1.18457699,1,1],"shapeName":"/levels/italy/art/shapes/buildings/powerline_city2.dae"}
{"class":"TSStatic","persistentId":"9552144b-752b-402e-b5fc-d3f1493be781","__parent":"powerlines_city_main","position":[1347.40771,1355.32397,150.086319],"annotation":"POLE","isRenderEnabled":false,"scale":[1.29330111,1,1],"shapeName":"/levels/italy/art/shapes/buildings/powerline_city2.dae"}
{"class":"TSStatic","persistentId":"976ab3df-68fd-4171-a1c8-ce65c0ccf439","__parent":"powerlines_city_main","position":[597.724731,1284.31274,167.47435],"annotation":"POLE","isRenderEnabled":false,"rotationMatrix":[-0.0211871471,0.999776006,0,-0.999776006,-0.0211871471,0,0,0,1],"scale":[1.07360053,1,1],"shapeName":"/levels/italy/art/shapes/buildings/powerline_city3.dae"}
{"class":"TSStatic","persistentId":"98a89df2-3188-4fdd-8845-c55c1900e8ee","__parent":"powerlines_city_main","position":[651.395569,1296.23523,156.910934],"annotation":"POLE","isRenderEnabled":false,"scale":[1.38859212,1.38859212,1.38859212],"shapeName":"/levels/italy/art/shapes/buildings/powerline_city2.dae"}
{"class":"TSStatic","persistentId":"9ca577fd-4bc0-4916-b101-2ff44b0c3337","__parent":"powerlines_city_main","position":[1062.47363,1159.46387,160.540665],"annotation":"POLE","isRenderEnabled":false,"rotationMatrix":[0.240813345,0.970571518,0,-0.970571518,0.240813345,0,0,0,1],"scale":[1.02551043,1.02551043,1.02551043],"shapeName":"/levels/italy/art/shapes/buildings/powerline_city2.dae"}
{"class":"TSStatic","persistentId":"9d5a19ff-e6c7-4d44-be6f-5f84bf1c5ad3","__parent":"powerlines_city_main","position":[483.603973,1407.44495,161.850296],"annotation":"POLE","isRenderEnabled":false,"rotationMatrix":[-0.994415104,-0.105545312,0,0.105545312,-0.994415104,0,0,0,1],"shapeName":"/levels/italy/art/shapes/buildings/powerline_city1.dae"}
{"class":"TSStatic","persistentId":"9fffda65-0274-45db-a0b8-a781b9d0bfdf","__parent":"powerlines_city_main","position":[828.246887,1269.37488,155.046173],"annotation":"POLE","isRenderEnabled":false,"rotationMatrix":[-0.0619968995,0.998077035,0,-0.998077035,-0.0619968995,0,0,0,1],"scale":[1.20104694,1.20104694,1.20104694],"shapeName":"/levels/italy/art/shapes/buildings/powerline_city1.dae"}
{"class":"TSStatic","persistentId":"a0e66463-252f-4f15-88a9-6d657febcfdb","__parent":"powerlines_city_main","position":[409.493835,1385.34497,165.718231],"annotation":"POLE","isRenderEnabled":false,"rotationMatrix":[0.998128712,-0.0611489527,0,0.0611489527,0.998128712,0,0,0,1],"scale":[0.992333949,1,1],"shapeName":"/levels/italy/art/shapes/buildings/powerline_city2.dae"}
{"class":"TSStatic","persistentId":"a1154799-e53e-4a68-a047-22140d83cdd8","__parent":"powerlines_city_main","position":[1204.29187,1264.41089,155.970917],"annotation":"POLE","isRenderEnabled":false,"rotationMatrix":[0.0487327315,0.998812199,0,-0.998812199,0.0487327315,0,0,0,1],"scale":[1.19231832,1,1],"shapeName":"/levels/italy/art/shapes/buildings/powerline_city2.dae"}
{"class":"TSStatic","persistentId":"a5e819dc-1d0f-4ea4-be28-e0d244f4f16b","__parent":"powerlines_city_main","position":[837.377869,1302.55859,151.30162],"annotation":"POLE","isRenderEnabled":false,"rotationMatrix":[0.998404443,-0.0439509377,-0.0354455709,0.0439232513,0.99903357,-0.00155937287,0.0354798622,-3.05691583e-10,0.999370277],"scale":[1.19605291,1.19605291,1.19605291],"shapeName":"/levels/italy/art/shapes/buildings/powerline_city2.dae"}
{"class":"TSStatic","persistentId":"a665684d-4cc7-4325-b379-f304b59d05c7","__parent":"powerlines_city_main","position":[681.391113,1315.52966,157.084671],"annotation":"POLE","isRenderEnabled":false,"rotationMatrix":[-0.248427004,0.96639955,-0.0659929439,-0.968649924,-0.247807771,0.0175382663,0.000595406222,0.0682810396,0.997665823],"scale":[1.52069664,1,1],"shapeName":"/levels/italy/art/shapes/buildings/powerline_city1.dae"}
{"class":"TSStatic","persistentId":"aaf0575f-3f2d-47f9-bdf2-e69dde13d7df","__parent":"powerlines_city_main","position":[428.742462,1387.44763,164.936935],"annotation":"POLE","isRenderEnabled":false,"rotationMatrix":[0.0144044273,0.999896348,0,-0.999896348,0.0144044273,0,0,0,1],"scale":[0.7955724,1,1],"shapeName":"/levels/italy/art/shapes/buildings/powerline_city2.dae"}
{"class":"TSStatic","persistentId":"abf670b7-68af-47fb-9579-92952c30f6a1","__parent":"powerlines_city_main","position":[837.397339,1285.09924,153.11911],"annotation":"POLE","isRenderEnabled":false,"scale":[1.20094419,1.20094419,1.20094419],"shapeName":"/levels/italy/art/shapes/buildings/powerline_city2.dae"}
{"class":"TSStatic","persistentId":"ace3267d-188f-4032-9d56-3a0801c6a723","__parent":"powerlines_city_main","position":[539.502869,1426.75061,153.925674],"annotation":"POLE","isRenderEnabled":false,"scale":[0.987890542,1,1],"shapeName":"/levels/italy/art/shapes/buildings/powerline_city2.dae"}
{"class":"TSStatic","persistentId":"af8b081f-aa9a-4496-b253-3e59d8d9fd80","__parent":"powerlines_city_main","position":[1053.19019,1223.48303,152.96524],"annotation":"POLE","isRenderEnabled":false,"rotationMatrix":[-0.134996951,0.990846157,0,-0.990846157,-0.134996951,0,0,0,1],"scale":[1.39782953,1.39782953,1.39782953],"shapeName":"/levels/italy/art/shapes/buildings/powerline_city2.dae"}
{"class":"TSStatic","persistentId":"afd3dca2-f65a-46d2-8076-29454ef7ab6c","__parent":"powerlines_city_main","position":[818.737,1269.74976,156.298981],"annotation":"POLE","isRenderEnabled":false,"rotationMatrix":[0.146461815,0.989216268,0,-0.989216268,0.146461815,0,0,0,1],"scale":[1.23033619,1.23033619,1.23033619],"shapeName":"/levels/italy/art/shapes/buildings/powerline_city2.dae"}
{"class":"TSStatic","persistentId":"b3d095c7-c139-4b97-99b2-8aaf6ff539a7","__parent":"powerlines_city_main","position":[619.42804,1296.80017,163.570511],"annotation":"POLE","isRenderEnabled":false,"scale":[0.795751929,1,1],"shapeName":"/levels/italy/art/shapes/buildings/powerline_city1.dae"}
{"class":"TSStatic","persistentId":"b45b11c0-1d63-44d9-9cf8-8942eae84014","__parent":"powerlines_city_main","position":[651.538086,1254.27234,156.453461],"annotation":"POLE","isRenderEnabled":false,"rotationMatrix":[0.983901203,0.173852623,-0.0413994603,-0.173698932,0.984771848,0.00730870012,0.0420396589,2.21166951e-09,0.999115884],"scale":[1.23255897,1,1],"shapeName":"/levels/italy/art/shapes/buildings/powerline_city2.dae"}
{"class":"TSStatic","persistentId":"b5044b53-0b37-4767-86ae-d105b2a6447d","__parent":"powerlines_city_main","position":[508.282623,1373.82812,163.570282],"annotation":"POLE","isRenderEnabled":false,"rotationMatrix":[0.976103783,0.21730496,0,-0.21730496,0.976103783,0,0,0,1],"scale":[0.921714425,1,1],"shapeName":"/levels/italy/art/shapes/buildings/powerline_city2.dae"}
{"class":"TSStatic","persistentId":"b52cf195-7efc-4595-8a4d-e323b76797ca","__parent":"powerlines_city_main","position":[1133.18164,1160.97351,161.355789],"annotation":"POLE","isRenderEnabled":false,"rotationMatrix":[-0.498114556,0.867110789,0,-0.867110789,-0.498114556,0,0,0,1],"scale":[1.1389035,1.1389035,1.1389035],"shapeName":"/levels/italy/art/shapes/buildings/powerline_city2.dae"}
{"class":"TSStatic","persistentId":"b5998076-d8b3-48de-854f-2605fa1461d0","__parent":"powerlines_city_main","position":[987.225098,1221.47302,154.056427],"annotation":"POLE","isRenderEnabled":false,"rotationMatrix":[0.044122003,0.999026358,0,-0.999026358,0.044122003,0,0,0,1],"scale":[1.38407588,1.38407588,1.38407588],"shapeName":"/levels/italy/art/shapes/buildings/powerline_city2.dae"}
{"class":"TSStatic","persistentId":"b5f73bc3-3381-4cfe-a7d5-32d08ea58096","__parent":"powerlines_city_main","position":[1028.40161,1240.40479,154.818161],"annotation":"POLE","isRenderEnabled":false,"rotationMatrix":[0.997150481,-0.0693743229,-0.0296334345,0.0694048032,0.997588515,2.91038305e-10,0.0295619741,-0.00205670297,0.999560833],"scale":[1.78717923,1.78717923,1.78717923],"shapeName":"/levels/italy/art/shapes/buildings/powerline_city2.dae"}
{"class":"TSStatic","persistentId":"b7d36f68-67b6-4b42-a6f5-a30cfc9dbbdf","__parent":"powerlines_city_main","position":[1095.41699,1263.46716,150.452057],"annotation":"POLE","isRenderEnabled":false,"rotationMatrix":[0.999889791,-0.0148391612,0,0.0148391612,0.999889791,0,0,0,1],"scale":[1.28828108,1,1],"shapeName":"/levels/italy/art/shapes/buildings/powerline_city2.dae"}
{"class":"TSStatic","persistentId":"b94f2cfa-d0d5-49fc-a149-b3ac4751b0d8","__parent":"powerlines_city_main","position":[563.68573,1283.78284,168.131485],"annotation":"POLE","isRenderEnabled":false,"rotationMatrix":[-0.0704972893,0.997511983,0,-0.997511983,-0.0704972893,0,0,0,1],"scale":[1.15856338,1.15856338,1.15856338],"shapeName":"/levels/italy/art/shapes/buildings/powerline_city2.dae"}
{"class":"TSStatic","persistentId":"ba29c449-e777-422e-8088-98c9a852db44","__parent":"powerlines_city_main","position":[1068.45251,1205.00427,159.064804],"annotation":"POLE","isRenderEnabled":false,"rotationMatrix":[-0.619376898,-0.785093844,0,0.785093844,-0.619376898,0,0,0,1],"scale":[1.59039462,1.15273988,1.15273988],"shapeName":"/levels/italy/art/shapes/buildings/powerline_city1.dae"}
{"class":"TSStatic","persistentId":"ba5808bb-861b-4c3b-b0d4-b883d3eb0f1b","__parent":"powerlines_city_main","position":[1019.43439,1139.62561,163.699966],"annotation":"POLE","isRenderEnabled":false,"rotationMatrix":[0.991732597,0,-0.128322929,0,1,0,0.128322929,0,0.991732597],"scale":[0.849168718,1,1],"shapeName":"/levels/italy/art/shapes/buildings/powerline_city2.dae"}
{"class":"TSStatic","persistentId":"bc5d8849-d622-4e53-9a91-4b3deb098fa5","__parent":"powerlines_city_main","position":[1414.16248,1379.83044,148.397964],"annotation":"POLE","isRenderEnabled":false,"rotationMatrix":[-0.714142561,0.698387265,-0.0474985577,-0.699999988,-0.712575555,0.0472925529,-0.000817797263,0.0670226291,0.997750998],"scale":[1.39422691,1,1],"shapeName":"/levels/italy/art/shapes/buildings/powerline_city1.dae"}
{"class":"TSStatic","persistentId":"be877ba5-fc81-4a18-ab7d-1e67305bb5f8","__parent":"powerlines_city_main","position":[541.41571,1397.31958,156.62236],"annotation":"POLE","isRenderEnabled":false,"scale":[0.797265589,1,1],"shapeName":"/levels/italy/art/shapes/buildings/powerline_city1.dae"}
{"class":"TSStatic","persistentId":"beb9dd98-7864-4a18-8ccb-57c91ff89ec7","__parent":"powerlines_city_main","position":[1121.24512,1223.91589,154.118896],"annotation":"POLE","isRenderEnabled":false,"rotationMatrix":[-0.0310709197,0.999517143,0,-0.999517143,-0.0310709197,0,0,0,1],"scale":[1.5904218,1,1],"shapeName":"/levels/italy/art/shapes/buildings/powerline_city2.dae"}
{"class":"TSStatic","persistentId":"c3ee2410-144e-4bb6-9637-37bdc4eed8a9","__parent":"powerlines_city_main","position":[1316.69897,1352.69873,150.070663],"annotation":"POLE","isRenderEnabled":false,"rotationMatrix":[-0.153171912,0.988199949,0,-0.988199949,-0.153171912,0,0,0,1],"scale":[1.58888769,1,1],"shapeName":"/levels/italy/art/shapes/buildings/powerline_city2.dae"}
{"class":"TSStatic","persistentId":"c4d4e26a-6fbe-4abf-b971-dac8fd56c588","__parent":"powerlines_city_main","position":[930.331482,1196.67554,156.180161],"annotation":"POLE","isRenderEnabled":false,"rotationMatrix":[-0.516201794,-0.856466651,0,0.856466651,-0.516201794,0,0,0,1],"scale":[1.25643587,1,1],"shapeName":"/levels/italy/art/shapes/buildings/powerline_city2.dae"}
{"class":"TSStatic","persistentId":"c6e933d8-f528-4f1e-a92d-02849a43088e","__parent":"powerlines_city_main","position":[752.687683,1274.45593,156.680222],"annotation":"POLE","isRenderEnabled":false,"rotationMatrix":[0.024466861,0.999700725,0,-0.999700725,0.024466861,0,0,0,1],"scale":[1.28706014,1.28706014,1.28706014],"shapeName":"/levels/italy/art/shapes/buildings/powerline_city1.dae"}
{"class":"TSStatic","persistentId":"c722ea79-fd72-4240-8683-be270ef68027","__parent":"powerlines_city_main","position":[985.92688,1273.18127,158.881256],"annotation":"POLE","isRenderEnabled":false,"rotationMatrix":[0.0415467508,0.982952118,-0.179108098,-0.999136448,0.0408737659,-0.00744779548,-2.23785745e-09,0.179262862,0.983801484],"scale":[0.398965597,0.493190587,0.493190587],"shapeName":"/levels/italy/art/shapes/buildings/powerline_city1.dae"}
{"class":"TSStatic","persistentId":"c75f65f6-05e4-43d5-b104-eb7b12a138c0","__parent":"powerlines_city_main","position":[735.847778,1274.45288,157.272873],"annotation":"POLE","isRenderEnabled":false,"rotationMatrix":[0.188126028,0.981149912,-0.0441919677,-0.982144833,0.187935516,-0.00846489798,-9.26665962e-08,0.0449953862,0.998987079],"scale":[1.28741717,1.27397788,1.27397788],"shapeName":"/levels/italy/art/shapes/buildings/powerline_city2.dae"}
{"class":"TSStatic","persistentId":"ca29666f-7b37-4a61-be4c-0aaa5a6832d6","__parent":"powerlines_city_main","position":[802.279236,1270.84717,157.189163],"annotation":"POLE","isRenderEnabled":false,"rotationMatrix":[0.349621475,0.93683219,-0.0104893111,-0.936890304,0.349599689,-0.00391433714,-2.22966676e-08,0.0111958496,0.999937057],"scale":[1.33092964,1.33092964,1.33092964],"shapeName":"/levels/italy/art/shapes/buildings/powerline_city2.dae"}
{"class":"TSStatic","persistentId":"ca5b92ce-459c-4357-b262-b282786c6984","__parent":"powerlines_city_main","position":[955.435547,1224.08289,154.686661],"annotation":"POLE","isRenderEnabled":false,"rotationMatrix":[0.948184788,-0.295302898,0.117227457,0.293071359,0.955403507,0.0362334587,-0.12269932,8.13187118e-09,0.99244374],"scale":[1.57566142,1,1],"shapeName":"/levels/italy/art/shapes/buildings/powerline_city1.dae"}
{"class":"TSStatic","persistentId":"cc0293a0-1b71-40fe-9faa-0e5f215f1a59","__parent":"powerlines_city_main","position":[1076.58582,1174.81787,159.470459],"annotation":"POLE","isRenderEnabled":false,"rotationMatrix":[0.727839053,0.685747921,0,-0.685747921,0.727839053,0,0,0,1],"scale":[1.47592556,1.47592556,1.47592556],"shapeName":"/levels/italy/art/shapes/buildings/powerline_city2.dae"}
{"class":"TSStatic","persistentId":"cc8cc129-5de4-4a41-901a-0169e1ff6d78","__parent":"powerlines_city_main","position":[420.486938,1353.38477,170.031601],"annotation":"POLE","isRenderEnabled":false,"rotationMatrix":[0.0827077106,0.996574104,0,-0.996574104,0.0827077106,0,0,0,1],"shapeName":"/levels/italy/art/shapes/buildings/powerline_city2.dae"}
{"class":"TSStatic","persistentId":"cce40590-dcd5-4b1c-bbf7-8a1db3028012","__parent":"powerlines_city_main","position":[1278.37366,1350.26355,148.091354],"annotation":"POLE","isRenderEnabled":false,"rotationMatrix":[0.991976917,0,0.126419455,0,1,0,-0.126419455,0,0.991976917],"scale":[1.41363287,1,1],"shapeName":"/levels/italy/art/shapes/buildings/powerline_city2.dae"}
{"class":"TSStatic","persistentId":"cd26ad73-80ef-4896-b951-fead0b648697","__parent":"powerlines_city_main","position":[1055.38123,1218.26721,154.335938],"annotation":"POLE","isRenderEnabled":false,"rotationMatrix":[-0.675694585,-0.735646188,0.0475477502,0.733831525,-0.677365363,-0.0516387746,0.0701950639,-2.56104959e-09,0.997533321],"scale":[1.49467754,1.49467754,1.49467754],"shapeName":"/levels/italy/art/shapes/buildings/powerline_city2.dae"}
{"class":"TSStatic","persistentId":"cdc27578-25d9-40c7-8c0e-b5d39e04bd50","__parent":"powerlines_city_main","position":[1223.34912,1264.43091,155.648148],"annotation":"POLE","isRenderEnabled":false,"rotationMatrix":[0.0408576429,0.999164641,0,-0.999164641,0.0408576429,0,0,0,1],"scale":[1.18986356,1,1],"shapeName":"/levels/italy/art/shapes/buildings/powerline_city2.dae"}
{"class":"TSStatic","persistentId":"ce72bfb6-5583-4297-9aae-b47cba5d9255","__parent":"powerlines_city_main","position":[1110.82898,1239.60376,153.79274],"annotation":"POLE","isRenderEnabled":false,"rotationMatrix":[-0.0127122374,-0.999919116,0,0.999919116,-0.0127122374,0,0,0,1],"scale":[1.54375148,1,1],"shapeName":"/levels/italy/art/shapes/buildings/powerline_city2.dae"}
{"class":"TSStatic","persistentId":"cfaa8f5f-3f99-467a-b38d-818447be3961","__parent":"powerlines_city_main","position":[471.386566,1389.45203,160.791718],"annotation":"POLE","isRenderEnabled":false,"rotationMatrix":[-0.0171218365,0.998589635,-0.0502512679,-0.999846995,-0.0172750391,-0.00261571771,-0.00348012056,0.0501988232,0.998733103],"scale":[0.794155419,1,1],"shapeName":"/levels/italy/art/shapes/buildings/powerline_city2.dae"}
{"class":"TSStatic","persistentId":"d0da34dc-1c7c-4774-a389-98b295f1b6a4","__parent":"powerlines_city_main","position":[1032.89771,1341.44519,148.759644],"annotation":"POLE","isRenderEnabled":false,"scale":[0.74394536,1,1],"shapeName":"/levels/italy/art/shapes/buildings/powerline_city1.dae"}
{"class":"TSStatic","persistentId":"d1005791-f820-4ae5-b97b-4aa5ee271feb","__parent":"powerlines_city_main","position":[502.517944,1409.38953,159.531052],"annotation":"POLE","isRenderEnabled":false,"rotationMatrix":[0.0832452998,0.996528745,0,-0.996528745,0.0832452998,0,0,0,1],"scale":[1.40359414,1.41976309,1.41976309],"shapeName":"/levels/italy/art/shapes/buildings/powerline_city2.dae"}
{"class":"TSStatic","persistentId":"d1195b73-44ef-40be-8b88-0dd97e28ace5","__parent":"powerlines_city_main","position":[541.410217,1359.08765,161.826767],"annotation":"POLE","isRenderEnabled":false,"rotationMatrix":[0.990999639,0,-0.133862749,0,1,0,0.133862749,0,0.990999639],"scale":[0.794873059,1,1],"shapeName":"/levels/italy/art/shapes/buildings/powerline_city2.dae"}
{"class":"TSStatic","persistentId":"d1ef30e5-c17c-4db8-bcfc-370918327a70","__parent":"powerlines_city_main","position":[651.433716,1328.04321,153.68129],"annotation":"POLE","isRenderEnabled":false,"scale":[1.38857758,1.38857758,1.38857758],"shapeName":"/levels/italy/art/shapes/buildings/powerline_city2.dae"}
{"class":"TSStatic","persistentId":"d2793632-8387-4e34-9538-e0b6f03ec022","__parent":"powerlines_city_main","position":[1344.73499,1284.63635,156.174622],"annotation":"POLE","isRenderEnabled":false,"rotationMatrix":[0.0975438133,-0.994587481,0.0357967392,0.995231211,0.0974806622,-0.00350848027,-1.04782272e-09,0.0359682664,0.999353111],"scale":[1.20959473,1,1],"shapeName":"/levels/italy/art/shapes/buildings/powerline_city2.dae"}
{"class":"TSStatic","persistentId":"d4c713e5-3671-4de1-be43-5b5b0bb6f1f2","__parent":"powerlines_city_main","position":[539.410278,1447.28638,152.118408],"annotation":"POLE","isRenderEnabled":false,"rotationMatrix":[0.999328971,-0.0365221389,-0.00291086314,0.0365219936,0.999333024,-0.000106382198,0.00291281147,1.45560938e-10,0.999995887],"shapeName":"/levels/italy/art/shapes/buildings/powerline_city2.dae"}
{"class":"TSStatic","persistentId":"d5a62fad-4705-4303-ba20-71b058472b3b","__parent":"powerlines_city_main","position":[723.039734,1329.04004,155.32019],"annotation":"POLE","isRenderEnabled":false,"rotationMatrix":[-0.790566564,0.612375855,0,-0.612375855,-0.790566564,0,0,0,1],"scale":[1.0432508,1,1],"shapeName":"/levels/italy/art/shapes/buildings/powerline_city3.dae"}
{"class":"TSStatic","persistentId":"d7253727-6318-474e-bbc7-4bfb0b47a244","__parent":"powerlines_city_main","position":[511.409912,1308.73291,170.876236],"annotation":"POLE","isRenderEnabled":false,"shapeName":"/levels/italy/art/shapes/buildings/powerline_city1.dae"}
{"class":"TSStatic","persistentId":"d988ddaf-dfb9-40ff-aa8c-81d9afa6cb37","__parent":"powerlines_city_main","position":[1333.17725,1239.44788,167.023254],"annotation":"POLE","isRenderEnabled":false,"rotationMatrix":[-0.537181795,0.83699429,-0.104291908,-0.843466818,-0.533059597,0.0664207712,6.98738623e-09,0.123646788,0.992326319],"scale":[0.911249161,0.86129564,0.86129564],"shapeName":"/levels/italy/art/shapes/buildings/powerline_city3.dae"}
{"class":"TSStatic","persistentId":"dafb8a8a-d3ed-4c49-b2ad-34a473c6baa8","__parent":"powerlines_city_main","position":[1184.34961,1173.59534,163.163315],"annotation":"POLE","isRenderEnabled":false,"rotationMatrix":[0.25723055,-0.965431571,-0.0421122275,0.966349423,0.256986141,0.0112097571,6.86582657e-09,-0.0435786098,0.9990502],"scale":[1.1015743,1,1],"shapeName":"/levels/italy/art/shapes/buildings/powerline_city2.dae"}
{"class":"TSStatic","persistentId":"db49b23a-6f9c-44af-8e3b-57ecb8474678","__parent":"powerlines_city_main","position":[968.619202,1328.85535,153.08963],"annotation":"POLE","isRenderEnabled":false,"rotationMatrix":[-0.997859538,0.0653964728,0,-0.0653964728,-0.997859538,0,0,0,1],"scale":[1.19920313,1,1],"shapeName":"/levels/italy/art/shapes/buildings/powerline_city1.dae"}
{"class":"TSStatic","persistentId":"dbe0f52e-50b6-4d16-9748-1ff3b53f6899","__parent":"powerlines_city_main","position":[443.845245,1387.44409,162.702484],"annotation":"POLE","isRenderEnabled":false,"rotationMatrix":[0.111201391,0.993798137,0,-0.993798137,0.111201391,0,0,0,1],"scale":[0.813294172,0.813294172,0.813294172],"shapeName":"/levels/italy/art/shapes/buildings/powerline_city3.dae"}
{"class":"TSStatic","persistentId":"df73231a-f357-4ed0-8278-8cbfd38fd15f","__parent":"powerlines_city_main","position":[1097.30945,1223.86487,153.188904],"annotation":"POLE","isRenderEnabled":false,"rotationMatrix":[-0.147249833,0.977340817,0.152062938,-0.989098489,-0.145499244,-0.022638008,1.26202266e-08,-0.153738827,0.988111556],"scale":[1.38569915,1,1],"shapeName":"/levels/italy/art/shapes/buildings/powerline_city2.dae"}
{"class":"TSStatic","persistentId":"e7598ae7-8ec3-47bf-8357-b8e226620728","__parent":"powerlines_city_main","position":[668.257812,1326.54907,154.028244],"annotation":"POLE","isRenderEnabled":false,"rotationMatrix":[-0.0762739182,-0.995703161,0.0525029227,0.997086883,-0.076168105,0.00401630346,-2.32820763e-10,0.0526563115,0.998612404],"scale":[1.09821749,1.09821749,1.09821749],"shapeName":"/levels/italy/art/shapes/buildings/powerline_city2.dae"}
{"class":"TSStatic","persistentId":"e95daed7-5b39-4b2c-83ae-1f15bcd41857","__parent":"powerlines_city_main","position":[1210.64722,1228.4563,157.657928],"annotation":"POLE","isRenderEnabled":false,"rotationMatrix":[-0.0191086307,0.999817252,0,-0.999817252,-0.0191086307,0,0,0,1],"scale":[1.183725,1,1],"shapeName":"/levels/italy/art/shapes/buildings/powerline_city2.dae"}
{"class":"TSStatic","persistentId":"ee6ac2f0-1bae-42d0-9977-07b37c9c84d7","__parent":"powerlines_city_main","position":[1075.79712,1223.40332,155.994843],"annotation":"POLE","isRenderEnabled":false,"rotationMatrix":[-0.0698473901,0.997557461,0,-0.997557461,-0.0698473901,0,0,0,1],"scale":[1.39256859,1,1],"shapeName":"/levels/italy/art/shapes/buildings/powerline_city2.dae"}
{"class":"TSStatic","persistentId":"efa4cd2a-bb1e-4f64-ae83-319ca6f59bfd","__parent":"powerlines_city_main","position":[419.840973,1395.56018,165.433044],"annotation":"POLE","isRenderEnabled":false,"rotationMatrix":[0.0307355467,-0.999527156,0,0.999527156,0.0307355467,0,0,0,1],"scale":[0.793554425,1,1],"shapeName":"/levels/italy/art/shapes/buildings/powerline_city1.dae"}
{"class":"TSStatic","persistentId":"f32007cc-030c-484c-8fff-6f5c88beb325","__parent":"powerlines_city_main","position":[1288.70374,1280.58533,156.33931],"annotation":"POLE","isRenderEnabled":false,"rotationMatrix":[0.00705682347,-0.994808495,0.101519674,0.999974966,0.00702036172,-0.000716424256,-1.60050598e-10,0.101522192,0.994833469],"scale":[1.20406675,1,1],"shapeName":"/levels/italy/art/shapes/buildings/powerline_city2.dae"}
{"class":"TSStatic","persistentId":"f4522475-2bf4-4ba5-bb0d-82529b476e4f","__parent":"powerlines_city_main","position":[955.444885,1242.67041,156.061844],"annotation":"POLE","isRenderEnabled":false,"rotationMatrix":[0.995758474,-0.0918502063,0.00537427794,0.0918488726,0.995772958,0.000495724147,-0.00539709162,-1.7459173e-10,0.999985397],"scale":[1.39989996,1.39989996,1.39989996],"shapeName":"/levels/italy/art/shapes/buildings/powerline_city2.dae"}
{"class":"TSStatic","persistentId":"f6afdbf7-5ee8-4197-aad0-d5c6b41ed51b","__parent":"powerlines_city_main","position":[1345.34912,1355.42334,150.116562],"annotation":"POLE","isRenderEnabled":false,"rotationMatrix":[0.0845144093,0.993228197,0.0797243714,-0.996422589,0.0842434764,0.00676204963,4.65413763e-10,-0.0800106451,0.996794105],"scale":[1.40392232,1,1],"shapeName":"/levels/italy/art/shapes/buildings/powerline_city2.dae"}
{"class":"TSStatic","persistentId":"f6caf5d5-ce26-435f-99fe-7481a464b619","__parent":"powerlines_city_main","position":[483.909912,1409.33496,159.032776],"annotation":"POLE","isRenderEnabled":false,"rotationMatrix":[0.0832452625,0.992504418,0.0894676149,-0.996528745,0.0829091296,0.00747369789,-2.61886318e-10,-0.0897791758,0.995961726],"scale":[1.4151051,1.41976309,1.41976309],"shapeName":"/levels/italy/art/shapes/buildings/powerline_city2.dae"}
{"class":"TSStatic","persistentId":"f81c83b4-43c9-4458-87f7-486871c6eceb","__parent":"powerlines_city_main","position":[1380.53687,1356.00232,150.335327],"annotation":"POLE","isRenderEnabled":false,"rotationMatrix":[-0.357980669,0.933728993,0,-0.933728993,-0.357980669,0,0,0,1],"scale":[1.58912265,1,1],"shapeName":"/levels/italy/art/shapes/buildings/powerline_city2.dae"}
{"class":"TSStatic","persistentId":"f93b7c2b-a117-4ac0-ba1f-4955e119bc3e","__parent":"powerlines_city_main","position":[1037.86096,1159.47241,161.55246],"annotation":"POLE","isRenderEnabled":false,"rotationMatrix":[0.154300049,0.986424446,-0.0562043376,-0.988024056,0.154050246,-0.0087774517,-4.35080028e-10,0.0568856001,0.99838078],"scale":[1.40092909,1.40092909,1.40092909],"shapeName":"/levels/italy/art/shapes/buildings/powerline_city2.dae"}
{"class":"TSStatic","persistentId":"facf57fa-6665-4d11-9b70-a49fce17bfe1","__parent":"powerlines_city_main","position":[1149.29993,1109.42773,163.346344],"annotation":"POLE","isRenderEnabled":false,"rotationMatrix":[-0.132380933,0.991198242,0,-0.991198242,-0.132380933,0,0,0,1],"scale":[0.935706198,1,1],"shapeName":"/levels/italy/art/shapes/buildings/powerline_city2.dae"}
{"class":"TSStatic","persistentId":"fdd01cc7-89ee-4961-8fff-be2c3da36113","__parent":"powerlines_city_main","position":[772.344788,1271.34424,159.138504],"annotation":"POLE","isRenderEnabled":false,"rotationMatrix":[0.250488311,0.967724025,-0.0276716091,-0.968119502,0.25038588,-0.00715966662,3.4931455e-10,0.0285828412,0.999591351],"scale":[2.05680108,2.05680108,2.05680108],"shapeName":"/levels/italy/art/shapes/buildings/powerline_city2.dae"}
{"class":"TSStatic","persistentId":"ff986525-4ddf-46d3-8d26-c2ca9574eafd","__parent":"powerlines_city_main","position":[523.861755,1409.35864,157.919128],"annotation":"POLE","isRenderEnabled":false,"rotationMatrix":[0.0399262011,0.999202788,0,-0.999202788,0.0399262011,0,0,0,1],"scale":[1.42193186,1.40766215,1.40766215],"shapeName":"/levels/italy/art/shapes/buildings/powerline_city2.dae"}
{"class":"TSStatic","persistentId":"ffeb6b08-60cb-4b14-a299-d66878ab9d25","__parent":"powerlines_city_main","position":[897.670776,1221.81958,158.11586],"annotation":"POLE","isRenderEnabled":false,"rotationMatrix":[0.790492892,-0.5938465,-0.1498871,0.612470806,0.766456127,0.193454117,-1.90201973e-07,-0.244725674,0.969592273],"scale":[0.732813537,0.662222266,0.662222266],"shapeName":"/levels/italy/art/shapes/buildings/powerline_city3.dae"}
