{"name":"speedDispL11","class":"TSStatic","persistentId":"e0bba50b-bb79-435c-b86d-cf7f91f3f079","__parent":"ScoreboardL2","position":[324.414734,306.79538,18.5858154],"allowPlayerStep0":"1","instanceColor":[1,1,1,0],"isRenderEnabled":false,"locked":true,"rotationMatrix":[5.96046448e-08,-1,0,1,5.96046448e-08,0,0,0,1],"scale":[7.01394749,7.01394749,7.01394749],"shapeName":"/art/shapes/quarter_mile_display/display_6.dae","useInstanceRenderData":true}
{"name":"timeDispL11","class":"TSStatic","persistentId":"0e3f2841-3c9c-4697-8a6c-2d4ca9a9196c","__parent":"ScoreboardL2","position":[324.380371,307.857483,20.0182724],"allowPlayerStep0":"1","instanceColor":[1,1,1,0],"isRenderEnabled":false,"locked":true,"rotationMatrix":[5.96046448e-08,-1,0,1,5.96046448e-08,0,0,0,1],"scale":[7.01394749,7.01394749,7.01394749],"shapeName":"/art/shapes/quarter_mile_display/display_4.dae","useInstanceRenderData":true}
{"name":"timeDispLDot2","class":"TSStatic","persistentId":"bda5d251-23c9-4a40-86f5-264b8b18fae9","__parent":"ScoreboardL2","position":[324.383667,307.722961,20.0632706],"allowPlayerStep0":"1","instanceColor":[1,1,1,0],"isRenderEnabled":false,"locked":true,"rotationMatrix":[5.96046448e-08,-1,0,1,5.96046448e-08,0,0,0,1],"scale":[7.01394749,7.01394749,6.71758175],"shapeName":"/art/shapes/quarter_mile_display/display_period.dae","useInstanceRenderData":true}
{"name":"speedDispL12","class":"TSStatic","persistentId":"54229f62-911d-49e8-93c2-68e3956cacf2","__parent":"ScoreboardL2","position":[324.383667,307.467499,18.5858154],"allowPlayerStep0":"1","instanceColor":[1,1,1,0],"isRenderEnabled":false,"locked":true,"rotationMatrix":[5.96046448e-08,-1,0,1,5.96046448e-08,0,0,0,1],"scale":[7.01394749,7.01394749,6.71758175],"shapeName":"/art/shapes/quarter_mile_display/display_2.dae","useInstanceRenderData":true}
{"name":"timeDispL12","class":"TSStatic","persistentId":"899b2cb4-1f78-4e6a-9505-b37a13de8095","__parent":"ScoreboardL2","position":[324.380371,309.566132,20.0182724],"allowPlayerStep0":"1","instanceColor":[1,1,1,0],"isRenderEnabled":false,"locked":true,"rotationMatrix":[5.96046448e-08,-1,0,1,5.96046448e-08,0,0,0,1],"scale":[7.01394749,7.01394749,7.01394749],"shapeName":"/art/shapes/quarter_mile_display/display_3.dae","useInstanceRenderData":true}
{"name":"speedDispL13","class":"TSStatic","persistentId":"54712c33-f59c-4d54-adad-6ee17f9ca96d","__parent":"ScoreboardL2","position":[324.380371,309.624115,18.5858154],"allowPlayerStep0":"1","instanceColor":[1,1,1,0],"isRenderEnabled":false,"locked":true,"rotationMatrix":[5.96046448e-08,-1,0,1,5.96046448e-08,0,0,0,1],"scale":[7.01394749,7.01394749,7.01394749],"shapeName":"/art/shapes/quarter_mile_display/display_3.dae","useInstanceRenderData":true}
{"name":"timeDispL13","class":"TSStatic","persistentId":"54f3f408-db27-4818-bfe0-c9e725ffaff5","__parent":"ScoreboardL2","position":[324.414734,306.726807,20.0182724],"allowPlayerStep0":"1","instanceColor":[1,1,1,0],"isRenderEnabled":false,"locked":true,"rotationMatrix":[5.96046448e-08,-1,0,1,5.96046448e-08,0,0,0,1],"scale":[7.01394749,7.01394749,7.01394749],"shapeName":"/art/shapes/quarter_mile_display/display_8.dae","useInstanceRenderData":true}
{"name":"speedDispL14","class":"TSStatic","persistentId":"050dc6ad-e463-474c-93cb-db717f901b6c","__parent":"ScoreboardL2","position":[324.380371,308.791779,18.5858154],"allowPlayerStep0":"1","instanceColor":[1,1,1,0],"isRenderEnabled":false,"locked":true,"rotationMatrix":[5.96046448e-08,-1,0,1,5.96046448e-08,0,0,0,1],"scale":[7.01394749,7.01394749,7.01394749],"shapeName":"/art/shapes/quarter_mile_display/display_3.dae","useInstanceRenderData":true}
{"name":"timeDispL14","class":"TSStatic","persistentId":"5f751c2a-f0ba-49dc-bb3a-fce0815c295b","__parent":"ScoreboardL2","position":[324.383667,305.992615,20.0182724],"allowPlayerStep0":"1","instanceColor":[1,1,1,0],"isRenderEnabled":false,"locked":true,"rotationMatrix":[5.96046448e-08,-1,0,1,5.96046448e-08,0,0,0,1],"scale":[7.01394749,7.01394749,7.01394749],"shapeName":"/art/shapes/quarter_mile_display/display_1.dae","useInstanceRenderData":true}
{"name":"speedDispLDot2","class":"TSStatic","persistentId":"975989e1-f3d0-4f36-9872-cc806a6c4224","__parent":"ScoreboardL2","position":[324.380371,308.456757,18.5858154],"allowPlayerStep0":"1","instanceColor":[1,1,1,0],"isRenderEnabled":false,"locked":true,"rotationMatrix":[5.96046448e-08,-1,0,1,5.96046448e-08,0,0,0,1],"scale":[7.01394749,7.01394749,7.01394749],"shapeName":"/art/shapes/quarter_mile_display/display_period.dae","useInstanceRenderData":true}
{"name":"speedDispL15","class":"TSStatic","persistentId":"c23d32b1-d26d-4663-8f9e-a57fc78daa0b","__parent":"ScoreboardL2","position":[324.383667,306.044342,18.5858154],"allowPlayerStep0":"1","instanceColor":[1,1,1,0],"isRenderEnabled":false,"locked":true,"rotationMatrix":[5.96046448e-08,-1,0,1,5.96046448e-08,0,0,0,1],"scale":[7.01394749,7.01394749,7.01394749],"shapeName":"/art/shapes/quarter_mile_display/display_1.dae","useInstanceRenderData":true}
{"name":"timeDispL15","class":"TSStatic","persistentId":"c9a9cecd-1e3f-4c98-ac61-d65761c87aae","__parent":"ScoreboardL2","position":[324.380371,308.701294,20.0182724],"allowPlayerStep0":"1","instanceColor":[1,1,1,0],"isRenderEnabled":false,"locked":true,"rotationMatrix":[5.96046448e-08,-1,0,1,5.96046448e-08,0,0,0,1],"scale":[7.01394749,7.01394749,7.01394749],"shapeName":"/art/shapes/quarter_mile_display/display_7.dae","useInstanceRenderData":true}
