{"class":"TSStatic","persistentId":"1d371dff-f27b-4678-9e91-0db9cba7103d","__parent":"tss6","position":[-932.348755,-856.980835,7.43533134],"isRenderEnabled":false,"locked":true,"playAmbient":false,"rotationMatrix":[-2.84217094e-14,1,0,-1,-2.84217094e-14,0,0,0,1],"shapeName":"/levels/motorsports_playground/art/shapes/objects/wall_wire1.dae","useInstanceRenderData":true}
{"class":"TSStatic","persistentId":"3ca8823f-4aab-4be3-86c0-61b0fc3c2f6b","__parent":"tss6","position":[-932.348755,-853.965942,8.0017786],"isRenderEnabled":false,"locked":true,"playAmbient":false,"rotationMatrix":[-2.84217094e-14,1,0,-1,-2.84217094e-14,0,0,0,1],"shapeName":"/levels/motorsports_playground/art/shapes/objects/wall_wire1.dae","useInstanceRenderData":true}
{"class":"TSStatic","persistentId":"e65c8c3a-e520-4772-9427-7a0534bddd5a","__parent":"tss6","position":[-932.348755,-850.96936,8.7259264],"isRenderEnabled":false,"locked":true,"playAmbient":false,"rotationMatrix":[-2.84217094e-14,1,0,-1,-2.84217094e-14,0,0,0,1],"shapeName":"/levels/motorsports_playground/art/shapes/objects/wall_wire1.dae","useInstanceRenderData":true}
{"class":"TSStatic","persistentId":"f4498592-2949-4619-accf-48bda72849db","__parent":"tss6","position":[-932.348755,-847.968506,9.04381657],"isRenderEnabled":false,"locked":true,"playAmbient":false,"rotationMatrix":[-2.84217094e-14,1,0,-1,-2.84217094e-14,0,0,0,1],"shapeName":"/levels/motorsports_playground/art/shapes/objects/wall_wire1.dae","useInstanceRenderData":true}
{"class":"TSStatic","persistentId":"58293d95-4b2d-4024-b304-6e474080a4f3","__parent":"tss6","position":[-932.348755,-844.930176,9.33980751],"isRenderEnabled":false,"locked":true,"playAmbient":false,"rotationMatrix":[-2.84217094e-14,1,0,-1,-2.84217094e-14,0,0,0,1],"shapeName":"/levels/motorsports_playground/art/shapes/objects/wall_wire1.dae","useInstanceRenderData":true}
{"class":"TSStatic","persistentId":"6aafdd09-711d-4f88-add8-9011a213d563","__parent":"tss6","position":[-932.348755,-841.907288,9.49158859],"isRenderEnabled":false,"locked":true,"playAmbient":false,"rotationMatrix":[-2.84217094e-14,1,0,-1,-2.84217094e-14,0,0,0,1],"shapeName":"/levels/motorsports_playground/art/shapes/objects/wall_wire1.dae","useInstanceRenderData":true}
{"class":"TSStatic","persistentId":"91bdb468-a1d8-45e4-b446-8b119a7b44d3","__parent":"tss6","position":[-932.348755,-805.95459,9.41150093],"isRenderEnabled":false,"locked":true,"playAmbient":false,"rotationMatrix":[-2.84217094e-14,1,0,-1,-2.84217094e-14,0,0,0,1],"shapeName":"/levels/motorsports_playground/art/shapes/objects/wall_wire1.dae","useInstanceRenderData":true}
{"class":"TSStatic","persistentId":"c53fbfe6-150f-4087-a2a3-693186a5a990","__parent":"tss6","position":[-932.348755,-808.977478,9.45670033],"isRenderEnabled":false,"locked":true,"playAmbient":false,"rotationMatrix":[-2.84217094e-14,1,0,-1,-2.84217094e-14,0,0,0,1],"shapeName":"/levels/motorsports_playground/art/shapes/objects/wall_wire1.dae","useInstanceRenderData":true}
{"class":"TSStatic","persistentId":"9fcd8c8f-461a-4f4e-a04a-5ce7f01af333","__parent":"tss6","position":[-932.348755,-812.015808,9.40305901],"isRenderEnabled":false,"locked":true,"playAmbient":false,"rotationMatrix":[-2.84217094e-14,1,0,-1,-2.84217094e-14,0,0,0,1],"shapeName":"/levels/motorsports_playground/art/shapes/objects/wall_wire1.dae","useInstanceRenderData":true}
{"class":"TSStatic","persistentId":"8519881b-be88-4242-ab98-56907bc2083c","__parent":"tss6","position":[-932.348755,-815.016663,9.38446426],"isRenderEnabled":false,"locked":true,"playAmbient":false,"rotationMatrix":[-2.84217094e-14,1,0,-1,-2.84217094e-14,0,0,0,1],"shapeName":"/levels/motorsports_playground/art/shapes/objects/wall_wire1.dae","useInstanceRenderData":true}
{"class":"TSStatic","persistentId":"17bbc08f-ae11-4342-82b9-5e2736e5e178","__parent":"tss6","position":[-932.348755,-818.013245,9.39636326],"isRenderEnabled":false,"locked":true,"playAmbient":false,"rotationMatrix":[-2.84217094e-14,1,0,-1,-2.84217094e-14,0,0,0,1],"shapeName":"/levels/motorsports_playground/art/shapes/objects/wall_wire1.dae","useInstanceRenderData":true}
{"class":"TSStatic","persistentId":"1d639f26-d007-4a85-8abc-388b5b663a3d","__parent":"tss6","position":[-932.348755,-821.028137,9.46296978],"isRenderEnabled":false,"locked":true,"playAmbient":false,"rotationMatrix":[-2.84217094e-14,1,0,-1,-2.84217094e-14,0,0,0,1],"shapeName":"/levels/motorsports_playground/art/shapes/objects/wall_wire1.dae","useInstanceRenderData":true}
{"class":"TSStatic","persistentId":"595f8049-02be-4b03-ab5a-2998828c5fb6","__parent":"tss6","position":[-932.348755,-824.037048,9.48155403],"isRenderEnabled":false,"locked":true,"playAmbient":false,"rotationMatrix":[-2.84217094e-14,1,0,-1,-2.84217094e-14,0,0,0,1],"shapeName":"/levels/motorsports_playground/art/shapes/objects/wall_wire1.dae","useInstanceRenderData":true}
{"class":"TSStatic","persistentId":"75323a51-5bff-4e2a-9102-c46577eef9a2","__parent":"tss6","position":[-932.348755,-827.029968,9.44737434],"isRenderEnabled":false,"locked":true,"playAmbient":false,"rotationMatrix":[-2.84217094e-14,1,0,-1,-2.84217094e-14,0,0,0,1],"shapeName":"/levels/motorsports_playground/art/shapes/objects/wall_wire1.dae","useInstanceRenderData":true}
{"class":"TSStatic","persistentId":"daefa23e-d01a-4b8a-a5a7-e8d6afe3d3d2","__parent":"tss6","position":[-932.348755,-830.003174,9.50678444],"isRenderEnabled":false,"locked":true,"playAmbient":false,"rotationMatrix":[-2.84217094e-14,1,0,-1,-2.84217094e-14,0,0,0,1],"shapeName":"/levels/motorsports_playground/art/shapes/objects/wall_wire1.dae","useInstanceRenderData":true}
{"class":"TSStatic","persistentId":"a6bb9c2a-6fec-4d71-89e4-89db370ab41f","__parent":"tss6","position":[-932.348755,-832.936218,9.54096413],"isRenderEnabled":false,"locked":true,"playAmbient":false,"rotationMatrix":[-2.84217094e-14,1,0,-1,-2.84217094e-14,0,0,0,1],"shapeName":"/levels/motorsports_playground/art/shapes/objects/wall_wire1.dae","useInstanceRenderData":true}
{"class":"TSStatic","persistentId":"8d86fae2-b827-40b0-a162-6bf4900155e0","__parent":"tss6","position":[-932.348755,-835.987976,9.55553722],"isRenderEnabled":false,"locked":true,"playAmbient":false,"rotationMatrix":[-2.84217094e-14,1,0,-1,-2.84217094e-14,0,0,0,1],"shapeName":"/levels/motorsports_playground/art/shapes/objects/wall_wire1.dae","useInstanceRenderData":true}
{"class":"TSStatic","persistentId":"2ae25497-3a6d-4ca6-84bc-187c184a0438","__parent":"tss6","position":[-932.348755,-838.960022,9.55531502],"isRenderEnabled":false,"locked":true,"playAmbient":false,"rotationMatrix":[-2.84217094e-14,1,0,-1,-2.84217094e-14,0,0,0,1],"shapeName":"/levels/motorsports_playground/art/shapes/objects/wall_wire1.dae","useInstanceRenderData":true}
{"class":"TSStatic","persistentId":"69b48a4a-dfd3-45d2-a68c-4300e01b6c01","__parent":"tss6","position":[-932.348755,-770.014587,9.61497307],"isRenderEnabled":false,"locked":true,"playAmbient":false,"rotationMatrix":[-2.84217094e-14,1,0,-1,-2.84217094e-14,0,0,0,1],"shapeName":"/levels/motorsports_playground/art/shapes/objects/wall_wire1.dae","useInstanceRenderData":true}
{"class":"TSStatic","persistentId":"4d806694-86e3-4bda-866e-7583b152145c","__parent":"tss6","position":[-932.348755,-773.037476,9.64152813],"isRenderEnabled":false,"locked":true,"playAmbient":false,"rotationMatrix":[-2.84217094e-14,1,0,-1,-2.84217094e-14,0,0,0,1],"shapeName":"/levels/motorsports_playground/art/shapes/objects/wall_wire1.dae","useInstanceRenderData":true}
{"class":"TSStatic","persistentId":"3dc685ff-f693-455b-afa8-fbc000b046e8","__parent":"tss6","position":[-932.348755,-776.075806,9.555336],"isRenderEnabled":false,"locked":true,"playAmbient":false,"rotationMatrix":[-2.84217094e-14,1,0,-1,-2.84217094e-14,0,0,0,1],"shapeName":"/levels/motorsports_playground/art/shapes/objects/wall_wire1.dae","useInstanceRenderData":true}
{"class":"TSStatic","persistentId":"ebdb5705-93cd-4e6d-b684-0590f81009a6","__parent":"tss6","position":[-932.348755,-779.07666,9.58210945],"isRenderEnabled":false,"locked":true,"playAmbient":false,"rotationMatrix":[-2.84217094e-14,1,0,-1,-2.84217094e-14,0,0,0,1],"shapeName":"/levels/motorsports_playground/art/shapes/objects/wall_wire1.dae","useInstanceRenderData":true}
{"class":"TSStatic","persistentId":"23343b7b-1804-4421-9af8-4de7a6adc4ab","__parent":"tss6","position":[-932.348755,-782.073242,9.53470135],"isRenderEnabled":false,"locked":true,"playAmbient":false,"rotationMatrix":[-2.84217094e-14,1,0,-1,-2.84217094e-14,0,0,0,1],"shapeName":"/levels/motorsports_playground/art/shapes/objects/wall_wire1.dae","useInstanceRenderData":true}
{"class":"TSStatic","persistentId":"7c6ded67-c994-47df-9354-9f810f9ec2ee","__parent":"tss6","position":[-932.348755,-785.088135,9.57909393],"isRenderEnabled":false,"locked":true,"playAmbient":false,"rotationMatrix":[-2.84217094e-14,1,0,-1,-2.84217094e-14,0,0,0,1],"shapeName":"/levels/motorsports_playground/art/shapes/objects/wall_wire1.dae","useInstanceRenderData":true}
{"class":"TSStatic","persistentId":"424d4bce-97ad-4b9c-8e84-721b0f683933","__parent":"tss6","position":[-932.348755,-788.097046,9.63143158],"isRenderEnabled":false,"locked":true,"playAmbient":false,"rotationMatrix":[-2.84217094e-14,1,0,-1,-2.84217094e-14,0,0,0,1],"shapeName":"/levels/motorsports_playground/art/shapes/objects/wall_wire1.dae","useInstanceRenderData":true}
{"class":"TSStatic","persistentId":"37957f8a-66af-40b4-93f7-cacae6d0c869","__parent":"tss6","position":[-932.348755,-791.089966,9.64053535],"isRenderEnabled":false,"locked":true,"playAmbient":false,"rotationMatrix":[-2.84217094e-14,1,0,-1,-2.84217094e-14,0,0,0,1],"shapeName":"/levels/motorsports_playground/art/shapes/objects/wall_wire1.dae","useInstanceRenderData":true}
{"class":"TSStatic","persistentId":"ec6b0aea-7f6e-422a-b9e4-653c142148be","__parent":"tss6","position":[-932.348755,-794.063171,9.63143158],"isRenderEnabled":false,"locked":true,"playAmbient":false,"rotationMatrix":[-2.84217094e-14,1,0,-1,-2.84217094e-14,0,0,0,1],"shapeName":"/levels/motorsports_playground/art/shapes/objects/wall_wire1.dae","useInstanceRenderData":true}
{"class":"TSStatic","persistentId":"2c4a306b-0f1d-4641-b7e3-af6b2551a3c2","__parent":"tss6","position":[-932.348755,-796.996216,9.49352169],"isRenderEnabled":false,"locked":true,"playAmbient":false,"rotationMatrix":[-2.84217094e-14,1,0,-1,-2.84217094e-14,0,0,0,1],"shapeName":"/levels/motorsports_playground/art/shapes/objects/wall_wire1.dae","useInstanceRenderData":true}
{"class":"TSStatic","persistentId":"55ec32a8-650b-4e65-8fdc-20ef4ffc4760","__parent":"tss6","position":[-932.348755,-800.047974,9.40333557],"isRenderEnabled":false,"locked":true,"playAmbient":false,"rotationMatrix":[-2.84217094e-14,1,0,-1,-2.84217094e-14,0,0,0,1],"shapeName":"/levels/motorsports_playground/art/shapes/objects/wall_wire1.dae","useInstanceRenderData":true}
{"class":"TSStatic","persistentId":"80f3a7ab-e778-4b8f-93f9-e315e625f7da","__parent":"tss6","position":[-932.348755,-803.02002,9.47677231],"isRenderEnabled":false,"locked":true,"playAmbient":false,"rotationMatrix":[-2.84217094e-14,1,0,-1,-2.84217094e-14,0,0,0,1],"shapeName":"/levels/motorsports_playground/art/shapes/objects/wall_wire1.dae","useInstanceRenderData":true}
{"class":"TSStatic","persistentId":"85b4c3e6-8231-48d0-9ba5-1d05cc478dfb","__parent":"tss6","position":[-932.348755,-733.989014,9.29030704],"isRenderEnabled":false,"locked":true,"playAmbient":false,"rotationMatrix":[-2.84217094e-14,1,0,-1,-2.84217094e-14,0,0,0,1],"shapeName":"/levels/motorsports_playground/art/shapes/objects/wall_wire1.dae","useInstanceRenderData":true}
{"class":"TSStatic","persistentId":"2ddc79ef-2b50-4034-8dfc-c1747c408db7","__parent":"tss6","position":[-932.348755,-737.011902,9.20435524],"isRenderEnabled":false,"locked":true,"playAmbient":false,"rotationMatrix":[-2.84217094e-14,1,0,-1,-2.84217094e-14,0,0,0,1],"shapeName":"/levels/motorsports_playground/art/shapes/objects/wall_wire1.dae","useInstanceRenderData":true}
{"class":"TSStatic","persistentId":"96b039c0-ee29-4fd5-ba99-025099f4ab43","__parent":"tss6","position":[-932.348755,-740.050232,9.25712109],"isRenderEnabled":false,"locked":true,"playAmbient":false,"rotationMatrix":[-2.84217094e-14,1,0,-1,-2.84217094e-14,0,0,0,1],"shapeName":"/levels/motorsports_playground/art/shapes/objects/wall_wire1.dae","useInstanceRenderData":true}
{"class":"TSStatic","persistentId":"550545c0-af3d-4609-bd6f-cd891c0ec45e","__parent":"tss6","position":[-932.348755,-743.051086,9.29655361],"isRenderEnabled":false,"locked":true,"playAmbient":false,"rotationMatrix":[-2.84217094e-14,1,0,-1,-2.84217094e-14,0,0,0,1],"shapeName":"/levels/motorsports_playground/art/shapes/objects/wall_wire1.dae","useInstanceRenderData":true}
{"class":"TSStatic","persistentId":"f202c50a-16c1-4792-b910-0ac9387a0193","__parent":"tss6","position":[-932.348755,-746.047668,9.42389297],"isRenderEnabled":false,"locked":true,"playAmbient":false,"rotationMatrix":[-2.84217094e-14,1,0,-1,-2.84217094e-14,0,0,0,1],"shapeName":"/levels/motorsports_playground/art/shapes/objects/wall_wire1.dae","useInstanceRenderData":true}
{"class":"TSStatic","persistentId":"5fc57784-9189-44d6-b43f-af3954845eea","__parent":"tss6","position":[-932.348755,-749.062561,9.46235275],"isRenderEnabled":false,"locked":true,"playAmbient":false,"rotationMatrix":[-2.84217094e-14,1,0,-1,-2.84217094e-14,0,0,0,1],"shapeName":"/levels/motorsports_playground/art/shapes/objects/wall_wire1.dae","useInstanceRenderData":true}
{"class":"TSStatic","persistentId":"e1b91a5f-2a4f-432f-899b-8fa99e0b90df","__parent":"tss6","position":[-932.348755,-752.071472,9.50399971],"isRenderEnabled":false,"locked":true,"playAmbient":false,"rotationMatrix":[-2.84217094e-14,1,0,-1,-2.84217094e-14,0,0,0,1],"shapeName":"/levels/motorsports_playground/art/shapes/objects/wall_wire1.dae","useInstanceRenderData":true}
{"class":"TSStatic","persistentId":"7d11e610-2580-4770-83a1-fdfaba05eba5","__parent":"tss6","position":[-932.348755,-755.064392,9.47041321],"isRenderEnabled":false,"locked":true,"playAmbient":false,"rotationMatrix":[-2.84217094e-14,1,0,-1,-2.84217094e-14,0,0,0,1],"shapeName":"/levels/motorsports_playground/art/shapes/objects/wall_wire1.dae","useInstanceRenderData":true}
{"class":"TSStatic","persistentId":"1ff33009-1fb5-4e05-8934-ff08cec06b1a","__parent":"tss6","position":[-932.348755,-758.037598,9.48276997],"isRenderEnabled":false,"locked":true,"playAmbient":false,"rotationMatrix":[-2.84217094e-14,1,0,-1,-2.84217094e-14,0,0,0,1],"shapeName":"/levels/motorsports_playground/art/shapes/objects/wall_wire1.dae","useInstanceRenderData":true}
{"class":"TSStatic","persistentId":"6f27b57c-c35a-41d6-b9d7-791e25dac1ba","__parent":"tss6","position":[-932.348755,-760.970642,9.40635872],"isRenderEnabled":false,"locked":true,"playAmbient":false,"rotationMatrix":[-2.84217094e-14,1,0,-1,-2.84217094e-14,0,0,0,1],"shapeName":"/levels/motorsports_playground/art/shapes/objects/wall_wire1.dae","useInstanceRenderData":true}
{"class":"TSStatic","persistentId":"98532a52-f690-4b1f-87c7-e57285101e78","__parent":"tss6","position":[-932.348755,-764.0224,9.40333557],"isRenderEnabled":false,"locked":true,"playAmbient":false,"rotationMatrix":[-2.84217094e-14,1,0,-1,-2.84217094e-14,0,0,0,1],"shapeName":"/levels/motorsports_playground/art/shapes/objects/wall_wire1.dae","useInstanceRenderData":true}
{"class":"TSStatic","persistentId":"fbdc2405-1c40-414a-b146-7bc01dea3d03","__parent":"tss6","position":[-932.348755,-766.994446,9.55125809],"isRenderEnabled":false,"locked":true,"playAmbient":false,"rotationMatrix":[-2.84217094e-14,1,0,-1,-2.84217094e-14,0,0,0,1],"shapeName":"/levels/motorsports_playground/art/shapes/objects/wall_wire1.dae","useInstanceRenderData":true}
{"class":"TSStatic","persistentId":"65d708a7-6f3e-47c8-819c-e4685bb01875","__parent":"tss6","position":[1171.63513,-751.137878,12.238677],"isRenderEnabled":false,"locked":true,"playAmbient":false,"rotationMatrix":[-3.2584137e-07,-1,0,1,-3.2584137e-07,0,0,0,1],"shapeName":"/levels/motorsports_playground/art/shapes/objects/wall_wire1.dae","useInstanceRenderData":true}
{"class":"TSStatic","persistentId":"538d0b5e-ec1d-4dba-a299-3aba0fec7de9","__parent":"tss6","position":[1171.63513,-754.160767,12.2879152],"isRenderEnabled":false,"locked":true,"playAmbient":false,"rotationMatrix":[-3.2584137e-07,-1,0,1,-3.2584137e-07,0,0,0,1],"shapeName":"/levels/motorsports_playground/art/shapes/objects/wall_wire1.dae","useInstanceRenderData":true}
{"class":"TSStatic","persistentId":"24409a49-b57a-479a-adc9-af27568aa754","__parent":"tss6","position":[1171.63513,-775.039917,12.665453],"isRenderEnabled":false,"locked":true,"playAmbient":false,"rotationMatrix":[-3.2584137e-07,-1,0,1,-3.2584137e-07,0,0,0,1],"shapeName":"/levels/motorsports_playground/art/shapes/objects/wall_wire1.dae","useInstanceRenderData":true}
{"class":"TSStatic","persistentId":"65f8c59a-9395-4288-aad1-a2596b636131","__parent":"tss6","position":[1171.63513,-772.031006,12.5463934],"isRenderEnabled":false,"locked":true,"playAmbient":false,"rotationMatrix":[-3.2584137e-07,-1,0,1,-3.2584137e-07,0,0,0,1],"shapeName":"/levels/motorsports_playground/art/shapes/objects/wall_wire1.dae","useInstanceRenderData":true}
{"class":"TSStatic","persistentId":"981172b2-9277-46a0-8a73-4c8f238e6032","__parent":"tss6","position":[1171.63513,-769.038086,12.4815845],"isRenderEnabled":false,"locked":true,"playAmbient":false,"rotationMatrix":[-3.2584137e-07,-1,0,1,-3.2584137e-07,0,0,0,1],"shapeName":"/levels/motorsports_playground/art/shapes/objects/wall_wire1.dae","useInstanceRenderData":true}
{"class":"TSStatic","persistentId":"936ab781-b018-4b3c-8685-8a692c674dd3","__parent":"tss6","position":[1171.63513,-766.06488,12.4698801],"isRenderEnabled":false,"locked":true,"playAmbient":false,"rotationMatrix":[-3.2584137e-07,-1,0,1,-3.2584137e-07,0,0,0,1],"shapeName":"/levels/motorsports_playground/art/shapes/objects/wall_wire1.dae","useInstanceRenderData":true}
{"class":"TSStatic","persistentId":"a1c78dbc-f2f7-4615-bc94-ba5fb4ab4e32","__parent":"tss6","position":[1171.63513,-763.131836,12.4332104],"isRenderEnabled":false,"locked":true,"playAmbient":false,"rotationMatrix":[-3.2584137e-07,-1,0,1,-3.2584137e-07,0,0,0,1],"shapeName":"/levels/motorsports_playground/art/shapes/objects/wall_wire1.dae","useInstanceRenderData":true}
{"class":"TSStatic","persistentId":"bb62ff45-44b1-49cf-a3a9-fe1f05e9250e","__parent":"tss6","position":[1171.63513,-760.091919,12.3681364],"isRenderEnabled":false,"locked":true,"playAmbient":false,"rotationMatrix":[-3.2584137e-07,-1,0,1,-3.2584137e-07,0,0,0,1],"shapeName":"/levels/motorsports_playground/art/shapes/objects/wall_wire1.dae","useInstanceRenderData":true}
{"class":"TSStatic","persistentId":"717fd912-f32f-44cd-a2f9-d7a5e53f5101","__parent":"tss6","position":[1171.63513,-757.108032,12.3456125],"isRenderEnabled":false,"locked":true,"playAmbient":false,"rotationMatrix":[-3.2584137e-07,-1,0,1,-3.2584137e-07,0,0,0,1],"shapeName":"/levels/motorsports_playground/art/shapes/objects/wall_wire1.dae","useInstanceRenderData":true}
{"class":"TSStatic","persistentId":"7a46bd85-f722-4307-9519-94b5138090a4","__parent":"tss6","position":[1171.63513,-826.053467,13.0087652],"isRenderEnabled":false,"locked":true,"playAmbient":false,"rotationMatrix":[-3.2584137e-07,-1,0,1,-3.2584137e-07,0,0,0,1],"shapeName":"/levels/motorsports_playground/art/shapes/objects/wall_wire1.dae","useInstanceRenderData":true}
{"class":"TSStatic","persistentId":"71dd4b77-ae3f-40f1-8c5a-021825e0959f","__parent":"tss6","position":[1171.63513,-823.030579,13.0463095],"isRenderEnabled":false,"locked":true,"playAmbient":false,"rotationMatrix":[-3.2584137e-07,-1,0,1,-3.2584137e-07,0,0,0,1],"shapeName":"/levels/motorsports_playground/art/shapes/objects/wall_wire1.dae","useInstanceRenderData":true}
{"class":"TSStatic","persistentId":"0a86896b-d3b1-4596-ab25-6e42b3168f77","__parent":"tss6","position":[1171.63513,-819.992249,13.0007324],"isRenderEnabled":false,"locked":true,"playAmbient":false,"rotationMatrix":[-3.2584137e-07,-1,0,1,-3.2584137e-07,0,0,0,1],"shapeName":"/levels/motorsports_playground/art/shapes/objects/wall_wire1.dae","useInstanceRenderData":true}
{"class":"TSStatic","persistentId":"317d4fae-c40a-48fa-9ce8-34cbf9789a2c","__parent":"tss6","position":[1171.63513,-816.991394,13.0275059],"isRenderEnabled":false,"locked":true,"playAmbient":false,"rotationMatrix":[-3.2584137e-07,-1,0,1,-3.2584137e-07,0,0,0,1],"shapeName":"/levels/motorsports_playground/art/shapes/objects/wall_wire1.dae","useInstanceRenderData":true}
{"class":"TSStatic","persistentId":"e1d2b7d4-89ba-4c9e-a484-597065fd95d1","__parent":"tss6","position":[1171.63513,-813.994812,12.9800968],"isRenderEnabled":false,"locked":true,"playAmbient":false,"rotationMatrix":[-3.2584137e-07,-1,0,1,-3.2584137e-07,0,0,0,1],"shapeName":"/levels/motorsports_playground/art/shapes/objects/wall_wire1.dae","useInstanceRenderData":true}
{"class":"TSStatic","persistentId":"80c3e75c-d578-4291-be6a-f9b11a4afd3b","__parent":"tss6","position":[1171.63513,-810.979919,12.9718618],"isRenderEnabled":false,"locked":true,"playAmbient":false,"rotationMatrix":[-3.2584137e-07,-1,0,1,-3.2584137e-07,0,0,0,1],"shapeName":"/levels/motorsports_playground/art/shapes/objects/wall_wire1.dae","useInstanceRenderData":true}
{"class":"TSStatic","persistentId":"9dda3b1e-a36b-47f5-a3e2-a118fb4c97a8","__parent":"tss6","position":[1171.63513,-862.079041,12.7357025],"isRenderEnabled":false,"locked":true,"playAmbient":false,"rotationMatrix":[-3.2584137e-07,-1,0,1,-3.2584137e-07,0,0,0,1],"shapeName":"/levels/motorsports_playground/art/shapes/objects/wall_wire1.dae","useInstanceRenderData":true}
{"class":"TSStatic","persistentId":"6273c0b1-aea9-449f-a8d2-961af13317a5","__parent":"tss6","position":[1171.63513,-859.056152,12.6497517],"isRenderEnabled":false,"locked":true,"playAmbient":false,"rotationMatrix":[-3.2584137e-07,-1,0,1,-3.2584137e-07,0,0,0,1],"shapeName":"/levels/motorsports_playground/art/shapes/objects/wall_wire1.dae","useInstanceRenderData":true}
{"class":"TSStatic","persistentId":"66cf97bc-bd65-4890-9782-63181e014eb1","__parent":"tss6","position":[1171.63513,-856.017822,12.7025185],"isRenderEnabled":false,"locked":true,"playAmbient":false,"rotationMatrix":[-3.2584137e-07,-1,0,1,-3.2584137e-07,0,0,0,1],"shapeName":"/levels/motorsports_playground/art/shapes/objects/wall_wire1.dae","useInstanceRenderData":true}
{"class":"TSStatic","persistentId":"42193d08-d10d-4cfb-9ea3-04e4e1dc1bb0","__parent":"tss6","position":[1171.63513,-853.016968,12.741951],"isRenderEnabled":false,"locked":true,"playAmbient":false,"rotationMatrix":[-3.2584137e-07,-1,0,1,-3.2584137e-07,0,0,0,1],"shapeName":"/levels/motorsports_playground/art/shapes/objects/wall_wire1.dae","useInstanceRenderData":true}
{"class":"TSStatic","persistentId":"c1203695-b940-4ff3-a905-318259532072","__parent":"tss6","position":[1171.63513,-850.020386,12.8692894],"isRenderEnabled":false,"locked":true,"playAmbient":false,"rotationMatrix":[-3.2584137e-07,-1,0,1,-3.2584137e-07,0,0,0,1],"shapeName":"/levels/motorsports_playground/art/shapes/objects/wall_wire1.dae","useInstanceRenderData":true}
{"class":"TSStatic","persistentId":"70dd315f-e815-449b-b9af-a1cc458a46c1","__parent":"tss6","position":[1171.63513,-829.073608,12.9966545],"isRenderEnabled":false,"locked":true,"playAmbient":false,"rotationMatrix":[-3.2584137e-07,-1,0,1,-3.2584137e-07,0,0,0,1],"shapeName":"/levels/motorsports_playground/art/shapes/objects/wall_wire1.dae","useInstanceRenderData":true}
{"class":"TSStatic","persistentId":"693423df-7da0-47c1-9c1e-99b2f1ab470c","__parent":"tss6","position":[1117.01746,-886.852478,13.4409342],"isRenderEnabled":false,"locked":true,"playAmbient":false,"rotationMatrix":[-1,4.17232513e-07,0,-4.17232513e-07,-1,0,0,0,1],"shapeName":"/levels/motorsports_playground/art/shapes/objects/wall_wire1.dae","useInstanceRenderData":true}
{"class":"TSStatic","persistentId":"4555146d-65fe-4735-adc1-344b21f423c5","__parent":"tss6","position":[1120.04028,-886.852478,13.3263845],"isRenderEnabled":false,"locked":true,"playAmbient":false,"rotationMatrix":[-1,4.17232513e-07,0,-4.17232513e-07,-1,0,0,0,1],"shapeName":"/levels/motorsports_playground/art/shapes/objects/wall_wire1.dae","useInstanceRenderData":true}
{"class":"TSStatic","persistentId":"39cc709c-c725-4397-b4a4-08244c5971d7","__parent":"tss6","position":[1123.07874,-886.852478,13.3805027],"isRenderEnabled":false,"locked":true,"playAmbient":false,"rotationMatrix":[-1,4.17232513e-07,0,-4.17232513e-07,-1,0,0,0,1],"shapeName":"/levels/motorsports_playground/art/shapes/objects/wall_wire1.dae","useInstanceRenderData":true}
{"class":"TSStatic","persistentId":"d31dc155-4cc7-400d-b824-721b1373739b","__parent":"tss6","position":[1126.07959,-886.852478,13.4280767],"isRenderEnabled":false,"locked":true,"playAmbient":false,"rotationMatrix":[-1,4.17232513e-07,0,-4.17232513e-07,-1,0,0,0,1],"shapeName":"/levels/motorsports_playground/art/shapes/objects/wall_wire1.dae","useInstanceRenderData":true}
{"class":"TSStatic","persistentId":"7dd33e41-8c6e-4a15-b3e0-6c5ea20c0d34","__parent":"tss6","position":[1129.07605,-886.852478,13.3380623],"isRenderEnabled":false,"locked":true,"playAmbient":false,"rotationMatrix":[-1,4.17232513e-07,0,-4.17232513e-07,-1,0,0,0,1],"shapeName":"/levels/motorsports_playground/art/shapes/objects/wall_wire1.dae","useInstanceRenderData":true}
{"class":"TSStatic","persistentId":"4a0c3bbd-3320-4dde-9a1c-975b21385243","__parent":"tss6","position":[1132.09094,-886.852478,13.1988306],"isRenderEnabled":false,"locked":true,"playAmbient":false,"rotationMatrix":[-1,4.17232513e-07,0,-4.17232513e-07,-1,0,0,0,1],"shapeName":"/levels/motorsports_playground/art/shapes/objects/wall_wire1.dae","useInstanceRenderData":true}
{"class":"TSStatic","persistentId":"dbcce625-7f6e-468c-88e0-3d21423f6516","__parent":"tss6","position":[1135.09998,-886.82782,12.9643574],"isRenderEnabled":false,"locked":true,"playAmbient":false,"rotationMatrix":[-1,4.17232513e-07,0,-4.17232513e-07,-1,0,0,0,1],"shapeName":"/levels/motorsports_playground/art/shapes/objects/wall_wire1.dae","useInstanceRenderData":true}
{"class":"TSStatic","persistentId":"3c57d11e-26c5-4ff5-93e7-6db0f00c4109","__parent":"tss6","position":[1138.0929,-886.852539,12.8894873],"isRenderEnabled":false,"locked":true,"playAmbient":false,"rotationMatrix":[-1,4.17232513e-07,0,-4.17232513e-07,-1,0,0,0,1],"shapeName":"/levels/motorsports_playground/art/shapes/objects/wall_wire1.dae","useInstanceRenderData":true}
{"class":"TSStatic","persistentId":"159c7fbe-e984-4329-bb57-1bb34c1e2f2a","__parent":"tss6","position":[1141.06604,-886.852478,12.8271036],"isRenderEnabled":false,"locked":true,"playAmbient":false,"rotationMatrix":[-1,4.17232513e-07,0,-4.17232513e-07,-1,0,0,0,1],"shapeName":"/levels/motorsports_playground/art/shapes/objects/wall_wire1.dae","useInstanceRenderData":true}
{"class":"TSStatic","persistentId":"bda93c68-8726-404d-afc5-4daedf64931a","__parent":"tss6","position":[1143.99902,-886.852478,12.703146],"isRenderEnabled":false,"locked":true,"playAmbient":false,"rotationMatrix":[-1,4.17232513e-07,0,-4.17232513e-07,-1,0,0,0,1],"shapeName":"/levels/motorsports_playground/art/shapes/objects/wall_wire1.dae","useInstanceRenderData":true}
{"class":"TSStatic","persistentId":"1afe334a-aaf7-4218-a2fe-480e16ea3459","__parent":"tss6","position":[1147.0509,-886.852478,12.6263351],"isRenderEnabled":false,"locked":true,"playAmbient":false,"rotationMatrix":[-1,4.17232513e-07,0,-4.17232513e-07,-1,0,0,0,1],"shapeName":"/levels/motorsports_playground/art/shapes/objects/wall_wire1.dae","useInstanceRenderData":true}
{"class":"TSStatic","persistentId":"87f8f5f6-a975-472a-90d0-8dad946d7606","__parent":"tss6","position":[1149.55518,-885.819824,12.5930204],"isRenderEnabled":false,"locked":true,"playAmbient":false,"rotationMatrix":[-0.707107067,-0.707106531,0,0.707106531,-0.707107067,0,0,0,1],"shapeName":"/levels/motorsports_playground/art/shapes/objects/wall_wire1.dae","useInstanceRenderData":true}
{"class":"TSStatic","persistentId":"59d62645-996a-4a69-a1e1-73c6646167ae","__parent":"tss6","position":[1151.69067,-883.684265,12.6806927],"isRenderEnabled":false,"locked":true,"playAmbient":false,"rotationMatrix":[-0.707107067,-0.707106531,0,0.707106531,-0.707107067,0,0,0,1],"shapeName":"/levels/motorsports_playground/art/shapes/objects/wall_wire1.dae","useInstanceRenderData":true}
{"class":"TSStatic","persistentId":"1b9f8b12-45b9-40af-85e0-a5ddec7ee58f","__parent":"tss6","position":[1153.82825,-881.546753,12.6431255],"isRenderEnabled":false,"locked":true,"playAmbient":false,"rotationMatrix":[-0.707107067,-0.707106531,0,0.707106531,-0.707107067,0,0,0,1],"shapeName":"/levels/motorsports_playground/art/shapes/objects/wall_wire1.dae","useInstanceRenderData":true}
{"class":"TSStatic","persistentId":"24ec1887-8941-43fa-8891-bb7e9ea0a747","__parent":"tss6","position":[1155.97668,-879.398376,12.7492018],"isRenderEnabled":false,"locked":true,"playAmbient":false,"rotationMatrix":[-0.707107067,-0.707106531,0,0.707106531,-0.707107067,0,0,0,1],"shapeName":"/levels/motorsports_playground/art/shapes/objects/wall_wire1.dae","useInstanceRenderData":true}
{"class":"TSStatic","persistentId":"28b417e9-be6f-4d23-900b-1cd399385649","__parent":"tss6","position":[1158.09851,-877.276428,12.7593098],"isRenderEnabled":false,"locked":true,"playAmbient":false,"rotationMatrix":[-0.707107067,-0.707106531,0,0.707106531,-0.707107067,0,0,0,1],"shapeName":"/levels/motorsports_playground/art/shapes/objects/wall_wire1.dae","useInstanceRenderData":true}
{"class":"TSStatic","persistentId":"531f9520-d1bd-4d3a-b453-18b61123a89f","__parent":"tss6","position":[1160.21741,-875.157532,12.7401905],"isRenderEnabled":false,"locked":true,"playAmbient":false,"rotationMatrix":[-0.707107067,-0.707106531,0,0.707106531,-0.707107067,0,0,0,1],"shapeName":"/levels/motorsports_playground/art/shapes/objects/wall_wire1.dae","useInstanceRenderData":true}
{"class":"TSStatic","persistentId":"9a518d51-df12-4ee5-867b-0643803a87be","__parent":"tss6","position":[1162.34937,-873.025696,12.7498808],"isRenderEnabled":false,"locked":true,"playAmbient":false,"rotationMatrix":[-0.707107067,-0.707106531,0,0.707106531,-0.707107067,0,0,0,1],"shapeName":"/levels/motorsports_playground/art/shapes/objects/wall_wire1.dae","useInstanceRenderData":true}
{"class":"TSStatic","persistentId":"293628ba-0fd3-4817-bf7f-a3f728497e4a","__parent":"tss6","position":[1164.47693,-870.898071,12.6788445],"isRenderEnabled":false,"locked":true,"playAmbient":false,"rotationMatrix":[-0.707107067,-0.707106531,0,0.707106531,-0.707107067,0,0,0,1],"shapeName":"/levels/motorsports_playground/art/shapes/objects/wall_wire1.dae","useInstanceRenderData":true}
{"class":"TSStatic","persistentId":"1d96e0d6-55ae-4f9c-b92d-752e73d6222b","__parent":"tss6","position":[1166.59326,-868.781738,12.7735825],"isRenderEnabled":false,"locked":true,"playAmbient":false,"rotationMatrix":[-0.707107067,-0.707106531,0,0.707106531,-0.707107067,0,0,0,1],"shapeName":"/levels/motorsports_playground/art/shapes/objects/wall_wire1.dae","useInstanceRenderData":true}
{"class":"TSStatic","persistentId":"62c9149f-e7da-4361-85e4-cf395551618d","__parent":"tss6","position":[1168.69568,-866.679382,12.7480288],"isRenderEnabled":false,"locked":true,"playAmbient":false,"rotationMatrix":[-0.707107067,-0.707106531,0,0.707106531,-0.707107067,0,0,0,1],"shapeName":"/levels/motorsports_playground/art/shapes/objects/wall_wire1.dae","useInstanceRenderData":true}
{"class":"TSStatic","persistentId":"2c54ccb4-cb11-478a-befa-f816767e1db8","__parent":"tss6","position":[1170.76965,-864.605408,12.7365522],"isRenderEnabled":false,"locked":true,"playAmbient":false,"rotationMatrix":[-0.707107067,-0.707106531,0,0.707106531,-0.707107067,0,0,0,1],"shapeName":"/levels/motorsports_playground/art/shapes/objects/wall_wire1.dae","useInstanceRenderData":true}
{"class":"TSStatic","persistentId":"34a15ba5-cd36-4606-b333-1e1a19d8fc8a","__parent":"tss6","position":[1110.99609,-886.852478,13.6427412],"isRenderEnabled":false,"locked":true,"playAmbient":false,"rotationMatrix":[-1,4.17232513e-07,0,-4.17232513e-07,-1,0,0,0,1],"shapeName":"/levels/motorsports_playground/art/shapes/objects/wall_wire1.dae","useInstanceRenderData":true}
{"class":"TSStatic","persistentId":"bc038dd3-0bd7-433d-8d05-82ffda66cc7c","__parent":"tss6","position":[1114.01892,-886.852478,13.5281916],"isRenderEnabled":false,"locked":true,"playAmbient":false,"rotationMatrix":[-1,4.17232513e-07,0,-4.17232513e-07,-1,0,0,0,1],"shapeName":"/levels/motorsports_playground/art/shapes/objects/wall_wire1.dae","useInstanceRenderData":true}
{"class":"TSStatic","persistentId":"f39265c4-3330-40c9-aa54-5e699cef7039","__parent":"tss6","position":[-415.143341,-217.82753,9.07100964],"isRenderEnabled":false,"locked":true,"playAmbient":false,"rotationMatrix":[0.0224215426,-0.999748766,0,0.999748766,0.0224215426,0,0,0,1],"scale":[1,1,1.5],"shapeName":"/levels/motorsports_playground/art/shapes/buildings/hr_petrolstation_sign.DAE","useInstanceRenderData":true}
{"class":"TSStatic","persistentId":"73412c38-6218-4045-9f57-47596526083c","__parent":"tss6","position":[-390.516266,-205.784836,10.0686541],"isRenderEnabled":false,"locked":true,"playAmbient":false,"shapeName":"/levels/motorsports_playground/art/shapes/buildings/hr_metalbin.DAE","useInstanceRenderData":true}
{"class":"TSStatic","persistentId":"e55d54c1-8da3-400b-8b30-dd7a03b4efe0","__parent":"tss6","position":[-389.718994,-205.784836,10.0686541],"isRenderEnabled":false,"locked":true,"playAmbient":false,"shapeName":"/levels/motorsports_playground/art/shapes/buildings/hr_metalbin.DAE","useInstanceRenderData":true}
{"class":"TSStatic","persistentId":"a1baadab-b328-41cd-be73-0fe74150a5be","__parent":"tss6","position":[-376.865936,-189.272873,9.4910984],"isRenderEnabled":false,"locked":true,"playAmbient":false,"shapeName":"/levels/motorsports_playground/art/shapes/buildings/hr_charging_station.DAE","useInstanceRenderData":true}
{"class":"TSStatic","persistentId":"c18467d5-7765-458b-863d-dead0cd8654e","__parent":"tss6","position":[-399.988831,-189.272873,9.25879574],"isRenderEnabled":false,"locked":true,"playAmbient":false,"shapeName":"/levels/motorsports_playground/art/shapes/buildings/hr_charging_station.DAE","useInstanceRenderData":true}
{"class":"TSStatic","persistentId":"a3409d86-c2aa-4410-a898-a87e040e9a9e","__parent":"tss6","position":[-388.124908,-205.822388,10.8768682],"isRenderEnabled":false,"locked":true,"playAmbient":false,"rotationMatrix":[0.0294306017,0.999566734,0,-0.999566734,0.0294306017,0,0,0,1],"shapeName":"/levels/motorsports_playground/art/shapes/buildings/hr_firextinguisher.DAE","useInstanceRenderData":true}
{"class":"TSStatic","persistentId":"98243417-4faa-480a-881a-b6c0c1301275","__parent":"tss6","position":[-389.054962,-205.842361,10.8768682],"isRenderEnabled":false,"locked":true,"playAmbient":false,"rotationMatrix":[-0.0344473757,-0.999406457,0,0.999406457,-0.0344473757,0,0,0,1],"shapeName":"/levels/motorsports_playground/art/shapes/buildings/hr_firextinguisher.DAE","useInstanceRenderData":true}
{"class":"TSStatic","persistentId":"fbc1d35c-4f6f-4b4b-aaf1-cd0b37762aed","__parent":"tss6","position":[-408.214508,-199.423553,10.2318153],"isRenderEnabled":false,"locked":true,"playAmbient":false,"shapeName":"/levels/motorsports_playground/art/shapes/objects/dumpster.dae","useInstanceRenderData":true}
{"class":"TSStatic","persistentId":"0f405a59-ae23-4eaa-afda-8463ea744a2d","__parent":"tss6","position":[-440.499207,-198.275208,9.60172367],"isRenderEnabled":false,"locked":true,"playAmbient":false,"rotationMatrix":[-0.561619699,-0.827395439,0,0.827395439,-0.561619699,0,0,0,1],"shapeName":"/levels/motorsports_playground/art/shapes/objects/featherflag_beamng.dae","useInstanceRenderData":true}
{"class":"TSStatic","persistentId":"e9dd5022-258b-446b-994f-c1387dec3c90","__parent":"tss6","position":[-390.195465,-195.414108,9.9388113],"isRenderEnabled":false,"locked":true,"playAmbient":false,"shapeName":"/levels/motorsports_playground/art/shapes/buildings/hirochi_petrolstation_pump.DAE","useInstanceRenderData":true}
{"class":"TSStatic","persistentId":"149c6e2a-d87b-4774-a787-437ebaa6b8c3","__parent":"tss6","position":[777.638977,-298.679199,18.9735298],"isRenderEnabled":false,"locked":true,"playAmbient":false,"rotationMatrix":[-0.938189745,-0.346121252,0,0.346121252,-0.938189745,0,0,0,1],"shapeName":"/levels/motorsports_playground/art/shapes/buildings/hr_building1.dae","useInstanceRenderData":true}
{"class":"TSStatic","persistentId":"910836b8-a182-4fc5-aeeb-cf14a7e6547a","__parent":"tss6","position":[768.31134,-335.200531,19.2509708],"isRenderEnabled":false,"locked":true,"playAmbient":false,"shapeName":"/levels/motorsports_playground/art/shapes/buildings/hr_metalbin.DAE","useInstanceRenderData":true}
{"class":"TSStatic","persistentId":"6ee0627c-0e7f-4fc6-95a7-d44df2208115","__parent":"tss6","position":[-62.8514252,-732.719421,11.0785809],"isRenderEnabled":false,"locked":true,"playAmbient":false,"shapeName":"/levels/motorsports_playground/art/shapes/buildings/hr_metalbin_mod.DAE","useInstanceRenderData":true}
{"class":"TSStatic","persistentId":"96b20af6-6430-4143-8879-bd6f550df91c","__parent":"tss6","position":[-202.039001,-722.598328,10.767374],"isRenderEnabled":false,"locked":true,"playAmbient":false,"scale":[2,2,2],"shapeName":"/levels/motorsports_playground/art/shapes/buildings/hr_metalbin_mod.DAE","useInstanceRenderData":true}
{"class":"TSStatic","persistentId":"3cb37bb3-c5b2-4876-bd38-5dfa7597b290","__parent":"tss6","position":[-202.039001,-741.345032,10.767374],"isRenderEnabled":false,"locked":true,"playAmbient":false,"scale":[2,2,2],"shapeName":"/levels/motorsports_playground/art/shapes/buildings/hr_metalbin_mod.DAE","useInstanceRenderData":true}
{"class":"TSStatic","persistentId":"0c30bbd4-8b41-44f4-a411-6cc834787fc2","__parent":"tss6","position":[552.046814,-434.125366,7.44908381],"isRenderEnabled":false,"locked":true,"playAmbient":false,"shapeName":"/levels/motorsports_playground/art/shapes/buildings/hr_petrolstation_sign.DAE","useInstanceRenderData":true}
{"class":"TSStatic","persistentId":"0decce29-2c69-4fdd-8046-6d9065eb02c0","__parent":"tss6","position":[551.332275,-424.435211,9.61538124],"isRenderEnabled":false,"locked":true,"playAmbient":false,"shapeName":"/levels/motorsports_playground/art/shapes/buildings/hr/hr_endpole.dae","useInstanceRenderData":true}
{"class":"TSStatic","persistentId":"34d5172a-fe50-41f3-afe5-f5479b4265f7","__parent":"tss6","position":[247.408264,770.824524,14.2012062],"isRenderEnabled":false,"locked":true,"playAmbient":false,"rotationMatrix":[0.192027077,0.981389582,0,-0.981389582,0.192027077,0,0,0,1],"shapeName":"/levels/motorsports_playground/art/shapes/race/sign_speed50.dae","useInstanceRenderData":true}
{"class":"TSStatic","persistentId":"1718ba75-8583-4cc5-bf73-798efd90b74a","__parent":"tss6","position":[-120.51593,757.202759,10.9383268],"isRenderEnabled":false,"locked":true,"playAmbient":false,"rotationMatrix":[-0.382683784,-0.923879385,0,0.923879385,-0.382683784,0,0,0,1],"shapeName":"/levels/motorsports_playground/art/shapes/race/sign_speed50.dae","useInstanceRenderData":true}
{"class":"TSStatic","persistentId":"1939af94-b090-4334-8013-5cb7a4bab67e","__parent":"tss6","position":[154.101974,772.864075,14.6063242],"isRenderEnabled":false,"locked":true,"playAmbient":false,"rotationMatrix":[0.238024384,0.971259117,0,-0.971259117,0.238024384,0,0,0,1],"shapeName":"/levels/motorsports_playground/art/shapes/race/sign_speed50.dae","useInstanceRenderData":true}
{"class":"TSStatic","persistentId":"f6fa7d80-cefe-48ec-a241-296a3373d5d1","__parent":"tss6","position":[396.702972,386.927124,8.64113617],"isRenderEnabled":false,"playAmbient":false,"rotationMatrix":[-3.2584137e-07,-1,0,1,-3.2584137e-07,0,0,0,1],"shapeName":"/levels/motorsports_playground/art/shapes/race/sign_speed40.dae","useInstanceRenderData":true}
{"class":"TSStatic","persistentId":"e99e8738-4c96-488c-85eb-a5ec31a6e305","__parent":"tss6","position":[389.08197,371.142181,8.99822903],"isRenderEnabled":false,"playAmbient":false,"rotationMatrix":[0.786162436,-0.618019879,0,0.618019879,0.786162436,0,0,0,1],"shapeName":"/levels/motorsports_playground/art/shapes/race/sign_speed30.dae","useInstanceRenderData":true}
{"class":"TSStatic","persistentId":"099ee0da-b806-49e2-8df6-4740720d5620","__parent":"tss6","position":[-92.5958786,-235.223892,8.49285316],"collisionType":"None","isRenderEnabled":false,"locked":true,"playAmbient":false,"rotationMatrix":[0.64759469,-0.761984825,0,0.761984825,0.64759469,0,0,0,1],"shapeName":"/levels/motorsports_playground/art/shapes/race/sign_speed70.dae","useInstanceRenderData":true}
{"class":"TSStatic","persistentId":"01e7f1f4-a50c-4193-9959-3ab9be64376c","__parent":"tss6","position":[567.065002,-575.686218,8],"isRenderEnabled":false,"locked":true,"playAmbient":false,"rotationMatrix":[-0.946279824,-0.322947502,0.0160887297,0.323342562,-0.945381939,0.0412614606,0.00188470632,0.0442470759,0.99901849],"scale":[1.20000005,1.20000005,1.5],"shapeName":"/levels/motorsports_playground/art/shapes/buildings/derby_crossramp.dae","useInstanceRenderData":true}
{"class":"TSStatic","persistentId":"732a9401-ea80-43a6-bbae-d96ada6777c7","__parent":"tss6","position":[889.720032,-337.569794,5.82161331],"isRenderEnabled":false,"locked":true,"playAmbient":false,"rotationMatrix":[0.933239043,-0.359255552,0,0.359255552,0.933239043,0,0,0,1],"scale":[1.25,1.25,1.25600004],"shapeName":"/levels/motorsports_playground/art/shapes/buildings/gantry.dae","useInstanceRenderData":true}
{"class":"TSStatic","persistentId":"ce5136bf-cd8c-424c-8b5a-bcfd3bbf2b7f","__parent":"tss6","position":[732.402771,-393.001221,19.2487564],"isRenderEnabled":false,"locked":true,"playAmbient":false,"shapeName":"/levels/motorsports_playground/art/shapes/objects/garbage_sack.dae","useInstanceRenderData":true}
{"class":"TSStatic","persistentId":"847dbdee-26e4-4ab9-88c6-99abd62ffc58","__parent":"tss6","position":[1126.9325,162.817886,7.44495106],"isRenderEnabled":false,"locked":true,"playAmbient":false,"rotationMatrix":[0.073649317,-0.997283995,0,0.997283995,0.073649317,0,0,0,1],"scale":[1,1,1.25],"shapeName":"/levels/motorsports_playground/art/shapes/objects/billboard_structure1.dae","useInstanceRenderData":true}
{"class":"TSStatic","persistentId":"3207280b-365d-4ed7-8174-0ad5a63f0349","__parent":"tss6","position":[-132.298538,-691.320679,9.42604828],"isRenderEnabled":false,"locked":true,"playAmbient":false,"rotationMatrix":[-0.999955177,0.00946355797,0,-0.00946355797,-0.999955177,0,0,0,1],"scale":[1,1,1.25],"shapeName":"/levels/motorsports_playground/art/shapes/objects/billboard_structure1.dae","useInstanceRenderData":true}
{"class":"TSStatic","persistentId":"e28b81c9-22e4-42ff-a3a4-36cda4cda35c","__parent":"tss6","position":[-858.012451,-239.025742,9.18004227],"isRenderEnabled":false,"locked":true,"playAmbient":false,"rotationMatrix":[0.902474701,-0.430742502,0,0.430742502,0.902474701,0,0,0,1],"scale":[1,1,1.25],"shapeName":"/levels/motorsports_playground/art/shapes/objects/billboard_structure1.dae","useInstanceRenderData":true}
{"class":"TSStatic","persistentId":"3e96019b-91b2-4b5e-80b8-8df7ee8c376f","__parent":"tss6","position":[-583.836792,-220.360733,6.20512772],"isRenderEnabled":false,"locked":true,"playAmbient":false,"rotationMatrix":[0.977175117,-0.212434471,0,0.212434471,0.977175117,0,0,0,1],"scale":[1,1,1.25],"shapeName":"/levels/motorsports_playground/art/shapes/objects/billboard_structure1.dae","useInstanceRenderData":true}
{"class":"TSStatic","persistentId":"c582c107-9b45-4df0-82a2-3957b04d56b4","__parent":"tss6","position":[-865.079651,621.448486,10.4329596],"isRenderEnabled":false,"locked":true,"playAmbient":false,"rotationMatrix":[-0.105848216,0.994382262,0,-0.994382262,-0.105848216,0,0,0,1],"scale":[1,1,1.25],"shapeName":"/levels/motorsports_playground/art/shapes/objects/billboard_structure1.dae","useInstanceRenderData":true}
{"class":"TSStatic","persistentId":"c4e35e8e-1e5a-492b-8b55-92cfce7c8e7d","__parent":"tss6","position":[1214.94873,841.420654,9.79309464],"isRenderEnabled":false,"locked":true,"playAmbient":false,"rotationMatrix":[-0.205495626,0.978280783,0.0271658059,-0.96984297,-0.207283467,0.128209859,0.131056309,0,0.99137485],"shapeName":"/levels/motorsports_playground/art/shapes/objects/arrowboard_R.dae","useInstanceRenderData":true}
{"class":"TSStatic","persistentId":"f58cd44b-61a5-48a2-baa0-d1c1f1045f09","__parent":"tss6","position":[512.735229,782.370728,11.3174267],"isRenderEnabled":false,"locked":true,"playAmbient":false,"rotationMatrix":[-0.93247664,0.361229807,0,-0.361229807,-0.93247664,0,0,0,1],"shapeName":"/levels/motorsports_playground/art/shapes/objects/construction_sign_small_a.DAE","useInstanceRenderData":true}
{"class":"TSStatic","persistentId":"b5cc7d90-0f7c-4f23-81e5-cbc6e30cef02","__parent":"tss6","position":[539.81488,783.511841,11.2634859],"isRenderEnabled":false,"locked":true,"playAmbient":false,"rotationMatrix":[-0.713798523,-0.700350881,0,0.700350881,-0.713798523,0,0,0,1],"shapeName":"/levels/motorsports_playground/art/shapes/objects/construction_sign_small_a.DAE","useInstanceRenderData":true}
{"class":"TSStatic","persistentId":"dc2c6e7b-fe2c-4963-9f1c-07bceada0796","__parent":"tss6","position":[-861.207947,305.104431,11.3546095],"isRenderEnabled":false,"locked":true,"playAmbient":false,"shapeName":"/levels/motorsports_playground/art/shapes/objects/substation_transformer.dae","useInstanceRenderData":true}
{"class":"TSStatic","persistentId":"e2bcf775-c114-45a8-98d4-02f74bd91d87","__parent":"tss6","position":[-869.809204,285.819794,14.0325718],"isRenderEnabled":false,"locked":true,"playAmbient":false,"rotationMatrix":[0.997226715,-0.0744184032,0,0.0744184032,0.997226715,0,0,0,1],"scale":[1,0.800000012,1],"shapeName":"/levels/motorsports_playground/art/shapes/objects/substation_circuitbreaker.dae","useInstanceRenderData":true}
{"class":"TSStatic","persistentId":"24c852d9-c78c-4c35-adbe-9be7dd96206e","__parent":"tss6","position":[-864.640747,286.197205,10.9036655],"isRenderEnabled":false,"locked":true,"playAmbient":false,"rotationMatrix":[-0.0566444695,0.99839437,0,-0.99839437,-0.0566444695,0,0,0,1],"scale":[3,3,2],"shapeName":"/levels/motorsports_playground/art/shapes/objects/substation_support.dae","useInstanceRenderData":true}
{"class":"TSStatic","persistentId":"04244d9b-5242-4a4f-8be2-9b86027f98b8","__parent":"tss6","position":[-875.335632,282.503265,10.9036655],"isRenderEnabled":false,"locked":true,"playAmbient":false,"rotationMatrix":[-0.0414336324,-0.999141216,0,0.999141216,-0.0414336324,0,0,0,1],"scale":[2.70000005,3,2],"shapeName":"/levels/motorsports_playground/art/shapes/objects/substation_support.dae","useInstanceRenderData":true}
{"class":"TSStatic","persistentId":"c2303192-4dfe-446f-9e6f-35874c2e1988","__parent":"tss6","position":[-869.197632,312.587311,10.1998806],"isRenderEnabled":false,"locked":true,"playAmbient":false,"shapeName":"/levels/motorsports_playground/art/shapes/objects/substation_truss.dae","useInstanceRenderData":true}
{"class":"TSStatic","persistentId":"d751757c-5c37-4b73-9cce-9727789511dd","__parent":"tss6","position":[-869.934753,285.034302,5.98959446],"isRenderEnabled":false,"locked":true,"playAmbient":false,"rotationMatrix":[0.999135435,-0.0415738486,0,0.0415738486,0.999135435,0,0,0,1],"shapeName":"/levels/motorsports_playground/art/shapes/objects/pipeline_support1.dae","useInstanceRenderData":true}
{"class":"TSStatic","persistentId":"9150f83f-ade7-490d-9431-25d9961ea446","__parent":"tss6","position":[-869.797913,287.188049,5.98959446],"isRenderEnabled":false,"locked":true,"playAmbient":false,"rotationMatrix":[0.999135435,-0.0415738486,0,0.0415738486,0.999135435,0,0,0,1],"shapeName":"/levels/motorsports_playground/art/shapes/objects/pipeline_support1.dae","useInstanceRenderData":true}
{"class":"TSStatic","persistentId":"a73c2fda-a4b6-4d1b-a395-01b7218e51d0","__parent":"tss6","position":[-872.099487,269.872162,9.32667542],"isRenderEnabled":false,"locked":true,"playAmbient":false,"shapeName":"/levels/motorsports_playground/art/shapes/objects/powerpole3.dae","useInstanceRenderData":true}
{"class":"TSStatic","persistentId":"a12f51e5-db41-4e7c-a8f0-9ddb17c5a9ad","__parent":"tss6","position":[-875.072327,302.003174,11.475275],"isRenderEnabled":false,"locked":true,"playAmbient":false,"shapeName":"/levels/motorsports_playground/art/shapes/objects/substation_lightning.dae","useInstanceRenderData":true}
{"class":"TSStatic","persistentId":"4f636820-4597-4e69-bb06-ac6e32174212","__parent":"tss6","position":[-91.843399,-236.006073,8.49285316],"collisionType":"None","isRenderEnabled":false,"locked":true,"playAmbient":false,"rotationMatrix":[0.710050583,-0.704150498,0,0.704150498,0.710050583,0,0,0,1],"shapeName":"/levels/motorsports_playground/art/shapes/race/sign_speed70.dae","useInstanceRenderData":true}
{"class":"TSStatic","persistentId":"49d8cccf-c59c-47e9-a8a5-3756dd8042fb","__parent":"tss6","position":[-91.0544281,-236.820511,8.49285507],"collisionType":"None","isRenderEnabled":false,"locked":true,"playAmbient":false,"rotationMatrix":[0.75680542,-0.653639853,0,0.653639853,0.75680542,0,0,0,1],"shapeName":"/levels/motorsports_playground/art/shapes/race/sign_speed70.dae","useInstanceRenderData":true}
{"class":"TSStatic","persistentId":"0e33c8f7-e47f-4ff0-85a0-a212a8b21bf5","__parent":"tss6","position":[-69.730278,-243.108582,8.69114399],"collisionType":"None","isRenderEnabled":false,"locked":true,"playAmbient":false,"rotationMatrix":[0.984928668,-0.172960073,0,0.172960073,0.984928668,0,0,0,1],"shapeName":"/levels/motorsports_playground/art/shapes/race/sign_speed70.dae","useInstanceRenderData":true}
{"class":"TSStatic","persistentId":"8ada6c06-5ea2-4be7-a26f-5763f8da7af9","__parent":"tss6","position":[-68.7347336,-243.284836,8.69114494],"collisionType":"None","isRenderEnabled":false,"locked":true,"playAmbient":false,"rotationMatrix":[0.984928668,-0.172960073,0,0.172960073,0.984928668,0,0,0,1],"shapeName":"/levels/motorsports_playground/art/shapes/race/sign_speed70.dae","useInstanceRenderData":true}
{"class":"TSStatic","persistentId":"468d5951-6313-4cd7-9bf3-abf1ec7d4a37","__parent":"tss6","position":[-67.7412109,-243.492905,8.69114494],"collisionType":"None","isRenderEnabled":false,"locked":true,"playAmbient":false,"rotationMatrix":[0.984928668,-0.172960073,0,0.172960073,0.984928668,0,0,0,1],"shapeName":"/levels/motorsports_playground/art/shapes/race/sign_speed70.dae","useInstanceRenderData":true}
{"class":"TSStatic","persistentId":"83aba607-5e69-4e8c-b0bd-7bc90ebcaac9","__parent":"tss6","position":[-66.737915,-243.670471,8.69114494],"collisionType":"None","isRenderEnabled":false,"locked":true,"playAmbient":false,"rotationMatrix":[0.984928668,-0.172960073,0,0.172960073,0.984928668,0,0,0,1],"shapeName":"/levels/motorsports_playground/art/shapes/race/sign_speed70.dae","useInstanceRenderData":true}
{"class":"TSStatic","persistentId":"09961a47-3a4f-4f0b-9698-94239ae8c6f0","__parent":"tss6","position":[-65.723381,-243.856659,8.69114494],"collisionType":"None","isRenderEnabled":false,"locked":true,"playAmbient":false,"rotationMatrix":[0.984928668,-0.172960073,0,0.172960073,0.984928668,0,0,0,1],"shapeName":"/levels/motorsports_playground/art/shapes/race/sign_speed70.dae","useInstanceRenderData":true}
{"class":"TSStatic","persistentId":"05305410-1e05-4f73-bf25-d05d36a188c3","__parent":"tss6","position":[-74.7636566,-242.147919,8.69114399],"collisionType":"None","isRenderEnabled":false,"locked":true,"playAmbient":false,"rotationMatrix":[0.984928668,-0.172960073,0,0.172960073,0.984928668,0,0,0,1],"shapeName":"/levels/motorsports_playground/art/shapes/race/sign_speed70.dae","useInstanceRenderData":true}
{"class":"TSStatic","persistentId":"8cd21638-54ec-48d5-9ba8-0d4dd7ef0403","__parent":"tss6","position":[-73.7681122,-242.324173,8.69114494],"collisionType":"None","isRenderEnabled":false,"locked":true,"playAmbient":false,"rotationMatrix":[0.984928668,-0.172960073,0,0.172960073,0.984928668,0,0,0,1],"shapeName":"/levels/motorsports_playground/art/shapes/race/sign_speed70.dae","useInstanceRenderData":true}
{"class":"TSStatic","persistentId":"0336f468-0934-4db4-86be-13e4f74abbef","__parent":"tss6","position":[-72.7745895,-242.532242,8.69114494],"collisionType":"None","isRenderEnabled":false,"locked":true,"playAmbient":false,"rotationMatrix":[0.984928668,-0.172960073,0,0.172960073,0.984928668,0,0,0,1],"shapeName":"/levels/motorsports_playground/art/shapes/race/sign_speed70.dae","useInstanceRenderData":true}
{"class":"TSStatic","persistentId":"3c0d635d-0748-4b94-9e94-620ffd106516","__parent":"tss6","position":[-71.7712936,-242.709808,8.69114494],"collisionType":"None","isRenderEnabled":false,"locked":true,"playAmbient":false,"rotationMatrix":[0.984928668,-0.172960073,0,0.172960073,0.984928668,0,0,0,1],"shapeName":"/levels/motorsports_playground/art/shapes/race/sign_speed70.dae","useInstanceRenderData":true}
{"class":"TSStatic","persistentId":"2a988c61-5428-47bf-94bf-8f9e8d9843f7","__parent":"tss6","position":[-70.7567596,-242.895996,8.69114494],"collisionType":"None","isRenderEnabled":false,"locked":true,"playAmbient":false,"rotationMatrix":[0.984928668,-0.172960073,0,0.172960073,0.984928668,0,0,0,1],"shapeName":"/levels/motorsports_playground/art/shapes/race/sign_speed70.dae","useInstanceRenderData":true}
