{"name":"theForest","class":"Forest","persistentId":"1b1565e7-cd9a-4eea-82d4-9e73898220e4","__parent":"Terrain"}
{"name":"minimap","class":"TerrainBlock","persistentId":"6bee6d33-613a-4a1a-8507-b9045c6cf43f","__parent":"Terrain","position":[-2000,-2000,-200],"baseTexSize":4096,"castShadows":false,"hidden":true,"isRenderEnabled":false,"lightMapSize":64,"maxHeight":1024,"minimapImage":"levels/Valo_City/minimap.jpg","rotationMatrix":[0.99999994,0,0,0,0.99999994,0,0,0,0.999999881],"squareSize":15.625,"terrainFile":"/levels/Valo_City/terrain_helper.ter"}
