{"class":"TSStatic","persistentId":"03a4e03c-ad46-4162-adc5-fdbdf1b40f22","__parent":"castle_detaill","position":[-1006.74756,1000.66498,399.001923],"annotation":"OBSTACLES","isRenderEnabled":false,"shapeName":"/levels/italy/art/shapes/buildings/italy_construction_site_net_rolled.dae"}
{"class":"TSStatic","persistentId":"1395337e-5c64-4e50-aa5d-6791cea41b48","__parent":"castle_detaill","position":[-1029.797,997.642639,398.937286],"annotation":"OBSTACLES","isRenderEnabled":false,"shapeName":"/levels/italy/art/shapes/buildings/italy_city_tree_pot.dae"}
{"class":"TSStatic","persistentId":"172582fe-7843-4bed-9c21-5db4e2800255","__parent":"castle_detaill","position":[-1038.54968,1006.44128,398.971191],"annotation":"OBSTACLES","isRenderEnabled":false,"rotationMatrix":[-1.49011598e-07,1,0,-1,-1.49011598e-07,0,0,0,1],"shapeName":"/levels/italy/art/shapes/buildings/italy_clutter_pwood_bench.DAE"}
{"class":"TSStatic","persistentId":"17b0e46f-3b79-48bd-b4a6-51f25e55a665","__parent":"castle_detaill","position":[-1038.54968,1003.91541,398.971191],"annotation":"OBSTACLES","isRenderEnabled":false,"rotationMatrix":[-1.49011598e-07,1,0,-1,-1.49011598e-07,0,0,0,1],"shapeName":"/levels/italy/art/shapes/buildings/italy_clutter_pwood_bench.DAE"}
{"class":"TSStatic","persistentId":"183f7452-c1c6-45d0-88ff-44fc392857c9","__parent":"castle_detaill","position":[-1013.51678,998.459961,399.308167],"annotation":"OBSTACLES","decalType":"None","isRenderEnabled":false,"rotationMatrix":[-0.72779882,-0.685791075,0,0.685791075,-0.72779882,0,0,0,1],"shapeName":"/levels/italy/art/shapes/buildings/italy_clutter_concrete_bag.DAE"}
{"class":"TSStatic","persistentId":"19c05f65-89c7-4712-9304-f65b9680992e","__parent":"castle_detaill","position":[-1007.25189,1004.20056,399.196991],"annotation":"OBSTACLES","isRenderEnabled":false,"rotationMatrix":[0.997561812,-0.0697880834,0,0.069788076,0.997561812,0,0,0,1],"shapeName":"/levels/italy/art/shapes/buildings/italy_clutter_CBB_a.DAE"}
{"name":"castle_additions","class":"TSStatic","persistentId":"23afb48c-ba96-4336-b724-e320a5be2a30","__parent":"castle_detaill","position":[-1032,1009,391],"annotation":"OBSTACLES","isRenderEnabled":false,"shapeName":"/levels/italy/art/shapes/buildings/italy_bld_castle_additions.dae"}
{"class":"TSStatic","persistentId":"24fd40c2-1e6e-4528-a29d-34907f2d5ac3","__parent":"castle_detaill","position":[-1021.90381,995.091003,398.962708],"annotation":"OBSTACLES","isRenderEnabled":false,"rotationMatrix":[-0.999999642,-1.63912773e-07,0,1.63912773e-07,-0.999999642,0,0,0,1],"shapeName":"/levels/italy/art/shapes/buildings/italy_clutter_wood_bin.DAE"}
{"class":"TSStatic","persistentId":"2e20cf85-3df5-4fe9-ba3e-e95e0798a1a4","__parent":"castle_detaill","position":[-1017.23389,999.181213,399.025208],"annotation":"OBSTACLES","isRenderEnabled":false,"rotationMatrix":[0.921480656,0.388424665,0,-0.388424665,0.921480656,0,0,0,1],"shapeName":"/levels/italy/art/shapes/buildings/italy_clutter_concrete_bag.DAE"}
{"class":"TSStatic","persistentId":"36565730-7223-4015-a8ea-f1217db2d7fe","__parent":"castle_detaill","position":[-1023.69385,997.642639,398.937286],"annotation":"OBSTACLES","isRenderEnabled":false,"shapeName":"/levels/italy/art/shapes/buildings/italy_city_tree_pot.dae"}
{"class":"TSStatic","persistentId":"39284e93-6611-434c-8034-c973921c7a7d","__parent":"castle_detaill","position":[-1007.01184,1000.26715,399.001923],"annotation":"OBSTACLES","isRenderEnabled":false,"rotationMatrix":[-0.902578115,-0.430526048,0,0.430526048,-0.902578115,0,0,0,1],"shapeName":"/levels/italy/art/shapes/buildings/italy_construction_site_net_rolled.dae"}
{"class":"TSStatic","persistentId":"4c7e5365-c4d2-45cc-8c25-0715bf9e9077","__parent":"castle_detaill","position":[-1019.31958,1011.28107,398.937286],"annotation":"OBSTACLES","isRenderEnabled":false,"shapeName":"/levels/italy/art/shapes/buildings/italy_city_tree_pot.dae"}
{"class":"TSStatic","persistentId":"569e7f73-2df7-4870-986f-17598883473e","__parent":"castle_detaill","position":[-1007.5235,1004.01489,399.000885],"annotation":"OBSTACLES","isRenderEnabled":false,"rotationMatrix":[0.969864547,-0.243644923,0,0.243644923,0.969864547,0,0,0,1],"shapeName":"/levels/italy/art/shapes/buildings/italy_clutter_pallet.DAE"}
{"class":"TSStatic","persistentId":"5868261a-76d7-435c-92c1-318f7802798b","__parent":"castle_detaill","position":[-1014.62653,998.690552,398.989227],"annotation":"OBSTACLES","decalType":"None","isRenderEnabled":false,"shapeName":"/levels/italy/art/shapes/buildings/italy_clutter_rubble_dumpster.DAE"}
{"class":"TSStatic","persistentId":"5dc4fe0f-6351-4779-82b7-fbeb0eb7ccec","__parent":"castle_detaill","position":[-1013.11511,1013.16571,399.033081],"annotation":"OBSTACLES","isRenderEnabled":false,"shapeName":"/levels/italy/art/shapes/buildings/italy_bollard_small.dae"}
{"class":"TSStatic","persistentId":"631ddffb-4ff4-463a-8040-7b2e9dd52693","__parent":"castle_detaill","position":[-1025.58374,995.506226,398.971191],"annotation":"OBSTACLES","isRenderEnabled":false,"rotationMatrix":[-0.999999464,-8.94069672e-08,0,8.94069672e-08,-0.999999464,0,0,0,1],"shapeName":"/levels/italy/art/shapes/buildings/italy_clutter_pwood_bench.DAE"}
{"class":"TSStatic","persistentId":"6b101d8c-d2ca-48e3-a470-0e9b4a5c0045","__parent":"castle_detaill","position":[-1017.547,998.395203,399.654266],"annotation":"OBSTACLES","isRenderEnabled":false,"rotationMatrix":[0.671147466,0.741324008,0,-0.741324008,0.671147466,0,0,0,1],"shapeName":"/levels/italy/art/shapes/buildings/italy_clutter_concrete_bag.DAE"}
{"class":"TSStatic","persistentId":"6cf80735-e8a7-465b-ad67-7f3b5f87aea3","__parent":"castle_detaill","position":[-1009,1013.5,399],"annotation":"OBSTACLES","isRenderEnabled":false,"rotationMatrix":[-2.98023224e-08,-0.999999881,0,0.999999881,-2.98023224e-08,0,0,0,1],"shapeName":"/levels/italy/art/shapes/buildings/italy_construction_site_net.dae"}
{"class":"TSStatic","persistentId":"70f1ebdb-8298-44be-ad7d-e560b7a5c184","__parent":"castle_detaill","position":[-1014.81317,998.82489,399.308167],"annotation":"OBSTACLES","decalType":"None","isRenderEnabled":false,"rotationMatrix":[0.878037453,-0.478592634,0,0.478592634,0.878037453,0,0,0,1],"shapeName":"/levels/italy/art/shapes/buildings/italy_clutter_concrete_bag.DAE"}
{"name":"castle_statue","class":"TSStatic","persistentId":"711aba46-3b7e-437b-8fcc-480e4f5a24d2","__parent":"castle_detaill","position":[-1024.58752,1005.46869,398.995789],"annotation":"OBSTACLES","isRenderEnabled":false,"rotationMatrix":[3.7252903e-07,0.999999166,0,-0.999999166,3.7252903e-07,0,0,0,1],"shapeName":"/levels/italy/art/shapes/buildings/italy_castle_statue.dae"}
{"class":"TSStatic","persistentId":"8cafc4f9-d25c-4c36-8792-a83f7ecd485d","__parent":"castle_detaill","position":[-1010.15356,1013.03473,399.033081],"annotation":"OBSTACLES","isRenderEnabled":false,"shapeName":"/levels/italy/art/shapes/buildings/italy_bollard_small.dae"}
{"class":"TSStatic","persistentId":"94905a11-207c-4294-a34e-e6cba9a3663b","__parent":"castle_detaill","position":[-1012.18799,1013.1571,399.033081],"annotation":"OBSTACLES","isRenderEnabled":false,"shapeName":"/levels/italy/art/shapes/buildings/italy_bollard_small.dae"}
{"class":"TSStatic","persistentId":"9b2e2aa8-f237-4763-9111-e677f5209030","__parent":"castle_detaill","position":[-1018.67676,998.023987,399.025208],"annotation":"OBSTACLES","isRenderEnabled":false,"rotationMatrix":[-0.0597602576,0.998212814,0,-0.998212814,-0.0597602576,0,0,0,1],"shapeName":"/levels/italy/art/shapes/buildings/italy_clutter_concrete_bag.DAE"}
{"class":"TSStatic","persistentId":"9d2dc714-e995-4497-bc6c-c855801937ee","__parent":"castle_detaill","position":[-1017.51294,998.312317,398.962738],"annotation":"OBSTACLES","isRenderEnabled":false,"shapeName":"/levels/italy/art/shapes/buildings/italy_clutter_concbag_pile.DAE"}
{"class":"TSStatic","persistentId":"9e704c1a-5bab-46ad-a9a6-972b4cc4db40","__parent":"castle_detaill","position":[-1035.37341,996.03656,399.279816],"annotation":"OBSTACLES","isRenderEnabled":false,"rotationMatrix":[-1.1920929e-07,0.99999994,0,-0.99999994,-1.1920929e-07,0,0,0,1],"shapeName":"/levels/italy/art/shapes/buildings/italy_city_tree_pot_wplant.dae"}
{"class":"TSStatic","persistentId":"b4342ad3-b6f2-4564-837e-37a6a3ea5076","__parent":"castle_detaill","position":[-1038.85022,1001.3595,398.962708],"annotation":"OBSTACLES","isRenderEnabled":false,"rotationMatrix":[-1.49011612e-07,0.999999464,0,-0.999999464,-1.49011612e-07,0,0,0,1],"shapeName":"/levels/italy/art/shapes/buildings/italy_clutter_wood_bin.DAE"}
{"class":"TSStatic","persistentId":"b525fcbb-43fb-4bc4-92a0-0bb365008794","__parent":"castle_detaill","position":[-1009.17566,1006.63519,399.180176],"annotation":"OBSTACLES","isRenderEnabled":false,"rotationMatrix":[-0.879395604,-0.114139356,-0.462207347,-0.458362609,-0.0594922528,0.886771917,-0.128713295,0.991681635,-2.98023224e-08],"shapeName":"/levels/italy/art/shapes/buildings/italy_construction_site_net_rolled.dae"}
{"class":"TSStatic","persistentId":"ba8d6484-c7fd-4b9f-9200-24193227b14a","__parent":"castle_detaill","position":[-1026.91089,1011.28107,398.937286],"annotation":"OBSTACLES","isRenderEnabled":false,"shapeName":"/levels/italy/art/shapes/buildings/italy_city_tree_pot.dae"}
{"class":"TSStatic","persistentId":"c328ded6-31f4-4dec-bb8d-813e3c9dfb96","__parent":"castle_detaill","position":[-1009,1013.5,399],"annotation":"OBSTACLES","isRenderEnabled":false,"shapeName":"/levels/italy/art/shapes/buildings/italy_construction_site_net.dae"}
{"class":"TSStatic","persistentId":"ccdb693b-a6f6-405b-bb4a-b43dbdaa929c","__parent":"castle_detaill","position":[-1030.45874,996.029419,399.279816],"annotation":"OBSTACLES","isRenderEnabled":false,"rotationMatrix":[-1.1920929e-07,0.99999994,0,-0.99999994,-1.1920929e-07,0,0,0,1],"shapeName":"/levels/italy/art/shapes/buildings/italy_city_tree_pot_wplant.dae"}
{"class":"TSStatic","persistentId":"cd23e8a8-820c-4a24-b4e3-84af8359958b","__parent":"castle_detaill","position":[-1009,1008.5,399],"annotation":"OBSTACLES","isRenderEnabled":false,"rotationMatrix":[-2.98023224e-08,-0.999999881,0,0.999999881,-2.98023224e-08,0,0,0,1],"shapeName":"/levels/italy/art/shapes/buildings/italy_construction_site_net.dae"}
{"class":"TSStatic","persistentId":"cdd0aeb3-f39c-45dd-ab7d-f3de1c64a40d","__parent":"castle_detaill","position":[-1028.10962,995.506226,398.971191],"annotation":"OBSTACLES","isRenderEnabled":false,"rotationMatrix":[-0.999999464,-8.94069672e-08,0,8.94069672e-08,-0.999999464,0,0,0,1],"shapeName":"/levels/italy/art/shapes/buildings/italy_clutter_pwood_bench.DAE"}
{"class":"TSStatic","persistentId":"e2249476-f871-48b2-9414-91325ac25bc1","__parent":"castle_detaill","position":[-1009,1006,399],"annotation":"OBSTACLES","isRenderEnabled":false,"rotationMatrix":[-0.258818984,-0.965925694,0,0.965925694,-0.258818984,0,0,0,1],"shapeName":"/levels/italy/art/shapes/buildings/italy_construction_site_net_folded.dae"}
{"class":"TSStatic","persistentId":"ef1f7b60-daab-4bac-8497-f388b8c4ad60","__parent":"castle_detaill","position":[-1009.1637,1013.03473,399.033081],"annotation":"OBSTACLES","isRenderEnabled":false,"shapeName":"/levels/italy/art/shapes/buildings/italy_bollard_small.dae"}
{"class":"TSStatic","persistentId":"f26b1afe-9596-449d-b39a-e6e39e071b55","__parent":"castle_detaill","position":[-1007.87201,999.563049,399.001923],"annotation":"OBSTACLES","isRenderEnabled":false,"rotationMatrix":[0.659786761,-0.749162078,-0.0586280525,0.661630332,0.616140068,-0.427336782,0.356267542,0.243160993,0.90218997],"shapeName":"/levels/italy/art/shapes/buildings/italy_construction_site_net_rolled.dae"}
{"class":"TSStatic","persistentId":"f5b1282c-d0cb-49d1-afc6-c94826b6440c","__parent":"castle_detaill","position":[-1009,1011,399],"annotation":"OBSTACLES","isRenderEnabled":false,"rotationMatrix":[-2.98023224e-08,-0.999999881,0,0.999999881,-2.98023224e-08,0,0,0,1],"shapeName":"/levels/italy/art/shapes/buildings/italy_construction_site_net.dae"}
{"class":"TSStatic","persistentId":"f7bc5f8d-da73-4e11-90e6-34a6433b2f99","__parent":"castle_detaill","position":[-1034.34668,1011.28107,398.937286],"annotation":"OBSTACLES","isRenderEnabled":false,"shapeName":"/levels/italy/art/shapes/buildings/italy_city_tree_pot.dae"}
{"class":"TSStatic","persistentId":"f9a56788-4737-4362-8127-9a340cf4f086","__parent":"castle_detaill","position":[-1007.3797,1003.74097,399.187164],"annotation":"OBSTACLES","isRenderEnabled":false,"rotationMatrix":[0.969864547,-0.243644923,0,0.243644923,0.969864547,0,0,0,1],"shapeName":"/levels/italy/art/shapes/buildings/italy_clutter_CBB_b.DAE"}
{"class":"TSStatic","persistentId":"fbb47985-f804-4312-862a-6aecf4dc55f0","__parent":"castle_detaill","position":[-1035.88892,997.946838,398.937286],"annotation":"OBSTACLES","isRenderEnabled":false,"shapeName":"/levels/italy/art/shapes/buildings/italy_city_tree_pot.dae"}
{"class":"TSStatic","persistentId":"fde950f2-605a-40aa-b91d-bfac01faf9d6","__parent":"castle_detaill","position":[-1007.84497,1004.0434,399.199799],"annotation":"OBSTACLES","isRenderEnabled":false,"rotationMatrix":[0.309248775,0.95098114,0,-0.9509812,0.309248775,0,0,0,1],"shapeName":"/levels/italy/art/shapes/buildings/italy_clutter_CBB_c.DAE"}
