{"class":"TSStatic","persistentId":"0703a67b-83fa-4965-9ebb-db84e2f0abed","__parent":"Pier","position":[-56.166687,-905.028198,9.04175186],"annotation":"OBSTACLES","isRenderEnabled":false,"rotationMatrix":[-0.995196819,-0.0978942364,0,0.0978942364,-0.995196819,0,0,0,1],"shapeName":"/levels/east_coast_usa/art/shapes/buildings/eca_fv_crate.DAE"}
{"class":"TSStatic","persistentId":"07ccd858-b81c-44ce-8af5-0b2afb17d281","__parent":"Pier","position":[-55.787056,-916.856812,13.7488766],"annotation":"OBSTACLES","isRenderEnabled":false,"rotationMatrix":[-0.0948162302,0.995494843,0,-0.995494843,-0.0948162228,0,0,0,1],"shapeName":"/levels/east_coast_usa/art/shapes/buildings/eca_fv_crate.DAE"}
{"class":"TSStatic","persistentId":"0a8e0876-db37-4644-a291-98af7bdbba12","__parent":"Pier","position":[-50.1088104,-884.324829,13.9489326],"annotation":"OBSTACLES","isRenderEnabled":false,"rotationMatrix":[0.0642313957,-0.997935116,0,0.997935057,0.0642313883,0,0,0,1],"shapeName":"/levels/east_coast_usa/art/shapes/buildings/eca_fv_crate.DAE"}
{"class":"TSStatic","persistentId":"0b55c6e7-980e-465d-80c7-d17a58be9bcb","__parent":"Pier","position":[-48.7953415,-869.438538,13.9434338],"annotation":"OBSTACLES","isRenderEnabled":false,"rotationMatrix":[0.996102571,0.0882031694,0,-0.0882031694,0.996102571,0,0,0,1],"shapeName":"/levels/east_coast_usa/art/shapes/buildings/eca_fv_crate.DAE"}
{"class":"TSStatic","persistentId":"122e961a-72f8-45fc-a323-7f85f56c79ba","__parent":"Pier","position":[-48.9799004,-867.737427,13.9434338],"annotation":"OBSTACLES","isRenderEnabled":false,"rotationMatrix":[0.996102571,0.0882031694,0,-0.0882031694,0.996102571,0,0,0,1],"shapeName":"/levels/east_coast_usa/art/shapes/buildings/eca_fv_crate.DAE"}
{"class":"TSStatic","persistentId":"15c35980-b83c-46ae-a064-3af2d0d914a9","__parent":"Pier","position":[-57.149353,-876.482056,14.9471397],"annotation":"OBSTACLES","isRenderEnabled":false,"rotationMatrix":[0.996102571,0.0882031694,0,-0.0882031694,0.996102571,0,0,0,1],"shapeName":"/levels/east_coast_usa/art/shapes/buildings/eca_fv_crate.DAE"}
{"class":"TSStatic","persistentId":"1bb16ab1-0478-44ba-aaf8-4340fd5bad08","__parent":"Pier","position":[-56.7108688,-903.495483,9.04175186],"annotation":"OBSTACLES","isRenderEnabled":false,"rotationMatrix":[0.127927125,-0.991783559,0,0.991783559,0.127927125,0,0,0,1],"shapeName":"/levels/east_coast_usa/art/shapes/buildings/eca_fv_crate.DAE"}
{"class":"TSStatic","persistentId":"1c1316fb-3dc7-4e5e-96b4-a5e6978ccd2b","__parent":"Pier","position":[-60.0798187,-903.462952,9.05504322],"annotation":"OBSTACLES","isRenderEnabled":false,"rotationMatrix":[-0.993969738,-0.109654956,0,0.109654956,-0.993969798,0,0,0,1],"shapeName":"/levels/east_coast_usa/art/shapes/buildings/eca_fv_lobstertrap_stack_d.DAE"}
{"class":"TSStatic","persistentId":"21eea346-dd24-47a8-adf9-41862703dcc9","__parent":"Pier","position":[-54.8972549,-916.787048,14.7468376],"annotation":"OBSTACLES","isRenderEnabled":false,"rotationMatrix":[-0.0948162302,0.995494843,0,-0.995494843,-0.0948162228,0,0,0,1],"shapeName":"/levels/east_coast_usa/art/shapes/buildings/eca_fv_crate.DAE"}
{"class":"TSStatic","persistentId":"25a6b500-0206-423d-959c-439edf42f535","__parent":"Pier","position":[-47.9103165,-876.709778,13.9434338],"annotation":"OBSTACLES","isRenderEnabled":false,"rotationMatrix":[-0.990358412,-0.138528809,0,0.138528809,-0.990358472,0,0,0,1],"shapeName":"/levels/east_coast_usa/art/shapes/buildings/eca_fv_crate.DAE"}
{"class":"TSStatic","persistentId":"29460838-67fa-46d5-b8d3-4b4d310955c3","__parent":"Pier","position":[-57.1494637,-876.47229,13.9491787],"annotation":"OBSTACLES","isRenderEnabled":false,"rotationMatrix":[0.996102571,0.0882031694,0,-0.0882031694,0.996102571,0,0,0,1],"shapeName":"/levels/east_coast_usa/art/shapes/buildings/eca_fv_crate.DAE"}
{"class":"TSStatic","persistentId":"2b64dbe8-eda5-4c1d-8d10-8d03af28f0d0","__parent":"Pier","position":[-51.8135719,-884.468323,13.9489326],"annotation":"OBSTACLES","isRenderEnabled":false,"rotationMatrix":[0.0642313957,-0.997935116,0,0.997935057,0.0642313883,0,0,0,1],"shapeName":"/levels/east_coast_usa/art/shapes/buildings/eca_fv_crate.DAE"}
{"class":"TSStatic","persistentId":"322064a6-819f-4dc5-8c71-8e30b8e2b437","__parent":"Pier","position":[-59.4712715,-933.859375,13.5426302],"annotation":"OBSTACLES","isRenderEnabled":false,"rotationMatrix":[0.997410357,-0.0575220808,-0.0431732833,0.0573760495,0.998342037,-0.00461503258,0.0433671661,0.00212596823,0.999056935],"shapeName":"/levels/east_coast_usa/art/shapes/buildings/eca_fv_lobstertrap_stack_c.DAE"}
{"class":"TSStatic","persistentId":"333ba10b-a04d-49bb-8fd6-ca615683a9de","__parent":"Pier","position":[-53.5043221,-884.783386,13.9489326],"annotation":"OBSTACLES","isRenderEnabled":false,"rotationMatrix":[0.0642313957,-0.997935116,0,0.997935057,0.0642313883,0,0,0,1],"shapeName":"/levels/east_coast_usa/art/shapes/buildings/eca_fv_crate.DAE"}
{"class":"TSStatic","persistentId":"351f3962-234c-40cc-b8f5-134e3c986862","__parent":"Pier","position":[-56.9908295,-901.994019,9.04175186],"annotation":"OBSTACLES","isRenderEnabled":false,"rotationMatrix":[-0.968925774,-0.247351959,0,0.247351959,-0.968925774,0,0,0,1],"shapeName":"/levels/east_coast_usa/art/shapes/buildings/eca_fv_crate.DAE"}
{"class":"TSStatic","persistentId":"35ad940f-0a2f-46f6-ae9a-737a51303f24","__parent":"Pier","position":[-53.0407639,-917.59375,13.6264029],"annotation":"OBSTACLES","isRenderEnabled":false,"rotationMatrix":[0.214490786,-0.976726115,0,0.976726055,0.214490771,0,0,0,1],"shapeName":"/levels/east_coast_usa/art/shapes/buildings/eca_fv_crate.DAE"}
{"class":"TSStatic","persistentId":"3a71a4e8-e4e4-4aa7-8f59-ef80b4436286","__parent":"Pier","position":[-51.3743324,-885.811646,13.9489326],"annotation":"OBSTACLES","isRenderEnabled":false,"rotationMatrix":[0.214490786,-0.976726115,0,0.976726055,0.214490771,0,0,0,1],"shapeName":"/levels/east_coast_usa/art/shapes/buildings/eca_fv_crate.DAE"}
{"class":"TSStatic","persistentId":"401793c5-2ab9-4acf-8b8d-62e39472ef56","__parent":"Pier","position":[-55.7813187,-909.855042,9.04175186],"annotation":"OBSTACLES","isRenderEnabled":false,"rotationMatrix":[0.127927125,-0.991783559,0,0.991783559,0.127927125,0,0,0,1],"shapeName":"/levels/east_coast_usa/art/shapes/buildings/eca_fv_crate.DAE"}
{"class":"TSStatic","persistentId":"43e7dfb5-f79e-4588-bb39-ee040477d42e","__parent":"Pier","position":[-66.798233,-921.19751,14.098608],"annotation":"OBSTACLES","isRenderEnabled":false,"rotationMatrix":[0.994620919,0.103582233,0,-0.103582233,0.994620919,0,0,0,1],"shapeName":"/levels/east_coast_usa/art/shapes/buildings/eca_fv_winch.DAE"}
{"class":"TSStatic","persistentId":"49fc24cb-b2c3-423a-a504-ada78652fbdf","__parent":"Pier","position":[-48.6670723,-884.561035,13.9489326],"annotation":"OBSTACLES","isRenderEnabled":false,"rotationMatrix":[0.995537877,0.0943625122,0,-0.0943625122,0.995537877,0,0,0,1],"shapeName":"/levels/east_coast_usa/art/shapes/buildings/eca_fv_crate.DAE"}
{"class":"TSStatic","persistentId":"4cdc46ba-d86c-4a8c-a95d-810e0ead2b84","__parent":"Pier","position":[-48.263588,-872.942261,13.9434338],"annotation":"OBSTACLES","isRenderEnabled":false,"rotationMatrix":[-0.989361227,-0.14547959,0,0.14547959,-0.989361227,0,0,0,1],"shapeName":"/levels/east_coast_usa/art/shapes/buildings/eca_fv_crate.DAE"}
{"class":"TSStatic","persistentId":"50e2a5e8-dfe3-43c8-83b8-fb727887b7e9","__parent":"Pier","position":[-49.352459,-885.372742,14.9468937],"annotation":"OBSTACLES","isRenderEnabled":false,"rotationMatrix":[0.0642313957,-0.997935116,0,0.997935057,0.0642313883,0,0,0,1],"shapeName":"/levels/east_coast_usa/art/shapes/buildings/eca_fv_crate.DAE"}
{"class":"TSStatic","persistentId":"51edf0dd-8a97-4e97-bd12-28693af47c67","__parent":"Pier","position":[-54.5034256,-863.035034,14.1521482],"annotation":"BUILDINGS","isRenderEnabled":false,"rotationMatrix":[0.992585123,0.121552326,0,-0.121552318,0.992585063,0,0,0,1],"shapeName":"/levels/east_coast_usa/art/shapes/buildings/eca_dock_area.DAE"}
{"class":"TSStatic","persistentId":"528f1074-b581-4163-a08e-16d1dd77ced7","__parent":"Pier","position":[-50.1920166,-884.314941,14.9468937],"annotation":"OBSTACLES","isRenderEnabled":false,"rotationMatrix":[0.0642313957,-0.997935116,0,0.997935057,0.0642313883,0,0,0,1],"shapeName":"/levels/east_coast_usa/art/shapes/buildings/eca_fv_crate.DAE"}
{"class":"TSStatic","persistentId":"6771379a-f1cc-4c98-b742-c7b61ee13a26","__parent":"Pier","position":[-56.2790375,-903.761719,10.0397129],"annotation":"OBSTACLES","isRenderEnabled":false,"rotationMatrix":[-0.995196819,-0.0978942364,0,0.0978942364,-0.995196819,0,0,0,1],"shapeName":"/levels/east_coast_usa/art/shapes/buildings/eca_fv_crate.DAE"}
{"class":"TSStatic","persistentId":"686da7c3-78f2-48d7-8c2b-b00197bf17ba","__parent":"Pier","position":[-57.6894875,-873.088623,13.9491787],"annotation":"OBSTACLES","isRenderEnabled":false,"rotationMatrix":[0.996102571,0.0882031694,0,-0.0882031694,0.996102571,0,0,0,1],"shapeName":"/levels/east_coast_usa/art/shapes/buildings/eca_fv_crate.DAE"}
{"class":"TSStatic","persistentId":"6b415322-bc16-4825-8273-214f47fb93ac","__parent":"Pier","position":[-52.3975067,-916.294189,14.7468376],"annotation":"OBSTACLES","isRenderEnabled":false,"rotationMatrix":[-0.0948162302,0.995494843,0,-0.995494843,-0.0948162228,0,0,0,1],"shapeName":"/levels/east_coast_usa/art/shapes/buildings/eca_fv_crate.DAE"}
{"class":"TSStatic","persistentId":"6ded12a8-e072-47b8-8ca6-0472b48ac154","__parent":"Pier","position":[-59.3884048,-892.526672,9.05504322],"annotation":"OBSTACLES","isRenderEnabled":false,"rotationMatrix":[-0.642066479,0.766648948,0,-0.766648948,-0.642066479,0,0,0,1],"shapeName":"/levels/east_coast_usa/art/shapes/buildings/eca_fv_lobstertrap_stack_d.DAE"}
{"class":"TSStatic","persistentId":"7fd63c66-671a-4180-a225-69f445ca7924","__parent":"Pier","position":[-60.0344009,-901.03595,9.05504417],"annotation":"OBSTACLES","isRenderEnabled":false,"rotationMatrix":[-0.988771021,-0.149438754,0,0.149438739,-0.988770962,0,0,0,1],"shapeName":"/levels/east_coast_usa/art/shapes/buildings/eca_fv_lobstertrap_stack_d.DAE"}
{"class":"TSStatic","persistentId":"94eed4ad-5d2d-46d2-b934-29dbeb253ecd","__parent":"Pier","position":[-57.5145798,-893.458862,9.05504322],"annotation":"OBSTACLES","isRenderEnabled":false,"rotationMatrix":[-0.967935503,-0.251198858,0,0.251198858,-0.967935503,0,0,0,1],"shapeName":"/levels/east_coast_usa/art/shapes/buildings/eca_fv_lobstertrap_stack_d.DAE"}
{"class":"TSStatic","persistentId":"96c55f30-76fd-4d93-853f-8953cf3d5cfd","__parent":"Pier","position":[-52.6352882,-876.043701,13.9491034],"annotation":"BUILDINGS","isRenderEnabled":false,"rotationMatrix":[-0.993710399,-0.111980885,0,0.111980885,-0.993710399,0,0,0,1],"shapeName":"/levels/east_coast_usa/art/shapes/buildings/eca_bld_fv_warehouse.DAE"}
{"class":"TSStatic","persistentId":"9a04d729-25fe-4602-8ec5-48d3ef3cffd9","__parent":"Pier","position":[-60.6375694,-896.297058,9.05504322],"annotation":"OBSTACLES","isRenderEnabled":false,"rotationMatrix":[0.993064284,0.117573351,0,-0.117573351,0.993064284,0,0,0,1],"shapeName":"/levels/east_coast_usa/art/shapes/buildings/eca_fv_lobstertrap_stack_d.DAE"}
{"class":"TSStatic","persistentId":"a172762f-4d30-4e25-bd45-3d4805f42b85","__parent":"Pier","position":[-52.5273209,-884.639648,14.9468937],"annotation":"OBSTACLES","isRenderEnabled":false,"rotationMatrix":[0.201210201,-0.979548097,0,0.979548097,0.201210201,0,0,0,1],"shapeName":"/levels/east_coast_usa/art/shapes/buildings/eca_fv_crate.DAE"}
{"class":"TSStatic","persistentId":"af302c7d-b956-4fce-9218-d18e5623941a","__parent":"Pier","position":[-55.5941772,-908.406433,9.04175186],"annotation":"OBSTACLES","isRenderEnabled":false,"rotationMatrix":[-0.995196819,-0.0978942364,0,0.0978942364,-0.995196819,0,0,0,1],"shapeName":"/levels/east_coast_usa/art/shapes/buildings/eca_fv_crate.DAE"}
{"class":"TSStatic","persistentId":"b8df5410-5a1f-48fd-ac13-d019d4adf641","__parent":"Pier","position":[-47.5951424,-878.47876,13.9434338],"annotation":"OBSTACLES","isRenderEnabled":false,"rotationMatrix":[-0.990358412,-0.138528809,0,0.138528809,-0.990358472,0,0,0,1],"shapeName":"/levels/east_coast_usa/art/shapes/buildings/eca_fv_crate.DAE"}
{"class":"TSStatic","persistentId":"bd8e5a68-1935-4327-a6c5-adbc21075506","__parent":"Pier","position":[-52.4070015,-916.294495,13.7488766],"annotation":"OBSTACLES","isRenderEnabled":false,"rotationMatrix":[-0.0948162302,0.995494843,0,-0.995494843,-0.0948162228,0,0,0,1],"shapeName":"/levels/east_coast_usa/art/shapes/buildings/eca_fv_crate.DAE"}
{"class":"TSStatic","persistentId":"c05be2f8-3897-442f-8f99-12a1ab9294c0","__parent":"Pier","position":[-55.7950401,-906.707764,9.04175186],"annotation":"OBSTACLES","isRenderEnabled":false,"rotationMatrix":[-0.995196819,-0.0978942364,0,0.0978942364,-0.995196819,0,0,0,1],"shapeName":"/levels/east_coast_usa/art/shapes/buildings/eca_fv_crate.DAE"}
{"class":"TSStatic","persistentId":"c14f226e-b6a6-4a5a-b03f-2a3bb89a73a0","__parent":"Pier","position":[-55.9901123,-905.999878,10.0397129],"annotation":"OBSTACLES","isRenderEnabled":false,"rotationMatrix":[-0.97219485,-0.23417379,0,0.234173775,-0.972194791,0,0,0,1],"shapeName":"/levels/east_coast_usa/art/shapes/buildings/eca_fv_crate.DAE"}
{"class":"TSStatic","persistentId":"c9fffaee-b190-4066-9def-1555a1b167ad","__parent":"Pier","position":[-59.6126251,-905.644348,9.05504322],"annotation":"OBSTACLES","isRenderEnabled":false,"rotationMatrix":[0.987490773,0.157677472,0,-0.157677457,0.987490714,0,0,0,1],"shapeName":"/levels/east_coast_usa/art/shapes/buildings/eca_fv_lobstertrap_stack_d.DAE"}
{"class":"TSStatic","persistentId":"d1f3c950-bcb8-4f70-a849-1a50381f1d13","__parent":"Pier","position":[-61.1220055,-894.120056,9.05504322],"annotation":"OBSTACLES","isRenderEnabled":false,"rotationMatrix":[-0.986202598,-0.165542826,0,0.165542826,-0.986202598,0,0,0,1],"shapeName":"/levels/east_coast_usa/art/shapes/buildings/eca_fv_lobstertrap_stack_d.DAE"}
{"class":"TSStatic","persistentId":"d8ccd679-a9a7-4cab-a1c1-4aae011359d7","__parent":"Pier","position":[-49.6329727,-885.795105,13.9489326],"annotation":"OBSTACLES","isRenderEnabled":false,"rotationMatrix":[0.995537877,0.0943625122,0,-0.0943625122,0.995537877,0,0,0,1],"shapeName":"/levels/east_coast_usa/art/shapes/buildings/eca_fv_crate.DAE"}
{"class":"TSStatic","persistentId":"d900db09-3213-4463-ae2b-d9a96a2a21ed","__parent":"Pier","position":[-48.2642059,-872.932617,14.9413948],"annotation":"OBSTACLES","isRenderEnabled":false,"rotationMatrix":[-0.989361227,-0.14547959,0,0.14547959,-0.989361227,0,0,0,1],"shapeName":"/levels/east_coast_usa/art/shapes/buildings/eca_fv_crate.DAE"}
{"class":"TSStatic","persistentId":"db7cc92b-9b4a-415d-bf80-8528c443a3ce","__parent":"Pier","position":[-54.0874901,-916.660706,13.7488766],"annotation":"OBSTACLES","isRenderEnabled":false,"rotationMatrix":[-0.0948162302,0.995494843,0,-0.995494843,-0.0948162228,0,0,0,1],"shapeName":"/levels/east_coast_usa/art/shapes/buildings/eca_fv_crate.DAE"}
{"class":"TSStatic","persistentId":"de3a3919-2fcf-469b-ab66-e61efcf08d08","__parent":"Pier","position":[-55.5869942,-908.323059,10.0397129],"annotation":"OBSTACLES","isRenderEnabled":false,"rotationMatrix":[-0.995196819,-0.0978942364,0,0.0978942364,-0.995196819,0,0,0,1],"shapeName":"/levels/east_coast_usa/art/shapes/buildings/eca_fv_crate.DAE"}
{"class":"TSStatic","persistentId":"dfdecf68-3498-46b3-85fe-4192817f2a41","__parent":"Pier","position":[-48.4398842,-871.130432,14.9413948],"annotation":"OBSTACLES","isRenderEnabled":false,"rotationMatrix":[0.996102571,0.0882031694,0,-0.0882031694,0.996102571,0,0,0,1],"shapeName":"/levels/east_coast_usa/art/shapes/buildings/eca_fv_crate.DAE"}
{"class":"TSStatic","persistentId":"e5126515-bb6e-4427-a60d-3eb53c78bc83","__parent":"Pier","position":[-48.9876595,-867.820801,14.9413948],"annotation":"OBSTACLES","isRenderEnabled":false,"rotationMatrix":[0.996102571,0.0882031694,0,-0.0882031694,0.996102571,0,0,0,1],"shapeName":"/levels/east_coast_usa/art/shapes/buildings/eca_fv_crate.DAE"}
{"class":"TSStatic","persistentId":"ea13d354-57cb-45cd-b17c-ab81d0e41035","__parent":"Pier","position":[-47.91082,-876.700439,14.9413948],"annotation":"OBSTACLES","isRenderEnabled":false,"rotationMatrix":[-0.990358412,-0.138528809,0,0.138528809,-0.990358472,0,0,0,1],"shapeName":"/levels/east_coast_usa/art/shapes/buildings/eca_fv_crate.DAE"}
{"class":"TSStatic","persistentId":"eeb86bcf-6776-47f5-b15e-0dbf0575eaa0","__parent":"Pier","position":[-57.5049706,-874.789551,13.9491787],"annotation":"OBSTACLES","isRenderEnabled":false,"rotationMatrix":[0.996102571,0.0882031694,0,-0.0882031694,0.996102571,0,0,0,1],"shapeName":"/levels/east_coast_usa/art/shapes/buildings/eca_fv_crate.DAE"}
{"class":"TSStatic","persistentId":"f11ef1c8-fa8b-4871-b47e-b8dc3bd2e392","__parent":"Pier","position":[-48.4399261,-871.121216,13.9434338],"annotation":"OBSTACLES","isRenderEnabled":false,"rotationMatrix":[0.996102571,0.0882031694,0,-0.0882031694,0.996102571,0,0,0,1],"shapeName":"/levels/east_coast_usa/art/shapes/buildings/eca_fv_crate.DAE"}
{"class":"TSStatic","persistentId":"f1854daa-0dbf-4e2c-9fb5-7c84eeb1b8f9","__parent":"Pier","position":[-59.3354683,-929.780273,13.687645],"annotation":"OBSTACLES","isRenderEnabled":false,"rotationMatrix":[-0.992868721,-0.11700812,0.0228236057,0.116970889,-0.993130982,-0.00296413037,0.0230136551,-0.000273294921,0.999735117],"shapeName":"/levels/east_coast_usa/art/shapes/buildings/eca_fv_lobstertrap_stack_c.DAE"}
{"class":"TSStatic","persistentId":"f89e4ae2-ab05-4327-aa04-28b9a8c6003f","__parent":"Pier","position":[-45.8175812,-887.651733,13.9423304],"annotation":"OBSTACLES","isRenderEnabled":false,"rotationMatrix":[-0.992923677,-0.118754096,0,0.118754096,-0.992923677,0,0,0,1],"shapeName":"/levels/east_coast_usa/art/shapes/buildings/eca_fv_winch.DAE"}
{"class":"TSStatic","persistentId":"fb34c1d7-e04f-4f22-8b8d-55493b0ed0b3","__parent":"Pier","position":[-57.6971283,-873.172302,14.9471397],"annotation":"OBSTACLES","isRenderEnabled":false,"rotationMatrix":[0.996102571,0.0882031694,0,-0.0882031694,0.996102571,0,0,0,1],"shapeName":"/levels/east_coast_usa/art/shapes/buildings/eca_fv_crate.DAE"}
