{"name":"gp_fuel_station_area1","class":"BeamNGGameplayArea","persistentId":"1ca72c13-5662-4072-b3f3-fcb97cd2c53a","__parent":"gp_pits","position":[-1367.83875,-2258.8457,436.041779],"rotationMatrix":[-0.707106709,0.707106471,0,-0.707106471,-0.707106709,0,0,0,1],"scale":[1.57003093,0.668590307,0.825966835]}
{"name":"gp_fuel_station_icon1","class":"BeamNGPointOfInterest","persistentId":"9da7db5f-6546-4ab9-bbb1-d4f8943d9a2d","__parent":"gp_pits","position":[-1368.63599,-2257.96265,437.660431]}
{"name":"gp_fuel_station_area2","class":"BeamNGGameplayArea","persistentId":"6a8d1962-c69f-4aa7-b5ff-ffe126775de9","__parent":"gp_pits","position":[-1357.44434,-2248.20435,436.041779],"rotationMatrix":[-0.707106709,0.707106471,0,-0.707106471,-0.707106709,0,0,0,1],"scale":[1.59627068,0.668590307,0.825966835]}
{"name":"gp_fuel_station_icon2","class":"BeamNGPointOfInterest","persistentId":"740693dd-0864-462c-8673-748f3df11bbf","__parent":"gp_pits","position":[-1358.24158,-2247.32129,437.660431]}
{"name":"gp_fuel_station_area3","class":"BeamNGGameplayArea","persistentId":"9a4943b1-715a-4339-8520-9e928290bd66","__parent":"gp_pits","position":[-1347.00745,-2237.59351,436.041779],"rotationMatrix":[-0.707106709,0.707106471,0,-0.707106471,-0.707106709,0,0,0,1],"scale":[1.59627068,0.668590307,0.825966835]}
{"name":"gp_fuel_station_icon3","class":"BeamNGPointOfInterest","persistentId":"539e7922-3ba9-447f-8615-2e3824ef824e","__parent":"gp_pits","position":[-1347.80469,-2236.71045,437.660431]}
{"name":"gp_fuel_station_area4","class":"BeamNGGameplayArea","persistentId":"1ad48896-72cc-4505-8391-2675f22046e4","__parent":"gp_pits","position":[-1332.89136,-2223.19312,436.321381],"rotationMatrix":[-0.707106709,0.707106471,0,-0.707106471,-0.707106709,0,0,0,1],"scale":[1.59627068,0.668590307,0.825966835]}
{"name":"gp_fuel_station_icon4","class":"BeamNGPointOfInterest","persistentId":"c60fcbfe-1d33-4023-9195-2514677345b4","__parent":"gp_pits","position":[-1333.6886,-2222.31006,437.940033]}
{"name":"gp_fuel_station_area5","class":"BeamNGGameplayArea","persistentId":"a50396be-61c9-40c5-8e1f-f1c476791828","__parent":"gp_pits","position":[-1322.51099,-2212.46899,436.321381],"rotationMatrix":[-0.707106709,0.707106471,0,-0.707106471,-0.707106709,0,0,0,1],"scale":[1.59627068,0.668590307,0.825966835]}
{"name":"gp_fuel_station_icon5","class":"BeamNGPointOfInterest","persistentId":"71e7c1e6-733e-40ff-83da-59d32d4a2daa","__parent":"gp_pits","position":[-1323.30823,-2211.58594,437.940033]}
{"name":"gp_fuel_station_area6","class":"BeamNGGameplayArea","persistentId":"3a742925-2b22-40b6-b5ea-e1f1f856e350","__parent":"gp_pits","position":[-1312.05737,-2201.93579,436.427338],"rotationMatrix":[-0.707106709,0.707106471,0,-0.707106471,-0.707106709,0,0,0,1],"scale":[1.59627068,0.668590307,0.825966835]}
{"name":"gp_fuel_station_icon6","class":"BeamNGPointOfInterest","persistentId":"63f5acf5-07b8-49ec-8406-e78b95e85cbe","__parent":"gp_pits","position":[-1312.85461,-2201.05273,438.04599]}
{"name":"gp_fuel_station_area7","class":"BeamNGGameplayArea","persistentId":"f570dd49-e275-424d-9b29-ea49a9ecc7d6","__parent":"gp_pits","position":[-1298.13574,-2187.69873,436.78064],"rotationMatrix":[-0.707106709,0.707106471,0,-0.707106471,-0.707106709,0,0,0,1],"scale":[1.59627068,0.668590307,0.825966835]}
{"name":"gp_fuel_station_icon7","class":"BeamNGPointOfInterest","persistentId":"04104f6a-9f80-475b-ac7c-2da315433294","__parent":"gp_pits","position":[-1298.93298,-2186.81567,438.399292]}
{"name":"gp_fuel_station_area8","class":"BeamNGGameplayArea","persistentId":"9ee9b301-594a-4451-9178-e4207cb41ced","__parent":"gp_pits","position":[-1287.651,-2177.07031,436.78064],"rotationMatrix":[-0.707106709,0.707106471,0,-0.707106471,-0.707106709,0,0,0,1],"scale":[1.59627068,0.668590307,0.825966835]}
{"name":"gp_fuel_station_icon8","class":"BeamNGPointOfInterest","persistentId":"d18e5da1-6008-4823-bcb6-1931a0eee505","__parent":"gp_pits","position":[-1288.44824,-2176.18726,438.399292]}
{"name":"gp_fuel_station_area9","class":"BeamNGGameplayArea","persistentId":"1bb42378-7372-4ae6-b642-ed81b3fa3864","__parent":"gp_pits","position":[-1277.16943,-2166.43384,436.833069],"rotationMatrix":[-0.707106709,0.707106471,0,-0.707106471,-0.707106709,0,0,0,1],"scale":[1.59627068,0.668590307,0.825966835]}
{"name":"gp_fuel_station_icon9","class":"BeamNGPointOfInterest","persistentId":"5e6d089a-41d9-4a70-97f0-663dd8d4a63d","__parent":"gp_pits","position":[-1277.96667,-2165.55078,438.451721]}
{"name":"gp_fuel_station_area10","class":"BeamNGGameplayArea","persistentId":"999c6114-4393-4f2d-b486-ec5d4afc524b","__parent":"gp_pits","position":[-1263.78748,-2151.93774,437.193115],"rotationMatrix":[-0.707106709,0.707106471,0,-0.707106471,-0.707106709,0,0,0,1],"scale":[1.59627068,0.668590307,0.825966835]}
{"name":"gp_fuel_station_icon10","class":"BeamNGPointOfInterest","persistentId":"7acd2dcb-1e53-447e-9dfb-f9da153f8c00","__parent":"gp_pits","position":[-1264.58472,-2151.05469,438.811768]}
{"name":"gp_fuel_station_area11","class":"BeamNGGameplayArea","persistentId":"5814c52e-126e-4c83-ae6c-95e0158051cd","__parent":"gp_pits","position":[-1252.94641,-2141.69141,437.193115],"rotationMatrix":[-0.707106709,0.707106471,0,-0.707106471,-0.707106709,0,0,0,1],"scale":[1.59627068,0.668590307,0.825966835]}
{"name":"gp_fuel_station_icon11","class":"BeamNGPointOfInterest","persistentId":"bf3adc8c-3c09-474f-9244-680b3e845697","__parent":"gp_pits","position":[-1253.74365,-2140.80835,438.811768]}
{"name":"gp_fuel_station_area12","class":"BeamNGGameplayArea","persistentId":"5ec34d6e-e54d-4cc3-bca9-9e56852387c6","__parent":"gp_pits","position":[-1242.55493,-2131.07764,437.281952],"rotationMatrix":[-0.707106709,0.707106471,0,-0.707106471,-0.707106709,0,0,0,1],"scale":[1.59627068,0.668590307,0.825966835]}
{"name":"gp_fuel_station_icon12","class":"BeamNGPointOfInterest","persistentId":"c8f0b1db-03a0-4428-a670-abe7d4d5e5fc","__parent":"gp_pits","position":[-1243.35217,-2130.19458,438.900604]}
{"name":"gp_fuel_station_area13","class":"BeamNGGameplayArea","persistentId":"27492314-dc55-48db-9f96-f2d891b2b3b8","__parent":"gp_pits","position":[-1228.66992,-2116.90918,437.567749],"rotationMatrix":[-0.707106709,0.707106471,0,-0.707106471,-0.707106709,0,0,0,1],"scale":[1.59627068,0.668590307,0.825966835]}
{"name":"gp_fuel_station_icon13","class":"BeamNGPointOfInterest","persistentId":"b3552773-f65b-4d55-bc76-a0fb39426f5d","__parent":"gp_pits","position":[-1229.46716,-2116.02612,439.186401]}
{"name":"gp_fuel_station_area14","class":"BeamNGGameplayArea","persistentId":"d183a4ac-1679-4d39-9545-b5ee7775bebf","__parent":"gp_pits","position":[-1218.31116,-2106.40332,437.589813],"rotationMatrix":[-0.707106709,0.707106471,0,-0.707106471,-0.707106709,0,0,0,1],"scale":[1.59627068,0.668590307,0.825966835]}
{"name":"gp_fuel_station_icon14","class":"BeamNGPointOfInterest","persistentId":"4f1868fb-eccc-4a81-9441-2e29df6e575d","__parent":"gp_pits","position":[-1219.1084,-2105.52026,439.208466]}
{"name":"gp_fuel_station_area15","class":"BeamNGGameplayArea","persistentId":"99589be5-daa0-4654-b237-312731f9771c","__parent":"gp_pits","position":[-1207.95569,-2095.62866,437.589813],"rotationMatrix":[-0.707106709,0.707106471,0,-0.707106471,-0.707106709,0,0,0,1],"scale":[1.59627068,0.668590307,0.825966835]}
{"name":"gp_fuel_station_icon15","class":"BeamNGPointOfInterest","persistentId":"77f5b315-9b2c-46cb-af1b-ad4a252c69f6","__parent":"gp_pits","position":[-1208.75293,-2094.74561,439.208466]}
