{
  "data":[
    {
      "config":"police",
      "model":"coupe"
    },
    {
      "config":"police",
      "model":"fullsize"
    },
    {
      "config":"police",
      "model":"legran"
    },
    {
      "config":"sheriff",
      "model":"roamer"
    },
    {
      "config":"police",
      "model":"sunburst"
    },
    {
      "config":"police",
      "model":"midsize"
    },
    {
      "config":"interceptor",
      "model":"sunburst"
    },
    {
      "config":"interceptor",
      "model":"fullsize"
    }
  ],
  "name":"Police - USA",
  "type":"custom"
}