{"class":"ForestWindEmitter","persistentId":"35132e0a-10d8-47a6-ac54-3f6f8523d2b2","__parent":"vegetation","position":[-77.7248993,204.464996,104.431],"gustYawFrequency":0.100000001,"hasMount":"0","strength":0.150000006}
{"name":"SmallGrass1","class":"GroundCover","persistentId":"1299dcf2-f83f-40ac-a447-f04fd4895b59","__parent":"vegetation","position":[495.819153,310.291016,255.293671],"Types":[{"billboardUVs":[0.5,0.0078125,0.5,0.464843988],"clumpExponent":null,"clumpRadius":2,"layer":"Grass2","maxClumpCount":6,"minClumpCount":null,"probability":0.699999988,"sizeMax":0.5,"sizeMin":0.300000012,"windScale":0.100000001},{"billboardUVs":[0,0,0.5,0.472656012],"clumpExponent":-0.5,"clumpRadius":null,"layer":"Grass2","maxClumpCount":4,"minClumpCount":2,"probability":0.200000003,"sizeMax":0.5,"sizeMin":0.300000012,"windScale":0.100000001},{"billboardUVs":[0,0.515625,0.5,0.476563007],"clumpExponent":-0.5,"clumpRadius":null,"layer":"Grass2","maxClumpCount":4,"minClumpCount":3,"probability":0.200000003,"sizeMax":0.300000012,"sizeMin":0.200000003,"windScale":0.200000003},{"billboardUVs":[0.496093988,0.515625,0.503906012,0.484375],"clumpExponent":null,"clumpRadius":0.5,"layer":"Grass2","maxClumpCount":6,"minClumpCount":3,"probability":0.5,"sizeMax":0.300000012,"sizeMin":0.200000003,"windScale":0.200000003},{"billboardUVs":[0,0.0117188003,0.527343988,0.484376013],"clumpExponent":-0.200000003,"clumpRadius":1.5,"layer":"Grass2","maxClumpCount":6,"minClumpCount":2,"probability":null,"sizeMax":1.20000005,"sizeMin":0.600000024,"windScale":0.300000012},{"billboardUVs":[0,0.507812977,0.5,0.390625],"clumpExponent":-0.5,"clumpRadius":null,"layer":"RockyDirt","maxClumpCount":4,"minClumpCount":2,"probability":null,"sizeMax":0.5,"sizeMin":0.300000012,"windScale":0.300000012},{"billboardUVs":[0.535156012,0.515625,0.464843988,0.402343988],"clumpExponent":-0.5,"clumpRadius":null,"layer":"RockyDirt","maxClumpCount":5,"minClumpCount":3,"probability":null,"sizeMax":0.600000024,"sizeMin":0.400000006,"windScale":0.300000012},{"billboardUVs":null,"clumpExponent":null,"clumpRadius":null,"maxClumpCount":null,"minClumpCount":null,"probability":null,"sizeMax":null,"sizeMin":null,"windScale":null}],"dissolveRadius":40,"gridSize":8,"material":"BNGGrass","maxBillboardTiltAngle":40,"maxElements":500000,"radius":60,"shapeCullRadius":60,"windGustFrequency":0.100000001,"windGustLength":0.5,"windGustStrength":0.200000003,"windTurbulenceFrequency":0.600000024,"windTurbulenceStrength":0.100000001}
{"name":"Weed2","class":"GroundCover","persistentId":"1565759e-641b-41e3-a28b-b7f572aa6566","__parent":"vegetation","position":[1075.51428,-259.153381,157.44194],"Types":[{"billboardUVs":[0.40625,0.707032025,0.144529998,0.128904998],"clumpExponent":-0.200000003,"clumpRadius":null,"layer":"Forest","maxClumpCount":4,"minClumpCount":2,"probability":1,"sizeExponent":2,"sizeMax":0.300000012,"sizeMin":0.150000006,"windScale":0.0500000007},{"billboardUVs":[0.421875,0.835937977,0.140625998,0.136718005],"clumpExponent":-0.200000003,"clumpRadius":null,"layer":"Forest","maxClumpCount":4,"minClumpCount":2,"probability":1,"sizeExponent":null,"sizeMax":0.300000012,"sizeMin":0.150000006,"windScale":0.0500000007},{"billboardUVs":[0.429688007,0.839842975,0.128906995,0.132813007],"clumpExponent":-0.200000003,"clumpRadius":0.5,"layer":"Grass3","maxClumpCount":3,"minClumpCount":null,"probability":null,"sizeExponent":null,"sizeMax":0.400000006,"sizeMin":0.200000003,"windScale":0.0500000007},{"billboardUVs":[0.410156012,0.703125,0.144530997,0.128905997],"clumpExponent":null,"clumpRadius":3,"layer":"dirt_grass","maxClumpCount":6,"minClumpCount":3,"probability":null,"sizeExponent":null,"sizeMax":0.600000024,"sizeMin":0.300000012,"windScale":0.0500000007},{"billboardUVs":[0.417968005,0.839843988,0.148438007,0.160155997],"clumpExponent":-0.100000001,"clumpRadius":null,"layer":"dirt_grass","maxClumpCount":5,"minClumpCount":2,"probability":null,"sizeExponent":null,"sizeMax":0.600000024,"sizeMin":0.300000012,"windScale":0.0500000007},{"billboardUVs":null,"clumpExponent":null,"clumpRadius":null,"maxClumpCount":null,"minClumpCount":null,"probability":null,"sizeExponent":null,"sizeMax":null,"sizeMin":null,"windScale":null},{"billboardUVs":null,"clumpExponent":null,"clumpRadius":null,"maxClumpCount":null,"minClumpCount":null,"probability":null,"sizeExponent":null,"sizeMax":null,"sizeMin":null,"windScale":null},{"billboardUVs":null,"clumpExponent":null,"clumpRadius":null,"maxClumpCount":null,"minClumpCount":null,"probability":null,"sizeExponent":null,"sizeMax":null,"sizeMin":null,"windScale":null}],"dissolveRadius":70,"material":"Groundcover_spring","maxBillboardTiltAngle":40,"maxElements":400000,"radius":80,"seed":2,"shapeCullRadius":80,"windGustFrequency":10,"windTurbulenceFrequency":0.300000012,"windTurbulenceStrength":0.600000024}
{"name":"Purple_flowers","class":"GroundCover","persistentId":"19009433-9563-4ec1-a838-4003823605f4","__parent":"vegetation","position":[-314.541016,-630.811584,183.560028],"Types":[{"billboardUVs":[0.5,0,0.132810995,0.128904998],"clumpExponent":-0.200000003,"clumpRadius":null,"layer":"forest_floor","maxClumpCount":4,"minClumpCount":2,"probability":1,"sizeMax":0.5,"sizeMin":0.300000012,"windScale":0.0500000007},{"billboardUVs":[0.359375,0,0.140625998,0.136718005],"clumpExponent":-0.200000003,"clumpRadius":null,"layer":"forest_floor","maxClumpCount":4,"minClumpCount":2,"probability":1,"sizeMax":0.5,"sizeMin":0.200000003,"windScale":0.0500000007},{"billboardUVs":[0.367188007,0,0.128906995,0.132813007],"clumpExponent":-0.200000003,"clumpRadius":0.5,"layer":"Grass4","maxClumpCount":3,"minClumpCount":null,"probability":0.5,"sizeMax":0.400000006,"sizeMin":0.200000003,"windScale":0.0500000007},{"billboardUVs":[0.5,0,0.144530997,0.128905997],"clumpExponent":-0.5,"clumpRadius":3,"layer":"Grass4","maxClumpCount":6,"minClumpCount":3,"probability":0.5,"sizeMax":0.400000006,"sizeMin":0.25,"windScale":0.0500000007},{"billboardUVs":[0.417968005,0.839843988,0.148438007,0.160155997],"clumpExponent":-0.100000001,"clumpRadius":null,"layer":"dirt_grass","maxClumpCount":5,"minClumpCount":2,"probability":1,"sizeMax":0.600000024,"sizeMin":0.300000012,"windScale":0.0500000007},{"billboardUVs":null,"clumpExponent":null,"clumpRadius":null,"maxClumpCount":null,"minClumpCount":null,"probability":null,"sizeMax":null,"sizeMin":null,"windScale":null},{"billboardUVs":null,"clumpExponent":null,"clumpRadius":null,"maxClumpCount":null,"minClumpCount":null,"probability":null,"sizeMax":null,"sizeMin":null,"windScale":null},{"billboardUVs":null,"clumpExponent":null,"clumpRadius":null,"maxClumpCount":null,"minClumpCount":null,"probability":null,"sizeMax":null,"sizeMin":null,"windScale":null}],"dissolveRadius":70,"gridSize":4,"material":"Groundcover_spring","maxBillboardTiltAngle":40,"maxElements":100000,"radius":80,"seed":3,"shapeCullRadius":80,"windGustFrequency":10,"windTurbulenceFrequency":0.300000012,"windTurbulenceStrength":0.600000024}
{"name":"SmallGrass","class":"GroundCover","persistentId":"311fa58d-6f88-4bba-a774-5891b1197230","__parent":"vegetation","position":[1130.68176,324.882294,242.214294],"Types":[{"billboardUVs":[0.5,0.0078125,0.5,0.464843988],"clumpExponent":null,"clumpRadius":2,"layer":"Grass3","maxClumpCount":6,"minClumpCount":null,"probability":0.699999988,"sizeMax":0.5,"sizeMin":0.300000012,"windScale":0.100000001},{"billboardUVs":[0,0,0.5,0.472656012],"clumpExponent":-0.5,"clumpRadius":null,"layer":"Grass3","maxClumpCount":4,"minClumpCount":2,"probability":0.200000003,"sizeMax":0.5,"sizeMin":0.300000012,"windScale":0.100000001},{"billboardUVs":[0,0.515625,0.5,0.476563007],"clumpExponent":-0.5,"clumpRadius":null,"layer":"Grass3","maxClumpCount":4,"minClumpCount":3,"probability":0.200000003,"sizeMax":0.300000012,"sizeMin":0.200000003,"windScale":0.200000003},{"billboardUVs":[0.496093988,0.515625,0.503906012,0.484375],"clumpExponent":null,"clumpRadius":0.5,"layer":"Grass3","maxClumpCount":6,"minClumpCount":3,"probability":0.5,"sizeMax":0.300000012,"sizeMin":0.200000003,"windScale":0.200000003},{"billboardUVs":[0,0.0117188003,0.527343988,0.484376013],"clumpExponent":-0.200000003,"clumpRadius":1.5,"layer":"Grass2","maxClumpCount":6,"minClumpCount":2,"probability":null,"sizeMax":1.20000005,"sizeMin":0.600000024,"windScale":0.300000012},{"billboardUVs":[0,0.507812977,0.5,0.390625],"clumpExponent":-0.5,"clumpRadius":null,"layer":"RockyDirt","maxClumpCount":4,"minClumpCount":2,"probability":null,"sizeMax":0.5,"sizeMin":0.300000012,"windScale":0.300000012},{"billboardUVs":[0.535156012,0.515625,0.464843988,0.402343988],"clumpExponent":-0.5,"clumpRadius":null,"layer":"RockyDirt","maxClumpCount":5,"minClumpCount":3,"probability":null,"sizeMax":0.600000024,"sizeMin":0.400000006,"windScale":0.300000012},{"billboardUVs":null,"clumpExponent":null,"clumpRadius":null,"maxClumpCount":null,"minClumpCount":null,"probability":null,"sizeMax":null,"sizeMin":null,"windScale":null}],"dissolveRadius":40,"gridSize":8,"material":"BNGGrass","maxBillboardTiltAngle":40,"maxElements":600000,"radius":60,"seed":4,"shapeCullRadius":60,"windGustFrequency":0.100000001,"windGustLength":0.5,"windGustStrength":0.200000003,"windTurbulenceFrequency":0.600000024,"windTurbulenceStrength":0.100000001}
{"name":"Forest_weed","class":"GroundCover","persistentId":"36e330be-a922-449d-876d-d18d3d42bccc","__parent":"vegetation","position":[1215.53992,-45.3366852,141.350098],"Types":[{"billboardUVs":[0,0.570312977,0.156249002,0.144529998],"clumpExponent":null,"clumpRadius":3,"layer":"forest_floor","maxClumpCount":4,"minClumpCount":2,"probability":1,"sizeExponent":2,"sizeMax":0.5,"sizeMin":0.300000012,"windScale":0.0500000007},{"billboardUVs":[0.15625,0.574218988,0.132813007,0.136718005],"clumpExponent":null,"clumpRadius":3,"layer":"forest_floor","maxClumpCount":4,"minClumpCount":2,"probability":1,"sizeExponent":null,"sizeMax":0.5,"sizeMin":0.200000003,"windScale":0.0500000007},{"billboardUVs":[0.394531012,0.695312977,0.15625,0.144531995],"clumpExponent":-0.200000003,"clumpRadius":null,"layer":"forest_floor","maxClumpCount":6,"minClumpCount":3,"probability":1.20000005,"sizeExponent":null,"sizeMax":0.400000006,"sizeMin":0.300000012,"windScale":0.0500000007},{"billboardUVs":[0.40625,0.835937977,0.167968005,0.164063007],"clumpExponent":-0.300000012,"clumpRadius":null,"layer":"forest_floor","maxClumpCount":5,"minClumpCount":3,"probability":1.20000005,"sizeExponent":null,"sizeMax":0.400000006,"sizeMin":0.300000012,"windScale":0.0500000007},{"billboardUVs":[0,0.578125,0.160156995,0.136719003],"clumpExponent":-0.100000001,"clumpRadius":null,"layer":"RockyDirt","maxClumpCount":5,"minClumpCount":2,"probability":1,"sizeExponent":null,"sizeMax":0.5,"sizeMin":0.300000012,"windScale":0.100000001},{"billboardUVs":[0.402343988,0.699218988,0.15625,0.136719003],"clumpExponent":-0.300000012,"clumpRadius":null,"layer":"RockyDirt","maxClumpCount":5,"minClumpCount":3,"probability":1,"sizeExponent":null,"sizeMax":0.5,"sizeMin":0.300000012,"windScale":0.100000001},{"billboardUVs":null,"clumpExponent":null,"clumpRadius":null,"maxClumpCount":null,"minClumpCount":null,"probability":null,"sizeExponent":null,"sizeMax":null,"sizeMin":null,"windScale":null},{"billboardUVs":null,"clumpExponent":null,"clumpRadius":null,"maxClumpCount":null,"minClumpCount":null,"probability":null,"sizeExponent":null,"sizeMax":null,"sizeMin":null,"windScale":null}],"dissolveRadius":70,"gridSize":8,"material":"Groundcover_spring","maxBillboardTiltAngle":40,"maxElements":600000,"radius":80,"seed":5,"shapeCullRadius":80,"windGustFrequency":10,"windGustStrength":0.200000003,"windTurbulenceFrequency":0.300000012,"windTurbulenceStrength":0.600000024}
{"name":"MediumGrass","class":"GroundCover","persistentId":"6f095d52-d5a6-467d-a8c8-2d91b222aa3f","__parent":"vegetation","position":[381.773132,216.347946,223.38678],"Types":[{"billboardUVs":[0.515625,0,0.484375,0.476559997],"clumpExponent":-0.5,"clumpRadius":2,"layer":"Grass3","maxClumpCount":3,"minClumpCount":2,"probability":0.100000001,"sizeMax":0.5,"sizeMin":0.300000012,"windScale":0.200000003},{"billboardUVs":[0.519531012,0.523437023,0.480468988,0.476563007],"clumpExponent":-0.5,"clumpRadius":2,"layer":"Grass","maxClumpCount":3,"minClumpCount":2,"probability":0.5,"sizeMax":0.800000012,"sizeMin":0.5,"windScale":0.200000003},{"billboardUVs":[0.511718988,0.535156012,0.488281012,0.464843988],"clumpExponent":null,"clumpRadius":null,"layer":"dirt_grass","maxClumpCount":5,"minClumpCount":3,"probability":null,"sizeMax":0.800000012,"sizeMin":0.5,"windScale":0.200000003},{"billboardUVs":[0,0,0.507812023,0.46875],"clumpExponent":-0.200000003,"clumpRadius":2,"layer":"dirt_grass","maxClumpCount":6,"minClumpCount":3,"probability":null,"sizeMax":0.600000024,"sizeMin":0.400000006,"windScale":0.200000003},{"billboardUVs":[0,0.0117188003,0.527343988,0.484376013],"clumpExponent":-0.200000003,"clumpRadius":1.5,"layer":"Grass2","maxClumpCount":6,"minClumpCount":2,"probability":null,"sizeMax":1.20000005,"sizeMin":0.600000024,"windScale":0.300000012},{"billboardUVs":[0.0351562984,0.5,0.347656012,0.300781012],"clumpExponent":null,"clumpRadius":null,"layer":"Grass","maxClumpCount":2,"minClumpCount":null,"probability":null,"sizeMax":0.5,"sizeMin":0.300000012,"windScale":0.300000012},{"billboardUVs":null,"clumpExponent":null,"clumpRadius":null,"maxClumpCount":null,"minClumpCount":null,"probability":null,"sizeMax":null,"sizeMin":null,"windScale":null},{"billboardUVs":null,"clumpExponent":null,"clumpRadius":null,"maxClumpCount":null,"minClumpCount":null,"probability":null,"sizeMax":null,"sizeMin":null,"windScale":null}],"dissolveRadius":70,"gridSize":6,"material":"BNGGrass","maxBillboardTiltAngle":40,"maxElements":300000,"radius":100,"seed":6,"shapeCullRadius":100,"windGustFrequency":5,"windGustLength":10,"windGustStrength":0.0500000007,"windTurbulenceFrequency":0.5,"windTurbulenceStrength":0.200000003}
{"name":"Daisies","class":"GroundCover","persistentId":"90dd0046-6610-4e94-995d-9879ec2effe4","__parent":"vegetation","position":[1262.92285,97.2119904,126.292068],"Types":[{"billboardUVs":[0,0.359375,0.199218005,0.222654998],"clumpExponent":null,"clumpRadius":3,"layer":"Grass3","maxClumpCount":4,"minClumpCount":2,"probability":null,"sizeExponent":2,"sizeMax":0.699999988,"sizeMin":0.600000024,"windScale":0.0500000007},{"billboardUVs":[0.199219003,0.359376013,0.140625,0.128905997],"clumpExponent":3,"clumpRadius":5,"layer":"Grass","maxClumpCount":4,"minClumpCount":2,"probability":1.5,"sizeExponent":null,"sizeMax":0.5,"sizeMin":0.300000012,"windScale":0.0500000007},{"billboardUVs":[0.0117188003,0.371093988,0.183594003,0.195313007],"clumpExponent":null,"clumpRadius":null,"layer":"dirt_grass","maxClumpCount":3,"minClumpCount":null,"probability":null,"sizeExponent":null,"sizeMax":0.699999988,"sizeMin":0.600000024,"windScale":0.100000001},{"billboardUVs":[0,0.363281012,0.191405997,0.207030997],"clumpExponent":null,"clumpRadius":2,"layer":"Grass","maxClumpCount":7,"minClumpCount":null,"probability":1,"sizeExponent":null,"sizeMax":0.699999988,"sizeMin":0.600000024,"windScale":0.0500000007},{"billboardUVs":[0.167969003,0.367188007,0.164063007,0.207030997],"clumpExponent":null,"clumpRadius":3,"layer":"Grass","maxClumpCount":8,"minClumpCount":null,"probability":0.5,"sizeExponent":null,"sizeMax":0.699999988,"sizeMin":0.5,"windScale":0.0500000007},{"billboardUVs":null,"clumpExponent":null,"clumpRadius":null,"maxClumpCount":null,"minClumpCount":null,"probability":null,"sizeExponent":null,"sizeMax":null,"sizeMin":null,"windScale":null},{"billboardUVs":null,"clumpExponent":null,"clumpRadius":null,"maxClumpCount":null,"minClumpCount":null,"probability":null,"sizeExponent":null,"sizeMax":null,"sizeMin":null,"windScale":null},{"billboardUVs":null,"clumpExponent":null,"clumpRadius":null,"maxClumpCount":null,"minClumpCount":null,"probability":null,"sizeExponent":null,"sizeMax":null,"sizeMin":null,"windScale":null}],"dissolveRadius":70,"gridSize":2,"material":"Groundcover_spring","maxBillboardTiltAngle":40,"maxElements":20000,"radius":100,"seed":7,"shapeCullRadius":100,"windGustFrequency":10,"windTurbulenceFrequency":0.300000012,"windTurbulenceStrength":0.600000024}
{"name":"Dirt_grass_weed","class":"GroundCover","persistentId":"c907522d-b532-4005-8e16-73438fcb2268","__parent":"vegetation","position":[-178.386963,277.954895,204.750473],"Types":[{"billboardUVs":[0.359375,0.128905997,0.269531012,0.242186993],"clumpRadius":1.5,"layer":"dirt_grass","maxClumpCount":4,"minClumpCount":2,"probability":1,"sizeMax":0.800000012,"sizeMin":0.600000024,"windScale":0.0500000007},{"billboardUVs":[0.324218988,0.371095002,0.316406995,0.328123987],"clumpRadius":1.5,"layer":"dirt_grass","maxClumpCount":5,"minClumpCount":null,"probability":0.300000012,"sizeMax":1.10000002,"sizeMin":0.699999988,"windScale":0.0500000007},{"billboardUVs":[0.402343988,0.843748987,0.175780997,0.156250998],"clumpRadius":null,"layer":"dirt_grass","maxClumpCount":5,"minClumpCount":3,"probability":null,"sizeMax":0.300000012,"sizeMin":0.300000012,"windScale":0.0500000007},{"billboardUVs":[0.160155997,0.714843988,0.249999002,0.285156012],"clumpRadius":3,"layer":"dirt_grass","maxClumpCount":4,"minClumpCount":2,"probability":null,"sizeMax":0.800000012,"sizeMin":0.600000024,"windScale":0.0500000007},{"billboardUVs":[0,0.710937023,0.160156995,0.191406995],"clumpRadius":3,"layer":"dirt_grass","maxClumpCount":2,"minClumpCount":null,"probability":null,"sizeMax":0.800000012,"sizeMin":0.600000024,"windScale":0.0500000007},{"billboardUVs":null,"clumpRadius":null,"maxClumpCount":null,"minClumpCount":null,"probability":null,"sizeMax":null,"sizeMin":null,"windScale":null},{"billboardUVs":null,"clumpRadius":null,"maxClumpCount":null,"minClumpCount":null,"probability":null,"sizeMax":null,"sizeMin":null,"windScale":null},{"billboardUVs":null,"clumpRadius":null,"maxClumpCount":null,"minClumpCount":null,"probability":null,"sizeMax":null,"sizeMin":null,"windScale":null}],"dissolveRadius":90,"gridSize":9,"material":"Groundcover_spring","maxBillboardTiltAngle":40,"maxElements":400000,"radius":100,"seed":8,"shapeCullRadius":100,"windGustFrequency":10,"windTurbulenceFrequency":0.300000012,"windTurbulenceStrength":0.600000024,"zOffset":7}
{"name":"LongGrass","class":"GroundCover","persistentId":"dea8cf9f-2b78-4bc6-99ae-1d619c4daa60","__parent":"vegetation","position":[-367.135498,107.813599,204.559265],"Types":[{"billboardUVs":[0.5,0,0.5,0.507809997],"clumpRadius":2,"layer":"Grass","maxClumpCount":3,"minClumpCount":2,"probability":1,"sizeMax":null,"sizeMin":0.699999988,"windScale":0.200000003},{"billboardUVs":[0.5,0.511717975,0.5,0.488281995],"clumpRadius":2,"layer":"Grass","maxClumpCount":3,"minClumpCount":2,"probability":0.5,"sizeMax":null,"sizeMin":0.699999988,"windScale":0.200000003},{"billboardUVs":[0.5,0.519531012,0.5,0.480468988],"clumpRadius":2,"layer":"Grass3","maxClumpCount":3,"minClumpCount":2,"probability":null,"sizeMax":0.800000012,"sizeMin":0.600000024,"windScale":0.100000001},{"billboardUVs":[0,0.503906012,0.480468005,0.496093988],"clumpRadius":2,"layer":"Grass2","maxClumpCount":6,"minClumpCount":3,"probability":1,"sizeMax":0.800000012,"sizeMin":0.600000024,"windScale":0.200000003},{"billboardUVs":[0,0.0117188003,0.527343988,0.484376013],"clumpRadius":1.5,"layer":"Grass2","maxClumpCount":6,"minClumpCount":2,"probability":1,"sizeMax":1.20000005,"sizeMin":0.600000024,"windScale":0.300000012},{"billboardUVs":[0.0351562984,0.5,0.347656012,0.300781012],"clumpRadius":null,"layer":"Grass","maxClumpCount":2,"minClumpCount":null,"probability":null,"sizeMax":0.5,"sizeMin":0.300000012,"windScale":0.300000012},{"billboardUVs":null,"clumpRadius":null,"maxClumpCount":null,"minClumpCount":null,"probability":null,"sizeMax":null,"sizeMin":null,"windScale":null},{"billboardUVs":null,"clumpRadius":null,"maxClumpCount":null,"minClumpCount":null,"probability":null,"sizeMax":null,"sizeMin":null,"windScale":null}],"dissolveRadius":70,"gridSize":8,"material":"BNGGrass","maxBillboardTiltAngle":40,"maxElements":600000,"radius":100,"seed":9,"shapeCullRadius":100,"windGustFrequency":10,"windTurbulenceFrequency":0.300000012,"windTurbulenceStrength":0.600000024}
{"name":"LongGrass1","class":"GroundCover","persistentId":"ee49168f-acb2-4519-9682-625aa616a370","__parent":"vegetation","position":[-546,307,631],"Types":[{"billboardUVs":[0,0,0.496093988,0.503903985],"clumpRadius":2,"layer":"Grass2","maxClumpCount":3,"minClumpCount":2,"probability":1,"sizeMax":0.600000024,"sizeMin":0.400000006,"windScale":0.200000003},{"billboardUVs":[0,0.523437023,0.480468988,0.476563007],"clumpRadius":2,"layer":"Grass2","maxClumpCount":3,"minClumpCount":2,"probability":0.5,"sizeMax":0.800000012,"sizeMin":0.600000024,"windScale":0.200000003},{"billboardUVs":[0,0.515625,0.503906012,0.484375],"clumpRadius":3,"layer":"Grass","maxClumpCount":5,"minClumpCount":3,"probability":0.5,"sizeMax":0.899999976,"sizeMin":0.699999988,"windScale":0.200000003},{"billboardUVs":[0,0.503906012,0.480468005,0.496093988],"clumpRadius":2,"layer":"Grass2","maxClumpCount":6,"minClumpCount":3,"probability":null,"sizeMax":0.800000012,"sizeMin":0.600000024,"windScale":0.200000003},{"billboardUVs":[0,0.0117188003,0.527343988,0.484376013],"clumpRadius":1.5,"layer":"Grass2","maxClumpCount":6,"minClumpCount":2,"probability":null,"sizeMax":1.20000005,"sizeMin":0.600000024,"windScale":0.300000012},{"billboardUVs":[0.0351562984,0.5,0.347656012,0.300781012],"clumpRadius":null,"layer":"Grass","maxClumpCount":2,"minClumpCount":null,"probability":null,"sizeMax":0.5,"sizeMin":0.300000012,"windScale":0.300000012},{"billboardUVs":null,"clumpRadius":null,"maxClumpCount":null,"minClumpCount":null,"probability":null,"sizeMax":null,"sizeMin":null,"windScale":null},{"billboardUVs":null,"clumpRadius":null,"maxClumpCount":null,"minClumpCount":null,"probability":null,"sizeMax":null,"sizeMin":null,"windScale":null}],"dissolveRadius":70,"gridSize":6,"material":"BNGGrass","maxBillboardTiltAngle":40,"maxElements":200000,"radius":100,"seed":10,"shapeCullRadius":100,"windGustFrequency":10,"windTurbulenceFrequency":0.300000012,"windTurbulenceStrength":0.600000024}
{"name":"fern1","class":"GroundCover","persistentId":"f13db6ae-f292-49cb-9299-0ffb14602605","__parent":"vegetation","position":[457,-173,224],"Types":[{"billboardUVs":[0,0.710940003,0.164061993,0.289059997],"clumpRadius":null,"layer":"Forest","maxClumpCount":3,"minClumpCount":null,"probability":0.5,"sizeMax":null,"sizeMin":0.600000024,"windScale":0.200000003},{"billboardUVs":[0,0.714842975,0.160155997,0.285156995],"clumpRadius":1.5,"layer":"forest_floor","maxClumpCount":3,"minClumpCount":null,"probability":0.5,"sizeMax":0.800000012,"sizeMin":0.400000006,"windScale":0.200000003},{"billboardUVs":[0.160156995,0.710937977,0.250001013,0.289061993],"clumpRadius":null,"layer":"Forest","maxClumpCount":3,"minClumpCount":null,"probability":1,"sizeMax":0.699999988,"sizeMin":0.5,"windScale":0.200000003},{"billboardUVs":[0.164061993,0.714842975,0.246095002,0.285156995],"clumpRadius":2,"layer":"forest_floor","maxClumpCount":6,"minClumpCount":3,"probability":1,"sizeMax":0.800000012,"sizeMin":0.5,"windScale":0.200000003},{"billboardUVs":[0.367188007,0,0.421875,0.425781995],"clumpRadius":0.699999988,"layer":"forest_floor","maxClumpCount":3,"minClumpCount":null,"probability":null,"sizeMax":0.899999976,"sizeMin":0.5,"windScale":0.300000012},{"billboardUVs":[0.582031012,0.046875,0.417968988,0.449218988],"clumpRadius":null,"layer":"Grass","maxClumpCount":2,"minClumpCount":null,"probability":null,"sizeMax":0.800000012,"sizeMin":0.300000012,"windScale":0.300000012},{"billboardUVs":null,"clumpRadius":null,"maxClumpCount":null,"minClumpCount":null,"probability":null,"sizeMax":null,"sizeMin":null,"windScale":null},{"billboardUVs":null,"clumpRadius":null,"maxClumpCount":null,"minClumpCount":null,"probability":null,"sizeMax":null,"sizeMin":null,"windScale":null}],"dissolveRadius":60,"gridSize":2,"material":"Groundcover_spring","maxBillboardTiltAngle":40,"maxElements":40000,"radius":80,"seed":11,"shapeCullRadius":80,"windGustLength":1.70000005,"windGustStrength":0.200000003,"windTurbulenceFrequency":0.300000012}
{"name":"Buttercups","class":"GroundCover","persistentId":"feb9d5fb-5ffb-4adb-8d15-490887f41eac","__parent":"vegetation","position":[-122.358612,-277.889709,135.835022],"Types":[{"billboardUVs":[0.808593988,0.398436993,0.191405997,0.226560995],"clumpRadius":null,"layer":"Grass2","maxClumpCount":4,"minClumpCount":2,"probability":1,"sizeMax":0.5,"sizeMin":0.400000006,"windScale":0.200000003},{"billboardUVs":[0.644531012,0.402345002,0.203124002,0.218749002],"clumpRadius":0.5,"layer":"Grass2","maxClumpCount":4,"minClumpCount":2,"probability":0.5,"sizeMax":0.5,"sizeMin":0.400000006,"windScale":0.200000003},{"billboardUVs":[0.796875,0.398436993,0.203125,0.222656995],"clumpRadius":null,"layer":"Grass","maxClumpCount":4,"minClumpCount":3,"probability":0.100000001,"sizeMax":0.5,"sizeMin":0.400000006,"windScale":0.100000001},{"billboardUVs":[0.644531012,0.402343988,0.207030997,0.21875],"clumpRadius":0.5,"layer":"Grass3","maxClumpCount":4,"minClumpCount":2,"probability":null,"sizeMax":0.5,"sizeMin":0.400000006,"windScale":0.100000001},{"billboardUVs":[0,0,0.585937977,0.417968988],"clumpRadius":null,"layer":"Grass2","maxClumpCount":5,"minClumpCount":2,"probability":null,"sizeMax":0.800000012,"sizeMin":0.5,"windScale":0.200000003},{"billboardUVs":null,"clumpRadius":null,"maxClumpCount":null,"minClumpCount":null,"probability":null,"sizeMax":null,"sizeMin":null,"windScale":null},{"billboardUVs":null,"clumpRadius":null,"maxClumpCount":null,"minClumpCount":null,"probability":null,"sizeMax":null,"sizeMin":null,"windScale":null},{"billboardUVs":null,"clumpRadius":null,"maxClumpCount":null,"minClumpCount":null,"probability":null,"sizeMax":null,"sizeMin":null,"windScale":null}],"dissolveRadius":90,"material":"Groundcover_spring","maxBillboardTiltAngle":40,"maxElements":400000,"radius":100,"seed":12,"shapeCullRadius":100,"windGustFrequency":10,"windTurbulenceFrequency":0.300000012,"windTurbulenceStrength":0.600000024}
{"name":"theForest","class":"Forest","persistentId":"1acda816-9f86-4554-9013-5eaa77f4b451","__parent":"vegetation","lodReflectScalar":0.150000006}
