{"name":"fuel_gasolin_pump_icon_1","class":"BeamNGPointOfInterest","persistentId":"bf7815ad-3ad6-4c38-a502-ba20bb51408a","__parent":"pumps_canyon_fuel","position":[-796.80835,-85.5873337,298.284637]}
{"name":"fuel_gasolin_pump_icon_2","class":"BeamNGPointOfInterest","persistentId":"333b8990-622f-420e-8aa8-65912f311bab","__parent":"pumps_canyon_fuel","position":[-799.376892,-84.8905182,298.284637]}
{"name":"fuel_gasolin_pump_area_1","class":"BeamNGGameplayArea","persistentId":"27648c39-d89f-4c55-8d3b-1960d3b8cb7a","__parent":"pumps_canyon_fuel","position":[-796.789917,-85.5776367,296.784637],"rotationMatrix":[0.963444471,-0.267908067,0,0.267908067,0.963444471,0,0,0,1],"scale":[0.349999994,1.82000005,1]}
{"name":"fuel_gasolin_pump_area_2","class":"BeamNGGameplayArea","persistentId":"ed5e75ae-fe26-43f6-9966-08902c1657d2","__parent":"pumps_canyon_fuel","position":[-799.3125,-84.8761749,296.784637],"rotationMatrix":[0.963444471,-0.267908067,0,0.267908067,0.963444471,0,0,0,1],"scale":[0.349999994,1.82000005,1]}
