{"name":"Pier","class":"SimGroup","persistentId":"34827595-e643-4220-9811-51ffa1b8b6c9","__parent":"Fishing_Village"}
{"name":"Shack_b","class":"SimGroup","persistentId":"65a13ee5-0fa0-45d9-8170-acc13f063005","__parent":"Fishing_Village"}
{"name":"house_c","class":"SimGroup","persistentId":"74c86e16-0b77-486e-b144-c3507888abc6","__parent":"Fishing_Village"}
{"name":"Shacks_a","class":"SimGroup","persistentId":"ae8a731b-efb4-4b5d-a829-3ccf1b3031e7","__parent":"Fishing_Village"}
{"name":"house_d","class":"SimGroup","persistentId":"b637d955-1b48-477f-86b0-2a50139066e2","__parent":"Fishing_Village"}
{"name":"House_h","class":"SimGroup","persistentId":"b93646eb-99bd-42d9-a91e-1d3fbeb49ac8","__parent":"Fishing_Village"}
{"name":"House_g","class":"SimGroup","persistentId":"c5205831-5bc8-46eb-8686-3bef8372bdee","__parent":"Fishing_Village"}
{"name":"house_e","class":"SimGroup","persistentId":"e8949d4e-7bfe-40dd-ae83-eecf2b5b1703","__parent":"Fishing_Village"}
{"name":"fence_a","class":"SimGroup","persistentId":"ed5663c2-32cc-42ff-9585-7c00f9e0fe19","__parent":"Fishing_Village"}
{"name":"BigFences","class":"SimGroup","persistentId":"ff89dc78-c276-405b-8891-4956f94b30c7","__parent":"Fishing_Village"}
{"class":"TSStatic","persistentId":"022e7b0b-3ab6-4b72-ae19-1069a745cac9","__parent":"Fishing_Village","position":[-295.0495,-906.913086,11.5912561],"annotation":"BUILDINGS","isRenderEnabled":false,"rotationMatrix":[0.481189519,0.876615763,0,-0.876615763,0.481189519,0,0,0,1],"shapeName":"/levels/east_coast_usa/art/shapes/buildings/eca_bld_fv_big_house.DAE"}
{"class":"TSStatic","persistentId":"02d0e16b-3823-4236-89fb-4a5ea9656f26","__parent":"Fishing_Village","position":[-192.313171,-840.638733,13.8048534],"annotation":"OBSTACLES","isRenderEnabled":false,"rotationMatrix":[0.855886102,-0.514443636,-0.0529791452,0.512723804,0.857468545,-0.0431521833,0.0676273182,0.00976969022,0.997662783],"shapeName":"/levels/east_coast_usa/art/shapes/buildings/eca_bld_wood_fence_c.DAE"}
{"class":"TSStatic","persistentId":"02eef172-1e51-4caa-98a0-c14bb1236dde","__parent":"Fishing_Village","position":[10.8843546,-825.885559,18.6672459],"annotation":"OBSTACLES","isRenderEnabled":false,"rotationMatrix":[0.784632504,-0.619960845,0,0.619960845,0.784632504,0,0,0,1],"shapeName":"/levels/east_coast_usa/art/shapes/buildings/eca_bld_wood_fence_c.DAE"}
{"class":"TSStatic","persistentId":"03b27a16-26ab-4529-af5a-cf41bdc7a76f","__parent":"Fishing_Village","position":[-275.556976,-940.375793,7.33142281],"isRenderEnabled":false,"shapeName":"/levels/east_coast_usa/art/shapes/buildings/eca_fv_water_pole.DAE"}
{"class":"TSStatic","persistentId":"03b564b6-db78-4862-a67a-f4318682785e","__parent":"Fishing_Village","position":[525.381653,-808.252563,61.2183914],"annotation":"OBSTACLES","isRenderEnabled":false,"rotationMatrix":[0.277215779,-0.955154598,-0.104075335,0.953801095,0.286633462,-0.0900366902,0.11583028,-0.0743073076,0.990486741],"shapeName":"/levels/east_coast_usa/art/shapes/buildings/eca_bld_wood_fence_c.DAE"}
{"class":"TSStatic","persistentId":"046989b4-c97f-4bba-9a74-84c4b6ea603a","__parent":"Fishing_Village","position":[-192.226227,-827.63031,14.2128553],"annotation":"OBSTACLES","isRenderEnabled":false,"rotationMatrix":[0.925352156,0.379097998,0.00272360165,-0.379031003,0.924998403,0.0267187655,0.00760971475,-0.0257566068,0.999639034],"shapeName":"/levels/east_coast_usa/art/shapes/buildings/eca_bld_wood_fence_c.DAE"}
{"class":"TSStatic","persistentId":"047df20c-0e39-4331-8a6a-24967d29b046","__parent":"Fishing_Village","position":[573.872009,-769.887329,61.9148712],"annotation":"OBSTACLES","isRenderEnabled":false,"rotationMatrix":[0.999628603,0.0271028057,-0.00255143992,-0.0271032043,0.999631822,-0.000279681408,0.00254291575,0.000348728965,0.999996662],"shapeName":"/levels/east_coast_usa/art/shapes/buildings/eca_bld_wood_fence_c.DAE"}
{"class":"TSStatic","persistentId":"06574efc-4cad-4e4a-bdea-3338fb7b4b3a","__parent":"Fishing_Village","position":[-220.444824,-880.229675,10.5279675],"annotation":"OBSTACLES","isRenderEnabled":false,"rotationMatrix":[-0.242174789,0.94971025,0.198497668,-0.967385471,-0.252016485,0.0255226977,0.0742638484,-0.185842976,0.97976917],"shapeName":"/levels/east_coast_usa/art/shapes/buildings/eca_fv_junk_a.DAE"}
{"class":"TSStatic","persistentId":"07fcde19-4c27-49f8-8dc7-dcdc6385a108","__parent":"Fishing_Village","position":[-221.666107,-887.201111,10.7613478],"annotation":"OBSTACLES","isRenderEnabled":false,"rotationMatrix":[-0.983562291,-0.180565983,0,0.180565983,-0.983562291,0,0,0,1],"shapeName":"/levels/east_coast_usa/art/shapes/buildings/eca_fv_lobstertrap_stack_c.DAE"}
{"class":"TSStatic","persistentId":"0a0dff9a-4242-4728-9e1c-f32f6481a32b","__parent":"Fishing_Village","position":[-201.826706,-837.889893,15.0833597],"annotation":"OBSTACLES","isRenderEnabled":false,"rotationMatrix":[0.954276264,-0.273542911,-0.120546684,0.274102628,0.961622477,-0.0122394878,0.119268462,-0.021362314,0.99263221],"shapeName":"/levels/east_coast_usa/art/shapes/buildings/eca_bld_wood_fence_c.DAE"}
{"class":"TSStatic","persistentId":"0a3e96f0-0ca9-4e48-8659-30c28eddda4f","__parent":"Fishing_Village","position":[-278.053894,-896.37207,9.99423599],"annotation":"OBSTACLES","isRenderEnabled":false,"rotationMatrix":[0.979877651,0.192961842,-0.0510455593,-0.167929485,0.935220063,0.311710238,0.10788703,-0.296865851,0.948805213],"shapeName":"/levels/east_coast_usa/art/shapes/buildings/eca_fv_boat_platform.DAE"}
{"class":"TSStatic","persistentId":"0baa2479-047f-4aef-952b-41bfce7cc311","__parent":"Fishing_Village","position":[-279.305511,-899.947937,10.3272181],"annotation":"OBSTACLES","isRenderEnabled":false,"rotationMatrix":[0.990680933,0.135489151,0.0138285514,0.133281544,-0.943616211,-0.303021163,-0.02800701,0.302040815,-0.952882528],"shapeName":"/levels/east_coast_usa/art/shapes/buildings/eca_fv_shore_boat_b.DAE"}
{"class":"TSStatic","persistentId":"0c9144a5-5e03-4721-bec9-dfb1057b1da1","__parent":"Fishing_Village","position":[-190.508453,-847.392456,14.4311008],"annotation":"BUILDINGS","isRenderEnabled":false,"rotationMatrix":[0.887914121,0.460011363,0,-0.460011363,0.887914121,0,0,0,1],"shapeName":"/levels/east_coast_usa/art/shapes/buildings/eca_bld_fv_tall_shack.DAE"}
{"class":"TSStatic","persistentId":"0e791e7f-04c7-4ce1-b813-783e624c9418","__parent":"Fishing_Village","position":[661.214539,-189.539307,56.1748352],"isRenderEnabled":false,"rotationMatrix":[0.660744369,0.750610888,0,-0.750610888,0.660744369,0,0,0,1],"shapeName":"/levels/east_coast_usa/art/shapes/buildings/eca_comsign_artisans.dae"}
{"class":"TSStatic","persistentId":"0ffa1433-b676-430e-94de-71416ef06505","__parent":"Fishing_Village","position":[578.664185,-769.544434,61.902565],"annotation":"OBSTACLES","isRenderEnabled":false,"rotationMatrix":[0.119863071,-0.992789686,4.14124333e-05,0.992786169,0.119862966,-0.00256638881,0.00254291575,0.000348728965,0.999996662],"shapeName":"/levels/east_coast_usa/art/shapes/buildings/eca_bld_wood_fence_c.DAE"}
{"class":"TSStatic","persistentId":"0ffed979-0dc4-47e4-93c0-652ef8ef197c","__parent":"Fishing_Village","position":[-227.604141,-882.511414,10.2824097],"isRenderEnabled":false,"rotationMatrix":[-0.964930654,-0.262509853,0,0.262509853,-0.964930654,0,0,0,1],"shapeName":"/levels/east_coast_usa/art/shapes/buildings/eca_fv_wood.DAE"}
{"class":"TSStatic","persistentId":"11e4d241-22c3-4c61-ba91-2197a25da912","__parent":"Fishing_Village","position":[-222.867538,-887.166748,10.7613478],"annotation":"BUILDINGS","isRenderEnabled":false,"rotationMatrix":[0.965925753,0.258818954,0,-0.258818954,0.965925753,0,0,0,1],"shapeName":"/levels/east_coast_usa/art/shapes/buildings/eca_bld_fv_small_shacks.DAE"}
{"class":"TSStatic","persistentId":"15ce4026-bbd9-42cc-a96f-282601c74d65","__parent":"Fishing_Village","position":[679.434387,-182.377258,55.9742317],"isRenderEnabled":false,"rotationMatrix":[-0.682396889,-0.730981886,0,0.730981886,-0.682396889,0,0,0,1],"shapeName":"/levels/east_coast_usa/art/shapes/buildings/eca_comsign_mountingbracket_long.dae"}
{"class":"TSStatic","persistentId":"18babbeb-b8f2-40b4-9461-7b2c5f961019","__parent":"Fishing_Village","position":[-5.22544432,-916.587097,8.96000004],"annotation":"OBSTACLES","isRenderEnabled":false,"rotationMatrix":[0.909058511,-0.390083939,0.146448508,0.416408539,0.862941206,-0.286245465,-0.0147166904,0.321196318,0.946898341],"shapeName":"/levels/east_coast_usa/art/shapes/buildings/eca_fv_shore_boat_b.DAE"}
{"class":"TSStatic","persistentId":"1a20fb04-1528-44d3-93db-14bcb03720c7","__parent":"Fishing_Village","position":[-0.239929914,-938.980286,9.39230824],"annotation":"OBSTACLES","isRenderEnabled":false,"rotationMatrix":[-0.282730639,0.959192932,-0.00348610198,-0.958907783,-0.282553673,0.0256460384,0.0236144867,0.0105937701,0.99966526],"shapeName":"/levels/east_coast_usa/art/shapes/buildings/eca_fv_junk_a.DAE"}
{"class":"TSStatic","persistentId":"1a2a74ca-d489-4341-8632-b5a853678d3d","__parent":"Fishing_Village","position":[-173.775482,-890.006165,7.65643311],"isRenderEnabled":false,"shapeName":"/levels/east_coast_usa/art/shapes/buildings/eca_fv_water_pole.DAE"}
{"class":"TSStatic","persistentId":"1b78b3d8-3d09-4290-b548-212f1134db53","__parent":"Fishing_Village","position":[679.069702,-182.754059,55.5828781],"isRenderEnabled":false,"rotationMatrix":[-0.688076794,-0.725637972,0,0.725637972,-0.688076794,0,0,0,1],"shapeName":"/levels/east_coast_usa/art/shapes/buildings/eca_comsign_seatique.dae"}
{"class":"TSStatic","persistentId":"1b903372-dca8-4402-903f-f3ac5aa24136","__parent":"Fishing_Village","position":[560.795166,-795.14502,61.9569283],"annotation":"OBSTACLES","isRenderEnabled":false,"rotationMatrix":[-0.15134792,0.988479435,4.0154031e-05,-0.988476098,-0.151347786,0.0025664086,0.00254291575,0.000348728965,0.999996662],"shapeName":"/levels/east_coast_usa/art/shapes/buildings/eca_bld_wood_fence_c.DAE"}
{"class":"TSStatic","persistentId":"1c33d526-421b-45f6-82ad-97045635bc9f","__parent":"Fishing_Village","position":[558.492798,-840.369812,59.3918304],"annotation":"OBSTACLES","isRenderEnabled":false,"rotationMatrix":[0.118348539,0.984008431,0.13312076,-0.979209363,0.137897938,-0.148772717,-0.164750665,-0.112746045,0.9798702],"shapeName":"/levels/east_coast_usa/art/shapes/buildings/eca_bld_wood_fence_c.DAE"}
{"class":"TSStatic","persistentId":"2245f80c-14a9-4866-a9de-489186fcb9f1","__parent":"Fishing_Village","position":[-257.352722,-969.970764,6.0334053],"annotation":"BUILDINGS","isRenderEnabled":false,"rotationMatrix":[0.84318924,0.537614405,0,-0.537614405,0.84318924,0,0,0,1],"shapeName":"/levels/east_coast_usa/art/shapes/buildings/eca_small_pier.DAE"}
{"class":"TSStatic","persistentId":"22eab36d-b3f4-4da0-ac9d-228fb79a7059","__parent":"Fishing_Village","position":[-92.4200134,-787.956848,16.7610607],"annotation":"BUILDINGS","isRenderEnabled":false,"rotationMatrix":[0.210440695,0.977607012,0,-0.977607012,0.210440695,0,0,0,1],"shapeName":"/levels/east_coast_usa/art/shapes/buildings/eca_bld_fv_warehouse_b.DAE"}
{"class":"TSStatic","persistentId":"241570bc-8d7f-46f6-b05e-35e716b4b4e7","__parent":"Fishing_Village","position":[-8.92502022,-804.610596,16.1587257],"annotation":"OBSTACLES","isRenderEnabled":false,"rotationMatrix":[0.460011214,-0.887912452,0,0.887912452,0.460011214,0,0,0,1],"shapeName":"/levels/east_coast_usa/art/shapes/buildings/eca_bld_wood_fence_c.DAE"}
{"class":"TSStatic","persistentId":"25617c83-7ee1-4dcd-a55d-b901911c6eae","__parent":"Fishing_Village","position":[531.396606,-767.643677,60.3894539],"annotation":"OBSTACLES","isRenderEnabled":false,"rotationMatrix":[-0.989498556,-0.135697559,-0.0497776605,0.135866001,-0.990726709,0,-0.0493160598,-0.00676309224,0.998760402],"shapeName":"/levels/east_coast_usa/art/shapes/buildings/eca_bld_wood_fence_c.DAE"}
{"class":"TSStatic","persistentId":"2606873b-b94e-4fde-8dfd-53e1312ffa67","__parent":"Fishing_Village","position":[557.907104,-803.839355,62.3657417],"annotation":"OBSTACLES","isRenderEnabled":false,"rotationMatrix":[0.0983215347,-0.994332612,-0.0404423848,0.990084052,0.101836994,-0.0967613459,0.100331493,-0.0305276364,0.994485617],"shapeName":"/levels/east_coast_usa/art/shapes/buildings/eca_bld_wood_fence_c.DAE"}
{"class":"TSStatic","persistentId":"27416124-966f-4b9e-be36-49c1beedb4f7","__parent":"Fishing_Village","position":[-235.030411,-861.195129,15.0119114],"annotation":"OBSTACLES","isRenderEnabled":false,"rotationMatrix":[-0.748804748,-0.662789345,0,0.662789345,-0.748804748,0,0,0,1],"shapeName":"/levels/east_coast_usa/art/shapes/buildings/eca_bld_wood_fence_c.DAE"}
{"class":"TSStatic","persistentId":"28db7811-2342-4052-af18-41b392efb5e3","__parent":"Fishing_Village","position":[-8.4463253,-935.228699,8.86045647],"annotation":"OBSTACLES","isRenderEnabled":false,"rotationMatrix":[0.314517111,-0.948269963,0.0431640223,0.946828246,0.316636801,0.057072714,-0.0677876621,0.0229185559,0.997436583],"shapeName":"/levels/east_coast_usa/art/shapes/buildings/eca_fv_boat_platform.DAE"}
{"class":"TSStatic","persistentId":"29f94ca1-43ca-4441-b707-4bb9207daaa7","__parent":"Fishing_Village","position":[-109.544701,-826.698608,13.6649647],"annotation":"OBSTACLES","isRenderEnabled":false,"rotationMatrix":[0.0212841984,0.999773383,0,-0.999773383,0.0212841984,0,0,0,1],"shapeName":"/levels/east_coast_usa/art/shapes/buildings/eca_bld_wood_fence_c.DAE"}
{"class":"TSStatic","persistentId":"2b86b7f4-79e7-4228-b4b3-17d4b56cd7be","__parent":"Fishing_Village","position":[-260.274597,-962.10083,7.06855631],"isRenderEnabled":false,"shapeName":"/levels/east_coast_usa/art/shapes/buildings/eca_fv_water_pole.DAE"}
{"class":"TSStatic","persistentId":"2b92531b-8a9b-48d1-b6f0-ab51f7c171c1","__parent":"Fishing_Village","position":[-281.438751,-934.566284,6.14067078],"annotation":"BUILDINGS","isRenderEnabled":false,"rotationMatrix":[-0.843189299,-0.537614226,0,0.537614226,-0.843189299,0,0,0,1],"shapeName":"/levels/east_coast_usa/art/shapes/buildings/eca_small_pier.DAE"}
{"class":"TSStatic","persistentId":"2c12a069-0b6f-4920-a3a9-cf47b11ca05d","__parent":"Fishing_Village","position":[-86.2915726,-824.889343,13.7425528],"annotation":"OBSTACLES","isRenderEnabled":false,"rotationMatrix":[0.975130379,-0.22162725,0,0.22162725,0.975130379,0,0,0,1],"shapeName":"/levels/east_coast_usa/art/shapes/buildings/eca_bld_wood_fence_c.DAE"}
{"class":"TSStatic","persistentId":"2c2b9cc4-bbc7-4ec1-bd5b-65d23e67e764","__parent":"Fishing_Village","position":[-61.9404144,-858.231201,13.9138374],"annotation":"OBSTACLES","isRenderEnabled":false,"rotationMatrix":[-0.998933315,-0.0461833961,0,0.0461833961,-0.998933315,0,0,0,1],"shapeName":"/levels/east_coast_usa/art/shapes/buildings/eca_fv_boat_platform.DAE"}
{"class":"TSStatic","persistentId":"31dde011-9d63-4da8-8c06-e8a6d652cb0b","__parent":"Fishing_Village","position":[560.292603,-770.255493,61.9495316],"annotation":"OBSTACLES","isRenderEnabled":false,"rotationMatrix":[0.999628603,0.0271028057,-0.00255143992,-0.0271032043,0.999631822,-0.000279681408,0.00254291575,0.000348728965,0.999996662],"shapeName":"/levels/east_coast_usa/art/shapes/buildings/eca_bld_wood_fence_c.DAE"}
{"class":"TSStatic","persistentId":"32958e32-7dc4-4798-b39f-4733dafa2e6a","__parent":"Fishing_Village","position":[-141.655182,-875.370789,8.47571754],"annotation":"OBSTACLES","isRenderEnabled":false,"rotationMatrix":[0.902576983,0.429428011,0.0307627376,-0.429436564,0.903072417,-0.00666534435,-0.0306432657,-0.00719465781,0.999504507],"shapeName":"/levels/east_coast_usa/art/shapes/buildings/eca_fv_shore_boat_a.DAE"}
{"class":"TSStatic","persistentId":"341f23da-ef1e-42cf-9e4d-401f320c13c0","__parent":"Fishing_Village","position":[-15.6407776,-801.237976,15.6489849],"annotation":"OBSTACLES","isRenderEnabled":false,"rotationMatrix":[0.970081568,0.242774546,0,-0.242774546,0.970081568,0,0,0,1],"shapeName":"/levels/east_coast_usa/art/shapes/buildings/eca_bld_wood_fence_c.DAE"}
{"class":"TSStatic","persistentId":"3480e165-11db-4dec-b0e7-3b7681ddd5e3","__parent":"Fishing_Village","position":[-197.126556,-828.035034,14.3946629],"annotation":"OBSTACLES","isRenderEnabled":false,"rotationMatrix":[0.996660054,0.0814746842,-0.00548775541,-0.0813038573,0.996343136,0.0262905937,0.00760971475,-0.0257566068,0.999639034],"shapeName":"/levels/east_coast_usa/art/shapes/buildings/eca_bld_wood_fence_c.DAE"}
{"class":"TSStatic","persistentId":"34c82547-8a53-492f-a704-419f7e740a06","__parent":"Fishing_Village","position":[-1.01414108,-932.658081,9.16020107],"annotation":"OBSTACLES","isRenderEnabled":false,"rotationMatrix":[0.314932853,-0.948132217,0.0431577526,0.949113965,0.314607084,-0.0143205049,-9.31322242e-10,0.0454716235,0.998965681],"shapeName":"/levels/east_coast_usa/art/shapes/buildings/eca_fv_boat_platform_end.DAE"}
{"class":"TSStatic","persistentId":"34e9ee3e-a72e-4e29-ab99-7263844599c3","__parent":"Fishing_Village","position":[-0.104847193,-816.173889,16.6382141],"annotation":"OBSTACLES","isRenderEnabled":false,"rotationMatrix":[0.71651727,-0.697568834,0,0.697568834,0.71651727,0,0,0,1],"shapeName":"/levels/east_coast_usa/art/shapes/buildings/eca_bld_wood_fence_c.DAE"}
{"class":"TSStatic","persistentId":"368e2b65-ee83-473b-af2c-8ec980cbfa37","__parent":"Fishing_Village","position":[-6.67950726,-808.944885,16.1631222],"annotation":"OBSTACLES","isRenderEnabled":false,"rotationMatrix":[0.624028563,-0.781400919,0,0.781400919,0.624028563,0,0,0,1],"shapeName":"/levels/east_coast_usa/art/shapes/buildings/eca_bld_wood_fence_c.DAE"}
{"class":"TSStatic","persistentId":"379d5209-c725-486b-a375-b4b5fbb4199e","__parent":"Fishing_Village","position":[-104.362564,-836.041565,13.6649647],"annotation":"OBSTACLES","isRenderEnabled":false,"rotationMatrix":[-0.995122194,-0.0986476317,0,0.0986476317,-0.995122194,0,0,0,1],"shapeName":"/levels/east_coast_usa/art/shapes/buildings/eca_bld_wood_fence_c.DAE"}
{"class":"TSStatic","persistentId":"3c4e5e42-2510-473c-98c0-e6346c3523bc","__parent":"Fishing_Village","position":[-846.372559,915.824768,30.7437458],"annotation":"OBSTACLES","isRenderEnabled":false,"rotationMatrix":[-0.536529839,0.826075196,0.17243889,-0.664654493,-0.539569676,0.516813278,0.519970238,0.162673503,0.838550687],"scale":[0.699999988,0.699999988,0.699999988],"shapeName":"/levels/east_coast_usa/art/shapes/buildings/eca_fv_shore_boat_damaged.DAE"}
{"class":"TSStatic","persistentId":"3cd9a525-55a8-42ab-9d12-ac382344d7f4","__parent":"Fishing_Village","position":[-0.683159947,-928.016296,9.22427845],"annotation":"OBSTACLES","isRenderEnabled":false,"rotationMatrix":[0.999455333,-0.0105693312,0.031271264,0.00872213021,0.99824214,0.0586278439,-0.0318360515,-0.058323171,0.997790694],"shapeName":"/levels/east_coast_usa/art/shapes/buildings/eca_fv_lobstertrap_stack_c.DAE"}
{"class":"TSStatic","persistentId":"40669f6d-37ed-4376-bc0b-dc922a0c0488","__parent":"Fishing_Village","position":[-204.577682,-889.749939,8.48163795],"annotation":"BUILDINGS","isRenderEnabled":false,"rotationMatrix":[0.907499313,0.420050859,0,-0.420050859,0.907499313,0,0,0,1],"shapeName":"/levels/east_coast_usa/art/shapes/buildings/eca_small_pier.DAE"}
{"class":"TSStatic","persistentId":"409e9984-ad8f-46bc-aefb-a04b55affa33","__parent":"Fishing_Village","position":[687.416199,-189.774292,55.8155556],"isRenderEnabled":false,"rotationMatrix":[-0.707106829,-0.70710665,0,0.70710665,-0.707106829,0,0,0,1],"shapeName":"/levels/east_coast_usa/art/shapes/buildings/eca_comsign_mountingbracket_long.dae"}
{"class":"TSStatic","persistentId":"4455062c-57e3-435f-b460-5e36c1d57b20","__parent":"Fishing_Village","position":[559.279114,-816.130432,61.8485756],"annotation":"OBSTACLES","isRenderEnabled":false,"rotationMatrix":[-0.0959720165,0.993876457,0.0547643751,-0.987908602,-0.0883767605,-0.127382234,-0.121762305,-0.066327326,0.990340769],"shapeName":"/levels/east_coast_usa/art/shapes/buildings/eca_bld_wood_fence_c.DAE"}
{"class":"TSStatic","persistentId":"4576a7bb-4c6f-4f78-abbc-47a6f74028fa","__parent":"Fishing_Village","position":[-265.11084,-954.975647,10.0042057],"annotation":"BUILDINGS","isRenderEnabled":false,"rotationMatrix":[-0.476571918,0.879134417,0,-0.879134417,-0.476571918,0,0,0,1],"shapeName":"/levels/east_coast_usa/art/shapes/buildings/eca_bld_fv_house_b.DAE"}
{"class":"TSStatic","persistentId":"4752c2a8-0641-48ce-8cda-22f4d0dbf1e2","__parent":"Fishing_Village","position":[-178.618729,-880.966858,8.42088223],"annotation":"OBSTACLES","isRenderEnabled":false,"rotationMatrix":[-0.701699913,-0.712473154,0,0.712473154,-0.701699913,0,0,0,1],"shapeName":"/levels/east_coast_usa/art/shapes/buildings/eca_fv_linked_boats.DAE"}
{"class":"TSStatic","persistentId":"4755b0da-19b8-40b4-971f-7082ca189514","__parent":"Fishing_Village","position":[520.160156,-754.617981,57.2898254],"annotation":"OBSTACLES","isRenderEnabled":false,"rotationMatrix":[-0.116042718,0.97642386,-0.182013199,-0.986076891,-0.135228455,-0.0967687294,-0.11910066,0.168249711,0.978522539],"shapeName":"/levels/east_coast_usa/art/shapes/buildings/eca_bld_wood_fence_c.DAE"}
{"class":"TSStatic","persistentId":"477c0807-2ef3-4686-b74f-4d72638f152c","__parent":"Fishing_Village","position":[527.611267,-815.337341,60.4966621],"annotation":"OBSTACLES","isRenderEnabled":false,"rotationMatrix":[-0.274655312,0.954232872,0.118339084,-0.956731737,-0.258907467,-0.132783175,-0.0960671976,-0.149688363,0.984055161],"shapeName":"/levels/east_coast_usa/art/shapes/buildings/eca_bld_wood_fence_c.DAE"}
{"class":"TSStatic","persistentId":"4877a8f4-c8d2-4470-8923-621f1a14aab7","__parent":"Fishing_Village","position":[532.273682,-839.018921,56.867157],"annotation":"OBSTACLES","isRenderEnabled":false,"rotationMatrix":[-0.0566685535,0.985147774,0.162088037,-0.98962152,-0.033952307,-0.139630184,-0.132053092,-0.168318436,0.97684747],"shapeName":"/levels/east_coast_usa/art/shapes/buildings/eca_bld_wood_fence_c.DAE"}
{"class":"TSStatic","persistentId":"48b5b5db-e241-4b19-8397-e7d787223b78","__parent":"Fishing_Village","position":[569.915649,-769.994629,61.9249687],"annotation":"OBSTACLES","isRenderEnabled":false,"rotationMatrix":[0.999628603,0.0271028057,-0.00255143992,-0.0271032043,0.999631822,-0.000279681408,0.00254291575,0.000348728965,0.999996662],"shapeName":"/levels/east_coast_usa/art/shapes/buildings/eca_bld_wood_fence_c.DAE"}
{"class":"TSStatic","persistentId":"48b66c4f-adc3-48a7-a3cd-a69e4ebfdf74","__parent":"Fishing_Village","position":[532.572876,-843.802002,55.9097366],"annotation":"OBSTACLES","isRenderEnabled":false,"rotationMatrix":[-0.0612184778,0.978710771,0.19590196,-0.98962152,-0.0339521132,-0.139630198,-0.130006284,-0.202416748,0.970631719],"shapeName":"/levels/east_coast_usa/art/shapes/buildings/eca_bld_wood_fence_c.DAE"}
{"class":"TSStatic","persistentId":"49964542-71b8-4aee-a764-c650c1cc8ea0","__parent":"Fishing_Village","position":[-183.034012,-921.973572,8.68644238],"annotation":"OBSTACLES","isRenderEnabled":false,"rotationMatrix":[-0.999478102,-0.0230241865,0.0225837342,0.0244049206,-0.997716546,0.0629489496,0.0210831333,0.0634675473,0.997760415],"shapeName":"/levels/east_coast_usa/art/shapes/buildings/eca_fv_shore_boat_a.DAE"}
{"class":"TSStatic","persistentId":"49c55b2f-52fb-40cd-a483-e032fefea003","__parent":"Fishing_Village","position":[-284.236145,-926.78009,7.33142281],"isRenderEnabled":false,"shapeName":"/levels/east_coast_usa/art/shapes/buildings/eca_fv_water_pole.DAE"}
{"class":"TSStatic","persistentId":"4ca76bb1-9723-467b-8b4b-f5113c6f2ead","__parent":"Fishing_Village","position":[546.048462,-50.9345436,53.2475586],"annotation":"BUILDINGS","isRenderEnabled":false,"rotationMatrix":[-0.72818172,0.685385883,0,-0.685385883,-0.72818172,0,0,0,1],"scale":[0.699999988,0.699999988,0.699999988],"shapeName":"/levels/east_coast_usa/art/shapes/buildings/eca_bld_fv_tall_shack.DAE"}
{"class":"TSStatic","persistentId":"4ed950d1-642c-4c6d-8474-d7d94a710cfb","__parent":"Fishing_Village","position":[528.961853,-820.029846,59.9146843],"annotation":"OBSTACLES","isRenderEnabled":false,"rotationMatrix":[-0.274655312,0.954232872,0.118339084,-0.956731737,-0.258907467,-0.132783175,-0.0960671976,-0.149688363,0.984055161],"shapeName":"/levels/east_coast_usa/art/shapes/buildings/eca_bld_wood_fence_c.DAE"}
{"class":"TSStatic","persistentId":"4f3880a9-aee1-4679-aad1-6e9de200254c","__parent":"Fishing_Village","position":[-20.0670013,-803.186951,15.3891134],"annotation":"OBSTACLES","isRenderEnabled":false,"rotationMatrix":[0.91257292,0.40891096,0,-0.40891096,0.91257292,0,0,0,1],"shapeName":"/levels/east_coast_usa/art/shapes/buildings/eca_bld_wood_fence_c.DAE"}
{"class":"TSStatic","persistentId":"501f85d0-8705-4d7b-be64-738ed8ae8874","__parent":"Fishing_Village","position":[-105.66449,-885.557617,9.75636005],"isRenderEnabled":false,"shapeName":"/levels/east_coast_usa/art/shapes/buildings/eca_bld_fence_end.DAE"}
{"class":"TSStatic","persistentId":"50bb0718-6cbe-46b7-a1cb-e5da90af7fd1","__parent":"Fishing_Village","position":[6.83310127,-822.928406,17.6399879],"annotation":"OBSTACLES","isRenderEnabled":false,"rotationMatrix":[0.807715595,-0.589572072,0,0.589572072,0.807715595,0,0,0,1],"shapeName":"/levels/east_coast_usa/art/shapes/buildings/eca_bld_wood_fence_c.DAE"}
{"class":"TSStatic","persistentId":"50bd551e-3756-48a8-8918-eab1ad957262","__parent":"Fishing_Village","position":[-230.156143,-963.973694,10.3952169],"annotation":"BUILDINGS","isRenderEnabled":false,"rotationMatrix":[0.387817353,-0.921735704,0,0.921735704,0.387817353,0,0,0,1],"shapeName":"/levels/east_coast_usa/art/shapes/buildings/eca_bld_fv_shore_shack.DAE"}
{"class":"TSStatic","persistentId":"52485ae9-afda-41af-8419-415b8cba54e8","__parent":"Fishing_Village","position":[507.807556,-217.152527,10.7168322],"isRenderEnabled":false,"rotationMatrix":[-0.974939346,-0.222471446,0,0.222471446,-0.974939346,0,0,0,1],"shapeName":"/levels/east_coast_usa/art/shapes/buildings/eca_bld_fv_shore_shack.DAE"}
{"class":"TSStatic","persistentId":"54257dd6-0d2f-43a2-965d-62f4f6eee40b","__parent":"Fishing_Village","position":[-129.727646,-855.976196,11.2845764],"annotation":"OBSTACLES","isRenderEnabled":false,"shapeName":"/levels/east_coast_usa/art/shapes/buildings/eca_fv_woodwall_end.DAE"}
{"class":"TSStatic","persistentId":"545103c7-c18b-4a4a-9429-0a964738d22d","__parent":"Fishing_Village","position":[3.30717254,-819.495667,16.9894314],"annotation":"OBSTACLES","isRenderEnabled":false,"rotationMatrix":[0.71651727,-0.697568834,0,0.697568834,0.71651727,0,0,0,1],"shapeName":"/levels/east_coast_usa/art/shapes/buildings/eca_bld_wood_fence_c.DAE"}
{"class":"TSStatic","persistentId":"551347a5-a11f-4c67-95cc-9ec9a57321d6","__parent":"Fishing_Village","position":[-196.949265,-892.398682,11.8817549],"annotation":"OBSTACLES","isRenderEnabled":false,"rotationMatrix":[0.446117222,-0.89497447,0,0.89497453,0.446117222,0,0,0,1],"shapeName":"/levels/east_coast_usa/art/shapes/buildings/eca_fv_crate.DAE"}
{"class":"TSStatic","persistentId":"568a034e-5651-4a39-a946-b5a97fd71611","__parent":"Fishing_Village","position":[-244.304398,-969.305237,8.4812851],"annotation":"OBSTACLES","isRenderEnabled":false,"rotationMatrix":[0.45098266,-0.892532527,0,0.892532527,0.45098266,0,0,0,1],"shapeName":"/levels/east_coast_usa/art/shapes/buildings/eca_fv_linked_boats.DAE"}
{"class":"TSStatic","persistentId":"56c15d09-035b-4d30-a8cb-99c6b7c48b01","__parent":"Fishing_Village","position":[520.730774,-759.419373,58.1848373],"annotation":"OBSTACLES","isRenderEnabled":false,"rotationMatrix":[-0.116042718,0.97642386,-0.182013199,-0.986076891,-0.135228455,-0.0967687294,-0.11910066,0.168249711,0.978522539],"shapeName":"/levels/east_coast_usa/art/shapes/buildings/eca_bld_wood_fence_c.DAE"}
{"class":"TSStatic","persistentId":"5771280d-f1bd-4c82-ba16-55425ebe979e","__parent":"Fishing_Village","position":[-238.418976,-864.196106,14.6887741],"annotation":"OBSTACLES","isRenderEnabled":false,"rotationMatrix":[-0.671152413,-0.617066205,-0.410831511,0.667218983,-0.744334638,0.0279874839,-0.323066175,-0.255330652,0.911282122],"shapeName":"/levels/east_coast_usa/art/shapes/buildings/eca_bld_wood_fence_c.DAE"}
{"class":"TSStatic","persistentId":"589687f9-619f-4a8e-ad59-4b641de4b859","__parent":"Fishing_Village","position":[-231.473297,-858.046631,15.1637449],"annotation":"OBSTACLES","isRenderEnabled":false,"rotationMatrix":[-0.748804748,-0.662789345,0,0.662789345,-0.748804748,0,0,0,1],"shapeName":"/levels/east_coast_usa/art/shapes/buildings/eca_bld_wood_fence_c.DAE"}
{"class":"TSStatic","persistentId":"5d02b38a-1388-40a8-a32b-ced7fdd0768e","__parent":"Fishing_Village","position":[-206.721741,-837.013184,15.8585625],"annotation":"OBSTACLES","isRenderEnabled":false,"rotationMatrix":[0.977083385,-0.175006583,-0.121166453,0.176305503,0.984335542,0,0.119268462,-0.021362314,0.99263221],"shapeName":"/levels/east_coast_usa/art/shapes/buildings/eca_bld_wood_fence_c.DAE"}
{"class":"TSStatic","persistentId":"5f210517-b991-4525-8b45-9ae98f960061","__parent":"Fishing_Village","position":[557.934326,-845.094055,58.6900978],"annotation":"OBSTACLES","isRenderEnabled":false,"rotationMatrix":[0.110585846,0.977725983,0.178388998,-0.979209483,0.137897536,-0.148771957,-0.17005761,-0.158228144,0.972648144],"shapeName":"/levels/east_coast_usa/art/shapes/buildings/eca_bld_wood_fence_c.DAE"}
{"class":"TSStatic","persistentId":"5f47333c-107a-4acd-ad3d-2a9fe144e5a1","__parent":"Fishing_Village","position":[-221.145508,-883.022827,11.3095417],"isRenderEnabled":false,"rotationMatrix":[-0.964930773,-0.262509823,0,-0.262509763,0.964930356,0,-7.4505806e-09,1.49011612e-07,-0.999999642],"shapeName":"/levels/east_coast_usa/art/shapes/buildings/eca_fv_wood.DAE"}
{"class":"TSStatic","persistentId":"5f6193a6-ca42-4bb0-b169-d16cdb2fc0c5","__parent":"Fishing_Village","position":[519.604614,-749.943848,56.4185295],"annotation":"OBSTACLES","isRenderEnabled":false,"rotationMatrix":[0.793053627,0.608967602,0.0148943495,-0.593534231,0.7779935,-0.206012398,-0.137042627,0.154538661,0.978435636],"shapeName":"/levels/east_coast_usa/art/shapes/buildings/eca_bld_wood_fence_c.DAE"}
{"class":"TSStatic","persistentId":"63d8e0be-6cec-4fd7-99ff-ad4e506a0c0b","__parent":"Fishing_Village","position":[532.87561,-848.4953,54.9067154],"annotation":"OBSTACLES","isRenderEnabled":false,"rotationMatrix":[-0.0671781525,0.968278348,0.240674287,-0.98962152,-0.0339525826,-0.139630228,-0.127029389,-0.247556537,0.960509896],"shapeName":"/levels/east_coast_usa/art/shapes/buildings/eca_bld_wood_fence_c.DAE"}
{"class":"TSStatic","persistentId":"649eaa22-3a0b-43a1-90ea-69c5f2b41596","__parent":"Fishing_Village","position":[653.366089,-182.627197,56.1400604],"isRenderEnabled":false,"rotationMatrix":[0.680942833,0.732336342,0,-0.732336342,0.680942833,0,0,0,1],"shapeName":"/levels/east_coast_usa/art/shapes/buildings/eca_comsign_mountingbracket_long.dae"}
{"class":"TSStatic","persistentId":"65dcdaf3-c39f-4766-a7c7-4b9e0bb4de18","__parent":"Fishing_Village","position":[-11.213768,-927.867981,11.7832422],"annotation":"BUILDINGS","isRenderEnabled":false,"rotationMatrix":[-0.0952775031,-0.99545145,0,0.99545145,-0.0952775031,0,0,0,1],"shapeName":"/levels/east_coast_usa/art/shapes/buildings/eca_bld_fv_tall_shack.DAE"}
{"class":"TSStatic","persistentId":"66f6d655-0141-42f7-800c-4d641fe19721","__parent":"Fishing_Village","isRenderEnabled":false,"shapeName":"/levels/east_coast_usa/art/shapes/buildings/eca_fv_sidewalk.DAE"}
{"class":"TSStatic","persistentId":"68fb53c2-30fb-4aa3-8f06-10f1ec93b6d7","__parent":"Fishing_Village","position":[-196.608368,-894.010498,11.8817549],"annotation":"OBSTACLES","isRenderEnabled":false,"rotationMatrix":[-0.835349143,-0.549720109,0,0.549720049,-0.835349143,0,0,0,1],"shapeName":"/levels/east_coast_usa/art/shapes/buildings/eca_fv_crate.DAE"}
{"class":"TSStatic","persistentId":"6a7299e9-e522-4585-9639-d86f1008dc56","__parent":"Fishing_Village","position":[-24.6364422,-805.234436,15.0394726],"annotation":"OBSTACLES","isRenderEnabled":false,"rotationMatrix":[0.91257292,0.40891096,0,-0.40891096,0.91257292,0,0,0,1],"shapeName":"/levels/east_coast_usa/art/shapes/buildings/eca_bld_wood_fence_c.DAE"}
{"class":"TSStatic","persistentId":"6d269fe7-f017-4a4c-a502-5730112767dd","__parent":"Fishing_Village","position":[565.049927,-770.126526,61.9373894],"annotation":"OBSTACLES","isRenderEnabled":false,"rotationMatrix":[0.999628603,0.0271028057,-0.00255143992,-0.0271032043,0.999631822,-0.000279681408,0.00254291575,0.000348728965,0.999996662],"shapeName":"/levels/east_coast_usa/art/shapes/buildings/eca_bld_wood_fence_c.DAE"}
{"class":"TSStatic","persistentId":"6e92b43f-6038-4b6a-9671-efa39b0bbb55","__parent":"Fishing_Village","position":[-221.261551,-882.778015,10.7430229],"isRenderEnabled":false,"rotationMatrix":[-0.964930773,-0.262509823,0,0.262509823,-0.964930773,0,0,0,1],"shapeName":"/levels/east_coast_usa/art/shapes/buildings/eca_fv_wood.DAE"}
{"class":"TSStatic","persistentId":"70de0680-fe61-4ea0-ac2a-471be8b34c9e","__parent":"Fishing_Village","position":[653.730042,-182.249847,55.7487068],"isRenderEnabled":false,"rotationMatrix":[0.686632872,0.727003336,0,-0.727003336,0.686632872,0,0,0,1],"shapeName":"/levels/east_coast_usa/art/shapes/buildings/eca_comsign_seatique.dae"}
{"class":"TSStatic","persistentId":"71890f8e-cda5-4456-b7df-f5c18476dee6","__parent":"Fishing_Village","position":[-109.163895,-836.476013,13.6649647],"annotation":"OBSTACLES","isRenderEnabled":false,"rotationMatrix":[-0.0986475348,0.995122194,0,-0.995122194,-0.0986475348,0,0,0,1],"shapeName":"/levels/east_coast_usa/art/shapes/buildings/eca_bld_wood_fence_c.DAE"}
{"class":"TSStatic","persistentId":"735d3ffc-16b3-46a9-af2e-ab527995a1c8","__parent":"Fishing_Village","position":[-81.6961899,-831.032959,13.7425528],"annotation":"OBSTACLES","isRenderEnabled":false,"rotationMatrix":[0.921803832,0.387655526,0,-0.387655526,0.921803832,0,0,0,1],"shapeName":"/levels/east_coast_usa/art/shapes/buildings/eca_bld_wood_fence_c.DAE"}
{"class":"TSStatic","persistentId":"74111c56-598c-4f0e-8a1b-f27c67e062c0","__parent":"Fishing_Village","position":[560.257446,-825.73175,60.9224472],"annotation":"OBSTACLES","isRenderEnabled":false,"rotationMatrix":[-0.105518982,0.98523885,0.134796634,-0.987908542,-0.0883769616,-0.127382204,-0.113588974,-0.146607995,0.982651353],"shapeName":"/levels/east_coast_usa/art/shapes/buildings/eca_bld_wood_fence_c.DAE"}
{"class":"TSStatic","persistentId":"771cc075-e73d-481f-8b54-4ad941922bc4","__parent":"Fishing_Village","position":[-109.648735,-831.585144,13.6649647],"annotation":"OBSTACLES","isRenderEnabled":false,"rotationMatrix":[0.0212841984,0.999773383,0,-0.999773383,0.0212841984,0,0,0,1],"shapeName":"/levels/east_coast_usa/art/shapes/buildings/eca_bld_wood_fence_c.DAE"}
{"class":"TSStatic","persistentId":"782703ed-7915-4bae-97e9-d05c756f2655","__parent":"Fishing_Village","position":[559.071045,-835.560669,60.0424232],"annotation":"OBSTACLES","isRenderEnabled":false,"rotationMatrix":[0.123996399,0.987329304,0.0990238562,-0.979209363,0.137897715,-0.148772389,-0.160542503,-0.0785178393,0.983900964],"shapeName":"/levels/east_coast_usa/art/shapes/buildings/eca_bld_wood_fence_c.DAE"}
{"class":"TSStatic","persistentId":"796fd5b3-2a4d-49fa-b3a3-f8bb17d99627","__parent":"Fishing_Village","position":[-227.869186,-884.417053,10.7613478],"annotation":"OBSTACLES","isRenderEnabled":false,"rotationMatrix":[0.22008574,-0.975480735,0,0.975480735,0.22008574,0,0,0,1],"shapeName":"/levels/east_coast_usa/art/shapes/buildings/eca_fv_lobstertrap_stack_b.DAE"}
{"class":"TSStatic","persistentId":"7bce7d85-b3c4-40e7-9e88-8bcf8a0c19b9","__parent":"Fishing_Village","position":[-276.469604,-899.962524,8.8956604],"annotation":"OBSTACLES","isRenderEnabled":false,"rotationMatrix":[0.980811477,0.186511323,-0.0567677952,-0.171000272,0.962851942,0.208986893,0.0936373621,-0.195269451,0.976269424],"shapeName":"/levels/east_coast_usa/art/shapes/buildings/eca_fv_boat_platform.DAE"}
{"class":"TSStatic","persistentId":"7c384c15-aa6f-4f68-abfc-1aeb487e5a62","__parent":"Fishing_Village","position":[661.020142,-189.745346,56.8892899],"isRenderEnabled":false,"rotationMatrix":[0.660539508,0.750791311,0,-0.750791311,0.660539508,0,0,0,1],"shapeName":"/levels/east_coast_usa/art/shapes/buildings/eca_comsign_mountingbracket.dae"}
{"class":"TSStatic","persistentId":"7d01cdb5-0bea-4fea-ade2-354fe2e44aef","__parent":"Fishing_Village","position":[531.661011,-829.213928,58.3752022],"annotation":"OBSTACLES","isRenderEnabled":false,"rotationMatrix":[-0.281533867,0.938973963,0.197653085,-0.956731737,-0.258907467,-0.132783338,-0.0735062361,-0.226483971,0.971237361],"shapeName":"/levels/east_coast_usa/art/shapes/buildings/eca_bld_wood_fence_c.DAE"}
{"class":"TSStatic","persistentId":"800591ff-edf9-450c-a8bb-826b844a31e9","__parent":"Fishing_Village","position":[559.78302,-779.861328,61.954174],"annotation":"OBSTACLES","isRenderEnabled":false,"rotationMatrix":[0.0529725589,0.998595595,-0.000482946809,-0.998592377,0.0529733002,0.00252087903,0.00254291575,0.000348728965,0.999996662],"shapeName":"/levels/east_coast_usa/art/shapes/buildings/eca_bld_wood_fence_c.DAE"}
{"class":"TSStatic","persistentId":"8064263a-263e-4a48-ac87-6345624f650b","__parent":"Fishing_Village","position":[-2.16982555,-938.235413,9.45847702],"annotation":"OBSTACLES","isRenderEnabled":false,"rotationMatrix":[-0.222569048,0.97399205,-0.0424456708,-0.973691165,-0.219896644,0.0597444512,0.0488570258,0.0546261594,0.997311473],"shapeName":"/levels/east_coast_usa/art/shapes/buildings/eca_fv_junk_b.DAE"}
{"class":"TSStatic","persistentId":"808b9093-de83-44be-9670-078c5a8428af","__parent":"Fishing_Village","position":[523.34906,-747.068542,56.4888535],"annotation":"OBSTACLES","isRenderEnabled":false,"rotationMatrix":[0.793053627,0.608967602,0.0148943495,-0.593534231,0.7779935,-0.206012398,-0.137042627,0.154538661,0.978435636],"shapeName":"/levels/east_coast_usa/art/shapes/buildings/eca_bld_wood_fence_c.DAE"}
{"class":"TSStatic","persistentId":"80dae029-45a8-4c75-94d6-32e7fdec05db","__parent":"Fishing_Village","position":[-222.301483,-884.744385,10.7613478],"annotation":"OBSTACLES","isRenderEnabled":false,"rotationMatrix":[0.774012983,0.633169711,0,-0.633169711,0.774012983,0,0,0,1],"shapeName":"/levels/east_coast_usa/art/shapes/buildings/eca_fv_junk_b.DAE"}
{"class":"TSStatic","persistentId":"822bc5a5-a339-4edf-bee3-9bc7eb31dac3","__parent":"Fishing_Village","position":[-4.36253691,-944.582825,9.40040779],"annotation":"OBSTACLES","isRenderEnabled":false,"rotationMatrix":[0.989084899,0.147344872,0,-0.147344872,0.989084899,0,0,0,1],"shapeName":"/levels/east_coast_usa/art/shapes/buildings/eca_fv_shore_boat_covered.DAE"}
{"class":"TSStatic","persistentId":"85f367a4-2a94-40af-be37-e25ecb343952","__parent":"Fishing_Village","position":[579.278015,-774.628967,61.9027748],"annotation":"OBSTACLES","isRenderEnabled":false,"rotationMatrix":[0.119863071,-0.992789686,4.14124333e-05,0.992786169,0.119862966,-0.00256638881,0.00254291575,0.000348728965,0.999996662],"shapeName":"/levels/east_coast_usa/art/shapes/buildings/eca_bld_wood_fence_c.DAE"}
{"class":"TSStatic","persistentId":"8a0609e2-d28d-4e26-bca8-0c5a156083a6","__parent":"Fishing_Village","position":[-211.714645,-874.330872,8.48163795],"annotation":"BUILDINGS","isRenderEnabled":false,"rotationMatrix":[-0.907499492,-0.420051008,0,0.420051008,-0.907499492,0,0,0,1],"shapeName":"/levels/east_coast_usa/art/shapes/buildings/eca_small_pier.DAE"}
{"class":"TSStatic","persistentId":"8b43835c-0303-4c71-a38c-30d586068062","__parent":"Fishing_Village","position":[-211.612564,-836.137207,16.0237865],"annotation":"OBSTACLES","isRenderEnabled":false,"rotationMatrix":[0.984335542,-0.176305503,0,0.176305503,0.984335542,0,0,0,1],"shapeName":"/levels/east_coast_usa/art/shapes/buildings/eca_bld_wood_fence_c.DAE"}
{"class":"TSStatic","persistentId":"8c6e309f-7ba2-4658-a533-0542678a8c05","__parent":"Fishing_Village","position":[-197.080017,-839.252563,14.322485],"annotation":"OBSTACLES","isRenderEnabled":false,"rotationMatrix":[0.954276264,-0.273542911,-0.120546684,0.274102628,0.961622477,-0.0122394878,0.119268462,-0.021362314,0.99263221],"shapeName":"/levels/east_coast_usa/art/shapes/buildings/eca_bld_wood_fence_c.DAE"}
{"class":"TSStatic","persistentId":"920b93c0-466d-464e-b8d7-fcaa3c8f0b9f","__parent":"Fishing_Village","position":[-28.3680038,-808.484375,14.794282],"annotation":"OBSTACLES","isRenderEnabled":false,"rotationMatrix":[0.754713416,0.656053364,0,-0.656053364,0.754713416,0,0,0,1],"shapeName":"/levels/east_coast_usa/art/shapes/buildings/eca_bld_wood_fence_c.DAE"}
{"class":"TSStatic","persistentId":"9345ab0d-e5cd-4edf-ab6a-6c57d12b1523","__parent":"Fishing_Village","position":[679.226196,-129.503311,54.4353752],"isRenderEnabled":false,"rotationMatrix":[0.660539508,0.750791311,0,-0.750791311,0.660539508,0,0,0,1],"shapeName":"/levels/east_coast_usa/art/shapes/buildings/eca_comsign_mountingbracket.dae"}
{"class":"TSStatic","persistentId":"964b4358-1909-479f-8593-d2224326ab72","__parent":"Fishing_Village","position":[-197.638046,-892.850464,12.8812952],"annotation":"OBSTACLES","isRenderEnabled":false,"rotationMatrix":[0.609031796,-0.793145597,0,0.793145657,0.609031796,0,0,0,1],"shapeName":"/levels/east_coast_usa/art/shapes/buildings/eca_fv_crate.DAE"}
{"class":"TSStatic","persistentId":"983e9283-d578-44d5-bd48-1e71fa580ea2","__parent":"Fishing_Village","position":[-5.89293575,-914.768982,8.63953018],"annotation":"OBSTACLES","isRenderEnabled":false,"rotationMatrix":[-0.0554422028,-0.997839987,0.0352375358,0.981089771,-0.0478889234,0.187535614,-0.185443059,0.0449685715,0.981625617],"shapeName":"/levels/east_coast_usa/art/shapes/buildings/eca_fv_boat_platform.DAE"}
{"class":"TSStatic","persistentId":"993fe12f-ca28-4c33-ba48-6ff729d9e440","__parent":"Fishing_Village","position":[-201.097748,-867.513672,10.2075863],"annotation":"OBSTACLES","isRenderEnabled":false,"rotationMatrix":[-0.811304271,-0.584623158,0.000803095754,0.538841486,-0.748302579,-0.38690263,0.226793185,-0.313463241,0.92212069],"shapeName":"/levels/east_coast_usa/art/shapes/buildings/eca_fv_boat_platform.DAE"}
{"class":"TSStatic","persistentId":"9b629d82-d5d9-4f97-91a1-d1778f738881","__parent":"Fishing_Village","position":[-197.859589,-894.681824,11.8817549],"annotation":"OBSTACLES","isRenderEnabled":false,"rotationMatrix":[-0.998299479,-0.0582954548,0,0.0582954586,-0.998299539,0,0,0,1],"shapeName":"/levels/east_coast_usa/art/shapes/buildings/eca_fv_crate.DAE"}
{"class":"TSStatic","persistentId":"9c409352-d821-46e9-8932-264dd27c12d9","__parent":"Fishing_Village","position":[560.038147,-775.052185,61.9518509],"annotation":"OBSTACLES","isRenderEnabled":false,"rotationMatrix":[0.0529725589,0.998595595,-0.000482946809,-0.998592377,0.0529733002,0.00252087903,0.00254291575,0.000348728965,0.999996662],"shapeName":"/levels/east_coast_usa/art/shapes/buildings/eca_bld_wood_fence_c.DAE"}
{"class":"TSStatic","persistentId":"9e124658-3fbc-4ad7-8c10-918fdd9400e1","__parent":"Fishing_Village","position":[565.718628,-795.106873,61.944397],"annotation":"OBSTACLES","isRenderEnabled":false,"rotationMatrix":[-0.999982953,0.00507513899,0.00254111853,-0.00507446425,-0.999986231,0.000361630344,0.00254291575,0.000348728965,0.999996662],"shapeName":"/levels/east_coast_usa/art/shapes/buildings/eca_bld_wood_fence_c.DAE"}
{"class":"TSStatic","persistentId":"9e731e9e-4117-4ef5-8baf-86df15025e3b","__parent":"Fishing_Village","position":[-216.721939,-836.29126,16.0365772],"annotation":"OBSTACLES","isRenderEnabled":false,"rotationMatrix":[0.999546111,0.0301281363,0,-0.0301281363,0.999546111,0,0,0,1],"shapeName":"/levels/east_coast_usa/art/shapes/buildings/eca_bld_wood_fence_c.DAE"}
{"class":"TSStatic","persistentId":"a6a91f1f-b3eb-4c20-8c84-5824dad8e1ce","__parent":"Fishing_Village","position":[-72.7253571,-827.260376,13.7425528],"annotation":"OBSTACLES","isRenderEnabled":false,"rotationMatrix":[0.698763549,0.715351284,0,-0.715351284,0.698763549,0,0,0,1],"shapeName":"/levels/east_coast_usa/art/shapes/buildings/eca_bld_wood_fence_c.DAE"}
{"class":"TSStatic","persistentId":"aaa99319-e2b0-42a3-aefe-49722285a406","__parent":"Fishing_Village","position":[-126.906487,-888.396362,9.11458397],"annotation":"OBSTACLES","isRenderEnabled":false,"rotationMatrix":[-0.871445954,-0.460264236,-0.169528723,0.467024177,-0.884244919,0,-0.149904862,-0.0791740194,0.98552537],"shapeName":"/levels/east_coast_usa/art/shapes/buildings/eca_fv_boat_platform.DAE"}
{"class":"TSStatic","persistentId":"aac9964d-a7df-45fb-aad9-16d9ca7cdb4e","__parent":"Fishing_Village","position":[-203.784973,-891.47644,11.8851919],"annotation":"BUILDINGS","isRenderEnabled":false,"rotationMatrix":[0.917375267,0.398023367,0,-0.398023367,0.917375267,0,0,0,1],"shapeName":"/levels/east_coast_usa/art/shapes/buildings/eca_fv_pier_ramp.DAE"}
{"class":"TSStatic","persistentId":"aad6f521-7c8b-42f9-8b22-bd4df097f917","__parent":"Fishing_Village","position":[-115.505798,-902.302917,10.0255518],"annotation":"BUILDINGS","isRenderEnabled":false,"rotationMatrix":[-0.952297151,0.305172026,0,-0.305172026,-0.952297151,0,0,0,1],"shapeName":"/levels/east_coast_usa/art/shapes/buildings/eca_bld_fv_house_f.DAE"}
{"class":"TSStatic","persistentId":"ab7e6eae-f5ce-40dd-bbc8-2d74e310291a","__parent":"Fishing_Village","position":[-0.771928668,-924.857117,9.30853748],"annotation":"OBSTACLES","isRenderEnabled":false,"rotationMatrix":[0.996427059,0,0.0844567716,-0.0028849314,0.999416351,0.0340366177,-0.0844075084,-0.0341586545,0.995845556],"shapeName":"/levels/east_coast_usa/art/shapes/buildings/eca_fv_lobstertrap_stack_d.DAE"}
{"class":"TSStatic","persistentId":"b1878a23-d38d-46b3-bba2-cd90cd2434ef","__parent":"Fishing_Village","position":[521.31781,-764.217102,58.9078293],"annotation":"OBSTACLES","isRenderEnabled":false,"rotationMatrix":[-0.120107412,0.981676102,-0.147933558,-0.986076891,-0.135228455,-0.0967687294,-0.11500039,0.134251237,0.98425132],"shapeName":"/levels/east_coast_usa/art/shapes/buildings/eca_bld_wood_fence_c.DAE"}
{"class":"TSStatic","persistentId":"b3f10798-7db8-4fb0-b98f-91302703c179","__parent":"Fishing_Village","position":[-198.549805,-893.25116,11.8817549],"annotation":"OBSTACLES","isRenderEnabled":false,"rotationMatrix":[0.531767607,-0.846890271,0,0.84689033,0.531767607,0,0,0,1],"shapeName":"/levels/east_coast_usa/art/shapes/buildings/eca_fv_crate.DAE"}
{"class":"TSStatic","persistentId":"b62c1900-ac9b-4e98-8baf-6ab5334c9ba5","__parent":"Fishing_Village","position":[-10.7637796,-800.016907,16.1552296],"annotation":"OBSTACLES","isRenderEnabled":false,"rotationMatrix":[0.371612221,-0.928387344,0,0.928387344,0.371612221,0,0,0,1],"shapeName":"/levels/east_coast_usa/art/shapes/buildings/eca_bld_wood_fence_c.DAE"}
{"class":"TSStatic","persistentId":"b843a327-9a66-4d48-aff3-0a31a56402b7","__parent":"Fishing_Village","position":[740.381042,-223.913055,56.5044174],"isRenderEnabled":false,"rotationMatrix":[-1,8.74227766e-08,0,-8.74227766e-08,-1,0,0,0,1],"shapeName":"/levels/east_coast_usa/art/shapes/buildings/eca_comsign_mountingbracket_long.dae"}
{"class":"TSStatic","persistentId":"bc9127de-1d69-442b-8617-79939fc206fd","__parent":"Fishing_Village","position":[576.373169,-794.755188,61.9171753],"annotation":"OBSTACLES","isRenderEnabled":false,"rotationMatrix":[-0.976597607,-0.104201607,-0.188142478,0.106081359,-0.994356453,7.70052429e-05,-0.187088713,-0.0198832564,0.982141852],"shapeName":"/levels/east_coast_usa/art/shapes/buildings/eca_bld_wood_fence_c.DAE"}
{"class":"TSStatic","persistentId":"bfbdab38-d995-4364-92d8-03de6578d887","__parent":"Fishing_Village","position":[579.888672,-779.686707,61.9029846],"annotation":"OBSTACLES","isRenderEnabled":false,"rotationMatrix":[0.144895032,-0.989446282,-2.34081072e-05,0.989442766,0.144894987,-0.00256661582,0.00254291575,0.000348728965,0.999996662],"shapeName":"/levels/east_coast_usa/art/shapes/buildings/eca_bld_wood_fence_c.DAE"}
{"class":"TSStatic","persistentId":"c09220a1-d1cc-4ceb-aec3-2e24f75fb03d","__parent":"Fishing_Village","position":[-144.993042,-939.442993,11.0706758],"annotation":"BUILDINGS","isRenderEnabled":false,"rotationMatrix":[0.993875861,-0.110498652,0,0.110498652,0.993875861,0,0,0,1],"shapeName":"/levels/east_coast_usa/art/shapes/buildings/eca_bld_fv_house_a.DAE"}
{"class":"TSStatic","persistentId":"c11a48f0-a0a1-47a9-8503-ec88327cd063","__parent":"Fishing_Village","position":[-268.392426,-908.805054,7.41814041],"isRenderEnabled":false,"shapeName":"/levels/east_coast_usa/art/shapes/buildings/eca_fv_water_pole.DAE"}
{"class":"TSStatic","persistentId":"c3698a77-6215-4064-b290-8ce880923e70","__parent":"Fishing_Village","position":[-3.7070899,-812.666931,16.1539173],"annotation":"OBSTACLES","isRenderEnabled":false,"rotationMatrix":[0.71651727,-0.697568834,0,0.697568834,0.71651727,0,0,0,1],"shapeName":"/levels/east_coast_usa/art/shapes/buildings/eca_bld_wood_fence_c.DAE"}
{"class":"TSStatic","persistentId":"c3aa22ae-dd93-40ef-a3b3-891952fb3330","__parent":"Fishing_Village","position":[560.081848,-790.348755,61.9570732],"annotation":"OBSTACLES","isRenderEnabled":false,"rotationMatrix":[-0.00799959991,0.999966979,-0.000328377238,-0.999963701,-0.00799898989,0.00254562986,0.00254291575,0.000348728965,0.999996662],"shapeName":"/levels/east_coast_usa/art/shapes/buildings/eca_bld_wood_fence_c.DAE"}
{"class":"TSStatic","persistentId":"c5164863-a914-4c65-b1f9-62dd3e15f5a5","__parent":"Fishing_Village","position":[580.594177,-784.504333,61.9028702],"annotation":"OBSTACLES","isRenderEnabled":false,"rotationMatrix":[0.062379308,-0.998051882,0.0001894249,0.998048365,0.0623789653,-0.00255972357,0.00254291575,0.000348728965,0.999996662],"shapeName":"/levels/east_coast_usa/art/shapes/buildings/eca_bld_wood_fence_c.DAE"}
{"class":"TSStatic","persistentId":"c9e40a98-3bdc-4c24-b496-c7b0f18ac4a3","__parent":"Fishing_Village","position":[527.232605,-744.432434,56.6746674],"annotation":"OBSTACLES","isRenderEnabled":false,"rotationMatrix":[-0.246434763,0.865782857,-0.435532272,-0.946611404,-0.311396986,-0.0834018961,-0.207831442,0.391727,0.896300673],"shapeName":"/levels/east_coast_usa/art/shapes/buildings/eca_bld_wood_fence_c.DAE"}
{"class":"TSStatic","persistentId":"ccb53cd9-b651-41fe-aef8-b8fed30f9a86","__parent":"Fishing_Village","position":[3.47116232,-939.822815,9.140131],"annotation":"OBSTACLES","isRenderEnabled":false,"rotationMatrix":[0.5384776,0.842639923,0,-0.842639923,0.5384776,0,0,0,1],"shapeName":"/levels/east_coast_usa/art/shapes/buildings/eca_fv_lobstertrap_stack_a.DAE"}
{"class":"TSStatic","persistentId":"ccffc65d-63bb-438f-95f1-6b1562b1e763","__parent":"Fishing_Village","position":[559.768188,-820.973511,61.4130745],"annotation":"OBSTACLES","isRenderEnabled":false,"rotationMatrix":[-0.100141369,0.990974665,0.0891123265,-0.987908542,-0.0883768424,-0.12738201,-0.118356891,-0.100791045,0.98784256],"shapeName":"/levels/east_coast_usa/art/shapes/buildings/eca_bld_wood_fence_c.DAE"}
{"class":"TSStatic","persistentId":"cd73a1f5-f3fc-4366-bbbd-889359182208","__parent":"Fishing_Village","position":[-4.77077961,-933.999512,9.08201027],"annotation":"OBSTACLES","isRenderEnabled":false,"rotationMatrix":[0.314517111,-0.948269963,0.0431640223,0.946828246,0.316636801,0.057072714,-0.0677876621,0.0229185559,0.997436583],"shapeName":"/levels/east_coast_usa/art/shapes/buildings/eca_fv_boat_platform.DAE"}
{"class":"TSStatic","persistentId":"d13cfbb9-e2c6-4a97-bbec-690b73675759","__parent":"Fishing_Village","position":[18.5043678,-832.168091,19.9353943],"annotation":"OBSTACLES","isRenderEnabled":false,"rotationMatrix":[0.758296907,-0.651909173,0,0.651909173,0.758296907,0,0,0,1],"shapeName":"/levels/east_coast_usa/art/shapes/buildings/eca_bld_wood_fence_c.DAE"}
{"class":"TSStatic","persistentId":"d276a649-8b9e-4a8c-90a7-987b9775a207","__parent":"Fishing_Village","position":[-179.952789,-924.947327,8.62842083],"annotation":"OBSTACLES","isRenderEnabled":false,"rotationMatrix":[0.999202907,-0.0373363346,0.0141031686,0.0372516513,0.99928695,0.00621999614,-0.0143253477,-0.00569007173,0.999880552],"shapeName":"/levels/east_coast_usa/art/shapes/buildings/eca_fv_shore_boat_b.DAE"}
{"class":"TSStatic","persistentId":"d2956567-c98a-4d12-acd9-c3bd6facd6c7","__parent":"Fishing_Village","position":[530.319641,-824.664978,59.1697426],"annotation":"OBSTACLES","isRenderEnabled":false,"rotationMatrix":[-0.277824759,0.948461115,0.152429909,-0.956731796,-0.258907497,-0.132782951,-0.0864742249,-0.182724923,0.979353786],"shapeName":"/levels/east_coast_usa/art/shapes/buildings/eca_bld_wood_fence_c.DAE"}
{"class":"TSStatic","persistentId":"d3b2c26e-90e7-4558-b0ac-82fe4b320010","__parent":"Fishing_Village","position":[-200.615021,-884.39502,11.8859978],"annotation":"OBSTACLES","isRenderEnabled":false,"rotationMatrix":[-0.958575249,-0.284833968,0,0.284833968,-0.958575249,0,0,0,1],"shapeName":"/levels/east_coast_usa/art/shapes/buildings/eca_fv_lobstertrap_stack_c.DAE"}
{"class":"TSStatic","persistentId":"d49e091f-5890-48d0-8648-5e488714e6a9","__parent":"Fishing_Village","position":[522.094238,-207.671326,8.79600334],"annotation":"OBSTACLES","isRenderEnabled":false,"rotationMatrix":[0.602222979,-0.797899723,0.0261297915,0.756135583,0.559591234,-0.339286536,0.256094605,0.22408399,0.940319359],"scale":[0.699999988,0.699999988,0.699999988],"shapeName":"/levels/east_coast_usa/art/shapes/buildings/eca_fv_shore_boat_b.DAE"}
{"class":"TSStatic","persistentId":"d50a0237-78e0-4a3e-a9b2-e0ea7c43e8f7","__parent":"Fishing_Village","position":[14.742425,-828.93396,19.4511261],"annotation":"OBSTACLES","isRenderEnabled":false,"rotationMatrix":[0.758296907,-0.651909173,0,0.651909173,0.758296907,0,0,0,1],"shapeName":"/levels/east_coast_usa/art/shapes/buildings/eca_bld_wood_fence_c.DAE"}
{"class":"TSStatic","persistentId":"d58c5c73-5ca5-4628-be7a-8f4b468dade3","__parent":"Fishing_Village","position":[-201.814011,-827.305969,14.6010485],"annotation":"OBSTACLES","isRenderEnabled":false,"rotationMatrix":[0.989767194,-0.142248154,-0.0111997016,0.142485246,0.989496052,0.0244105887,0.00760971475,-0.0257566068,0.999639034],"shapeName":"/levels/east_coast_usa/art/shapes/buildings/eca_bld_wood_fence_c.DAE"}
{"class":"TSStatic","persistentId":"d78cc0fd-5b5d-43b7-8da9-cb4723a0a6ac","__parent":"Fishing_Village","position":[-81.466301,-825.981812,13.7425528],"annotation":"OBSTACLES","isRenderEnabled":false,"rotationMatrix":[-0.0598325096,-0.998207211,0,0.998207211,-0.0598325096,0,0,0,1],"shapeName":"/levels/east_coast_usa/art/shapes/buildings/eca_bld_wood_fence_c.DAE"}
{"class":"TSStatic","persistentId":"d8c9d50a-8b40-4b1d-8e60-ea7b09f0886c","__parent":"Fishing_Village","position":[1.82910109,-941.427979,9.3019352],"annotation":"OBSTACLES","isRenderEnabled":false,"rotationMatrix":[-0.042166464,-0.997431278,0.0579066724,0.997430444,-0.0453848317,-0.055436153,0.057921838,0.0554203279,0.996781588],"shapeName":"/levels/east_coast_usa/art/shapes/buildings/eca_fv_metal_box.DAE"}
{"class":"TSStatic","persistentId":"dc1fe226-6141-470b-a5aa-53f9828d017e","__parent":"Fishing_Village","position":[580.906555,-789.501709,61.9038162],"annotation":"OBSTACLES","isRenderEnabled":false,"rotationMatrix":[0.062379308,-0.998051882,0.0001894249,0.998048365,0.0623789653,-0.00255972357,0.00254291575,0.000348728965,0.999996662],"shapeName":"/levels/east_coast_usa/art/shapes/buildings/eca_bld_wood_fence_c.DAE"}
{"class":"TSStatic","persistentId":"dc78ae71-77d0-457d-84b5-5e2492421828","__parent":"Fishing_Village","position":[-275.018677,-896.947449,10.7468319],"annotation":"OBSTACLES","isRenderEnabled":false,"rotationMatrix":[0.0162601471,0.946591079,0.32202208,0.999110281,-0.00286239013,-0.0420331806,-0.0388662964,0.322419763,-0.945797861],"shapeName":"/levels/east_coast_usa/art/shapes/buildings/eca_fv_shore_boat_b.DAE"}
{"class":"TSStatic","persistentId":"dcbddd2a-0ff7-4d5c-8e16-d1d3ff8b106e","__parent":"Fishing_Village","position":[-201.720108,-881.989563,11.8859978],"annotation":"OBSTACLES","isRenderEnabled":false,"rotationMatrix":[0.961369574,0.275258958,0,-0.275258958,0.961369574,0,0,0,1],"shapeName":"/levels/east_coast_usa/art/shapes/buildings/eca_fv_lobstertrap_stack_d.DAE"}
{"class":"TSStatic","persistentId":"dd6cc4e3-3ba9-4df5-a2bd-dbd645789447","__parent":"Fishing_Village","position":[-221.200073,-883.312988,10.7430229],"isRenderEnabled":false,"rotationMatrix":[0.964930713,0.262509882,0,-0.262509882,0.964930713,0,0,0,1],"shapeName":"/levels/east_coast_usa/art/shapes/buildings/eca_fv_wood.DAE"}
{"class":"TSStatic","persistentId":"dfc6dea5-801a-4d39-8011-045c091c8fa0","__parent":"Fishing_Village","position":[-144.17276,-875.123291,9.40688992],"annotation":"BUILDINGS","isRenderEnabled":false,"rotationMatrix":[-0.425602555,0.904910147,0,-0.904910207,-0.425602555,0,0,0,1],"shapeName":"/levels/east_coast_usa/art/shapes/buildings/eca_fv_boat_house.DAE"}
{"class":"TSStatic","persistentId":"dfd2dd98-7936-43f2-a24c-eb2b20baf5f9","__parent":"Fishing_Village","position":[-77.1556091,-829.123474,13.7425528],"annotation":"OBSTACLES","isRenderEnabled":false,"rotationMatrix":[0.921803832,0.387655526,0,-0.387655526,0.921803832,0,0,0,1],"shapeName":"/levels/east_coast_usa/art/shapes/buildings/eca_bld_wood_fence_c.DAE"}
{"class":"TSStatic","persistentId":"e023794e-9ba9-4d5e-80b3-0e50236cf4bf","__parent":"Fishing_Village","position":[521.902527,-768.945618,59.5571899],"annotation":"OBSTACLES","isRenderEnabled":false,"rotationMatrix":[-0.125307918,0.98684299,-0.102160648,-0.986076891,-0.135228455,-0.0967687294,-0.10931059,0.0886123776,0.99004966],"shapeName":"/levels/east_coast_usa/art/shapes/buildings/eca_bld_wood_fence_c.DAE"}
{"class":"TSStatic","persistentId":"e1f1eea2-8e46-43eb-95cc-9ce083ef955b","__parent":"Fishing_Village","position":[-1.9500668,-914.879517,9.24078369],"annotation":"OBSTACLES","isRenderEnabled":false,"rotationMatrix":[-0.0550079308,-0.99786216,0.0352889672,0.991851926,-0.0505410209,0.11694169,-0.114908151,0.0414341539,0.99251169],"shapeName":"/levels/east_coast_usa/art/shapes/buildings/eca_fv_boat_platform_end.DAE"}
{"class":"TSStatic","persistentId":"e21e1903-6f47-42d2-81be-06e661f517e9","__parent":"Fishing_Village","position":[558.807007,-811.243164,62.1179352],"annotation":"OBSTACLES","isRenderEnabled":false,"rotationMatrix":[-0.0959720165,0.993876457,0.0547643751,-0.987908602,-0.0883767605,-0.127382234,-0.121762305,-0.066327326,0.990340769],"shapeName":"/levels/east_coast_usa/art/shapes/buildings/eca_bld_wood_fence_c.DAE"}
{"class":"TSStatic","persistentId":"e3dc4410-4fa3-4858-bf0d-c11ddc73d5d9","__parent":"Fishing_Village","position":[581.218323,-794.238281,61.9046745],"annotation":"OBSTACLES","isRenderEnabled":false,"rotationMatrix":[-0.994353116,-0.106081061,0.00256556622,0.106081359,-0.994356453,7.70052429e-05,0.00254291575,0.000348728965,0.999996662],"shapeName":"/levels/east_coast_usa/art/shapes/buildings/eca_bld_wood_fence_c.DAE"}
{"class":"TSStatic","persistentId":"e6621382-c985-4470-85fc-95327d4594db","__parent":"Fishing_Village","position":[-184.187668,-928.26825,6.68150711],"annotation":"BUILDINGS","isRenderEnabled":false,"rotationMatrix":[-0.767859995,-0.640616357,0,0.640616357,-0.767859995,0,0,0,1],"shapeName":"/levels/east_coast_usa/art/shapes/buildings/eca_small_pier.DAE"}
{"class":"TSStatic","persistentId":"e68e5d5c-6ee6-40f0-b4f4-62d293fe8ecc","__parent":"Fishing_Village","position":[-206.641251,-826.624329,15.1500196],"annotation":"OBSTACLES","isRenderEnabled":false,"rotationMatrix":[0.987466753,-0.140415519,-0.0720577091,0.142485246,0.989496052,0.0244105887,0.067873165,-0.0343718156,0.997101605],"shapeName":"/levels/east_coast_usa/art/shapes/buildings/eca_bld_wood_fence_c.DAE"}
{"class":"TSStatic","persistentId":"e6c0b306-cb4e-4158-a750-7c285f132c5e","__parent":"Fishing_Village","position":[-251.554337,-975.952148,6.70169401],"isRenderEnabled":false,"shapeName":"/levels/east_coast_usa/art/shapes/buildings/eca_fv_water_pole.DAE"}
{"class":"TSStatic","persistentId":"e6cedbf0-12ac-4bb8-a28b-05209d63fbcd","__parent":"Fishing_Village","position":[526.664673,-768.292603,60.0245171],"annotation":"OBSTACLES","isRenderEnabled":false,"rotationMatrix":[-0.98607713,-0.135228395,-0.0967687294,0.135866001,-0.990726709,0,-0.0958713442,-0.0131475758,0.99530679],"shapeName":"/levels/east_coast_usa/art/shapes/buildings/eca_bld_wood_fence_c.DAE"}
{"class":"TSStatic","persistentId":"e8ab1987-4ce7-4b00-b17d-57ce6cb43bf3","__parent":"Fishing_Village","position":[-5.08164835,-935.684204,9.31515312],"annotation":"OBSTACLES","isRenderEnabled":false,"rotationMatrix":[0.999202311,-0.0301680546,0.0261301957,0.0372516252,0.939945459,-0.339286625,-0.0143253421,0.339989632,0.940319359],"shapeName":"/levels/east_coast_usa/art/shapes/buildings/eca_fv_shore_boat_b.DAE"}
{"class":"TSStatic","persistentId":"eb79c356-c3d7-48cd-88fb-0733f4bedbfa","__parent":"Fishing_Village","position":[-219.921158,-845.728638,15.9854183],"annotation":"OBSTACLES","isRenderEnabled":false,"rotationMatrix":[0.32017833,0.947356701,0,-0.947356701,0.32017833,0,0,0,1],"shapeName":"/levels/east_coast_usa/art/shapes/buildings/eca_bld_wood_fence_c.DAE"}
{"class":"TSStatic","persistentId":"ec94c359-4b7a-4a00-814d-4bfe45856662","__parent":"Fishing_Village","position":[-228.875198,-896.197266,8.4175148],"isRenderEnabled":false,"shapeName":"/levels/east_coast_usa/art/shapes/buildings/eca_fv_water_pole.DAE"}
{"class":"TSStatic","persistentId":"ecec6b67-df2e-4599-a64f-6f1c05a60e15","__parent":"Fishing_Village","position":[-272.097504,-896.21228,9.51738453],"annotation":"OBSTACLES","isRenderEnabled":false,"rotationMatrix":[0.173497677,-0.972203612,-0.157211304,0.983932972,0.177937895,-0.0145110786,0.0420818478,-0.152168214,0.987458229],"shapeName":"/levels/east_coast_usa/art/shapes/buildings/eca_fv_shore_boat_covered.DAE"}
{"class":"TSStatic","persistentId":"ee3a19dd-0773-462b-a6cc-d555191e7de9","__parent":"Fishing_Village","position":[-218.320251,-840.991821,16.0365772],"annotation":"OBSTACLES","isRenderEnabled":false,"rotationMatrix":[0.32017833,0.947356701,0,-0.947356701,0.32017833,0,0,0,1],"shapeName":"/levels/east_coast_usa/art/shapes/buildings/eca_bld_wood_fence_c.DAE"}
{"class":"TSStatic","persistentId":"f035e64f-078a-49c9-91d7-4ef03bc55118","__parent":"Fishing_Village","position":[-200.084702,-887.104187,11.8859978],"annotation":"OBSTACLES","isRenderEnabled":false,"rotationMatrix":[0.410711676,-0.911765397,0,0.911765397,0.410711676,0,0,0,1],"shapeName":"/levels/east_coast_usa/art/shapes/buildings/eca_fv_lobstertrap_stack_b.DAE"}
{"class":"TSStatic","persistentId":"f09ce7a8-453b-4c12-a451-15f1b0e25a05","__parent":"Fishing_Village","position":[570.53894,-795.23584,61.9321823],"annotation":"OBSTACLES","isRenderEnabled":false,"rotationMatrix":[-0.999638498,0.0267322063,0.002532691,-0.0267314631,-0.999641776,0.000416582392,0.00254291575,0.000348728965,0.999996662],"shapeName":"/levels/east_coast_usa/art/shapes/buildings/eca_bld_wood_fence_c.DAE"}
{"class":"TSStatic","persistentId":"f379c575-b09c-4613-ac3c-b4283d6bc72e","__parent":"Fishing_Village","position":[531.994995,-834.174438,57.6642303],"annotation":"OBSTACLES","isRenderEnabled":false,"rotationMatrix":[-0.0566685535,0.985147774,0.162088037,-0.98962152,-0.033952307,-0.139630184,-0.132053092,-0.168318436,0.97684747],"shapeName":"/levels/east_coast_usa/art/shapes/buildings/eca_bld_wood_fence_c.DAE"}
{"class":"TSStatic","persistentId":"f407d634-e7f5-4f27-9def-4fb326aa2172","__parent":"Fishing_Village","position":[-2.14465117,-926.141968,9.35428238],"annotation":"OBSTACLES","isRenderEnabled":false,"rotationMatrix":[0.126990348,-0.991039991,-0.041391179,0.812447548,0.07998541,0.577521801,-0.569036663,-0.106967822,0.815326035],"shapeName":"/levels/east_coast_usa/art/shapes/buildings/eca_fv_shore_boat_damaged.DAE"}
{"class":"TSStatic","persistentId":"f5ae9f91-f33f-46ea-8775-8aa907fa319e","__parent":"Fishing_Village","position":[-5.43895483,-932.008728,10.1434364],"annotation":"OBSTACLES","isRenderEnabled":false,"rotationMatrix":[0.927594781,0.361577779,0.093961373,0.357481956,-0.932125688,0.0578662381,0.108507097,-0.020086918,-0.993891835],"shapeName":"/levels/east_coast_usa/art/shapes/buildings/eca_fv_shore_boat_b.DAE"}
{"class":"TSStatic","persistentId":"f80d7982-c941-4e3f-b006-8765393baf89","__parent":"Fishing_Village","position":[-64.2919922,-816.578979,15.3229361],"annotation":"BUILDINGS","isRenderEnabled":false,"rotationMatrix":[0.669857919,-0.742488682,0,0.742488682,0.669857919,0,0,0,1],"shapeName":"/levels/east_coast_usa/art/shapes/buildings/eca_bld_fv_storage.DAE"}
{"class":"TSStatic","persistentId":"f847ce04-5b07-4522-8936-3e819b6e504b","__parent":"Fishing_Village","position":[-200.320404,-887.779358,8.48163795],"annotation":"BUILDINGS","isRenderEnabled":false,"rotationMatrix":[0.907499313,0.420050859,0,-0.420050859,0.907499313,0,0,0,1],"shapeName":"/levels/east_coast_usa/art/shapes/buildings/eca_small_pier.DAE"}
{"class":"TSStatic","persistentId":"fa2f7078-8838-4990-ab9e-7d4c038e3d8a","__parent":"Fishing_Village","position":[-215.383667,-877.05957,10.2881098],"annotation":"OBSTACLES","isRenderEnabled":false,"rotationMatrix":[-0.460802883,0.846635044,0.266210467,-0.878329635,-0.47805351,0,0.127262861,-0.233820572,0.963914871],"shapeName":"/levels/east_coast_usa/art/shapes/buildings/eca_fv_shore_boat_covered.DAE"}
{"class":"TSStatic","persistentId":"fe3da3ff-d80e-4c4b-854b-5a21b9512579","__parent":"Fishing_Village","position":[559.680786,-830.70575,60.5293884],"annotation":"OBSTACLES","isRenderEnabled":false,"rotationMatrix":[0.123996399,0.987329304,0.0990238562,-0.979209363,0.137897715,-0.148772389,-0.160542503,-0.0785178393,0.983900964],"shapeName":"/levels/east_coast_usa/art/shapes/buildings/eca_bld_wood_fence_c.DAE"}
