{"name":"turnstile1","class":"TSStatic","persistentId":"7a1e0e01-1613-4f58-ba3d-681209644d4f","__parent":"dynamicObjs","position":[167.64772,-946.662048,391.166107],"collisionType":"None","decalType":"Visible Mesh","rotationMatrix":[0.866025269,0.49999997,0,-0.49999997,0.866025269,0,0,0,0.999999881],"shapeName":"/levels/ks_nord/tourist/ks_nord_turnstile.dae","useInstanceRenderData":true}
{"name":"turnstile1_trigger","class":"BeamNGEnvTrigger","persistentId":"970472d1-1eb4-4111-b80c-d604b1e76ae2","__parent":"dynamicObjs","position":[168.117737,-944.233215,392.492126],"luaFunction":"local function triggerTest(data)\n local obj = scenetree.findObject(\"turnstile1\")\n if obj then\n    if data.event == 'enter' then\n        obj:playAnim('door_open', false)\n    elseif data.event == 'exit' then\n        obj:playAnim('door_close', false)\n    end\n end\nend\nreturn triggerTest","rotationMatrix":[0.499999881,-0.866025388,0,0.866025388,0.499999881,0,0,0,1],"scale":[2.79745579,7.421628,3.32768536],"triggerMode":"Overlaps","triggerTestType":"Bounding box"}
{"name":"turnstile2","class":"TSStatic","persistentId":"77cdbba6-2832-451a-9571-5969d3850758","__parent":"dynamicObjs","position":[164.094025,-939.648804,391.338318],"collisionType":"None","decalType":"Visible Mesh","rotationMatrix":[0.866025269,0.49999997,0,-0.49999997,0.866025269,0,0,0,0.999999881],"shapeName":"/levels/ks_nord/tourist/ks_nord_turnstile.dae","useInstanceRenderData":true}
{"name":"turnstile2_trigger","class":"BeamNGEnvTrigger","persistentId":"46cfcb4b-c732-467d-9bfe-16f71ed88a10","__parent":"dynamicObjs","position":[163.636017,-937.716492,392.492126],"luaFunction":"local function triggerTest(data)\n local obj = scenetree.findObject(\"turnstile2\")\n if obj then\n    if data.event == 'enter' then\n        obj:playAnim('door_open', false)\n    elseif data.event == 'exit' then\n        obj:playAnim('door_close', false)\n    end\n end\nend\nreturn triggerTest","rotationMatrix":[0.499999881,-0.866025388,0,0.866025388,0.499999881,0,0,0,1],"scale":[3.20882154,8.94998169,3.32768536],"triggerMode":"Overlaps","triggerTestType":"Bounding box"}
