{"name":"swamp","class":"WaterBlock","persistentId":"1d9e2c79-b16c-4098-a70e-feacfb67308d","__parent":"water","position":[-548,791,27.6134682],"Foam":[{},{}],"Ripples (texture animation)":[{"rippleDir":[0,1],"rippleMagnitude":null,"rippleSpeed":0.00999999978,"rippleTexScale":[1,1]},{"rippleDir":[1,-1],"rippleMagnitude":0.600000024,"rippleSpeed":0.00999999978,"rippleTexScale":[7,7]},{"rippleDir":[-1,1],"rippleMagnitude":0.5,"rippleSpeed":0.00300000003,"rippleTexScale":[20,20]}],"Waves (vertex undulation)":[{"waveDir":[0,1],"waveMagnitude":0.200000003,"waveSpeed":1},{"waveDir":[0.707000017,0.707000017],"waveMagnitude":0.200000003,"waveSpeed":1},{"waveDir":[0.5,0.860000014],"waveMagnitude":0.200000003,"waveSpeed":1}],"baseColor":[237,126,6,255],"cubemap":"cubemap_river_reflection","depthGradientTex":"/levels/east_coast_usa/art/water/depthcolor_ramp.png","foamAmbientLerp":0.800000012,"foamMaxDepth":0.5,"foamTex":"core/art/water/foam.dds","fresnelBias":0.200000003,"fresnelPower":1,"fullReflect":false,"overallRippleMagnitude":0.5,"overallWaveMagnitude":0,"rippleTex":"core/art/water/ripple.dds","scale":[143.65686,100,10],"specularPower":900,"waterFogDensity":0.800000012,"waterFogDensityOffset":0.300000012,"wetDarkening":0.5,"wetDepth":0.5}
{"name":"creek4","class":"WaterBlock","persistentId":"311de73f-41a7-49e8-bc38-e7f28a6321d6","__parent":"water","position":[-352.626923,278.666168,28.3295002],"Foam":[{"foamSpeed":0.0500000007,"foamTexScale":null},{"foamSpeed":0.0500000007,"foamTexScale":[2,2]}],"Ripples (texture animation)":[{"rippleDir":[0,1],"rippleMagnitude":5,"rippleSpeed":0.00300000003,"rippleTexScale":[10,10]},{"rippleDir":[-0.800000012,0.300000012],"rippleMagnitude":5,"rippleSpeed":0.00100000005,"rippleTexScale":[10,10]},{"rippleDir":[-1,-1],"rippleMagnitude":5,"rippleSpeed":0.00499999989,"rippleTexScale":[15,15]}],"Waves (vertex undulation)":[{"waveDir":[-1,-1],"waveMagnitude":1,"waveSpeed":3},{"waveDir":[0.707000017,0.707000017],"waveMagnitude":null,"waveSpeed":1},{"waveDir":[0.5,0.860000014],"waveMagnitude":0.200000003,"waveSpeed":1}],"baseColor":[164,58,19,255],"cubemap":"cubemap_river_reflection","depthGradientTex":"core/art/water/depthcolor_ramp.png","distortFullDepth":1,"foamAmbientLerp":1,"foamMaxDepth":0.5,"foamRippleInfluence":5,"foamTex":"core/art/water/foam.dds","fresnelBias":-0.200000003,"fresnelPower":1,"fullReflect":false,"overallFoamOpacity":0.5,"overallRippleMagnitude":0.200000003,"overallWaveMagnitude":0,"reflectMaxRateMs":1,"reflectTexSize":512,"reflectivity":0.200000003,"rippleTex":"core/art/water/ripple.dds","rotationMatrix":[-0.739488125,-0.673170924,0,0.673170924,-0.739488125,0,0,0,1],"scale":[10,45,10],"specularPower":80,"viscosity":0.00100000005,"waterFogDensity":4,"waterFogDensityOffset":0,"wetDarkening":0.5}
{"name":"creek1","class":"WaterBlock","persistentId":"6bacc98e-dbcd-4796-868e-bea40ee2677d","__parent":"water","position":[-828.360596,856.730408,30.8041992],"Foam":[{},{}],"Ripples (texture animation)":[{"rippleDir":[0,1],"rippleMagnitude":null,"rippleSpeed":0.00999999978,"rippleTexScale":[1,1]},{"rippleDir":[1,-1],"rippleMagnitude":0.600000024,"rippleSpeed":0.00999999978,"rippleTexScale":[7,7]},{"rippleDir":[-1,1],"rippleMagnitude":0.5,"rippleSpeed":0.00300000003,"rippleTexScale":[20,20]}],"Waves (vertex undulation)":[{"waveDir":[0,1],"waveMagnitude":0.200000003,"waveSpeed":1},{"waveDir":[0.707000017,0.707000017],"waveMagnitude":0.200000003,"waveSpeed":1},{"waveDir":[0.5,0.860000014],"waveMagnitude":0.200000003,"waveSpeed":1}],"baseColor":[237,126,6,255],"cubemap":"cubemap_river_reflection","depthGradientTex":"core/art/water/depthcolor_ramp.png","foamAmbientLerp":0.800000012,"foamMaxDepth":0.5,"foamTex":"core/art/water/foam.dds","fresnelBias":0.200000003,"fresnelPower":1,"fullReflect":false,"overallRippleMagnitude":0.5,"overallWaveMagnitude":0,"rippleTex":"core/art/water/ripple.dds","rotationMatrix":[0.580541253,-0.814231217,0,0.814231217,0.580541253,0,0,0,1],"scale":[120,70,100],"specularPower":900,"waterFogDensity":0.800000012,"waterFogDensityOffset":0.300000012,"wetDarkening":0.5,"wetDepth":0.5}
{"name":"creek3","class":"WaterBlock","persistentId":"c9bfe84e-e0c9-482f-9b92-359ac550d24f","__parent":"water","position":[-319.561951,246.577377,28.4303055],"Foam":[{"foamSpeed":0.0500000007,"foamTexScale":null},{"foamSpeed":0.0500000007,"foamTexScale":[2,2]}],"Ripples (texture animation)":[{"rippleDir":[0,1],"rippleMagnitude":5,"rippleSpeed":0.00300000003,"rippleTexScale":[10,10]},{"rippleDir":[-0.800000012,0.300000012],"rippleMagnitude":5,"rippleSpeed":0.00100000005,"rippleTexScale":[10,10]},{"rippleDir":[-1,-1],"rippleMagnitude":5,"rippleSpeed":0.00499999989,"rippleTexScale":[15,15]}],"Waves (vertex undulation)":[{"waveDir":[-1,-1],"waveMagnitude":1,"waveSpeed":3},{"waveDir":[0.707000017,0.707000017],"waveMagnitude":null,"waveSpeed":1},{"waveDir":[0.5,0.860000014],"waveMagnitude":0.200000003,"waveSpeed":1}],"baseColor":[164,58,19,255],"cubemap":"cubemap_river_reflection","depthGradientTex":"core/art/water/depthcolor_ramp.png","distortFullDepth":1,"foamAmbientLerp":1,"foamMaxDepth":0.5,"foamRippleInfluence":5,"foamTex":"core/art/water/foam.dds","fresnelBias":-0.200000003,"fresnelPower":1,"fullReflect":false,"overallFoamOpacity":0.5,"overallRippleMagnitude":0.200000003,"overallWaveMagnitude":0,"reflectMaxRateMs":1,"reflectTexSize":512,"reflectivity":0.200000003,"rippleTex":"core/art/water/ripple.dds","rotationMatrix":[-0.686258554,-0.72735852,0,0.72735852,-0.686258554,0,0,0,1],"scale":[10,50,10],"specularPower":80,"viscosity":0.00100000005,"waterFogDensity":4,"waterFogDensityOffset":0,"wetDarkening":0.5}
{"name":"creek5","class":"WaterBlock","persistentId":"d2f59a53-6a43-4ab1-aa41-62cbcbe34f42","__parent":"water","position":[574.777039,29.4072571,52.5591049],"Foam":[{"foamTexScale":null},{"foamTexScale":[5,5]}],"Ripples (texture animation)":[{"rippleDir":[0,-1],"rippleMagnitude":15,"rippleSpeed":0.00499999989,"rippleTexScale":[10,10]},{"rippleDir":[-0.800000012,0.300000012],"rippleMagnitude":15,"rippleSpeed":0.00999999978,"rippleTexScale":[15,15]},{"rippleDir":[-1,-1],"rippleMagnitude":4,"rippleSpeed":0.000500000024,"rippleTexScale":[30,15]}],"Waves (vertex undulation)":[{"waveDir":[-1,-1],"waveMagnitude":1,"waveSpeed":3},{"waveDir":[0.707000017,0.707000017],"waveMagnitude":null,"waveSpeed":1},{"waveDir":[0.5,0.860000014],"waveMagnitude":0.200000003,"waveSpeed":1}],"baseColor":[89,104,19,255],"cubemap":"cubemap_river_reflection","depthGradientTex":"core/art/water/depthcolor_ramp.png","foamAmbientLerp":-1,"foamMaxDepth":0.5,"foamRippleInfluence":1,"foamTex":"core/art/water/foam.dds","fresnelBias":0.5,"fresnelPower":1,"fullReflect":false,"overallFoamOpacity":1.5,"overallRippleMagnitude":0.200000003,"overallWaveMagnitude":0,"reflectMaxRateMs":1,"reflectTexSize":512,"reflectivity":0.699999988,"rippleTex":"core/art/water/ripple.dds","rotationMatrix":[0.7268278,-0.686820328,0,0.686820328,0.7268278,0,0,0,1],"scale":[10,10,10],"specularPower":100,"viscosity":0.00100000005,"waterFogDensity":5,"waterFogDensityOffset":0,"wetDarkening":0.5}
{"name":"creek2","class":"WaterBlock","persistentId":"fffa9d37-7174-4bb6-92a3-b917cfe7b53c","__parent":"water","position":[-251.106873,210.807693,30.5605793],"Foam":[{"foamTexScale":null},{"foamTexScale":[5,5]}],"Ripples (texture animation)":[{"rippleDir":[0,-1],"rippleMagnitude":15,"rippleSpeed":0.00499999989,"rippleTexScale":[10,10]},{"rippleDir":[-0.800000012,0.300000012],"rippleMagnitude":15,"rippleSpeed":0.00999999978,"rippleTexScale":[15,15]},{"rippleDir":[-1,-1],"rippleMagnitude":4,"rippleSpeed":0.000500000024,"rippleTexScale":[30,15]}],"Waves (vertex undulation)":[{"waveDir":[-1,-1],"waveMagnitude":1,"waveSpeed":3},{"waveDir":[0.707000017,0.707000017],"waveMagnitude":null,"waveSpeed":1},{"waveDir":[0.5,0.860000014],"waveMagnitude":0.200000003,"waveSpeed":1}],"baseColor":[89,104,19,255],"cubemap":"cubemap_river_reflection","depthGradientTex":"core/art/water/depthcolor_ramp.png","foamAmbientLerp":-1,"foamMaxDepth":0.5,"foamRippleInfluence":1,"foamTex":"core/art/water/foam.dds","fresnelBias":0.5,"fresnelPower":1,"fullReflect":false,"overallFoamOpacity":1.5,"overallRippleMagnitude":0.200000003,"overallWaveMagnitude":0.00999999978,"reflectMaxRateMs":1,"reflectTexSize":512,"reflectivity":0.699999988,"rippleTex":"core/art/water/ripple.dds","rotationMatrix":[0.580541253,-0.814231217,0,0.814231217,0.580541253,0,0,0,1],"scale":[50,50,50],"specularPower":100,"viscosity":0.00100000005,"waterFogDensity":5,"waterFogDensityOffset":0,"wetDarkening":0.5}
{"name":"Riverlower2","class":"River","persistentId":"3712b2c5-e69e-4369-8e7a-5e39795022e7","__parent":"water","position":[-538.651672,-238.642776,27.0173264],"Foam":[{},{}],"Ripples (texture animation)":[{"rippleDir":[0,1],"rippleMagnitude":2,"rippleSpeed":-0.00999999978,"rippleTexScale":[1,2]},{"rippleDir":[0.200000003,0.707000017],"rippleMagnitude":null,"rippleSpeed":0.00499999989,"rippleTexScale":[10.25,32.5]},{"rippleDir":[0.100000001,0.860000014],"rippleMagnitude":1,"rippleSpeed":-0.00100000005,"rippleTexScale":[50,50]}],"Waves (vertex undulation)":[{"waveDir":[0,1],"waveMagnitude":0.300000012,"waveSpeed":2},{"waveDir":[0.207000002,0.707000017],"waveMagnitude":0.200000003,"waveSpeed":1},{"waveDir":[0.5,0.200000003],"waveMagnitude":0.200000003,"waveSpeed":1}],"baseColor":[90,101,29,255],"cubemap":"cubemap_river_reflection","depthGradientMax":100,"depthGradientTex":"levels/east_coast_usa/art/water/depthcolor_ramp.png","distortEndDist":10,"distortStartDist":0,"foamAmbientLerp":0.200000003,"foamMaxDepth":0.5,"foamRippleInfluence":0.0799999982,"foamTex":"core/art/water/foam.dds","fresnelBias":0.200000003,"fresnelPower":1,"fullReflect":false,"nodes":[[-538.651672,-238.642776,27.0173264,20,5,0,0,1],[-483.419678,-271.38092,27.0468826,20,5,0,0,1]],"overallFoamOpacity":1.5,"overallRippleMagnitude":0.200000003,"overallWaveMagnitude":0,"reflectDetailAdjust":0,"reflectMaxRateMs":1,"reflectNormalUp":true,"reflectTexSize":512,"reflectivity":0.699999988,"rippleTex":"core/art/water/ripple.dds","specularPower":80,"viscosity":0.00100000005,"waterFogDensity":3,"waterFogDensityOffset":0,"wetDarkening":0.400000006,"wetDepth":0.200000003}
{"name":"Riverlower1","class":"River","persistentId":"42caf65e-bfdd-446e-b27c-7617d36beef3","__parent":"water","position":[-448.713684,-362.701355,32.8288574],"Foam":[{},{}],"Ripples (texture animation)":[{"rippleDir":[0,1],"rippleMagnitude":2,"rippleSpeed":-0.00999999978,"rippleTexScale":[1,2]},{"rippleDir":[0.200000003,0.707000017],"rippleMagnitude":null,"rippleSpeed":0.00499999989,"rippleTexScale":[10.25,32.5]},{"rippleDir":[0.100000001,0.860000014],"rippleMagnitude":1,"rippleSpeed":-0.00100000005,"rippleTexScale":[50,50]}],"Waves (vertex undulation)":[{"waveDir":[0,1],"waveMagnitude":0.300000012,"waveSpeed":2},{"waveDir":[0.207000002,0.707000017],"waveMagnitude":0.200000003,"waveSpeed":1},{"waveDir":[0.5,0.200000003],"waveMagnitude":0.200000003,"waveSpeed":1}],"baseColor":[90,101,29,255],"cubemap":"cubemap_river_reflection","depthGradientMax":100,"depthGradientTex":"levels/east_coast_usa/art/water/depthcolor_ramp.png","distortEndDist":10,"distortStartDist":0,"foamAmbientLerp":0.200000003,"foamMaxDepth":0.5,"foamRippleInfluence":0.0799999982,"foamTex":"core/art/water/foam.dds","fresnelBias":0.200000003,"fresnelPower":1,"fullReflect":false,"nodes":[[-448.713684,-362.701355,32.8288574,55,5,0,0,1],[-447.642395,-435.99353,33.2628136,30,5,0,0,1],[-449.537659,-524.798096,33.4739647,50,5,0,0,1],[-453.082825,-587.14856,33.5035133,10,5,0,0,1]],"overallFoamOpacity":1.5,"overallRippleMagnitude":0.200000003,"overallWaveMagnitude":0.0500000007,"reflectDetailAdjust":0,"reflectMaxRateMs":1,"reflectNormalUp":true,"reflectTexSize":512,"rippleTex":"core/art/water/ripple.dds","specularPower":80,"viscosity":0.00100000005,"waterFogDensity":3,"waterFogDensityOffset":0,"wetDarkening":0.400000006,"wetDepth":0.200000003}
{"class":"River","persistentId":"de42c1ee-2d45-4385-9ae9-11597a387760","__parent":"water","position":[-1052.43762,499.945312,27.7329617],"Foam":[{},{}],"Ripples (texture animation)":[{"rippleDir":[0,1],"rippleMagnitude":2,"rippleSpeed":0.100000001,"rippleTexScale":[2.1400001,4.13999987]},{"rippleDir":[0.200000003,0.707000017],"rippleMagnitude":2,"rippleSpeed":0.00999999978,"rippleTexScale":[10.25,32.5]},{"rippleDir":[0.100000001,0.860000014],"rippleMagnitude":2,"rippleSpeed":0.0199999996,"rippleTexScale":[50,50]}],"Waves (vertex undulation)":[{"waveDir":[0,1],"waveMagnitude":0.300000012,"waveSpeed":2},{"waveDir":[0.207000002,0.707000017],"waveMagnitude":0.200000003,"waveSpeed":1},{"waveDir":[0.5,0.200000003],"waveMagnitude":0.200000003,"waveSpeed":1}],"baseColor":[97,97,97,255],"cubemap":"cubemap_river_reflection","depthGradientMax":10,"depthGradientTex":"levels/east_coast_usa/art/water/depthcolor_ramp.png","distortEndDist":10,"distortStartDist":0,"flowMagnitudePhysics":2,"foamAmbientLerp":0.200000003,"foamMaxDepth":0.75,"foamRippleInfluence":0.0799999982,"foamTex":"core/art/water/foam.dds","fresnelBias":0.200000003,"fresnelPower":1,"fullReflect":false,"nodes":[[-1052.43762,499.945312,27.7329617,50,5,0,0,1],[-1040.78564,466.156952,27.2553596,50,5,0,0,1],[-1003.23529,441.103088,26.5335217,50,5,0,0,1],[-929.449646,438.118011,25.3072033,50,5,0,0,1],[-877.756714,394.392303,26.7846966,50,5,0,0,1],[-851.327026,315.921906,25.9176922,45,5,0,0,1],[-843.045593,266.699219,25.076952,40,5,0,0,1],[-850.348267,196.434357,28.1207943,60,5,0,0,1],[-830.949585,139.710175,28.1020107,55,12.5,0,0,1],[-827.700806,122.852325,26.8262005,50,20,0,0,1]],"overallFoamOpacity":2.5,"overallRippleMagnitude":0.200000003,"overallWaveMagnitude":0.200000003,"reflectMaxRateMs":1,"reflectNormalUp":true,"rippleTex":"levels/east_coast_usa/art/water/ripple3.dds","specularPower":800,"subdivideLength":1,"viscosity":0.00100000005,"waterFogDensity":0.5,"waterFogDensityOffset":0,"wetDarkening":0.400000006,"wetDepth":0.200000003}
{"name":"Riverlower","class":"River","persistentId":"fffaf6b5-9449-48cc-9db8-18fda9f85780","__parent":"water","position":[-133.517685,1044.71167,19.5149803],"Foam":[{},{}],"Ripples (texture animation)":[{"rippleDir":[0,1],"rippleMagnitude":2,"rippleSpeed":0.100000001,"rippleTexScale":[2.1400001,4.13999987]},{"rippleDir":[0.200000003,0.707000017],"rippleMagnitude":2,"rippleSpeed":0.00999999978,"rippleTexScale":[10.25,32.5]},{"rippleDir":[0.100000001,0.860000014],"rippleMagnitude":2,"rippleSpeed":0.0199999996,"rippleTexScale":[50,50]}],"Waves (vertex undulation)":[{"waveDir":[0,1],"waveMagnitude":0.300000012,"waveSpeed":2},{"waveDir":[0.207000002,0.707000017],"waveMagnitude":0.200000003,"waveSpeed":1},{"waveDir":[0.5,0.200000003],"waveMagnitude":0.200000003,"waveSpeed":1}],"baseColor":[97,97,97,255],"cubemap":"cubemap_river_reflection","depthGradientMax":10,"depthGradientTex":"levels/east_coast_usa/art/water/depthcolor_ramp.png","distortEndDist":10,"distortStartDist":0,"flowMagnitudePhysics":2,"foamAmbientLerp":0.200000003,"foamMaxDepth":0.75,"foamRippleInfluence":0.0799999982,"foamTex":"core/art/water/foam.dds","fresnelBias":0.200000003,"fresnelPower":1,"fullReflect":false,"nodes":[[-161.725769,1018.86353,19.618515,40,5,0,0,1],[-115.944862,998.575378,19.6245975,70,5,0,0,1],[-71.9513626,967.833069,19.6267281,40,5,0,0,1],[-68.6627808,940.090698,19.6203594,40,5,0,0,1],[-91.8970184,916.991699,19.5563698,40,5,0,0,1],[-128.184418,899.51886,19.4016113,40,5,0,0,1],[-164.477615,886.176575,19.2759514,40,5,0,0,1],[-231.479065,866.159851,18.7964592,80,5,0,0,1],[-292.376282,829.384399,19.1363792,80,5,0,0,1],[-344.483215,797.433838,18.6222954,40,5,0,0,1],[-370.006775,770.812683,18.9640923,40,5,0,0,1],[-385.030579,735.939453,19.4110069,40,5,0,0,1],[-384.746704,707.187317,18.9538994,40,5,0,0,1],[-375.573975,652.283997,18.5751457,40,5,0,0,1],[-374.561768,604.418335,18.681591,40,5,0,0,1],[-372.746796,562.847351,18.7804375,40,5,0,0,1],[-386.79895,534.840759,18.6917381,40,5,0,0,1],[-410.895203,509.576904,18.5917473,40,5,0,0,1],[-446.029968,439.783691,18.7251091,40,5,0,0,1],[-485.683868,372.510559,18.4681206,40,5,0,0,1],[-593.634888,326.585449,18.5572166,40,5,0,0,1],[-685.992126,279.613281,18.7509422,80,5,0,0,1],[-733.488586,53.7160645,19.0355034,300,5,0,0,1],[-742.685547,-187.862305,18.4634666,200,5,0,0,1],[-794.687988,-373.851929,18.5572166,40,5,0,0,1],[-785.428223,-479.071655,17.9456139,40,5,0,0,1],[-779.678772,-538.395996,12.9695702,40,5,0,0,1],[-781.340759,-565.220947,11.1548119,40,5,0,0,1]],"overallFoamOpacity":2.5,"overallRippleMagnitude":0.200000003,"overallWaveMagnitude":0.200000003,"reflectDetailAdjust":0,"reflectMaxRateMs":1,"reflectNormalUp":true,"reflectTexSize":512,"rippleTex":"levels/east_coast_usa/art/water/ripple3.dds","segmentLength":5,"specularPower":900,"viscosity":0.00100000005,"waterFogDensity":0.5,"waterFogDensityOffset":0,"wetDarkening":0.400000006,"wetDepth":0.200000003}
