{"name":"aspalap","class":"TSStatic","persistentId":"2656400f-0445-4462-b8dd-ce657dc97314","__parent":"fills","position":[0,0,50],"collisionType":"None","decalType":"None","isRenderEnabled":false,"shapeName":"/levels/Valo_City/city/aspalap/aspalap.dae"}
{"name":"signs","class":"TSStatic","persistentId":"4c0c712a-1d02-468e-9cda-2a673192e6e6","__parent":"fills","position":[0,0,50],"collisionType":"None","decalType":"None","isRenderEnabled":false,"scale":[10,10,10],"shapeName":"/levels/valo_city/city/trafficsigns/trafficsigns.dae"}
{"name":"sziklafal","class":"TSStatic","persistentId":"5d77434b-cbaa-431b-8434-b043c4c0a38d","__parent":"fills","position":[0,0,50],"collisionType":"None","decalType":"None","isRenderEnabled":false,"prebuildCollisionData":true,"scale":[10,10,10],"shapeName":"/levels/valo_city/city/sziklafal/sziklafal.dae"}
{"name":"highwayszele","class":"TSStatic","persistentId":"d57e10a6-cc28-4cca-be88-afaad0197598","__parent":"fills","position":[0,0,50],"collisionType":"None","decalType":"None","isRenderEnabled":false,"shapeName":"/levels/valo_city/city/utszele/utszele.dae"}
{"name":"sidwalk","class":"TSStatic","persistentId":"e5bbdb81-7167-49d2-b1e5-3448c7748faa","__parent":"fills","position":[0,0,50],"collisionType":"None","decalType":"None","isRenderEnabled":false,"shapeName":"/levels/Valo_City/city/sidewalk/sidewalk.dae"}
{"name":"parkolo","class":"TSStatic","persistentId":"feb4d0f5-b676-4fa6-a8d7-a855b9051f37","__parent":"fills","position":[0,0,50.0009995],"collisionType":"None","decalType":"None","isRenderEnabled":false,"shapeName":"/levels/valo_city/city/parkolo/parkolo.dae"}
{"name":"cross1","class":"TSStatic","persistentId":"e9aef133-9fec-4ae1-82bb-d7d38cf6dcc5","__parent":"fills","position":[0,0,50],"collisionType":"None","decalType":"None","isRenderEnabled":false,"shapeName":"/levels/valo_city/city/cross/cross.dae"}
{"name":"Fu1","class":"TSStatic","persistentId":"1c6a9e1d-a683-4de9-9421-01b3f853f7be","__parent":"fills","position":[0,0,50],"collisionType":"None","decalType":"None","isRenderEnabled":false,"shapeName":"/levels/Valo_City/city/fu/fu.dae"}
