{"name":"eca_bld_bridge_standard_46m","internalName":"eca_bld_bridge_standard_46m","class":"Prefab","persistentId":"4beed238-7846-4ade-bf76-b5fcc345bdf9","__parent":"MissionGroup","position":[-123.971001,901.609985,22.5300007],"filename":"/levels/east_coast_usa/art/prefabs/eca_bld_bridge_standard_46m.prefab.json","rotationMatrix":[0.5,0.866025388,0,-0.866025388,0.5,0,0,0,1]}
{"name":"eca_bld_bridge_standard_46m_25618","internalName":"eca_bld_bridge_standard_46m","class":"Prefab","persistentId":"7715c0f2-89ba-451f-81d3-899407c054dd","__parent":"MissionGroup","position":[-947.799988,447.260956,28.4932861],"filename":"/levels/east_coast_usa/art/prefabs/eca_bld_bridge_standard_46m.prefab.json","rotationMatrix":[0.999539673,-0.0303663574,0,0.030366255,0.999536395,-0.00257501751,7.81939016e-05,0.00257383194,0.999996781]}
{"name":"eca_bld_bridge_standard_46m_25721","internalName":"eca_bld_bridge_standard_46m","class":"Prefab","persistentId":"90564c2e-9dd4-4edb-87de-ac00f3a1d942","__parent":"MissionGroup","position":[-637.904785,-69.4631958,22.5300007],"filename":"/levels/east_coast_usa/art/prefabs/eca_bld_bridge_standard_46m.prefab.json","rotationMatrix":[0.775186002,0.631733119,0,-0.631733119,0.775186002,0,0,0,1],"scale":[1,0.926819861,1]}
{"name":"eca_bld_bridge_standard_46m_25824","internalName":"eca_bld_bridge_standard_46m","class":"Prefab","persistentId":"af2841e4-a1d4-4859-8f7f-a413f14ca3e4","__parent":"MissionGroup","position":[-570.682983,335.105011,20.5300007],"filename":"/levels/east_coast_usa/art/prefabs/eca_bld_bridge_standard_46m.prefab.json","rotationMatrix":[0.723308265,0.690525293,0,-0.690525293,0.723308265,0,0,0,1],"scale":[1.08121145,1,1]}
{"name":"eca_bld_bridge_standard_46m_25927","internalName":"eca_bld_bridge_standard_46m","class":"Prefab","persistentId":"cecdff32-6cc1-4d1c-af65-db1d79c4a1b1","__parent":"MissionGroup","position":[-375.234985,641.007996,22.5200005],"filename":"/levels/east_coast_usa/art/prefabs/eca_bld_bridge_standard_46m.prefab.json","rotationMatrix":[0.124346077,0.992238939,0,-0.992238939,0.124346077,0,0,0,1]}
{"name":"PlayerDropPoints","class":"SimGroup","persistentId":"10ebea2f-b9a2-4842-9411-8719beba885d","__parent":"MissionGroup","enabled":"1"}
{"name":"SimGroup_","class":"SimGroup","persistentId":"0e2e6a69-b041-4b50-a29c-bd8c560577ab","__parent":"MissionGroup","groupPosition":"0.000000 0.000000 0.000000"}
{"name":"busstops","class":"SimGroup","persistentId":"1208e4ce-c66d-4232-bd90-419527e72d64","__parent":"MissionGroup"}
{"name":"Level_object","class":"SimGroup","persistentId":"2a6119aa-bdb7-400c-8ad1-0eb0d91856fe","__parent":"MissionGroup"}
{"name":"Gas_Station","class":"SimGroup","persistentId":"2dffa3cf-50ca-4d24-9527-7f6836fbc8db","__parent":"MissionGroup"}
{"name":"Sawmill","class":"SimGroup","persistentId":"2f601348-6b22-4699-b063-5f9226b9d2ed","__parent":"MissionGroup"}
{"name":"ZonesandOcclusion","class":"SimGroup","persistentId":"30d5f41d-fdab-4a39-9d35-9f2decdb42ef","__parent":"MissionGroup"}
{"name":"Watchtower","class":"SimGroup","persistentId":"324fa615-cead-466e-8d6b-e046324460b2","__parent":"MissionGroup"}
{"name":"BUILDINGS","class":"SimGroup","persistentId":"38745660-bc1a-4454-9bc7-f99302f87ede","__parent":"MissionGroup"}
{"name":"Town_marking","class":"SimGroup","persistentId":"4b91f606-3fe2-48d1-8d56-3748cfb14eff","__parent":"MissionGroup"}
{"name":"CameraBookmarks","class":"SimGroup","persistentId":"5970c685-fa0a-49c7-93a3-2473e4e1311c","__parent":"MissionGroup"}
{"name":"Cliff_tool","class":"SimGroup","persistentId":"7ea46d8d-2556-4601-83cf-b945fb065b2c","__parent":"MissionGroup"}
{"name":"road_signs","class":"SimGroup","persistentId":"9c7d1094-96e5-4cbe-a149-40fcaf633e8c","__parent":"MissionGroup"}
{"name":"firestation","class":"SimGroup","persistentId":"a20feff6-8e2e-433c-81ab-bd685070d14c","__parent":"MissionGroup"}
{"name":"Statics","class":"SimGroup","persistentId":"aa8a2079-4b4b-4792-942c-3a3dc8234742","__parent":"MissionGroup"}
{"name":"Fishing_Village","class":"SimGroup","persistentId":"b4310ad6-84e8-469f-a53a-8255cee02b87","__parent":"MissionGroup"}
{"name":"Dirt_road","class":"SimGroup","persistentId":"b9a4d4c5-176b-4e20-802d-548b8ddcaa99","__parent":"MissionGroup"}
{"name":"AIWaypointsGroup","class":"SimGroup","persistentId":"bcc6c5dd-8cc6-42db-b156-06c59b3d2401","__parent":"MissionGroup"}
{"name":"clutter","class":"SimGroup","persistentId":"c18572d7-48ca-44f7-8761-0cbd79438d7b","__parent":"MissionGroup"}
{"name":"traffic_lights","class":"SimGroup","persistentId":"ca5b7351-9aee-4e39-b318-a0059ea8273e","__parent":"MissionGroup"}
{"name":"ai_roads","class":"SimGroup","persistentId":"ceda14ad-b9cd-4556-8bca-bc38dc394571","__parent":"MissionGroup"}
{"name":"ElectricCables","class":"SimGroup","persistentId":"d8875317-3252-4623-bf01-60423bce1ddd","__parent":"MissionGroup"}
{"name":"Inn","class":"SimGroup","persistentId":"de436424-f4fe-40a6-bc2f-a083d0902786","__parent":"MissionGroup"}
{"name":"signs","class":"SimGroup","persistentId":"f5a13d47-2226-49e1-a283-5a39af5732ae","__parent":"MissionGroup"}
{"name":"roads","class":"SimGroup","persistentId":"f7cff016-d7bb-47c5-ac39-bc40b692cdc5","__parent":"MissionGroup"}
{"name":"Audio","class":"SimGroup","persistentId":"fa861db6-4428-47f6-a3a3-a7cbbfd79924","__parent":"MissionGroup","locked":true}
{"class":"Prefab","persistentId":"d33c8484-13d5-44f6-95b9-e50cfdce663b","__parent":"MissionGroup","filename":"/levels/east_coast_usa/art/prefabs/sawmill_decking.prefab"}
{"name":"dealerships_and_garages","class":"SimGroup","persistentId":"547e1794-5aed-4a22-9bc2-fba5da489153","__parent":"MissionGroup"}
{"name":"BeamLR","class":"SimGroup","persistentId":"5dff0900-c628-4565-8f04-d43bf8f39f8a","__parent":"MissionGroup","groupPosition":"0.000000 0.000000 0.000000"}
