{"name":"Beginend","class":"TSStatic","persistentId":"8cfb29ef-d79b-42dd-9533-2351116b9a94","__parent":"road","position":[0,0,50],"collisionType":"None","decalType":"None","isRenderEnabled":false,"shapeName":"/levels/Valo_City/city/beginend/beginend.dae"}
{"name":"road_master","class":"TSStatic","persistentId":"c66c68c1-d021-4dbb-a919-4485c04ae0dd","__parent":"road","position":[0,0,50],"isRenderEnabled":false,"isSelectionEnabled":false,"prebuildCollisionData":true,"scale":[10,10,10],"shapeName":"/levels/valo_city/city/road/road_master.dae"}
