{"class":"TSStatic","persistentId":"09492b36-a9de-45f8-b96b-369fc3991cb1","__parent":"BigFences","position":[-164.960129,-849.98822,11.3893604],"annotation":"OBSTACLES","isRenderEnabled":false,"rotationMatrix":[0.940569103,-0.339600533,0,0.339600533,0.940569103,0,0,0,1],"shapeName":"/levels/east_coast_usa/art/shapes/buildings/eca_fv_woodwall.DAE"}
{"class":"TSStatic","persistentId":"098f540f-5424-48ce-8326-0b4602b957e2","__parent":"BigFences","position":[-84.5495911,-853.718872,11.7187891],"annotation":"OBSTACLES","isRenderEnabled":false,"rotationMatrix":[0.852282345,-0.523078918,0,0.523078918,0.852282345,0,0,0,1],"shapeName":"/levels/east_coast_usa/art/shapes/buildings/eca_fv_woodwall.DAE"}
{"class":"TSStatic","persistentId":"09b5bf2f-f2b9-452d-82af-bbc8d0683182","__parent":"BigFences","position":[-153.597351,-854.09082,11.2351408],"annotation":"OBSTACLES","isRenderEnabled":false,"rotationMatrix":[0.9853971,-0.170268953,0,0.170268953,0.9853971,0,0,0,1],"shapeName":"/levels/east_coast_usa/art/shapes/buildings/eca_fv_woodwall.DAE"}
{"class":"TSStatic","persistentId":"1629c9b7-1344-48a4-91f4-cbe3e7f8e002","__parent":"BigFences","position":[-65.8407974,-861.661743,11.7187901],"annotation":"OBSTACLES","isRenderEnabled":false,"rotationMatrix":[0.990022182,0.140902862,0,-0.140902862,0.990022182,0,0,0,1],"shapeName":"/levels/east_coast_usa/art/shapes/buildings/eca_fv_woodwall.DAE"}
{"class":"TSStatic","persistentId":"2baabe52-7abc-49f8-b0d8-7112a31be03d","__parent":"BigFences","position":[-47.4024734,-786.265198,12.6820574],"annotation":"OBSTACLES","isRenderEnabled":false,"rotationMatrix":[0.985244572,-0.171151608,0,0.171151608,0.985244572,0,0,0,1],"shapeName":"/levels/east_coast_usa/art/shapes/buildings/eca_fv_woodwall.DAE"}
{"class":"TSStatic","persistentId":"6166c23d-40a4-41e4-9c57-9d28716f4693","__parent":"BigFences","position":[-199.283188,-850.829834,9.75961113],"annotation":"OBSTACLES","isRenderEnabled":false,"rotationMatrix":[0.81510675,0.579309821,0,-0.579309821,0.81510675,0,0,0,1],"shapeName":"/levels/east_coast_usa/art/shapes/buildings/eca_fv_woodwall.DAE"}
{"class":"TSStatic","persistentId":"6ee90f21-4c05-42b4-8f1e-a5cd87bf6c63","__parent":"BigFences","position":[-35.5695267,-788.300354,12.6820574],"annotation":"OBSTACLES","isRenderEnabled":false,"rotationMatrix":[0.999979258,0.00641320273,0,-0.00641320273,0.999979258,0,0,0,1],"shapeName":"/levels/east_coast_usa/art/shapes/buildings/eca_fv_woodwall.DAE"}
{"class":"TSStatic","persistentId":"7b3a07fa-66fa-4823-8612-3c83a2a45377","__parent":"BigFences","position":[-53.9524574,-859.969727,11.7187901],"annotation":"OBSTACLES","isRenderEnabled":false,"rotationMatrix":[0.992040217,0.125912175,0,-0.125912175,0.992040217,0,0,0,1],"shapeName":"/levels/east_coast_usa/art/shapes/buildings/eca_fv_woodwall.DAE"}
{"class":"TSStatic","persistentId":"8b5e4bd4-5b47-49fb-ab67-7b991e7dbf22","__parent":"BigFences","position":[-41.9868469,-858.454834,11.7162666],"annotation":"OBSTACLES","isRenderEnabled":false,"shapeName":"/levels/east_coast_usa/art/shapes/buildings/eca_fv_woodwall_end.DAE"}
{"class":"TSStatic","persistentId":"8f253e17-fdc9-4e78-999f-75ba05ea2f70","__parent":"BigFences","position":[-23.6526299,-788.223328,12.6820574],"annotation":"OBSTACLES","isRenderEnabled":false,"rotationMatrix":[0.998725355,0.0504718348,0,-0.0504718348,0.998725355,0,0,0,1],"shapeName":"/levels/east_coast_usa/art/shapes/buildings/eca_fv_woodwall.DAE"}
{"class":"TSStatic","persistentId":"8ff310df-b283-4e2b-932d-4bb460d94979","__parent":"BigFences","position":[-96.1713104,-850.607666,11.7187891],"annotation":"OBSTACLES","isRenderEnabled":false,"rotationMatrix":[0.965983331,-0.258600235,0,0.258600235,0.965983331,0,0,0,1],"shapeName":"/levels/east_coast_usa/art/shapes/buildings/eca_fv_woodwall.DAE"}
{"class":"TSStatic","persistentId":"93de3d82-08a7-4be8-948a-94d0a10a8bd9","__parent":"BigFences","position":[-141.761246,-856.136292,11.1171188],"annotation":"OBSTACLES","isRenderEnabled":false,"rotationMatrix":[0.999913335,0.0131283635,0,-0.0131283635,0.999913335,0,0,0,1],"shapeName":"/levels/east_coast_usa/art/shapes/buildings/eca_fv_woodwall.DAE"}
{"class":"TSStatic","persistentId":"eaee9a76-2f4b-4769-961a-d642385e9614","__parent":"BigFences","position":[-187.897049,-843.164001,11.3893604],"annotation":"OBSTACLES","isRenderEnabled":false,"rotationMatrix":[0.981943607,-0.189171195,0,0.189171195,0.981943607,0,0,0,1],"shapeName":"/levels/east_coast_usa/art/shapes/buildings/eca_fv_woodwall.DAE"}
{"class":"TSStatic","persistentId":"f5a0b4a4-e225-457f-8854-4bc58e15d7b4","__parent":"BigFences","position":[-176.100967,-845.436523,11.3893604],"annotation":"OBSTACLES","isRenderEnabled":false,"rotationMatrix":[0.9257195,-0.378209144,0,0.378209144,0.9257195,0,0,0,1],"shapeName":"/levels/east_coast_usa/art/shapes/buildings/eca_fv_woodwall.DAE"}
{"class":"TSStatic","persistentId":"fadb5317-8387-4e25-9ab4-75bbe6dceffe","__parent":"BigFences","position":[-108.075958,-852.450562,11.7187891],"annotation":"OBSTACLES","isRenderEnabled":false,"rotationMatrix":[0.988228559,0.152981341,0,-0.152981341,0.988228559,0,0,0,1],"shapeName":"/levels/east_coast_usa/art/shapes/buildings/eca_fv_woodwall.DAE"}
