{"name":"blrwp_vineyardracecp9","class":"BeamNGWaypoint","persistentId":"92b62c78-1893-4c6d-9fb9-33cefbd82773","__parent":"RaceWaypoints","position":[3.22877407,-310.070587,189.594009]}
{"name":"blrwp_vineyardracecp1","class":"BeamNGWaypoint","persistentId":"4cbc9d74-d3aa-487a-a669-7c034dc51b64","__parent":"RaceWaypoints","position":[121.362274,-231.631149,189.505264],"scale":[3.01656342,3.01656342,3.01656342]}
{"name":"blrwp_vineyardracecp2","class":"BeamNGWaypoint","persistentId":"a4eae317-e8c2-4293-94b7-79ee9c2c4495","__parent":"RaceWaypoints","position":[194.01033,329.999084,184.655731],"scale":[3.25290489,3.25290489,3.25290489]}
{"name":"blrwp_vineyardracecp3","class":"BeamNGWaypoint","persistentId":"8492f5b6-be64-4ad3-9d7f-800484703ea5","__parent":"RaceWaypoints","position":[90.4625244,518.336975,178.744736],"scale":[3.25290489,3.25290489,3.25290489]}
{"name":"blrwp_vineyardracecp4","class":"BeamNGWaypoint","persistentId":"c9337348-8a4d-405e-8244-a18bb11baeda","__parent":"RaceWaypoints","position":[-259.789246,383.459503,179.000397],"scale":[3.25290489,3.25290489,3.25290489]}
{"name":"blrwp_vineyardracecp5","class":"BeamNGWaypoint","persistentId":"935e2a41-4e06-4959-9af6-353ce21f4a9e","__parent":"RaceWaypoints","position":[153.67511,522.945129,178.519913],"scale":[1.96057558,1.96057558,1.96057558]}
{"name":"blrwp_vineyardracecp6","class":"BeamNGWaypoint","persistentId":"e3071223-ecb4-418e-8d0d-e3a5fa8d7730","__parent":"RaceWaypoints","position":[652.269348,596.622864,174.021622],"scale":[1.96057558,1.96057558,1.96057558]}
{"name":"blrwp_vineyardracecp7","class":"BeamNGWaypoint","persistentId":"9da8f27c-cc33-4da9-9338-79cc631fcf25","__parent":"RaceWaypoints","position":[673.017761,192.706177,178.559311],"scale":[3.62920761,3.62920761,3.62920761]}
{"name":"blrwp_vineyardracecp8","class":"BeamNGWaypoint","persistentId":"f77d75c1-b205-4a02-940d-77654114c1a0","__parent":"RaceWaypoints","position":[245.312744,-326.821472,191.326096],"scale":[3.62920761,3.62920761,3.62920761]}
{"name":"blrwp_vineyardraceaiwp1","class":"BeamNGWaypoint","persistentId":"cc8424fc-16fd-4867-b64c-cd43ad8056d9","__parent":"RaceWaypoints","position":[138.442139,491.223846,178.909348],"scale":[1.96057558,1.96057558,1.96057558]}
{"name":"blrwp_vineyardraceaiwp2","class":"BeamNGWaypoint","persistentId":"f940733c-e483-47f3-beba-9059e3bc67d4","__parent":"RaceWaypoints","position":[608.096436,629.272949,177.032181],"scale":[1.96057558,1.96057558,1.96057558]}
{"name":"blrwp_vineyardraceaiwp3","class":"BeamNGWaypoint","persistentId":"1af952c6-4e41-4b8e-8591-b56ccc382d33","__parent":"RaceWaypoints","position":[152.494125,461.140717,179.549744],"scale":[1.96057558,1.96057558,1.96057558]}
{"name":"blrwp_vineyardraceaiwp4","class":"BeamNGWaypoint","persistentId":"711f2a7f-bcee-44fc-888a-71fe25146db2","__parent":"RaceWaypoints","position":[576.797668,622.177795,178.033691],"scale":[1.96057558,1.96057558,1.96057558]}
{"name":"blrwp_vineyardracecp10","class":"BeamNGWaypoint","persistentId":"dccbe76b-74db-428a-a6ea-1fc9946f0c30","__parent":"RaceWaypoints","position":[702.332275,253.301514,174.877274],"scale":[3.62920761,3.62920761,3.62920761]}
{"name":"blrwp_vineyardracecp11","class":"BeamNGWaypoint","persistentId":"48102240-ccd9-4fc6-9e8c-bf4a5d5932ca","__parent":"RaceWaypoints","position":[678.450562,640.530518,174.021622],"scale":[1.96057558,1.96057558,1.96057558]}
{"name":"blrwp_vineyardracecp12","class":"BeamNGWaypoint","persistentId":"76daf475-1eeb-4562-a5b4-f5eab6b8e86f","__parent":"RaceWaypoints","position":[688.937073,599.154114,174.021622],"scale":[1.96057558,1.96057558,1.96057558]}
{"name":"blrwp_vineyardracecp13","class":"BeamNGWaypoint","persistentId":"e3c5c1a1-795a-46b3-b516-1a850e4bc991","__parent":"RaceWaypoints","position":[922.531738,450.290833,180.70845],"scale":[1.96057558,1.96057558,1.96057558]}
{"name":"blrwp_vineyardracecp14","class":"BeamNGWaypoint","persistentId":"525064b6-9bc3-4bdc-8ac7-572134da1620","__parent":"RaceWaypoints","position":[1446.18823,851.278381,209.193527],"scale":[1.96057558,1.96057558,1.96057558]}
{"name":"blrwp_vineyardracecp15","class":"BeamNGWaypoint","persistentId":"caded924-f491-403f-8152-244479dfe247","__parent":"RaceWaypoints","position":[1725.64941,1254.67786,216.267853],"scale":[1.96057558,1.96057558,1.96057558]}
{"name":"blrwp_vineyardracecp16","class":"BeamNGWaypoint","persistentId":"0482f8ce-fa78-4ee8-8e4d-9a1ea3ab253d","__parent":"RaceWaypoints","position":[1449.11816,1143.63171,214.240768],"scale":[1.96057558,1.96057558,1.96057558]}
{"name":"blrwp_vineyardracecp17","class":"BeamNGWaypoint","persistentId":"caee3feb-2d4a-4a88-a38d-6059beee8d88","__parent":"RaceWaypoints","position":[1316.5376,840.591431,188.444611],"scale":[1.96057558,1.96057558,1.96057558]}
{"name":"blrwp_vineyardracecp18","class":"BeamNGWaypoint","persistentId":"a77f9bed-630e-49fe-b9b5-3517882d7fda","__parent":"RaceWaypoints","position":[1274.02087,843.481873,183.617462],"scale":[1.96057558,1.96057558,1.96057558]}
{"name":"blrwp_vineyardracecp19","class":"BeamNGWaypoint","persistentId":"a5821560-ecdb-4f1f-b770-29f1e2efe425","__parent":"RaceWaypoints","position":[1271.16541,874.281921,181.800507],"scale":[1.96057558,1.96057558,1.96057558]}
{"name":"blrwp_vineyardracecp20","class":"BeamNGWaypoint","persistentId":"8b7380d8-2b88-44ee-a20b-634b27789bf2","__parent":"RaceWaypoints","position":[1454.85791,1337.12,146.922791],"scale":[1.96057558,1.96057558,1.96057558]}
{"name":"blrwp_vineyardracecp21","class":"BeamNGWaypoint","persistentId":"4161d109-98cd-4fde-99d9-0c2e304200db","__parent":"RaceWaypoints","position":[-232.74144,404.708008,179.000397],"scale":[3.25290489,3.25290489,3.25290489]}
{"name":"blrwp_vineyardracecp22","class":"BeamNGWaypoint","persistentId":"7ac36754-9045-429c-9367-1e2435b82530","__parent":"RaceWaypoints","position":[-572.847961,-17.3496819,194.833084],"scale":[3.25290489,3.25290489,3.25290489]}
{"name":"blrwp_vineyardracecp23","class":"BeamNGWaypoint","persistentId":"54acfa9f-2f34-43a8-949a-cb572b7d6cec","__parent":"RaceWaypoints","position":[-592.741699,-40.5360794,194.833084],"scale":[3.25290489,3.25290489,3.25290489]}
{"name":"blrwp_vineyardracecp24","class":"BeamNGWaypoint","persistentId":"d93a72ed-8bb1-4f6d-9215-8969d3a57378","__parent":"RaceWaypoints","position":[-331.269501,46.4508018,210.882385],"scale":[3.25290489,3.25290489,3.25290489]}
{"name":"blrwp_vineyardracecp25","class":"BeamNGWaypoint","persistentId":"94c28ae4-4dec-4e61-9fed-5e93418b87db","__parent":"RaceWaypoints","position":[-299.629547,45.4009628,211.959763],"scale":[3.25290489,3.25290489,3.25290489]}
{"name":"blrwp_vineyardracecp26","class":"BeamNGWaypoint","persistentId":"cb3d678e-1f1b-4da3-ac7d-604352fd16c9","__parent":"RaceWaypoints","position":[-532.733093,-211.096176,230.715073],"scale":[3.25290489,3.25290489,3.25290489]}
{"name":"blrwp_vineyardracecp27","class":"BeamNGWaypoint","persistentId":"049478d7-3f78-4a1f-8afc-0a4af8f253be","__parent":"RaceWaypoints","position":[-250.267471,435.745544,179.284317],"scale":[3.25290489,3.25290489,3.25290489]}
{"name":"blrwp_vineyardracecp28","class":"BeamNGWaypoint","persistentId":"4d300f25-3ff2-4d17-9d45-3e28c4638498","__parent":"RaceWaypoints","position":[142.811722,707.442627,171.803436],"scale":[3.25290489,3.25290489,3.25290489]}
{"name":"blrwp_vineyardracecp29","class":"BeamNGWaypoint","persistentId":"62591904-91ad-4e36-aa25-74fd6a61dd80","__parent":"RaceWaypoints","position":[650.525635,844.615784,179.93634],"scale":[3.25290489,3.25290489,3.25290489]}
{"name":"blrwp_vineyardracecp30","class":"BeamNGWaypoint","persistentId":"95445955-693c-4c39-a224-8f35416ab845","__parent":"RaceWaypoints","position":[770.43457,737.891907,178.892242],"scale":[3.25290489,3.25290489,3.25290489]}
{"name":"blrwp_vineyardracecp31","class":"BeamNGWaypoint","persistentId":"cd1b0750-dfe4-4db5-a105-a88ddbbedca8","__parent":"RaceWaypoints","position":[1694.6969,1176.51611,221.590881],"scale":[1.96057558,1.96057558,1.96057558]}
{"name":"blrwp_vineyardracecp32","class":"BeamNGWaypoint","persistentId":"d9e5030e-a17f-4c9e-ac8f-cd050056fa30","__parent":"RaceWaypoints","position":[1347.15674,709.401123,208.539993],"scale":[1.96057558,1.96057558,1.96057558]}
{"name":"blrwp_vineyardracecp33","class":"BeamNGWaypoint","persistentId":"65e4310c-1362-4b23-a3b9-fe9007241249","__parent":"RaceWaypoints","position":[75.0247955,692.37616,173.60788],"scale":[3.25290489,3.25290489,3.25290489]}
{"name":"blrwp_vineyardraceaiwp5","class":"BeamNGWaypoint","persistentId":"3ef31c1f-b659-4e5b-b093-2b8c6deb9784","__parent":"RaceWaypoints","position":[113.302238,681.593323,170.955673],"scale":[1.84642375,1.84642375,1.84642375]}
{"name":"blrwp_vineyardracecp34","class":"BeamNGWaypoint","persistentId":"1e435d3b-5887-4231-b15a-c283336fd044","__parent":"RaceWaypoints","position":[-137.659073,634.755188,194.561707],"scale":[3.25290489,3.25290489,3.25290489]}
{"name":"blrwp_vineyardracecp35","class":"BeamNGWaypoint","persistentId":"1522df17-ac75-4c80-a162-d531bd8542f2","__parent":"RaceWaypoints","position":[-78.2504196,701.22467,184.523071],"scale":[3.25290489,3.25290489,3.25290489]}
{"name":"blrwp_vineyardracecp36","class":"BeamNGWaypoint","persistentId":"0633908a-6474-431c-b4ec-ae6ceec60c7f","__parent":"RaceWaypoints","position":[-151.931549,663.164368,197.773407],"scale":[3.25290489,3.25290489,3.25290489]}
{"name":"blrwp_vineyardracecp37","class":"BeamNGWaypoint","persistentId":"83e3278c-5858-45a9-9c3e-59762d53a92b","__parent":"RaceWaypoints","position":[-245.746719,839.877014,206.745529],"scale":[3.25290489,3.25290489,3.25290489]}
{"name":"blrwp_vineyardracecp38","class":"BeamNGWaypoint","persistentId":"d7a2f238-152b-4c14-83d4-a02a2c53413f","__parent":"RaceWaypoints","position":[-335.613403,898.190796,207.925476],"scale":[3.25290489,3.25290489,3.25290489]}
{"name":"blrwp_vineyardracecp39","class":"BeamNGWaypoint","persistentId":"4fda51f8-fca8-4af1-9a9e-8db8bb3d919f","__parent":"RaceWaypoints","position":[-344.010437,871.831238,212.472839],"scale":[3.25290489,3.25290489,3.25290489]}
{"name":"blrwp_vineyardracecp40","class":"BeamNGWaypoint","persistentId":"4d358691-cd61-41b5-8b60-326d9a92c082","__parent":"RaceWaypoints","position":[-309.734283,709.187012,227.167465],"scale":[3.25290489,3.25290489,3.25290489]}
{"name":"blrwp_vineyardracecp41","class":"BeamNGWaypoint","persistentId":"16d17217-8b34-4fe6-bee6-f4ebbbb6a158","__parent":"RaceWaypoints","position":[-411.308594,862.473877,240.487228],"scale":[3.25290489,3.25290489,3.25290489]}
{"name":"blrwp_vineyardracecp42","class":"BeamNGWaypoint","persistentId":"172646b9-4cf8-4017-8653-e35bbc5a1bb0","__parent":"RaceWaypoints","position":[-703.747559,661.813416,268.14032],"scale":[3.25290489,3.25290489,3.25290489]}
{"name":"blrwp_vineyardraceaiwp6","class":"BeamNGWaypoint","persistentId":"2c3f56d0-0af6-4746-830f-86d4be428de8","__parent":"RaceWaypoints","position":[-395.486603,707.718689,249.164444],"scale":[3.25290489,3.25290489,3.25290489]}
{"name":"blrwp_vineyardracecp43","class":"BeamNGWaypoint","persistentId":"15e37d80-7f7d-4f1e-891f-d1a9962764c7","__parent":"RaceWaypoints","position":[-981.787659,408.847656,288.496185],"scale":[3.25290489,3.25290489,3.25290489]}
{"name":"blrwp_vineyardracecp44","class":"BeamNGWaypoint","persistentId":"53315eb7-7842-4c2e-831f-c95fc006b720","__parent":"RaceWaypoints","position":[-745.028564,736.255676,306.937805],"scale":[3.25290489,3.25290489,3.25290489]}
{"name":"blrwp_vineyardracecp45","class":"BeamNGWaypoint","persistentId":"fc8142e8-7580-47fc-ae29-51d14e51f398","__parent":"RaceWaypoints","position":[-1072.32312,608.687134,338.952118],"scale":[3.25290489,3.25290489,3.25290489]}
{"name":"blrwp_vineyardraceaiwp7","class":"BeamNGWaypoint","persistentId":"64b75bf5-13a7-472a-beba-56adbb25e29c","__parent":"RaceWaypoints","position":[-869.357117,489.951935,281.335052],"scale":[3.25290489,3.25290489,3.25290489]}
{"name":"blrwp_vineyardraceaiwp8","class":"BeamNGWaypoint","persistentId":"c4712fac-d300-4500-8be6-2bd4e8c8c52a","__parent":"RaceWaypoints","position":[-882.155823,552.939941,294.778473],"scale":[3.25290489,3.25290489,3.25290489]}
{"name":"blrwp_vineyardracecp46","class":"BeamNGWaypoint","persistentId":"258ad997-8f05-4d6f-bdce-9d86d74eb8d8","__parent":"RaceWaypoints","position":[-1160.68884,725.557373,370.839966],"scale":[1.88361788,1.88361788,1.88361788]}
{"name":"blrwp_vineyardraceaiwp9","class":"BeamNGWaypoint","persistentId":"61250ce4-b8b7-4fe6-898b-8e1911f67bf3","__parent":"RaceWaypoints","position":[637.507446,1040.48413,170.340851],"scale":[3.25290489,3.25290489,3.25290489]}
{"name":"blrwp_vineyardraceaiwp10","class":"BeamNGWaypoint","persistentId":"0b6e61eb-72fe-4f26-9a8b-b090bf459c28","__parent":"RaceWaypoints","position":[649.346741,1084.22046,169.191818],"scale":[1.3404038,1.3404038,1.3404038]}
{"name":"blrwp_vineyardraceaiwp0","class":"BeamNGWaypoint","persistentId":"e1a033fc-75b4-41da-8086-dd4321eab390","__parent":"RaceWaypoints","position":[197.157272,192.802841,187.672104],"scale":[3.25290489,3.25290489,3.25290489]}
{"name":"blrwp_vineyardracecp47","class":"BeamNGWaypoint","persistentId":"9909fc9d-d609-42af-ab26-82ccc87b58f3","__parent":"RaceWaypoints","position":[610.614197,944.061157,174.225296],"scale":[2.16061974,2.16061974,2.16061974]}
{"name":"blrwp_vineyardraceaiwp11","class":"BeamNGWaypoint","persistentId":"ca7d8530-ad0c-4bce-80e6-3d630edbd8dc","__parent":"RaceWaypoints","position":[122.863594,-261.483002,193.718323],"scale":[3.01656342,3.01656342,3.01656342]}
{"name":"blrwp_vineyardraceaiwp12","class":"BeamNGWaypoint","persistentId":"93481a8b-d6cd-4119-9c25-26f45a0ad46d","__parent":"RaceWaypoints","position":[23.8333664,-250.998184,189.53479],"scale":[1.94327271,1.94327271,1.94327271]}
{"name":"blrwp_vineyardraceaiwp13","class":"BeamNGWaypoint","persistentId":"a3840f78-68c4-4515-83df-72f8c10b8a16","__parent":"RaceWaypoints","position":[715.861389,730.713684,177.878967],"scale":[3.25290489,3.25290489,3.25290489]}
{"name":"blrwp_vineyardraceaiwp14","class":"BeamNGWaypoint","persistentId":"30ad36b5-3f06-43a6-b49c-6980db48df9a","__parent":"RaceWaypoints","position":[637.493042,877.387512,178.345428],"scale":[1.95484936,1.95484936,1.95484936]}
{"name":"blrwp_vineyardraceaiwp15","class":"BeamNGWaypoint","persistentId":"cec5b70f-46c1-4ccc-8150-8d356a364102","__parent":"RaceWaypoints","position":[500.7117,67.875885,187.706726],"scale":[3.62920761,3.62920761,3.62920761]}
{"name":"blrwp_vineyardraceaiwp16","class":"BeamNGWaypoint","persistentId":"521f45e7-def2-40b8-88b0-05dcd378018b","__parent":"RaceWaypoints","position":[625.230774,889.224426,176.540329],"scale":[1.95484936,1.95484936,1.95484936]}
{"name":"blrwp_vineyardraceaiwp17","class":"BeamNGWaypoint","persistentId":"86a66eea-f228-4449-bc51-020d47bf6bc5","__parent":"RaceWaypoints","position":[1390.05786,1209.80664,164.604279],"scale":[1.96057558,1.96057558,1.96057558]}
{"name":"blrwp_vineyardraceaiwp18","class":"BeamNGWaypoint","persistentId":"dfeee7fe-472e-4926-b272-0f8bfab6efe4","__parent":"RaceWaypoints","position":[173.888351,400.041962,182.942749],"scale":[1.96057558,1.96057558,1.96057558]}
{"name":"blrwp_vineyardraceaiwp19","class":"BeamNGWaypoint","persistentId":"32cdbda9-acfd-4bfb-aafd-3d0920437a6d","__parent":"RaceWaypoints","position":[1616.9657,1080.9281,222.741623],"scale":[1.96057558,1.96057558,1.96057558]}
{"name":"blrwp_vineyardraceaiwp20","class":"BeamNGWaypoint","persistentId":"09ff3f28-9b9f-43f8-8199-2011b81cb756","__parent":"RaceWaypoints","position":[443.818298,591.343018,172.818634],"scale":[1.96057558,1.96057558,1.96057558]}
{"name":"blrwp_vineyardraceaiwp21","class":"BeamNGWaypoint","persistentId":"a6c7f1fc-d1af-42ad-9756-6311f36bd4b4","__parent":"RaceWaypoints","position":[501.537689,825.832153,172.367081],"scale":[1.95484936,1.95484936,1.95484936]}
{"name":"blrwp_vineyardraceaiwp22","class":"BeamNGWaypoint","persistentId":"894e057a-ed17-4fa9-b5df-7342e7dfa239","__parent":"RaceWaypoints","position":[546.622559,865.848511,172.555756],"scale":[1.95484936,1.95484936,1.95484936]}
{"name":"blrwp_vineyardraceaiwp23","class":"BeamNGWaypoint","persistentId":"cd1ec22e-ccad-4faf-b68c-188f0522e229","__parent":"RaceWaypoints","position":[-358.222748,829.611023,232.258957],"scale":[3.25290489,3.25290489,3.25290489]}
{"name":"blrwp_vineyardraceaiwp24","class":"BeamNGWaypoint","persistentId":"9c1c8489-7644-496f-b5ae-7b6ae5b2b2f3","__parent":"RaceWaypoints","position":[133.028717,30.2098923,189.125763],"scale":[3.25290489,3.25290489,3.25290489]}
{"name":"blrwp_vineyardraceaiwp25","class":"BeamNGWaypoint","persistentId":"e9889259-fbda-4aef-a108-e83bf2417085","__parent":"RaceWaypoints","position":[438.272583,-60.214241,183.537521],"scale":[3.62920761,3.62920761,3.62920761]}
{"name":"blrwp_vineyardraceaiwp26","class":"BeamNGWaypoint","persistentId":"1f80bfcc-445c-4ebd-9d32-a2ec140d56e1","__parent":"RaceWaypoints","position":[1584.43628,1028.40173,219.975143],"scale":[1.96057558,1.96057558,1.96057558]}
{"name":"blrwp_vineyardraceaiwp27","class":"BeamNGWaypoint","persistentId":"82b6bec8-1539-49b5-86b8-a570d0301940","__parent":"RaceWaypoints","position":[1657.6958,1135.92566,223.413696],"scale":[1.96057558,1.96057558,1.96057558]}
{"name":"blrwp_vineyardraceaiwp28","class":"BeamNGWaypoint","persistentId":"ee4c1677-d4d4-4a72-bc93-ce51421c3680","__parent":"RaceWaypoints","position":[1187.8158,513.165771,197.063919],"scale":[1.96057558,1.96057558,1.96057558]}
{"name":"blrwp_vineyardraceaiwp29","class":"BeamNGWaypoint","persistentId":"6434625c-f540-4a32-9718-33d93992c7bf","__parent":"RaceWaypoints","position":[704.825867,767.049561,178.311951],"scale":[3.25290489,3.25290489,3.25290489]}
{"name":"blrwp_vineyardraceaiwp30","class":"BeamNGWaypoint","persistentId":"5ed4bfd0-2325-4375-8d01-3cde383d0c41","__parent":"RaceWaypoints","position":[60.320549,626.473572,169.842957],"scale":[1.84642375,1.84642375,1.84642375]}
{"name":"blrwp_vineyardraceaiwp31","class":"BeamNGWaypoint","persistentId":"9e3909a9-8fea-4a92-bdf1-5835b216c079","__parent":"RaceWaypoints","position":[109.794487,664.884399,170.540405],"scale":[1.84642375,1.84642375,1.84642375]}
{"name":"blrwp_highwayraceaiwp4","class":"BeamNGWaypoint","persistentId":"07ddf130-e380-4d9c-955f-ccd45626fb8c","__parent":"RaceWaypoints","position":[1609.4729,43.3920403,149.654892],"scale":[2.65654302,2.65654302,2.65654302]}
{"name":"blrwp_highwayraceaiwp5","class":"BeamNGWaypoint","persistentId":"f21711f0-d812-4a3f-9ab3-5a4942ea12dc","__parent":"RaceWaypoints","position":[1256.29077,-298.668976,147.697525],"scale":[2.65654302,2.65654302,2.65654302]}
{"name":"blrwp_crossroadsracecp1","class":"BeamNGWaypoint","persistentId":"a2f8a8be-914b-4e0a-a082-81a35afae671","__parent":"RaceWaypoints","position":[557.964905,902.029663,172.118271],"scale":[1.95484936,1.95484936,1.95484936]}
{"name":"blrwp_crossroadsracecp2","class":"BeamNGWaypoint","persistentId":"6275e1fc-e552-4333-967e-23f37fdd5a5e","__parent":"RaceWaypoints","position":[359.444366,1166.95447,155.851517],"scale":[1.95484936,1.95484936,1.95484936]}
{"name":"blrwp_crossroadsracecp3","class":"BeamNGWaypoint","persistentId":"805f814e-92f2-433a-8203-50caa4381e85","__parent":"RaceWaypoints","position":[-47.4047775,1345.48755,144.416794],"scale":[1.95484936,1.95484936,1.95484936]}
{"name":"blrwp_crossroadsracecp4","class":"BeamNGWaypoint","persistentId":"413e897e-bfd6-458d-a6f9-b7406ca50c58","__parent":"RaceWaypoints","position":[190.214783,1627.52295,163.290161],"scale":[1.95484936,1.95484936,1.95484936]}
{"name":"blrwp_vineyardraceaiwp32","class":"BeamNGWaypoint","persistentId":"9dc73e61-a7ce-4782-8cd8-1ed210065803","__parent":"RaceWaypoints","position":[638.837708,883.112366,178.293396],"scale":[1.95484936,1.95484936,1.95484936]}
{"name":"blrwp_crossroadsracecp5","class":"BeamNGWaypoint","persistentId":"fcdb6389-df9e-40e3-8ab8-3ebf82753db8","__parent":"RaceWaypoints","position":[613.770813,419.94751,172.253693],"scale":[1.95484936,1.95484936,1.95484936]}
{"name":"blrwp_crossroadsracecp6","class":"BeamNGWaypoint","persistentId":"7d782408-6291-4226-9541-aa8662b830bc","__parent":"RaceWaypoints","position":[626.568298,406.749542,171.306335],"scale":[1.24181211,1.24181211,1.24181211]}
{"name":"blrwp_crossroadsracecp7","class":"BeamNGWaypoint","persistentId":"55b45f71-363c-47e5-988b-7f4a020c9f5f","__parent":"RaceWaypoints","position":[607.931335,391.876038,173.066162],"scale":[1.24181211,1.24181211,1.24181211]}
{"name":"blrwp_crossroadsracecp8","class":"BeamNGWaypoint","persistentId":"8a3d2d80-8d80-4676-b59e-7c2b4605f09b","__parent":"RaceWaypoints","position":[374.125275,337.057404,177.014114],"scale":[1.24181211,1.24181211,1.24181211]}
{"name":"blrwp_crossroadsracecp9","class":"BeamNGWaypoint","persistentId":"8e4a9ba5-af41-487f-a1e6-aa6dbff23f7a","__parent":"RaceWaypoints","position":[286.313446,316.273132,179.725815],"scale":[1.24181211,1.24181211,1.24181211]}
{"name":"blrwp_crossroadsracecp10","class":"BeamNGWaypoint","persistentId":"3aeaba2c-a0a4-4e89-bdad-2a1ecaa114e8","__parent":"RaceWaypoints","position":[166.011536,286.08847,185.955765],"scale":[1.24181211,1.24181211,1.24181211]}
{"name":"blrwp_crossroadsracecp11","class":"BeamNGWaypoint","persistentId":"b993e1fc-5a54-4b66-abdb-025aa2fefa0d","__parent":"RaceWaypoints","position":[123.274956,274.27301,186.662018],"scale":[1.24181211,1.24181211,1.24181211]}
{"name":"blrwp_crossroadsracecp12","class":"BeamNGWaypoint","persistentId":"8eb00627-18a4-4e56-859d-b41140f6460f","__parent":"RaceWaypoints","position":[-80.2186279,197.745819,189.933121],"scale":[1.24181211,1.24181211,1.24181211]}
{"name":"blrwp_crossroadsracecp13","class":"BeamNGWaypoint","persistentId":"7e509f36-b8fa-4f34-b51e-54a8b39f2fd0","__parent":"RaceWaypoints","position":[-1.39379501,186.974731,197.92218],"scale":[1.24181211,1.24181211,1.24181211]}
{"name":"blrwp_crossroadsracecp14","class":"BeamNGWaypoint","persistentId":"bf315f93-59b1-4bd0-9491-a7f736c844a3","__parent":"RaceWaypoints","position":[62.1383781,51.7126389,210.525711],"scale":[1.24181211,1.24181211,1.24181211]}
{"name":"blrwp_crossroadsracecp15","class":"BeamNGWaypoint","persistentId":"09a5a9d2-b42b-4b48-b08d-519d3db44325","__parent":"RaceWaypoints","position":[-147.035431,-153.042374,232.336105],"scale":[1.24181211,1.24181211,1.24181211]}
{"name":"blrwp_crossroadsracecp16","class":"BeamNGWaypoint","persistentId":"e6d0b777-15f7-46cb-8e35-08c4e2f3aced","__parent":"RaceWaypoints","position":[-30.9585114,-33.9548645,244.314667],"scale":[1.24181211,1.24181211,1.24181211]}
{"name":"blrwp_crossroadsracecp17","class":"BeamNGWaypoint","persistentId":"80b945da-fefd-4d21-bfac-efb7523a0dcb","__parent":"RaceWaypoints","position":[-125.572395,52.9142227,250.265808],"scale":[1.24181211,1.24181211,1.24181211]}
{"name":"blrwp_crossroadsracecp18","class":"BeamNGWaypoint","persistentId":"42203b18-da3d-4a1b-97a9-a7e9b566c4eb","__parent":"RaceWaypoints","position":[-205.830612,-68.0035706,264.047058],"scale":[1.24181211,1.24181211,1.24181211]}
{"name":"blrwp_crossroadsracecp19","class":"BeamNGWaypoint","persistentId":"ec653c41-e351-44cd-93e6-edf22ddfc8b7","__parent":"RaceWaypoints","position":[-331.820374,-34.0027885,271.698242],"scale":[1.24181211,1.24181211,1.24181211]}
{"name":"blrwp_crossroadsracecp20","class":"BeamNGWaypoint","persistentId":"07882aa4-2f13-46bd-a22a-fffdc1333f9b","__parent":"RaceWaypoints","position":[-361.288544,-53.4161835,272.504883],"scale":[1.24181211,1.24181211,1.24181211]}
{"name":"blrwp_crossroadsracecp21","class":"BeamNGWaypoint","persistentId":"e374dacf-4f40-40a3-9758-a20328e8a08b","__parent":"RaceWaypoints","position":[-408.136353,-145.850098,281.87442],"scale":[1.24181211,1.24181211,1.24181211]}
{"name":"blrwp_crossroadsracecp22","class":"BeamNGWaypoint","persistentId":"33182c78-c5af-4f61-8008-dfd22e34c272","__parent":"RaceWaypoints","position":[-409.787476,-194.601212,287.204803],"scale":[1.24181211,1.24181211,1.24181211]}
{"name":"blrwp_crossroadsracecp23","class":"BeamNGWaypoint","persistentId":"62355a47-77e5-4147-b0fb-54b9720cd0d8","__parent":"RaceWaypoints","position":[-439.357635,-323.390991,310.198303],"scale":[1.24181211,1.24181211,1.24181211]}
{"name":"blrwp_crossroadsracecp24","class":"BeamNGWaypoint","persistentId":"a0b85fa7-7f26-4b8e-89a1-011080933a74","__parent":"RaceWaypoints","position":[-563.884827,-438.902771,318.177612],"scale":[1.24181211,1.24181211,1.24181211]}
{"name":"blrwp_crossroadsracecp25","class":"BeamNGWaypoint","persistentId":"ef4e9b79-a383-4288-8c88-830122a23b71","__parent":"RaceWaypoints","position":[-743.80072,-471.661102,324.661957],"scale":[1.24181211,1.24181211,1.24181211]}
{"name":"blrwp_crossroadsracecp26","class":"BeamNGWaypoint","persistentId":"8e502443-f521-41e5-81a5-e4cc41b04496","__parent":"RaceWaypoints","position":[-890.006409,-476.029633,331.820648],"scale":[1.24181211,1.24181211,1.24181211]}
{"name":"blrwp_crossroadsracecp27","class":"BeamNGWaypoint","persistentId":"6cf0e408-e169-48d0-9061-1655cb644346","__parent":"RaceWaypoints","position":[-783.343506,-544.852539,350.104248],"scale":[1.24181211,1.24181211,1.24181211]}
{"name":"blrwp_crossroadsracecp28","class":"BeamNGWaypoint","persistentId":"b5735d93-abf9-4050-9e3d-da3710d38ff8","__parent":"RaceWaypoints","position":[-617.356995,-510.612946,364.445221],"scale":[1.24181211,1.24181211,1.24181211]}
{"name":"blrwp_crossroadsracecp29","class":"BeamNGWaypoint","persistentId":"2bc0d160-28c4-44ac-b4a5-c1feaaf00965","__parent":"RaceWaypoints","position":[-454.373566,-488.44873,386.027893],"scale":[1.24181211,1.24181211,1.24181211]}
{"name":"blrwp_crossroadsracecp30","class":"BeamNGWaypoint","persistentId":"ce4ae394-9855-4333-a8c4-2e0cb2aca987","__parent":"RaceWaypoints","position":[-513.374878,-542.365173,393.356262],"scale":[1.24181211,1.24181211,1.24181211]}
{"name":"blrwp_crossroadsracecp31","class":"BeamNGWaypoint","persistentId":"e35637d7-c170-4975-b609-63f325356834","__parent":"RaceWaypoints","position":[-413.073059,-552.773621,404.305359],"scale":[1.24181211,1.24181211,1.24181211]}
{"name":"blrwp_crossroadsracecp32","class":"BeamNGWaypoint","persistentId":"205f084e-0c1c-4791-a534-194c999c1638","__parent":"RaceWaypoints","position":[-416.262421,-565.389893,404.575989],"scale":[1.24181211,1.24181211,1.24181211]}
{"name":"blrwp_crossroadsraceaiwp1","class":"BeamNGWaypoint","persistentId":"7d0ed235-8f6d-4369-b7ff-4836a187a9e5","__parent":"RaceWaypoints","position":[-903.114563,-475.650055,332.440369],"scale":[1.24181211,1.24181211,1.24181211]}
{"name":"blrwp_vineyardracecp48","class":"BeamNGWaypoint","persistentId":"b512053d-0c60-4c9f-8b1b-4df1b32bd00d","__parent":"RaceWaypoints","position":[1723.00525,1216.60034,217.890915],"scale":[1.96057558,1.96057558,1.96057558]}
{"name":"blrwp_vineyardracecp49","class":"BeamNGWaypoint","persistentId":"da2b7ee5-af9f-4cb7-a0f2-38aa9a14c768","__parent":"RaceWaypoints","position":[1765.90698,1314.38953,203.420853],"scale":[1.96057558,1.96057558,1.96057558]}
{"name":"blrwp_vineyardracecp50","class":"BeamNGWaypoint","persistentId":"1cc5bbbe-98ee-470c-afc3-f6ca5bc7bf82","__parent":"RaceWaypoints","position":[1709.97632,1501.17908,183.940201],"scale":[1.96057558,1.96057558,1.96057558]}
{"name":"blrwp_vineyardracecp51","class":"BeamNGWaypoint","persistentId":"182a6be1-d909-496e-af9c-8f15fbac29b7","__parent":"RaceWaypoints","position":[1693.52966,1531.27307,181.585403],"scale":[1.96057558,1.96057558,1.96057558]}
{"name":"blrwp_vineyardracecp52","class":"BeamNGWaypoint","persistentId":"8ac1fa0f-361c-4cad-b843-f99ba1a78c7d","__parent":"RaceWaypoints","position":[1780.78113,1424.45325,177.766083],"scale":[1.96057558,1.96057558,1.96057558]}
{"name":"blrwp_vineyardracecp53","class":"BeamNGWaypoint","persistentId":"1a9b445e-43b8-4584-b950-a4509ecde372","__parent":"RaceWaypoints","position":[1837.70605,1310.73267,169.038086],"scale":[1.96057558,1.96057558,1.96057558]}
{"name":"blrwp_vineyardracecp54","class":"BeamNGWaypoint","persistentId":"6bba8d03-89a4-49c8-bf08-2c9ff63590eb","__parent":"RaceWaypoints","position":[1740.79517,1067.89392,141.897675],"scale":[1.96057558,1.96057558,1.96057558]}
{"name":"blrwp_vineyardracecp55","class":"BeamNGWaypoint","persistentId":"19d0e693-d46e-4f6e-acc8-c314b72809f3","__parent":"RaceWaypoints","position":[1638.51953,948.841797,145.903595],"scale":[1.96057558,1.96057558,1.96057558]}
{"name":"blrwp_vineyardracecp56","class":"BeamNGWaypoint","persistentId":"e2cb43a9-82ea-427c-88dd-d785e21044f0","__parent":"RaceWaypoints","position":[1651.02722,770.793457,144.866409],"scale":[1.96057558,1.96057558,1.96057558]}
{"name":"blrwp_vineyardracecp57","class":"BeamNGWaypoint","persistentId":"b013319b-3d0c-4ce3-ab81-a6e74f582fc1","__parent":"RaceWaypoints","position":[1678.69312,699.973633,146.045959],"scale":[1.96057558,1.96057558,1.96057558]}
{"name":"blrwp_vineyardracecp58","class":"BeamNGWaypoint","persistentId":"23621ea6-f0c6-4b64-a22c-a3f705548bac","__parent":"RaceWaypoints","position":[1612.16296,273.690399,140.695023],"scale":[1.96057558,1.96057558,1.96057558]}
{"name":"blrwp_vineyardracecp59","class":"BeamNGWaypoint","persistentId":"10e247ec-287c-47c2-93a0-11ef1e8be87a","__parent":"RaceWaypoints","position":[1781.37122,155.559723,159.235031],"scale":[1.96057558,1.96057558,1.96057558]}
{"name":"blrwp_vineyardracecp60","class":"BeamNGWaypoint","persistentId":"f59a7464-f4f4-48a6-8e51-35917e458c6d","__parent":"RaceWaypoints","position":[1759.38708,38.9580536,155.71608],"scale":[1.96057558,1.96057558,1.96057558]}
{"name":"blrwp_vineyardracecp61","class":"BeamNGWaypoint","persistentId":"09b8afce-860e-478b-8ed6-c0c6a90fb983","__parent":"RaceWaypoints","position":[1626.99133,-152.350601,141.9823],"scale":[1.96057558,1.96057558,1.96057558]}
{"name":"blrwp_vineyardracecp62","class":"BeamNGWaypoint","persistentId":"ed3617af-9b05-416c-8834-5ee567a38d23","__parent":"RaceWaypoints","position":[1605.59302,-257.499329,144.381378],"scale":[1.96057558,1.96057558,1.96057558]}
{"name":"blrwp_vineyardracecp63","class":"BeamNGWaypoint","persistentId":"8c588bad-e291-42ff-8a5d-34a63ed12497","__parent":"RaceWaypoints","position":[1445.65796,-349.444,144.413483],"scale":[1.96057558,1.96057558,1.96057558]}
{"name":"blrwp_vineyardracecp64","class":"BeamNGWaypoint","persistentId":"28971d35-9a1e-4a6c-82c9-e18db4155cd7","__parent":"RaceWaypoints","position":[1213.98242,-355.422211,139.988922],"scale":[1.96057558,1.96057558,1.96057558]}
{"name":"blrwp_crossroadsracecp33","class":"BeamNGWaypoint","persistentId":"2a6ccafc-ad38-4ba3-aa56-05ffb7eb55b4","__parent":"RaceWaypoints","position":[382.474792,817.32074,171.480743],"scale":[1.95484936,1.95484936,1.95484936]}
{"name":"blrwp_crossroadsracecp34","class":"BeamNGWaypoint","persistentId":"3a5dd72a-ed6a-49f7-84a7-286087dcbfc7","__parent":"RaceWaypoints","position":[95.3963394,950.383301,187.967453],"scale":[1.95484936,1.95484936,1.95484936]}
{"name":"blrwp_crossroadsracecp35","class":"BeamNGWaypoint","persistentId":"9ce9433f-0769-43e7-92a6-2df12a559432","__parent":"RaceWaypoints","position":[-114.100815,927.301392,198.005005],"scale":[1.95484936,1.95484936,1.95484936]}
{"name":"blrwp_crossroadsracecp36","class":"BeamNGWaypoint","persistentId":"f3c4f24d-4dc0-4d0c-b032-b419d736b22d","__parent":"RaceWaypoints","position":[-212.245331,847.689026,206.339615],"scale":[1.95484936,1.95484936,1.95484936]}
{"name":"blrwp_crossroadsracecp37","class":"BeamNGWaypoint","persistentId":"8cdb2dcb-c8a6-44e8-8185-1cf108ed2b89","__parent":"RaceWaypoints","position":[-337.052734,1028.7113,209.434372],"scale":[1.95484936,1.95484936,1.95484936]}
{"name":"blrwp_crossroadsracecp38","class":"BeamNGWaypoint","persistentId":"f5a8df56-c856-4759-af30-e7d9a51ac692","__parent":"RaceWaypoints","position":[-470.836304,1029.49634,208.045853],"scale":[1.95484936,1.95484936,1.95484936]}
{"name":"blrwp_crossroadsracecp39","class":"BeamNGWaypoint","persistentId":"b273f889-b91a-4f6a-8157-accaf2cc7945","__parent":"RaceWaypoints","position":[-679.668579,1174.15991,207.070312],"scale":[1.95484936,1.95484936,1.95484936]}
{"name":"blrwp_crossroadsracecp40","class":"BeamNGWaypoint","persistentId":"8813fd74-f8b9-4e58-9968-62ada595f35e","__parent":"RaceWaypoints","position":[-932.782837,1320.44946,195.999847],"scale":[1.95484936,1.95484936,1.95484936]}
{"name":"blrwp_crossroadsracecp41","class":"BeamNGWaypoint","persistentId":"066eabdf-4772-4bad-9c18-1ea8ae4f13f0","__parent":"RaceWaypoints","position":[-1133.67517,1329.55591,186.621414],"scale":[1.95484936,1.95484936,1.95484936]}
{"name":"blrwp_crossroadsracecp42","class":"BeamNGWaypoint","persistentId":"97172c53-6fa6-4321-8716-46519e93f332","__parent":"RaceWaypoints","position":[-1377.8479,1395.33606,188.562668],"scale":[1.95484936,1.95484936,1.95484936]}
{"name":"blrwp_crossroadsracecp43","class":"BeamNGWaypoint","persistentId":"0f93f753-88c0-4208-a958-2d5233ae5a93","__parent":"RaceWaypoints","position":[-1494.90979,1320.16223,177.226944],"scale":[1.95484936,1.95484936,1.95484936]}
{"name":"blrwp_crossroadsracecp44","class":"BeamNGWaypoint","persistentId":"ac80d266-37bc-4c21-b126-57273bbd0a8a","__parent":"RaceWaypoints","position":[-1613.80408,1269.85901,166.643082],"scale":[1.95484936,1.95484936,1.95484936]}
{"name":"blrwp_crossroadsracecp45","class":"BeamNGWaypoint","persistentId":"b6306eb5-4598-4617-9c69-5ad37ac26afb","__parent":"RaceWaypoints","position":[545.382324,1180.98315,163.874146],"scale":[1.95484936,1.95484936,1.95484936]}
{"name":"blrwp_crossroadsracecp46","class":"BeamNGWaypoint","persistentId":"70dae1a7-25ca-428c-88fa-2c9e318bf099","__parent":"RaceWaypoints","position":[585.960327,1171.48438,163.270065],"scale":[1.95484936,1.95484936,1.95484936]}
{"name":"blrwp_crossroadsracecp47","class":"BeamNGWaypoint","persistentId":"13eaca28-c304-41b4-a8a9-36f06e6cc4e6","__parent":"RaceWaypoints","position":[622.392273,1156.12805,162.617493],"scale":[1.95484936,1.95484936,1.95484936]}
{"name":"blrwp_crossroadsracecp48","class":"BeamNGWaypoint","persistentId":"f4fb0071-edec-4943-a503-f7f03e0fcafb","__parent":"RaceWaypoints","position":[641.607239,905.406494,177.62619],"scale":[1.95484936,1.95484936,1.95484936]}
{"name":"blrwp_crossroadsraceaiwp2","class":"BeamNGWaypoint","persistentId":"427e2097-2115-44bd-9d21-42d29b9c070d","__parent":"RaceWaypoints","position":[428.303009,781.758667,170.191513],"scale":[1.95484936,1.95484936,1.95484936]}
{"name":"blrwp_crossroadsraceaiwp3","class":"BeamNGWaypoint","persistentId":"ff77c9a2-83fe-4fa4-8c1c-2847d03f65dc","__parent":"RaceWaypoints","position":[-1587.53174,1268.69604,167.702362],"scale":[1.95484936,1.95484936,1.95484936]}
{"name":"blrwp_crossroadsraceaiwp4","class":"BeamNGWaypoint","persistentId":"c7ae19ba-276c-4b3a-9de0-04f329409f04","__parent":"RaceWaypoints","position":[-1539.54407,1278.30298,171.842712],"scale":[1.95484936,1.95484936,1.95484936]}
{"name":"blrwp_vineyardracecp65","class":"BeamNGWaypoint","persistentId":"1a5fc40f-930d-4a2b-9a99-5ab5a488ddc6","__parent":"RaceWaypoints","position":[1219.13928,853.0802,181.277252],"scale":[1.96057558,1.96057558,1.96057558]}
{"name":"blrwp_vineyardracecp66","class":"BeamNGWaypoint","persistentId":"94617075-7ac3-422a-ba24-e86535ac1226","__parent":"RaceWaypoints","position":[808.332458,1316.97888,144.396729],"scale":[3.88538027,3.88538027,3.88538027]}
{"name":"blrwp_vineyardracecp67","class":"BeamNGWaypoint","persistentId":"db917ffe-9bb7-47cc-8559-ac86f5bdbd6b","__parent":"RaceWaypoints","position":[679.734741,1379.53918,143.567291],"scale":[3.88538027,3.88538027,3.88538027]}
{"name":"blrwp_vineyardracecp68","class":"BeamNGWaypoint","persistentId":"7721fab1-79c3-4dd5-bd0e-c2a295b8eaa8","__parent":"RaceWaypoints","position":[660.553345,1451.823,138.934845],"scale":[2.21291876,2.21291876,2.21291876]}
{"name":"blrwp_vineyardracecp69","class":"BeamNGWaypoint","persistentId":"84b70b39-bee7-4d89-87e5-12eb77178f42","__parent":"RaceWaypoints","position":[482.030304,1480.32776,138.934845],"scale":[2.21291876,2.21291876,2.21291876]}
{"name":"blrwp_vineyardracecp70","class":"BeamNGWaypoint","persistentId":"b7dbddd7-645a-42d2-83b7-06fdd2ba4e39","__parent":"RaceWaypoints","position":[464.526215,1501.94995,139.003204],"scale":[2.21291876,2.21291876,2.21291876]}
{"name":"blrwp_vineyardracecp71","class":"BeamNGWaypoint","persistentId":"23fc0e8c-0026-4c0e-b2a2-04b277efec45","__parent":"RaceWaypoints","position":[406.537323,1604.26782,141.985107],"scale":[2.21291876,2.21291876,2.21291876]}
{"name":"blrwp_vineyardracecp72","class":"BeamNGWaypoint","persistentId":"bdd5128b-42af-4774-8893-457b7b107a37","__parent":"RaceWaypoints","position":[370.176514,1385.24365,163.726685],"scale":[2.21291876,2.21291876,2.21291876]}
{"name":"blrwp_vineyardracecp73","class":"BeamNGWaypoint","persistentId":"64956711-f0df-427f-9906-df8fe3a5e0a9","__parent":"RaceWaypoints","position":[331.72345,1312.03784,168.073471],"scale":[2.21291876,2.21291876,2.21291876]}
{"name":"blrwp_vineyardraceaiwp33","class":"BeamNGWaypoint","persistentId":"756ee100-d44b-4f2d-9336-aa597d2cb051","__parent":"RaceWaypoints","position":[1493.7865,1272.06396,153.065277],"scale":[1.96057558,1.96057558,1.96057558]}
{"name":"blrwp_vineyardraceaiwp34","class":"BeamNGWaypoint","persistentId":"7eb4c5f6-0710-478d-97c2-086d8622743e","__parent":"RaceWaypoints","position":[704.442383,1377.07593,144.69725],"scale":[3.88538027,3.88538027,3.88538027]}
{"name":"blrwp_vineyardracecp74","class":"BeamNGWaypoint","persistentId":"114dbdd3-2465-4765-91e5-e222d7b91ee7","__parent":"RaceWaypoints","position":[532.556213,1245.37158,173.91835],"scale":[2.21291876,2.21291876,2.21291876]}
{"name":"blrwp_vineyardracecp75","class":"BeamNGWaypoint","persistentId":"87b74dca-68e5-4816-b045-7842b4788928","__parent":"RaceWaypoints","position":[962.320374,1211.54382,148.036377],"scale":[3.88538027,3.88538027,3.88538027]}
{"name":"blrwp_vineyardracecp76","class":"BeamNGWaypoint","persistentId":"64050c19-e82d-432c-8978-9519be3ef8cc","__parent":"RaceWaypoints","position":[962.320374,1269.1781,146.962021],"scale":[3.88538027,3.88538027,3.88538027]}
{"name":"blrwp_vineyardracecp77","class":"BeamNGWaypoint","persistentId":"d7fe71bf-4be2-4ed6-9482-7a893695b028","__parent":"RaceWaypoints","position":[939.565063,1321.20764,143.904648],"scale":[2.23401356,2.23401356,2.23401356]}
{"name":"blrwp_vineyardracecp78","class":"BeamNGWaypoint","persistentId":"136706e2-cc0e-4379-a98d-87d9d4db4fb3","__parent":"RaceWaypoints","position":[362.653931,1320.1344,167.670456],"scale":[2.21291876,2.21291876,2.21291876]}
{"name":"blrwp_vineyardracecp79","class":"BeamNGWaypoint","persistentId":"36ec974e-b237-43d2-89c1-76f68f72cdc6","__parent":"RaceWaypoints","position":[558.542114,1237.99292,175.860855],"scale":[2.21291876,2.21291876,2.21291876]}
{"name":"blrwp_crossroadsracecp49","class":"BeamNGWaypoint","persistentId":"583418c4-bff3-4b87-97ce-9a70218bd3d3","__parent":"RaceWaypoints","position":[1349.74463,829.338562,191.463303],"scale":[1.96057558,1.96057558,1.96057558]}
{"name":"blrwp_crossroadsracecp50","class":"BeamNGWaypoint","persistentId":"0aeb14eb-2a30-494b-b8e7-eccc1725bfa8","__parent":"RaceWaypoints","position":[1452.3479,899.055176,209.617111],"scale":[1.96057558,1.96057558,1.96057558]}
{"name":"blrwp_crossroadsracecp51","class":"BeamNGWaypoint","persistentId":"195dc764-4305-4aaf-8381-1f25fff56794","__parent":"RaceWaypoints","position":[1444.11987,804.351685,207.642242],"scale":[1.39963806,1.39963806,1.39963806]}
{"name":"blrwp_crossroadsracecp52","class":"BeamNGWaypoint","persistentId":"740bb1f1-7202-4a33-bf49-d08d69fcf86c","__parent":"RaceWaypoints","position":[1422.18713,739.681274,216.586533],"scale":[1.39963806,1.39963806,1.39963806]}
{"name":"blrwp_crossroadsracecp53","class":"BeamNGWaypoint","persistentId":"4dca3044-d3f0-41da-b4cf-dd826246a7e0","__parent":"RaceWaypoints","position":[1405.00537,702.139038,220.87706],"scale":[1.39963806,1.39963806,1.39963806]}
{"name":"blrwp_crossroadsracecp54","class":"BeamNGWaypoint","persistentId":"a393d8ac-172d-4f3b-97a5-c815b018e8ae","__parent":"RaceWaypoints","position":[1338.57898,605.851074,223.37056],"scale":[1.39963806,1.39963806,1.39963806]}
{"name":"blrwp_crossroadsracecp55","class":"BeamNGWaypoint","persistentId":"0586edbf-f2ae-42bc-b802-8bd47d9b9c9b","__parent":"RaceWaypoints","position":[1268.91602,488.502289,225.46022],"scale":[1.39963806,1.39963806,1.39963806]}
{"name":"blrwp_crossroadsracecp56","class":"BeamNGWaypoint","persistentId":"fb986ace-8059-423a-b024-bbeaa75a8186","__parent":"RaceWaypoints","position":[1184.60474,345.023376,241.115417],"scale":[1.39963806,1.39963806,1.39963806]}
{"name":"blrwp_crossroadsracecp57","class":"BeamNGWaypoint","persistentId":"adef711c-c025-4787-9c0f-2b60c5dc8d4d","__parent":"RaceWaypoints","position":[1174.44775,327.90799,243.516266],"scale":[1.39963806,1.39963806,1.39963806]}
{"name":"blrwp_crossroadsracecp58","class":"BeamNGWaypoint","persistentId":"5a3f7202-7831-4bfd-85b8-a768154152af","__parent":"RaceWaypoints","position":[1151.80029,291.266571,246.81601],"scale":[1.39963806,1.39963806,1.39963806]}
{"name":"blrwp_crossroadsracecp59","class":"BeamNGWaypoint","persistentId":"456a6117-e8ff-4632-afd5-f22ce379caf6","__parent":"RaceWaypoints","position":[1116.25024,274.033997,249.437927],"scale":[2.10237241,2.10237241,2.10237241]}
{"name":"blrwp_crossroadsracecp60","class":"BeamNGWaypoint","persistentId":"047d6682-4ba4-44c0-8f1e-654b19c91559","__parent":"RaceWaypoints","position":[1057.92468,122.435852,243.217361],"scale":[1.36330986,1.36330986,1.36330986]}
{"name":"blrwp_crossroadsracecp61","class":"BeamNGWaypoint","persistentId":"6e3e8e27-fdca-4cf7-aa27-e8a869af6691","__parent":"RaceWaypoints","position":[1028.93469,56.7095375,238.70607],"scale":[1.36330986,1.36330986,1.36330986]}
{"name":"blrwp_crossroadsracecp62","class":"BeamNGWaypoint","persistentId":"ea817340-d83d-42d5-b25c-e3a2d5e3765f","__parent":"RaceWaypoints","position":[973.504211,2.28059006,235.192184],"scale":[1.36330986,1.36330986,1.36330986]}
{"name":"blrwp_crossroadsracecp63","class":"BeamNGWaypoint","persistentId":"b3ab911c-b170-4f37-8596-77930dbcf565","__parent":"RaceWaypoints","position":[912.268127,-65.4487762,231.542999],"scale":[1.36330986,1.36330986,1.36330986]}
{"name":"blrwp_crossroadsracecp64","class":"BeamNGWaypoint","persistentId":"009d326a-5ab9-4908-81c2-9204b3391eb6","__parent":"RaceWaypoints","position":[882.80542,-86.3465118,230.25415],"scale":[1.36330986,1.36330986,1.36330986]}
{"name":"blrwp_crossroadsracecp65","class":"BeamNGWaypoint","persistentId":"844ae710-566d-4fa4-baf5-c50002f99e83","__parent":"RaceWaypoints","position":[987.542725,63.2703323,225.650406],"scale":[1.36330986,1.36330986,1.36330986]}
{"name":"blrwp_crossroadsracecp66","class":"BeamNGWaypoint","persistentId":"b9502562-d6de-4062-b916-457f214c550b","__parent":"RaceWaypoints","position":[1003.96521,172.585052,225.174881],"scale":[1.36330986,1.36330986,1.36330986]}
{"name":"blrwp_crossroadsracecp67","class":"BeamNGWaypoint","persistentId":"fbc95584-9614-4a0f-8185-1789b891772e","__parent":"RaceWaypoints","position":[932.351685,25.666584,214.768539],"scale":[1.36330986,1.36330986,1.36330986]}
{"name":"blrwp_crossroadsracecp68","class":"BeamNGWaypoint","persistentId":"f80de5c0-e338-4c99-9e6f-5742f4db9ba0","__parent":"RaceWaypoints","position":[914.845215,-7.30901289,213.000885],"scale":[1.36330986,1.36330986,1.36330986]}
{"name":"blrwp_crossroadsracecp69","class":"BeamNGWaypoint","persistentId":"e7e8b6da-1edd-423f-8120-fce68af47fe1","__parent":"RaceWaypoints","position":[633.100952,87.4397812,192.651474],"scale":[1.36330986,1.36330986,1.36330986]}
{"name":"blrwp_crossroadsracecp70","class":"BeamNGWaypoint","persistentId":"2217a089-1da8-4b12-bd50-894bc06b7b99","__parent":"RaceWaypoints","position":[612.646362,89.0888519,191.187515],"scale":[1.36330986,1.36330986,1.36330986]}
{"name":"blrwp_crossroadsracecp71","class":"BeamNGWaypoint","persistentId":"829d104d-70f5-443c-913f-3b11d9269e5d","__parent":"RaceWaypoints","position":[717.13147,131.29866,185.548706],"scale":[1.36330986,1.36330986,1.36330986]}
{"name":"blrwp_crossroadsracecp72","class":"BeamNGWaypoint","persistentId":"598f5455-118c-4db6-b132-81c72dbb6727","__parent":"RaceWaypoints","position":[748.500366,158.531067,185.619522],"scale":[1.36330986,1.36330986,1.36330986]}
{"name":"blrwp_crossroadsracecp73","class":"BeamNGWaypoint","persistentId":"a71a1579-07e4-4a32-82fc-3c4abc722f15","__parent":"RaceWaypoints","position":[770.338806,180.820526,184.300064],"scale":[1.36330986,1.36330986,1.36330986]}
{"name":"blrwp_crossroadsracecp74","class":"BeamNGWaypoint","persistentId":"84cb33df-dd57-48ba-90d2-00f8c6c02ff1","__parent":"RaceWaypoints","position":[778.928772,312.291626,174.265564],"scale":[1.36330986,1.36330986,1.36330986]}
{"name":"blrwp_crossroadsracecp75","class":"BeamNGWaypoint","persistentId":"74a2e6ef-7d3d-4db0-a528-d26abb2ffe8d","__parent":"RaceWaypoints","position":[840.610657,452.942078,179.692627],"scale":[1.36330986,1.36330986,1.36330986]}
{"name":"blrwp_crossroadsracecp76","class":"BeamNGWaypoint","persistentId":"ff8b4c67-e6b7-41fd-a33a-0ec705126669","__parent":"RaceWaypoints","position":[1149.58203,254.871063,250.158295],"scale":[2.10237241,2.10237241,2.10237241]}
{"name":"blrwp_crossroadsracecp77","class":"BeamNGWaypoint","persistentId":"44b3c235-241f-4f26-9b71-bbb4d4988621","__parent":"RaceWaypoints","position":[1186.3573,160.203995,252.669357],"scale":[2.10237241,2.10237241,2.10237241]}
{"name":"blrwp_crossroadsracecp78","class":"BeamNGWaypoint","persistentId":"09dda383-8b5d-44ad-8feb-aca58f7aa8b1","__parent":"RaceWaypoints","position":[1232.02942,121.133621,256.627502],"scale":[1.25466728,1.25466728,1.25466728]}
{"name":"blrwp_crossroadsracecp79","class":"BeamNGWaypoint","persistentId":"79dbc3e1-d282-4bc9-8ff2-7b617b022f10","__parent":"RaceWaypoints","position":[1164.02283,-19.3881493,260.33844],"scale":[1.25466728,1.25466728,1.25466728]}
{"name":"blrwp_crossroadsracecp80","class":"BeamNGWaypoint","persistentId":"919984b1-742b-44b1-a8d1-60d4f5429c47","__parent":"RaceWaypoints","position":[1103.82654,-76.7565918,260.33844],"scale":[1.25466728,1.25466728,1.25466728]}
{"name":"blrwp_crossroadsracecp81","class":"BeamNGWaypoint","persistentId":"e98087ee-f537-4445-8621-c07c847d4d7c","__parent":"RaceWaypoints","position":[1087.21875,-164.383377,260.892609],"scale":[1.25466728,1.25466728,1.25466728]}
{"name":"blrwp_crossroadsracecp82","class":"BeamNGWaypoint","persistentId":"096fa3fc-ba63-4dbd-ab4c-e10c3061bf0a","__parent":"RaceWaypoints","position":[973.635376,-307.761017,259.369995],"scale":[1.25466728,1.25466728,1.25466728]}
{"name":"blrwp_crossroadsracecp83","class":"BeamNGWaypoint","persistentId":"5e31e9a6-0c0e-4505-a17a-0c2b82f59e68","__parent":"RaceWaypoints","position":[794.710938,-388.406769,258.004211],"scale":[1.25466728,1.25466728,1.25466728]}
{"name":"blrwp_crossroadsracecp84","class":"BeamNGWaypoint","persistentId":"d0a0914f-4fc3-40f9-8ea9-9a0140c58f60","__parent":"RaceWaypoints","position":[755.771362,-393.443909,257.580841],"scale":[1.25466728,1.25466728,1.25466728]}
{"name":"blrwp_crossroadsracecp85","class":"BeamNGWaypoint","persistentId":"2aaed168-39dc-418e-a5af-6d4c5e8d5158","__parent":"RaceWaypoints","position":[969.763489,-359.378937,235.366119],"scale":[1.25466728,1.25466728,1.25466728]}
{"name":"blrwp_crossroadsracecp86","class":"BeamNGWaypoint","persistentId":"6e40e0f8-e389-4bb2-8938-6eb9fdc1af49","__parent":"RaceWaypoints","position":[1036.50708,-330.243927,226.767914],"scale":[1.25466728,1.25466728,1.25466728]}
{"name":"blrwp_crossroadsracecp87","class":"BeamNGWaypoint","persistentId":"26854d1a-6c38-40fa-8f58-5e7b0da468f8","__parent":"RaceWaypoints","position":[1107.20178,-270.318695,219.369171],"scale":[1.25466728,1.25466728,1.25466728]}
{"name":"blrwp_crossroadsracecp88","class":"BeamNGWaypoint","persistentId":"ecf8eff8-5cea-4c54-9f30-9e0219f99028","__parent":"RaceWaypoints","position":[1213.42932,-207.584778,213.125229],"scale":[1.25466728,1.25466728,1.25466728]}
{"name":"blrwp_crossroadsracecp89","class":"BeamNGWaypoint","persistentId":"7cf64432-838e-4b01-938f-68abd0e30000","__parent":"RaceWaypoints","position":[1253.005,-156.204102,206.905914],"scale":[1.25466728,1.25466728,1.25466728]}
{"name":"blrwp_crossroadsracecp90","class":"BeamNGWaypoint","persistentId":"6aea53e6-33df-4e8e-998e-2557037910de","__parent":"RaceWaypoints","position":[1359.01404,-25.9073238,188.434219],"scale":[1.25466728,1.25466728,1.25466728]}
{"name":"blrwp_crossroadsracecp91","class":"BeamNGWaypoint","persistentId":"3b373c65-293e-4832-9f75-eddd47164a84","__parent":"RaceWaypoints","position":[1363.20337,5.47137737,186.491684],"scale":[1.25466728,1.25466728,1.25466728]}
{"name":"blrwp_crossroadsracecp92","class":"BeamNGWaypoint","persistentId":"2b55384e-1748-48dc-9c59-0c5fed99c5d2","__parent":"RaceWaypoints","position":[1378.76904,-145.453934,173.786377],"scale":[1.25466728,1.25466728,1.25466728]}
{"name":"blrwp_crossroadsracecp93","class":"BeamNGWaypoint","persistentId":"1d1c9194-9f73-4d07-96d3-fd1e22205359","__parent":"RaceWaypoints","position":[1285.96631,-242.533096,177.68222],"scale":[1.25466728,1.25466728,1.25466728]}
{"name":"blrwp_crossroadsracecp94","class":"BeamNGWaypoint","persistentId":"84bcf2ab-3625-4f72-b897-433b225e877a","__parent":"RaceWaypoints","position":[1177.19934,-281.878998,181.43605],"scale":[1.25466728,1.25466728,1.25466728]}
{"name":"blrwp_crossroadsracecp95","class":"BeamNGWaypoint","persistentId":"c8488d73-f14e-4390-b994-f565a77f20ef","__parent":"RaceWaypoints","position":[901.281372,-527.03418,181.571274],"scale":[1.25466728,1.25466728,1.25466728]}
{"name":"blrwp_crossroadsracecp96","class":"BeamNGWaypoint","persistentId":"8cc1e062-3535-48b3-9d0e-341f56aab726","__parent":"RaceWaypoints","position":[793.902039,-596.752747,185.279037],"scale":[1.25466728,1.25466728,1.25466728]}
{"name":"blrwp_crossroadsracecp97","class":"BeamNGWaypoint","persistentId":"ba8037db-c6ea-471f-a496-ada545dc13fa","__parent":"RaceWaypoints","position":[904.485291,-20.0982914,212.40773],"scale":[1.36330986,1.36330986,1.36330986]}
{"name":"blrwp_vineyardracecp80","class":"BeamNGWaypoint","persistentId":"7655316b-b8d8-4869-98c2-60b0ba0e317e","__parent":"RaceWaypoints","position":[1704.40271,1576.84192,179.325699],"scale":[1.96057558,1.96057558,1.96057558]}
{"name":"blrwp_vineyardracecp81","class":"BeamNGWaypoint","persistentId":"e5b5fc7a-93ed-48ae-bb72-d6e9085e673b","__parent":"RaceWaypoints","position":[1536.23608,1620.26819,144.805511],"scale":[1.96057558,1.96057558,1.96057558]}
{"name":"blrwp_vineyardracecp82","class":"BeamNGWaypoint","persistentId":"511d9923-291d-4c42-bd2e-1fb22874ca82","__parent":"RaceWaypoints","position":[1483.09741,1464.99231,138.472214],"scale":[1.96057558,1.96057558,1.96057558]}
{"name":"blrwp_vineyardracecp83","class":"BeamNGWaypoint","persistentId":"a58a9da6-e04a-421e-af0f-bc4b918fdd5b","__parent":"RaceWaypoints","position":[1351.75134,1419.63171,139.910248],"scale":[1.96057558,1.96057558,1.96057558]}
{"name":"blrwp_vineyardraceaiwp35","class":"BeamNGWaypoint","persistentId":"b5b02dd2-802a-4136-965b-5032d243cd21","__parent":"RaceWaypoints","position":[1710.10974,1639.67493,173.081375],"scale":[1.96057558,1.96057558,1.96057558]}
{"name":"blrwp_vineyardraceaiwp36","class":"BeamNGWaypoint","persistentId":"a4f49929-8a4f-47a0-96bf-f7996fbd45df","__parent":"RaceWaypoints","position":[1565.09558,1646.52441,149.292496],"scale":[1.96057558,1.96057558,1.96057558]}
{"name":"blrwp_vineyardraceaiwp37","class":"BeamNGWaypoint","persistentId":"016a6bfd-8fdf-445e-bc51-db76c53be596","__parent":"RaceWaypoints","position":[1500.44116,1594.5946,138.83812],"scale":[1.96057558,1.96057558,1.96057558]}
{"name":"blrwp_crossroadsracecp98","class":"BeamNGWaypoint","persistentId":"88ca6c5c-da1b-40b9-a600-80e962c77802","__parent":"RaceWaypoints","position":[1199.43018,124.412628,255.794281],"scale":[1.25466728,1.25466728,1.25466728]}
{"name":"blrwp_crossroadsracecp99","class":"BeamNGWaypoint","persistentId":"423e6b87-56c8-40d6-b565-56d131905e82","__parent":"RaceWaypoints","position":[1064.01477,-37.1686707,263.788147],"scale":[1.25466728,1.25466728,1.25466728]}
{"name":"blrwp_crossroadsracecp100","class":"BeamNGWaypoint","persistentId":"275523f2-0102-414e-a92f-0d5ccfae69d3","__parent":"RaceWaypoints","position":[1034.91223,-112.138206,272.988037],"scale":[1.25466728,1.25466728,1.25466728]}
{"name":"blrwp_crossroadsracecp101","class":"BeamNGWaypoint","persistentId":"ed0bb72d-f7cc-41aa-924c-bfa14deef16c","__parent":"RaceWaypoints","position":[936.980957,-200.374268,280.99411],"scale":[1.25466728,1.25466728,1.25466728]}
{"name":"blrwp_crossroadsracecp102","class":"BeamNGWaypoint","persistentId":"2500e7a9-31e5-4bff-a827-c9463176883e","__parent":"RaceWaypoints","position":[839.543945,-266.651367,297.694611],"scale":[1.25466728,1.25466728,1.25466728]}
{"name":"blrwp_crossroadsracecp103","class":"BeamNGWaypoint","persistentId":"4aa45579-9214-4ef0-997f-c46e6298c874","__parent":"RaceWaypoints","position":[722.535034,-362.771851,318.829712],"scale":[1.25466728,1.25466728,1.25466728]}
{"name":"blrwp_crossroadsracecp104","class":"BeamNGWaypoint","persistentId":"bdff54dd-1390-4108-9427-424523b3bc63","__parent":"RaceWaypoints","position":[533.618652,-447.172363,338.135132],"scale":[1.25466728,1.25466728,1.25466728]}
{"name":"blrwp_crossroadsracecp105","class":"BeamNGWaypoint","persistentId":"f0f990c2-8e94-4b1d-94a1-9971e1aac906","__parent":"RaceWaypoints","position":[423.872284,-524.455017,343.805237],"scale":[1.25466728,1.25466728,1.25466728]}
{"name":"blrwp_crossroadsracecp106","class":"BeamNGWaypoint","persistentId":"55a8c85f-80ac-4ae6-8f72-e187a00ce3dc","__parent":"RaceWaypoints","position":[334.153015,-569.553528,344.006287],"scale":[1.25466728,1.25466728,1.25466728]}
{"name":"blrwp_crossroadsracecp107","class":"BeamNGWaypoint","persistentId":"ca767904-f6cc-4f9b-babc-2f5a2da94ca5","__parent":"RaceWaypoints","position":[297.163391,-581.141296,346.021942],"scale":[1.25466728,1.25466728,1.25466728]}
{"name":"blrwp_crossroadsracecp108","class":"BeamNGWaypoint","persistentId":"42348490-059e-409c-9265-4f2250a72425","__parent":"RaceWaypoints","position":[269.048737,-606.710999,346.674683],"scale":[1.25466728,1.25466728,1.25466728]}
{"name":"blrwp_crossroadsracecp109","class":"BeamNGWaypoint","persistentId":"0a18e832-7deb-48d7-ae6a-d0beca871504","__parent":"RaceWaypoints","position":[128.168365,-608.951965,355.128174],"scale":[2.06081963,2.06081963,2.06081963]}
{"name":"blrwp_crossroadsracecp110","class":"BeamNGWaypoint","persistentId":"e0c40f44-1e3e-43b8-acfe-5fd71ad8c7cc","__parent":"RaceWaypoints","position":[48.139122,-713.865479,361.380524],"scale":[2.54744101,2.54744101,2.54744101]}
{"name":"blrwp_crossroadsracecp111","class":"BeamNGWaypoint","persistentId":"c01ac5a2-e567-4ebb-8a31-41f932420783","__parent":"RaceWaypoints","position":[-9.11056614,-662.120911,365.244568],"scale":[2.00759697,2.00759697,2.00759697]}
{"name":"blrwp_crossroadsracecp112","class":"BeamNGWaypoint","persistentId":"cbd5da03-f62a-42ac-9f13-62dca6c38049","__parent":"RaceWaypoints","position":[-53.486351,-570.215027,368.808563],"scale":[2.00759697,2.00759697,2.00759697]}
{"name":"blrwp_crossroadsracecp113","class":"BeamNGWaypoint","persistentId":"289af5c7-6c6e-44d9-9233-064f52d96662","__parent":"RaceWaypoints","position":[-37.1598434,-623.346191,372.955597],"scale":[2.00759697,2.00759697,2.00759697]}
{"name":"blrwp_crossroadsracecp114","class":"BeamNGWaypoint","persistentId":"151d2001-c903-47bc-9858-8e205f8667d1","__parent":"RaceWaypoints","position":[-21.1827526,-689.931763,379.494751],"scale":[2.00759697,2.00759697,2.00759697]}
{"name":"blrwp_crossroadsracecp115","class":"BeamNGWaypoint","persistentId":"f613db09-a0f6-48ec-9186-0dedaf6ae450","__parent":"RaceWaypoints","position":[-52.0102806,-650.604309,392.771088],"scale":[2.00759697,2.00759697,2.00759697]}
{"name":"blrwp_crossroadsracecp116","class":"BeamNGWaypoint","persistentId":"0467a0c4-13fa-4247-ad3d-20e69dedbcb9","__parent":"RaceWaypoints","position":[-98.2575226,-587.539856,394.528259],"scale":[2.00759697,2.00759697,2.00759697]}
{"name":"blrwp_crossroadsracecp117","class":"BeamNGWaypoint","persistentId":"18c279eb-8fab-4ba6-b854-7fe7914cb2d9","__parent":"RaceWaypoints","position":[-306.691742,-525.353699,401.700867],"scale":[2.00759697,2.00759697,2.00759697]}
{"name":"blrwp_crossroadsracecp118","class":"BeamNGWaypoint","persistentId":"02955fc6-bd93-4066-8a82-cd6c95d51398","__parent":"RaceWaypoints","position":[-393.83905,-545.797729,402.933533],"scale":[2.00759697,2.00759697,2.00759697]}
{"name":"blrwp_crossroadsracecp119","class":"BeamNGWaypoint","persistentId":"96c2bc08-2380-41df-9c30-1d87f47cb7a4","__parent":"RaceWaypoints","position":[-440.58963,-573.756531,405.306854],"scale":[1.36116147,1.36116147,1.36116147]}
{"name":"blrwp_crossroadsracecp120","class":"BeamNGWaypoint","persistentId":"df2591f4-2cb2-4e26-9dc6-9654187f6798","__parent":"RaceWaypoints","position":[-499.347778,-574.736389,407.686768],"scale":[1.36116147,1.36116147,1.36116147]}
{"name":"blrwp_crossroadsracecp121","class":"BeamNGWaypoint","persistentId":"6e3ddb47-e2f5-411a-a3c8-cc1631c15d05","__parent":"RaceWaypoints","position":[-790.953064,-636.44281,407.318695],"scale":[1.36116147,1.36116147,1.36116147]}
{"name":"blrwp_crossroadsracecp122","class":"BeamNGWaypoint","persistentId":"275b5092-c041-472b-8960-c149992978ce","__parent":"RaceWaypoints","position":[-862.022522,-630.327332,407.221344],"scale":[1.36116147,1.36116147,1.36116147]}
{"name":"blrwp_crossroadsracecp123","class":"BeamNGWaypoint","persistentId":"7d26c505-de2f-40a9-9023-8f9b62cee20b","__parent":"RaceWaypoints","position":[-930.661682,-638.355225,407.221344],"scale":[1.36116147,1.36116147,1.36116147]}
{"name":"blrwp_crossroadsracecp124","class":"BeamNGWaypoint","persistentId":"db09e381-6437-4b4d-85ad-1755e5f0ff70","__parent":"RaceWaypoints","position":[-998.988525,-725.054932,407.133606],"scale":[1.36116147,1.36116147,1.36116147]}
{"name":"blrwp_vineyardraceaiwp38","class":"BeamNGWaypoint","persistentId":"6f25b2bb-7f55-453a-8b60-b82af3a30aa9","__parent":"RaceWaypoints","position":[525.69281,1416.40002,148.506546],"scale":[3.88538027,3.88538027,3.88538027]}
{"name":"blrwp_crossroadsraceaiwp5","class":"BeamNGWaypoint","persistentId":"a98a2f7b-204f-4eb0-a2a5-0f7bd82b2823","__parent":"RaceWaypoints","position":[653.919434,85.8242493,194.351593],"scale":[1.36330986,1.36330986,1.36330986]}
{"name":"blrwp_crossroadsraceaiwp6","class":"BeamNGWaypoint","persistentId":"d27da7f2-0822-4c62-9891-e9e7ad967367","__parent":"RaceWaypoints","position":[680.043945,83.6897125,195.841034],"scale":[1.36330986,1.36330986,1.36330986]}
{"name":"blrwp_crossroadsraceaiwp7","class":"BeamNGWaypoint","persistentId":"0f106d8a-be24-4391-9178-6fa12ef47179","__parent":"RaceWaypoints","position":[943.572998,-365.288757,238.406357],"scale":[1.25466728,1.25466728,1.25466728]}
{"name":"blrwp_crossroadsraceaiwp8","class":"BeamNGWaypoint","persistentId":"076d25f6-7c63-44f7-aee8-2e2e95a0dc4f","__parent":"RaceWaypoints","position":[1350.21338,-76.6613159,192.522064],"scale":[1.25466728,1.25466728,1.25466728]}
{"name":"blrwp_crossroadsraceaiwp9","class":"BeamNGWaypoint","persistentId":"c71ec742-688d-46e3-96de-cfccda71b822","__parent":"RaceWaypoints","position":[1210.42297,1315.33887,142.083847],"scale":[1.96057558,1.96057558,1.96057558]}
{"name":"blrwp_crossroadsraceaiwp10","class":"BeamNGWaypoint","persistentId":"758eeed3-b157-49f2-b4f0-c9b705c3159d","__parent":"RaceWaypoints","position":[1220.25012,405.351288,232.426895],"scale":[1.39963806,1.39963806,1.39963806]}
