{"class":"TSStatic","persistentId":"00583e74-bcf0-43c3-83ab-e175dcdbb0e6","__parent":"construction_site","position":[-913.918701,619.444763,274.525696],"annotation":"OBSTACLES","isRenderEnabled":false,"rotationMatrix":[0.378338009,0.925667882,0,-0.925667882,0.378338009,0,0,0,1],"shapeName":"/levels/utah/art/shapes/buildings/ut_Hbar.DAE"}
{"class":"TSStatic","persistentId":"1507e4a6-bd33-4e2f-806a-2c2512207d37","__parent":"construction_site","position":[-925.189087,588.955994,270.229523],"annotation":"OBSTACLES","isRenderEnabled":false,"rotationMatrix":[-0.76309365,0.646286011,0,-0.646286011,-0.76309365,0,0,0,1],"shapeName":"/levels/utah/art/shapes/buildings/ut_brick_pallet.DAE"}
{"class":"TSStatic","persistentId":"174f4a72-2066-44e3-90cd-ec6cd197c4c3","__parent":"construction_site","position":[-885.821411,637.246155,266.096008],"annotation":"OBSTACLES","isRenderEnabled":false,"rotationMatrix":[-0.714727759,0.69940412,0,-0.69940412,-0.714727759,0,0,0,1],"shapeName":"/levels/Utah/art/shapes/buildings/ut_concrete_bag.DAE"}
{"class":"TSStatic","persistentId":"1cfdd825-9c9b-4b70-b1f0-05f1c430c03d","__parent":"construction_site","position":[-909.855042,615.598755,265.090851],"annotation":"OBSTACLES","decalType":"None","isRenderEnabled":false,"rotationMatrix":[-0.403367281,-0.915038168,0,0.915038228,-0.403367311,0,0,0,1],"shapeName":"/levels/utah/art/shapes/buildings/ut_Hbar.DAE"}
{"class":"TSStatic","persistentId":"23b3930d-4642-413a-a4d6-9318d06be559","__parent":"construction_site","position":[-913.161438,626.473572,270.231781],"annotation":"OBSTACLES","isRenderEnabled":false,"rotationMatrix":[-0.978900135,-0.204332501,0,0.204332501,-0.978900135,0,0,0,1],"shapeName":"/levels/utah/art/shapes/buildings/ut_brick_pallet.DAE"}
{"class":"TSStatic","persistentId":"2601116c-c697-408d-b562-2a49dc329c9c","__parent":"construction_site","position":[-899.706909,587.864807,270.619904],"annotation":"OBSTACLES","isRenderEnabled":false,"rotationMatrix":[-0.330158651,0.081607461,-0.940390646,-0.165169969,-0.985878646,-0.0275661722,-0.929361522,0.146223232,0.338974535],"shapeName":"/levels/Utah/art/shapes/buildings/ut_pallet.DAE"}
{"class":"TSStatic","persistentId":"2690006e-8bfc-4f17-94f6-e88f936c3e47","__parent":"construction_site","position":[-924.537109,610.390747,265.929535],"annotation":"OBSTACLES","isRenderEnabled":false,"rotationMatrix":[-0.98692894,0.161156178,0,-0.161156178,-0.98692894,0,0,0,1],"shapeName":"/levels/Utah/art/shapes/buildings/ut_concrete_bag.DAE"}
{"class":"TSStatic","persistentId":"28231b88-b271-4ea4-8048-1d477af94357","__parent":"construction_site","position":[-910.05896,602.027405,264.564941],"annotation":"OBSTACLES","decalType":"Visible Mesh","isRenderEnabled":false,"rotationMatrix":[0.889213204,-0.457494408,0,0.457494408,0.889213204,0,0,0,1],"shapeName":"/levels/utah/art/shapes/buildings/ut_clean_debris.DAE"}
{"class":"TSStatic","persistentId":"2c28a619-722f-4081-bb6d-cedfae5b7bd3","__parent":"construction_site","position":[-913.067627,600.13092,264.976013],"annotation":"OBSTACLES","decalType":"Visible Mesh","isRenderEnabled":false,"rotationMatrix":[-0.454575449,-0.890708387,0,0.890708387,-0.454575449,0,0,0,1],"scale":[1,1,0.896459937],"shapeName":"/levels/utah/art/shapes/buildings/ut_clean_debris.DAE"}
{"class":"TSStatic","persistentId":"3b1e87d3-0187-45d3-9bd9-70979fb3fdd9","__parent":"construction_site","position":[-913.34729,580.924561,265.929535],"annotation":"OBSTACLES","decalType":"None","isRenderEnabled":false,"shapeName":"/levels/utah/art/shapes/buildings/ut_Hbar.DAE"}
{"class":"TSStatic","persistentId":"3c1ee9c4-ed55-45d7-ad5b-50ea0b0470d1","__parent":"construction_site","position":[-936.31366,604.11499,261.92572],"annotation":"OBSTACLES","decalType":"None","isRenderEnabled":false,"rotationMatrix":[-0.383898973,-0.92337507,0,0.92337507,-0.383898973,0,0,0,1],"shapeName":"/levels/utah/art/shapes/buildings/ut_Hbar.DAE"}
{"class":"TSStatic","persistentId":"3d0d4862-1bba-490a-bb76-c4d8f593f1e2","__parent":"construction_site","position":[-910.474609,614.225403,264.945374],"annotation":"OBSTACLES","decalType":"None","isRenderEnabled":false,"rotationMatrix":[-0.905288219,0.424797982,0,-0.424797982,-0.905288219,0,0,0,1],"shapeName":"/levels/Utah/art/shapes/buildings/ut_pallet.DAE"}
{"class":"TSStatic","persistentId":"4b3396be-e1d3-4215-a189-1831ff75f9be","__parent":"construction_site","position":[-912.91095,615.716248,265.324005],"annotation":"OBSTACLES","decalType":"None","isRenderEnabled":false,"rotationMatrix":[1,0,0,0,0.191912144,0.981412232,0,-0.981412232,0.191912144],"shapeName":"/levels/Utah/art/shapes/buildings/ut_trash_bag.DAE"}
{"class":"TSStatic","persistentId":"544fa6a9-f804-46a5-870c-457ef0515646","__parent":"construction_site","position":[-885.944031,637.08728,265.929535],"annotation":"OBSTACLES","isRenderEnabled":false,"rotationMatrix":[-0.562938809,-0.826498628,0,0.826498628,-0.562938809,0,0,0,1],"shapeName":"/levels/Utah/art/shapes/buildings/ut_concrete_bag.DAE"}
{"class":"TSStatic","persistentId":"5de25f33-9d6a-4608-87a6-0da0b6ee434f","__parent":"construction_site","position":[-910.645142,615.880554,264.945374],"annotation":"OBSTACLES","decalType":"None","isRenderEnabled":false,"rotationMatrix":[0.876497984,-0.48140502,0,0.48140502,0.876497984,0,0,0,1],"shapeName":"/levels/Utah/art/shapes/buildings/ut_pallet.DAE"}
{"class":"TSStatic","persistentId":"61bea9c0-987a-458c-abab-90ccb6aa5821","__parent":"construction_site","position":[-938.318604,602.054443,261.929535],"annotation":"OBSTACLES","decalType":"None","isRenderEnabled":false,"rotationMatrix":[0.439884394,0.898054421,0,-0.898054421,0.439884394,0,0,0,1],"shapeName":"/levels/utah/art/shapes/buildings/ut_Hbar.DAE"}
{"class":"TSStatic","persistentId":"62f3fc11-f5f4-442e-bb6d-6c78d3e58232","__parent":"construction_site","position":[-914.122192,581.566956,265.929535],"annotation":"OBSTACLES","decalType":"None","isRenderEnabled":false,"rotationMatrix":[-0.998112142,0.061416477,0,-0.061416477,-0.998112142,0,0,0,1],"shapeName":"/levels/utah/art/shapes/buildings/ut_Hbar.DAE"}
{"class":"TSStatic","persistentId":"657cc27e-2a30-4b83-a023-6d1fdeeeb1a5","__parent":"construction_site","position":[-929.865601,592.015076,270.229523],"annotation":"OBSTACLES","isRenderEnabled":false,"rotationMatrix":[0.997091472,0.0762140378,0,-0.0762140378,0.997091472,0,0,0,1],"scale":[0.49996379,0.49996379,0.683809161],"shapeName":"/levels/utah/art/shapes/buildings/ut_clean_debris.DAE"}
{"class":"TSStatic","persistentId":"65cc0ffc-e64e-4282-bfd9-07aceead864c","__parent":"construction_site","position":[-909.290955,618.568237,264.945374],"annotation":"OBSTACLES","isRenderEnabled":false,"rotationMatrix":[0.876497984,-0.48140502,0,0.48140502,0.876497984,0,0,0,1],"shapeName":"/levels/Utah/art/shapes/buildings/ut_pallet.DAE"}
{"class":"TSStatic","persistentId":"6876f7ae-8ddc-4c0b-9612-83500edbfb5b","__parent":"construction_site","position":[-892.521606,635.942444,265.929535],"annotation":"OBSTACLES","decalType":"None","isRenderEnabled":false,"rotationMatrix":[-0.482249439,0.876033306,0,-0.876033306,-0.482249439,0,0,0,1],"shapeName":"/levels/utah/art/shapes/buildings/ut_camp_chair.DAE"}
{"class":"TSStatic","persistentId":"7030939d-f4ca-4ea3-b5ae-2fd69ed2f7ef","__parent":"construction_site","position":[-910.371887,580.859497,265.92572],"annotation":"OBSTACLES","decalType":"None","isRenderEnabled":false,"rotationMatrix":[-0.452747375,-0.891638696,0,0.891638696,-0.452747375,0,0,0,1],"shapeName":"/levels/utah/art/shapes/buildings/ut_Hbar.DAE"}
{"class":"TSStatic","persistentId":"76611fca-0837-499d-ac8f-b4d64e99961d","__parent":"construction_site","position":[-909.293579,616.993896,264.945374],"annotation":"OBSTACLES","isRenderEnabled":false,"rotationMatrix":[-0.905288219,0.424797982,0,-0.424797982,-0.905288219,0,0,0,1],"shapeName":"/levels/Utah/art/shapes/buildings/ut_pallet.DAE"}
{"class":"TSStatic","persistentId":"86b994b1-6d32-4905-975b-97727a0501b4","__parent":"construction_site","position":[-909.996826,617.236633,265.090851],"annotation":"OBSTACLES","decalType":"None","isRenderEnabled":false,"rotationMatrix":[0.460635394,0.887589633,0,-0.887589633,0.460635394,0,0,0,1],"shapeName":"/levels/utah/art/shapes/buildings/ut_Hbar.DAE"}
{"class":"TSStatic","persistentId":"8c4b1300-aa2a-40e3-b353-c04318b6a14a","__parent":"construction_site","position":[-887.377197,639.766418,265.259491],"annotation":"OBSTACLES","decalType":"Visible Mesh","isRenderEnabled":false,"rotationMatrix":[0.244228855,0.969717562,0,-0.969717562,0.244228855,0,0,0,1],"shapeName":"/levels/utah/art/shapes/buildings/ut_clean_debris.DAE"}
{"class":"TSStatic","persistentId":"964984e8-f305-4f24-b534-70f63914da67","__parent":"construction_site","position":[-891.29126,635.901123,265.929535],"annotation":"OBSTACLES","decalType":"None","isRenderEnabled":false,"rotationMatrix":[0.778382301,0.627789974,0,-0.627789974,0.778382301,0,0,0,1],"shapeName":"/levels/utah/art/shapes/buildings/ut_camp_chair.DAE"}
{"class":"TSStatic","persistentId":"a52a4a40-957a-4f38-bca1-d0cf99598eff","__parent":"construction_site","position":[-913.411804,614.996765,265.182037],"annotation":"OBSTACLES","decalType":"None","isRenderEnabled":false,"shapeName":"/levels/Utah/art/shapes/buildings/ut_trash_bag.DAE"}
{"class":"TSStatic","persistentId":"a6393985-e8ce-47cb-9cd2-2c1904e5870b","__parent":"construction_site","position":[-923.637146,610.17926,265.929535],"annotation":"OBSTACLES","isRenderEnabled":false,"rotationMatrix":[-0.562938809,-0.826498628,0,0.826498628,-0.562938809,0,0,0,1],"shapeName":"/levels/Utah/art/shapes/buildings/ut_concrete_bag.DAE"}
{"class":"TSStatic","persistentId":"a72acf90-e7a6-466f-acb0-3acec6117aa4","__parent":"construction_site","position":[-928.573547,591.471252,270.229523],"annotation":"OBSTACLES","isRenderEnabled":false,"rotationMatrix":[-0.0632232428,-0.99799943,0,0.99799943,-0.0632232428,0,0,0,1],"scale":[0.49996379,0.49996379,0.683809161],"shapeName":"/levels/utah/art/shapes/buildings/ut_clean_debris.DAE"}
{"class":"TSStatic","persistentId":"b352af16-c256-4926-bf0f-5c16ec94af94","__parent":"construction_site","position":[-908.970703,635.502563,265.92572],"annotation":"OBSTACLES","decalType":"None","isRenderEnabled":false,"rotationMatrix":[0.521053195,-0.853524029,0,0.853524089,0.521053135,0,0,0,1],"shapeName":"/levels/utah/art/shapes/buildings/ut_Hbar.DAE"}
{"class":"TSStatic","persistentId":"b9107625-5993-47a3-9c79-7e0dc54c67fd","__parent":"construction_site","position":[-936.085693,606.959961,261.92572],"annotation":"OBSTACLES","decalType":"None","isRenderEnabled":false,"rotationMatrix":[0.439884394,0.898054421,0,-0.898054421,0.439884394,0,0,0,1],"shapeName":"/levels/utah/art/shapes/buildings/ut_Hbar.DAE"}
{"class":"TSStatic","persistentId":"c01a9c06-c2b1-4a3e-b281-44fd4e320d64","__parent":"construction_site","position":[-885.57312,637.518188,265.929535],"annotation":"OBSTACLES","isRenderEnabled":false,"rotationMatrix":[0.450907886,0.892571211,0,-0.892571211,0.450907886,0,0,0,1],"shapeName":"/levels/Utah/art/shapes/buildings/ut_concrete_bag.DAE"}
{"class":"TSStatic","persistentId":"cae396df-a471-4283-92b3-56a9cbd9c0f3","__parent":"construction_site","position":[-913.728821,618.118286,274.525696],"annotation":"OBSTACLES","isRenderEnabled":false,"rotationMatrix":[-0.452747375,-0.891638696,0,0.891638696,-0.452747375,0,0,0,1],"shapeName":"/levels/utah/art/shapes/buildings/ut_Hbar.DAE"}
{"class":"TSStatic","persistentId":"cb9a5ab1-612d-4863-9fda-db0fbd3bf317","__parent":"construction_site","position":[-939.209412,601.585327,261.929535],"annotation":"OBSTACLES","decalType":"None","isRenderEnabled":false,"rotationMatrix":[-0.383898973,-0.92337507,0,0.92337507,-0.383898973,0,0,0,1],"shapeName":"/levels/utah/art/shapes/buildings/ut_Hbar.DAE"}
{"class":"TSStatic","persistentId":"d79a827e-667f-4bdb-ac93-664117f33df8","__parent":"construction_site","position":[-924.76001,590.480042,270.229523],"annotation":"OBSTACLES","isRenderEnabled":false,"rotationMatrix":[-0.44707787,-0.894493878,0,0.894493878,-0.44707787,0,0,0,1],"shapeName":"/levels/utah/art/shapes/buildings/ut_brick_pallet.DAE"}
{"class":"TSStatic","persistentId":"de4f4c3e-abd9-4696-93ea-2bf58f257f40","__parent":"construction_site","position":[-884.953979,635.899536,265.929535],"annotation":"OBSTACLES","decalType":"None","isRenderEnabled":false,"shapeName":"/levels/utah/art/shapes/buildings/ut_brick_pallet.DAE"}
{"class":"TSStatic","persistentId":"e107132e-eddb-498f-a373-59acbafade0f","__parent":"construction_site","position":[-940.251709,598.446716,265.813232],"annotation":"OBSTACLES","isRenderEnabled":false,"rotationMatrix":[0.908003867,-0.418961525,0,0.418961525,0.908003867,0,0,0,1],"scale":[1.08170152,1.08170152,1.08170152],"shapeName":"/levels/utah/art/shapes/buildings/ut_debris_b.DAE"}
{"class":"TSStatic","persistentId":"f630eabb-1699-458d-8b77-40d4d3f6e169","__parent":"construction_site","position":[-925.628418,596.203552,265.929535],"annotation":"BUILDINGS","decalType":"Visible Mesh","isRenderEnabled":false,"rotationMatrix":[-0.494370013,-0.869253874,0,0.869253874,-0.494370013,0,0,0,1],"shapeName":"/levels/utah/art/shapes/buildings/ut_con_site_bld.DAE"}
{"name":"ut_pallet_pile","internalName":"ut_pallet_pile","class":"Prefab","persistentId":"13a2dd84-00ec-48a5-a5b7-f1d0cf5c3f7a","__parent":"construction_site","position":[-922.906189,585.469543,262.295013],"annotation":"OBSTACLES","filename":"/levels/Utah/art/prefabs/ut_pallet_pile.prefab.json","rotationMatrix":[-0.135025948,0.990841985,0,-0.990841985,-0.135025948,0,0,0,1]}
{"name":"ut_pallet_pile_32321","internalName":"ut_pallet_pile","class":"Prefab","persistentId":"27a08823-7297-44d8-9261-d851f3000584","__parent":"construction_site","position":[-918.081787,619.046631,266.297028],"annotation":"OBSTACLES","filename":"/levels/Utah/art/prefabs/ut_pallet_pile.prefab.json"}
{"name":"ut_concretebag_pallet","internalName":"ut_concretebag_pallet","class":"Prefab","persistentId":"2fa0fe31-4e55-429a-866f-6c1e8205e9e3","__parent":"construction_site","position":[-920.678406,584.393127,262.291809],"annotation":"OBSTACLES","filename":"/levels/Utah/art/prefabs/ut_concretebag_pallet.prefab.json","rotationMatrix":[-0.814086914,0.580743134,0,-0.580743134,-0.814086914,0,0,0,1]}
{"name":"ut_trashbag_pile_a","internalName":"ut_trashbag_pile_a","class":"Prefab","persistentId":"3dc69e32-e180-41cc-a03d-1b6928610cbe","__parent":"construction_site","position":[-928.979309,605.870667,270.306152],"annotation":"OBSTACLES","filename":"/levels/Utah/art/prefabs/ut_trashbag_pile_a.prefab.json","rotationMatrix":[-0.42088294,0.907115757,0,-0.907115757,-0.42088294,0,0,0,1]}
{"name":"ut_pallet_pile_32346","internalName":"ut_pallet_pile","class":"Prefab","persistentId":"6e9a2970-5daa-484f-a397-5ba0583b3639","__parent":"construction_site","position":[-924.482849,607.342712,262.295013],"annotation":"OBSTACLES","filename":"/levels/Utah/art/prefabs/ut_pallet_pile.prefab.json","rotationMatrix":[0.279424757,0.960167646,0,-0.960167646,0.279424757,0,0,0,1]}
{"name":"ut_pallet_pile_32354","internalName":"ut_pallet_pile","class":"Prefab","persistentId":"6fbca87b-47fe-4dd6-99c1-3c45c45870bb","__parent":"construction_site","position":[-925.132812,606.270203,262.295013],"annotation":"OBSTACLES","filename":"/levels/Utah/art/prefabs/ut_pallet_pile.prefab.json","rotationMatrix":[-0.989104033,0.147218376,0,-0.147218361,-0.989104033,0,0,0,1]}
{"name":"ut_concretebag_pallet_32362","internalName":"ut_concretebag_pallet","class":"Prefab","persistentId":"7994db9a-6cf9-4597-9a20-58e87922f002","__parent":"construction_site","position":[-924.352783,609.266479,266.295654],"annotation":"OBSTACLES","filename":"/levels/Utah/art/prefabs/ut_concretebag_pallet.prefab.json"}
{"name":"ut_pallet_pile_32372","internalName":"ut_pallet_pile","class":"Prefab","persistentId":"7cc0e983-390d-4e50-9596-1d20df963252","__parent":"construction_site","position":[-924.973877,606.816345,263.192413],"annotation":"OBSTACLES","filename":"/levels/Utah/art/prefabs/ut_pallet_pile.prefab.json","rotationMatrix":[-0.989104033,0.147218376,0,-0.147218361,-0.989104033,0,0,0,1]}
{"name":"ut_concretebag_pile","internalName":"ut_concretebag_pile","class":"Prefab","persistentId":"80a4888d-c7a1-44e8-9f7d-79655abd250f","__parent":"construction_site","position":[-898.914185,587.774475,270.645905],"annotation":"OBSTACLES","filename":"/levels/Utah/art/prefabs/ut_concretebag_pile.prefab.json","rotationMatrix":[-0.913022816,-0.407907277,0,0.407907277,-0.913022816,0,0,0,1]}
{"name":"ut_concretebag_pallet_32410","internalName":"ut_concretebag_pallet","class":"Prefab","persistentId":"8f5014fa-dec5-48be-94c4-772f2ea533b6","__parent":"construction_site","position":[-917.165283,598.956543,266.294708],"annotation":"OBSTACLES","filename":"/levels/Utah/art/prefabs/ut_concretebag_pallet.prefab.json","rotationMatrix":[-0.616858602,-0.787073851,0,0.787073851,-0.616858602,0,0,0,1]}
{"name":"ut_pallet_pile_32420","internalName":"ut_pallet_pile","class":"Prefab","persistentId":"a6071baf-8a8a-452f-9070-0721f63d181c","__parent":"construction_site","position":[-922.287964,585.40332,263.192413],"annotation":"OBSTACLES","filename":"/levels/Utah/art/prefabs/ut_pallet_pile.prefab.json","rotationMatrix":[-0.135025948,0.990841985,0,-0.990841985,-0.135025948,0,0,0,1]}
{"name":"ut_pallet_pile_32428","internalName":"ut_pallet_pile","class":"Prefab","persistentId":"b2d075db-51f0-4bc2-b352-f70f6d60f20c","__parent":"construction_site","position":[-908.55188,594.247925,266.297028],"annotation":"OBSTACLES","filename":"/levels/Utah/art/prefabs/ut_pallet_pile.prefab.json"}
{"name":"ut_concretebag_pile_32436","internalName":"ut_concretebag_pile","class":"Prefab","persistentId":"c955b874-8bcb-4800-8c7b-8bf94ccc4dc7","__parent":"construction_site","position":[-920.617981,588.13092,274.942841],"annotation":"OBSTACLES","filename":"/levels/Utah/art/prefabs/ut_concretebag_pile.prefab.json","rotationMatrix":[-0.304406762,0.952541471,0,-0.952541471,-0.304406762,0,0,0,1]}
{"name":"ut_trashbag_pile_a_32466","internalName":"ut_trashbag_pile_a","class":"Prefab","persistentId":"cae3ba4a-3995-4bb2-aed5-69f84c215a9c","__parent":"construction_site","position":[-915.095459,614.74292,266.004578],"annotation":"OBSTACLES","filename":"/levels/Utah/art/prefabs/ut_trashbag_pile_a.prefab.json","rotationMatrix":[-0.42088294,0.907115757,0,-0.907115757,-0.42088294,0,0,0,1]}
{"name":"ut_concretebag_pallet_32473","internalName":"ut_concretebag_pallet","class":"Prefab","persistentId":"dec0e624-e363-40ce-ab7c-b6c325dadfe7","__parent":"construction_site","position":[-907.5354,593.495728,266.293823],"annotation":"OBSTACLES","filename":"/levels/Utah/art/prefabs/ut_concretebag_pallet.prefab.json","rotationMatrix":[-0.814086914,0.580743134,0,-0.580743134,-0.814086914,0,0,0,1]}
{"name":"ut_concretebag_pallet_32483","internalName":"ut_concretebag_pallet","class":"Prefab","persistentId":"ed5c8e35-7971-499f-9c31-b2393e9af4c9","__parent":"construction_site","position":[-919.299438,596.311951,270.598297],"annotation":"OBSTACLES","filename":"/levels/Utah/art/prefabs/ut_concretebag_pallet.prefab.json","rotationMatrix":[0.716196537,0.697898805,0,-0.697898805,0.716196537,0,0,0,1]}
{"name":"ut_concretebag_pallet_32493","internalName":"ut_concretebag_pallet","class":"Prefab","persistentId":"edb229de-4049-4476-8540-7e6d95394bf1","__parent":"construction_site","position":[-884.602661,637.754456,266.296661],"annotation":"OBSTACLES","filename":"/levels/Utah/art/prefabs/ut_concretebag_pallet.prefab.json"}
{"name":"ut_concretebag_pallet_32503","internalName":"ut_concretebag_pallet","class":"Prefab","persistentId":"f2e93306-de8d-402d-98af-f46a67d45873","__parent":"construction_site","position":[-883.517578,637.212769,266.296448],"annotation":"OBSTACLES","filename":"/levels/Utah/art/prefabs/ut_concretebag_pallet.prefab.json","rotationMatrix":[0.883183122,-0.469029039,0,0.469029039,0.883183122,0,0,0,1]}
{"name":"ut_pallet_pile_32513","internalName":"ut_pallet_pile","class":"Prefab","persistentId":"f6779c6d-63dd-4404-b4cf-9bbfbbd3f7b1","__parent":"construction_site","position":[-921.694885,585.145325,262.295013],"annotation":"OBSTACLES","filename":"/levels/Utah/art/prefabs/ut_pallet_pile.prefab.json"}
