{"name":"Level_Building_Open_1","class":"SFXSpace","persistentId":"64015d8c-0591-4aa5-ba87-d0f7186dbe03","__parent":"Snapshots","position":[-432.122192,355.431152,26.2538586],"locked":true,"rotationMatrix":[0.843098879,0.537758827,0.000204975717,-0.537759423,0.843098938,-0.000369108282,-0.000371340197,0.000200946815,1],"scale":[9.86545372,127.802498,10],"soundAmbience":"Level_Building_Reverb_Medium"}
{"name":"Racetrack","class":"SFXSpace","persistentId":"db61aa30-44ad-45d7-a6b4-82ffe3d039f9","__parent":"Snapshots","position":[-438.503052,325.453339,31.7909012],"locked":true,"rotationMatrix":[0.843098879,0.537758827,0.000204975717,-0.537759423,0.843098938,-0.000369108282,-0.000371340197,0.000200946815,1],"scale":[53.1062164,148.862747,21.1654243],"soundAmbience":"Level_Tunnel_Racetrack_Dynamic"}
{"name":"Racetrack_In","class":"SFXEmitter","persistentId":"db1230b9-cfba-4268-a17e-45ab00f9223a","__parent":"Snapshots","position":[-482.597534,385.84967,25.0591888],"fadeInTime":0,"fadeOutTime":0,"isLooping":false,"locked":true,"maxDistance":50,"referenceDistance":20,"rotationMatrix":[1,0,0,0,0.999999762,-0.000690533896,0,0.000690533896,0.999999762],"scale":[50,50,50],"track":"event:>Snapshot Events>Snapshot_HI_Racetrack_Position","useTrackDescriptionOnly":true}
{"name":"Racetrack_Out","class":"SFXEmitter","persistentId":"341bc700-f496-4924-894a-dab852fe2628","__parent":"Snapshots","position":[-403.493591,259.698486,24.9243355],"fadeInTime":0,"fadeOutTime":0,"isLooping":false,"locked":true,"maxDistance":50,"referenceDistance":20,"rotationMatrix":[1,0,0,0,0.999999762,-0.000690533896,0,0.000690533896,0.999999762],"scale":[50,50,50],"track":"event:>Snapshot Events>Snapshot_HI_Racetrack_Position","useTrackDescriptionOnly":true}
{"name":"Tunnel_A_Del_1","class":"SFXEmitter","persistentId":"775d691f-a298-4810-b595-3c10d705ddf7","__parent":"Snapshots","position":[-124.748482,133.246994,25.1828518],"fadeInTime":0,"fadeOutTime":0,"isLooping":false,"locked":true,"maxDistance":20,"rotationMatrix":[1,0,0,0,0.999999762,-0.000690533896,0,0.000690533896,0.999999762],"scale":[20,20,20],"track":"event:>Special>Slap Delays>Delay_09","useTrackDescriptionOnly":true}
{"name":"Tunnel_A_Del_2","class":"SFXEmitter","persistentId":"5b0a7809-d948-429a-8710-ec16c52bd1d5","__parent":"Snapshots","position":[-139.690247,157.418823,24.9768009],"fadeInTime":0,"fadeOutTime":0,"isLooping":false,"locked":true,"maxDistance":20,"rotationMatrix":[1,0,0,0,0.999999762,-0.000690533896,0,0.000690533896,0.999999762],"scale":[20,20,20],"track":"event:>Special>Slap Delays>Delay_09","useTrackDescriptionOnly":true}
{"name":"Tunnel_B_Del_1","class":"SFXEmitter","persistentId":"f52cc3c1-37cb-4f09-a8eb-445cc2131570","__parent":"Snapshots","position":[-304.834198,97.6142349,25.3230648],"fadeInTime":0,"fadeOutTime":0,"isLooping":false,"locked":true,"maxDistance":20,"rotationMatrix":[1,0,0,0,0.999999762,-0.000690533896,0,0.000690533896,0.999999762],"scale":[20,20,20],"track":"event:>Special>Slap Delays>Delay_09","useTrackDescriptionOnly":true}
{"name":"Tunnel_B_Del_2","class":"SFXEmitter","persistentId":"82c66034-231f-4d7c-b3d9-47c8590b95b6","__parent":"Snapshots","position":[-291.742462,118.510864,25.0729504],"fadeInTime":0,"fadeOutTime":0,"isLooping":false,"locked":true,"maxDistance":20,"rotationMatrix":[1,0,0,0,0.999999762,-0.000690533896,0,0.000690533896,0.999999762],"scale":[20,20,20],"track":"event:>Special>Slap Delays>Delay_09","useTrackDescriptionOnly":true}
{"name":"Tunnel_C_Del_1","class":"SFXEmitter","persistentId":"a4b4eea4-d0cc-47d0-b76e-f725428ee591","__parent":"Snapshots","position":[-212.767654,83.8814545,25.2328796],"fadeInTime":0,"fadeOutTime":0,"isLooping":false,"locked":true,"maxDistance":20,"rotationMatrix":[1,0,0,0,0.999999762,-0.000690533896,0,0.000690533896,0.999999762],"scale":[20,20,20],"track":"event:>Special>Slap Delays>Delay_09","useTrackDescriptionOnly":true}
{"name":"Tunnel_C_Del_2","class":"SFXEmitter","persistentId":"f5545c35-3381-4b82-95c5-f077f01de972","__parent":"Snapshots","position":[-204.020706,111.930595,25.090044],"fadeInTime":0,"fadeOutTime":0,"isLooping":false,"locked":true,"maxDistance":20,"rotationMatrix":[1,0,0,0,0.999999762,-0.000690533896,0,0.000690533896,0.999999762],"scale":[20,20,20],"track":"event:>Special>Slap Delays>Delay_09","useTrackDescriptionOnly":true}
{"name":"Tunnel_C_Del_3","class":"SFXEmitter","persistentId":"ba1ed94e-1968-41dd-aa48-0c52b1650702","__parent":"Snapshots","position":[-47.0338249,-0.473569393,25.6064968],"fadeInTime":0,"fadeOutTime":0,"isLooping":false,"locked":true,"maxDistance":20,"rotationMatrix":[1,0,0,0,0.999999762,-0.000690533896,0,0.000690533896,0.999999762],"scale":[20,20,20],"track":"event:>Special>Slap Delays>Delay_09","useTrackDescriptionOnly":true}
{"name":"Tunnel_C_Del_4","class":"SFXEmitter","persistentId":"423da559-b188-46f8-b2cf-249bdf84d3be","__parent":"Snapshots","position":[-62.5158958,25.6891232,24.8996601],"fadeInTime":0,"fadeOutTime":0,"isLooping":false,"locked":true,"maxDistance":20,"rotationMatrix":[1,0,0,0,0.999999762,-0.000690533896,0,0.000690533896,0.999999762],"scale":[20,20,20],"track":"event:>Special>Slap Delays>Delay_09","useTrackDescriptionOnly":true}
