{
  "additionalAttributes":{},
  "customAdditionalAttributes":{},
  "description":"Beam Legal Racing Career",
  "devNotes":{
    "devMission":false,
    "mode":"silent",
    "text":""
  },
  "grouping":{
    "id":"",
    "label":""
  },
  "missionType":"flowgraph",
  "missionTypeData":{},
  "name":"BeamLR Career",
  "retryBehaviour":"infiniteRetries",
  "startCondition":{
    "type":"always"
  },
  "startTrigger":{
    "level":"valo_city",
    "pos":[
      332.8457336,
      1016.481262,
      60.96107483
    ],
    "radius":3,
    "rot":[
      0,
      0,
      0.6433957815,
      0.7655335665
    ],
    "type":"coordinates"
  },
  "visibleCondition":{
    "type":"automatic"
  }
}