{"name":"Amb_2D","class":"SimGroup","persistentId":"85a9fbde-c878-4707-a166-77bf41d67ff3","__parent":"Audio","locked":true}
{"name":"Amb_3D","class":"SimGroup","persistentId":"78bc2eaa-a3b3-40c1-8164-230f0b416a85","__parent":"Audio","locked":true}
{"name":"Snapshots","class":"SimGroup","persistentId":"320a7d0e-92aa-44a0-80e4-c7bc253bef4f","__parent":"Audio","locked":true}
{"name":"Wind","class":"SimGroup","persistentId":"7e6dfc89-57b4-4457-9ab7-80edf4877867","__parent":"Audio","locked":true}
{"name":"Generic_Air","class":"SFXEmitter","persistentId":"4d0a8839-0ca3-4efe-8243-15133c3efe64","__parent":"Audio","position":[-814.813721,-890.69989,126.605881],"fadeInTime":0,"fadeOutTime":0,"is3D":false,"isLooping":false,"locked":true,"maxDistance":20,"scale":[20,20,20],"track":"event:>Ambient>2D>Generic_Air","useTrackDescriptionOnly":true}
{"name":"Generic_Reverb","class":"SFXEmitter","persistentId":"1d48977e-bef5-45b6-903f-e37036a09209","__parent":"Audio","position":[-926.595764,-930.78009,137.490082],"fadeInTime":0,"fadeOutTime":0,"is3D":false,"isLooping":false,"locked":true,"maxDistance":0.00999999978,"referenceDistance":0,"scale":[0.00999999978,0.00999999978,0.00999999978],"track":"snapshot:>Reverb_UT","useTrackDescriptionOnly":true}
{"name":"Generic_Wind","class":"SFXEmitter","persistentId":"5ca02893-06d7-43f3-b737-247f2eeba8ef","__parent":"Audio","position":[-814.813721,-890.69989,126.605881],"fadeInTime":0,"fadeOutTime":0,"is3D":false,"isLooping":false,"locked":true,"maxDistance":20,"scale":[20,20,20],"track":"event:>Ambient>2D>UT_Wind_Generic","useTrackDescriptionOnly":true}
