{"class":"TSStatic","persistentId":"0262abcb-082b-41ef-a366-33d66ee69596","__parent":"backdrops","position":[6516.87012,1086.52002,-162.895004],"annotation":"NATURE","isRenderEnabled":false,"shapeName":"/levels/italy/art/shapes/misc/italy_backdrop_small.dae"}
{"class":"TSStatic","persistentId":"6e4fe1e5-ae02-47ae-919a-7e96611086dc","__parent":"backdrops","position":[-14509.4766,6332.479,-164.661484],"annotation":"NATURE","isRenderEnabled":false,"rotationMatrix":[0.0149783837,0.999885917,0,-0.999885917,0.0149783837,0,0,0,1],"shapeName":"/levels/italy/art/shapes/misc/italy_backdrop_long.dae"}
{"class":"TSStatic","persistentId":"78d76ccf-c570-4b85-998a-5e1e614618dc","__parent":"backdrops","position":[111.365417,4412.06689,-11.0034103],"annotation":"NATURE","isRenderEnabled":false,"scale":[0.5,0.5,0.5],"shapeName":"/levels/italy/art/shapes/misc/italy_backdrop_tee.dae"}
{"class":"TSStatic","persistentId":"862d5453-1056-485e-b6c1-fba2ddf2eab2","__parent":"backdrops","position":[-7296.71582,6270.19678,-158.978195],"annotation":"NATURE","isRenderEnabled":false,"rotationMatrix":[-0.351962537,-0.936012208,0,0.936012208,-0.351962537,0,0,0,1],"shapeName":"/levels/italy/art/shapes/misc/italy_backdrop_long.dae"}
{"class":"TSStatic","persistentId":"aa43bc60-8904-4719-ba8e-e451cdbd1d47","__parent":"backdrops","position":[8992.7793,6934.90283,-165.193359],"annotation":"NATURE","isRenderEnabled":false,"rotationMatrix":[-0.352850735,0.93567884,0,-0.93567884,-0.352850735,0,0,0,1],"shapeName":"/levels/italy/art/shapes/misc/italy_backdrop_long.dae"}
{"class":"TSStatic","persistentId":"b0d94a98-45b7-4fb6-8521-017473d04bdd","__parent":"backdrops","position":[-6140.93164,-4042.21973,-39.719574],"annotation":"NATURE","isRenderEnabled":false,"rotationMatrix":[0.944293201,0.329100281,0,-0.329100281,0.944293201,0,0,0,1],"scale":[0.600000024,0.600000024,0.600000024],"shapeName":"/levels/italy/art/shapes/misc/italy_backdrop_curve.dae"}
{"class":"TSStatic","persistentId":"b31273a9-027a-4989-9c49-97ab985dc78f","__parent":"backdrops","position":[4707.89014,-3920.56006,-70.7923965],"annotation":"NATURE","isRenderEnabled":false,"rotationMatrix":[-0.198837757,-0.980032325,0,0.980032325,-0.198837757,0,0,0,1],"scale":[0.699999988,0.699999988,0.699999988],"shapeName":"/levels/italy/art/shapes/misc/italy_backdrop_long.dae"}
{"class":"TSStatic","persistentId":"145913af-8bfb-4db6-a4a4-efba8711ae69","__parent":"backdrops","position":[4107.95605,6141.55322,-160.91391],"annotation":"NATURE","isRenderEnabled":false,"rotationMatrix":[-0.127484262,-0.991840184,0,0.991840184,-0.127484262,0,0,0,1],"shapeName":"/levels/italy/art/shapes/misc/italy_backdrop_long.dae"}
{"class":"TSStatic","persistentId":"482c88e3-cb64-4b3f-8b2d-541889768ada","__parent":"backdrops","position":[3502.37061,10217.3975,-777.710999],"annotation":"NATURE","isRenderEnabled":false,"scale":[3,3,3],"shapeName":"/levels/italy/art/shapes/misc/italy_backdrop_small.dae"}
{"class":"TSStatic","persistentId":"4cd50e65-1198-4976-98fa-65136f420b99","__parent":"backdrops","position":[-8669.55273,9006.99414,-312.342285],"annotation":"NATURE","isRenderEnabled":false,"rotationMatrix":[0.657997489,-0.753020227,0,0.753020227,0.657997489,0,0,0,1],"scale":[3,3,1.5],"shapeName":"/levels/italy/art/shapes/misc/italy_backdrop_small.dae"}
{"class":"TSStatic","persistentId":"6d32afae-ac6c-49bb-9ebf-e0260b9148e3","__parent":"backdrops","position":[8235.83008,11975.8223,-464.460175],"annotation":"NATURE","isRenderEnabled":false,"rotationMatrix":[0.127484232,0.991840303,0,-0.991840303,0.127484232,0,0,0,1],"scale":[3,3,2],"shapeName":"/levels/italy/art/shapes/misc/italy_backdrop_long.dae"}
{"class":"TSStatic","persistentId":"80fef795-9b6d-4399-8e0d-c9ce2f91b63f","__parent":"backdrops","position":[-3588.45532,12772.458,-777.711121],"annotation":"NATURE","isRenderEnabled":false,"rotationMatrix":[-0.449580371,-0.893239915,0,0.893239915,-0.449580371,0,0,0,1],"scale":[3,3,3],"shapeName":"/levels/italy/art/shapes/misc/italy_backdrop_small.dae"}
{"class":"TSStatic","persistentId":"a6c3812e-8edd-401e-a424-2fca7d8a414e","__parent":"backdrops","position":[-2837.4082,5864.44092,-161.538788],"annotation":"NATURE","isRenderEnabled":false,"rotationMatrix":[0.127484232,0.991840303,0,-0.991840303,0.127484232,0,0,0,1],"shapeName":"/levels/italy/art/shapes/misc/italy_backdrop_long.dae"}
{"class":"TSStatic","persistentId":"c05fa82d-6ed6-4f27-9f92-3687e122a2df","__parent":"backdrops","position":[-4027.19067,8907.52148,-303.111694],"annotation":"NATURE","isRenderEnabled":false,"rotationMatrix":[0.999597132,-0.0283295214,0,0.0283295214,0.999597132,0,0,0,1],"scale":[1.5,1.5,1.5],"shapeName":"/levels/italy/art/shapes/misc/italy_backdrop_curve.dae"}
