{"name":"dealer_b_lights","class":"SimGroup","persistentId":"693a32f9-2983-49f5-8d5e-6cd3dd85e650","__parent":"dealer_b"}
{"class":"DecalRoad","persistentId":"f0cf7140-2bd0-4298-9805-b9115077dfac","__parent":"dealer_b","position":[828.168152,-20.1394329,147.530609],"improvedSpline":true,"material":"utah_asphalt_road_gravel_edge","nodes":[[828.168152,-20.1394329,147.530609,1],[827.197754,-17.7571278,147.530609,1],[828.31842,-15.9370871,147.530609,1],[831.441711,-13.9443655,147.530609,1],[833.766113,-14.3585434,147.530609,1],[834.815613,-17.5302067,147.530609,1],[833.060364,-18.9585285,147.536652,1],[831.124878,-19.8664951,147.660187,1],[829.225403,-20.3701801,147.584839,1],[827.799622,-19.6595554,147.530609,1]],"renderPriority":8,"startEndFade":[1,1],"textureLength":3.5}
{"class":"TSStatic","persistentId":"569d9a83-fa14-4ad8-958b-53493a617943","__parent":"dealer_b","position":[803.607849,4.87388229,147.653854],"isRenderEnabled":false,"rotationMatrix":[0.258818865,-0.965925813,0,0.965925813,0.258818865,0,0,0,1],"shapeName":"/art/shapes/garage_and_dealership/s_flag_floor_portrait_06.dae","useInstanceRenderData":true}
{"class":"TSStatic","persistentId":"b847936c-b2c8-4d1c-ac17-e0c7f4160c02","__parent":"dealer_b","position":[810.293274,7.33257294,147.637268],"isRenderEnabled":false,"shapeName":"/art/shapes/garage_and_dealership/s_flag_floor_portrait_03.dae","useInstanceRenderData":true}
{"class":"TSStatic","persistentId":"6e057969-5acd-48e3-9024-9306bef100db","__parent":"dealer_b","position":[815.019653,9.07164669,147.637268],"isRenderEnabled":false,"shapeName":"/art/shapes/garage_and_dealership/s_flag_floor_portrait_01.dae","useInstanceRenderData":true}
{"class":"TSStatic","persistentId":"d9dbdc09-8805-4fed-93d6-11c540c4dd98","__parent":"dealer_b","position":[800.845581,3.30338955,151.699997],"isRenderEnabled":false,"rotationMatrix":[0.866025329,0.50000006,0,-0.50000006,0.866025329,0,0,0,1],"shapeName":"/art/shapes/garage_and_dealership/s_flag_tinsel_02.dae","useInstanceRenderData":true}
{"class":"TSStatic","persistentId":"0a2e9104-acd2-4d83-a88e-1992c34c2382","__parent":"dealer_b","position":[795.649475,0.303388715,151.699997],"isRenderEnabled":false,"rotationMatrix":[0.866025329,0.50000006,0,-0.50000006,0.866025329,0,0,0,1],"shapeName":"/art/shapes/garage_and_dealership/s_flag_tinsel_03.dae","useInstanceRenderData":true}
{"class":"TSStatic","persistentId":"c8c64763-6d2d-4252-9882-8438743cc245","__parent":"dealer_b","position":[798.247498,1.80338943,151.699997],"isRenderEnabled":false,"rotationMatrix":[0.866025329,0.50000006,0,-0.50000006,0.866025329,0,0,0,1],"shapeName":"/art/shapes/garage_and_dealership/s_flag_tinsel_01.dae","useInstanceRenderData":true}
{"class":"TSStatic","persistentId":"f185bc97-6775-4e90-b260-b1bd0b56be28","__parent":"dealer_b","position":[793.051392,-1.19661152,151.699997],"isRenderEnabled":false,"rotationMatrix":[0.866025329,0.50000006,0,-0.50000006,0.866025329,0,0,0,1],"shapeName":"/art/shapes/garage_and_dealership/s_flag_tinsel_01.dae","useInstanceRenderData":true}
{"class":"TSStatic","persistentId":"d128cac9-c53e-48f7-a176-390eb61c8dad","__parent":"dealer_b","position":[790.453308,-2.69661212,151.699997],"isRenderEnabled":false,"rotationMatrix":[0.866025329,0.50000006,0,-0.50000006,0.866025329,0,0,0,1],"shapeName":"/art/shapes/garage_and_dealership/s_flag_tinsel_01.dae","useInstanceRenderData":true}
{"class":"TSStatic","persistentId":"9dbc38c8-75af-41eb-bbe2-5d956f003229","__parent":"dealer_b","position":[781.182495,18.6075077,151.699997],"isRenderEnabled":false,"rotationMatrix":[0.988440633,-0.15160802,0,0.15160802,0.988440633,0,0,0,1],"shapeName":"/art/shapes/garage_and_dealership/s_flag_tinsel_01.dae","useInstanceRenderData":true}
{"class":"TSStatic","persistentId":"da3ed8eb-95f5-473d-8cf6-bc60821c8bf7","__parent":"dealer_b","position":[784.147827,18.1526794,151.699997],"isRenderEnabled":false,"rotationMatrix":[0.988440633,-0.15160802,0,0.15160802,0.988440633,0,0,0,1],"shapeName":"/art/shapes/garage_and_dealership/s_flag_tinsel_01.dae","useInstanceRenderData":true}
{"class":"TSStatic","persistentId":"513713e2-00ea-454f-9b97-18f943a5309a","__parent":"dealer_b","position":[787.113159,17.6978512,151.699997],"isRenderEnabled":false,"rotationMatrix":[0.988440633,-0.15160802,0,0.15160802,0.988440633,0,0,0,1],"shapeName":"/art/shapes/garage_and_dealership/s_flag_tinsel_03.dae","useInstanceRenderData":true}
{"class":"TSStatic","persistentId":"4b62a6d0-4fcb-403d-836a-d5ea6959c4e3","__parent":"dealer_b","position":[790.07843,17.2430611,151.699997],"isRenderEnabled":false,"rotationMatrix":[0.988440633,-0.15160802,0,0.15160802,0.988440633,0,0,0,1],"shapeName":"/art/shapes/garage_and_dealership/s_flag_tinsel_01.dae","useInstanceRenderData":true}
{"class":"TSStatic","persistentId":"c8a3aff0-0d10-47a0-af48-79ec0b652eb8","__parent":"dealer_b","position":[793.043762,16.7882309,151.699997],"isRenderEnabled":false,"rotationMatrix":[0.988440633,-0.15160802,0,0.15160802,0.988440633,0,0,0,1],"shapeName":"/art/shapes/garage_and_dealership/s_flag_tinsel_02.dae","useInstanceRenderData":true}
{"class":"TSStatic","persistentId":"338d5d6a-4e22-4d07-a08c-16c6f2607e3e","__parent":"dealer_b","position":[795.998413,16.3350124,151.699997],"isRenderEnabled":false,"rotationMatrix":[0.988440633,-0.15160802,0,0.15160802,0.988440633,0,0,0,1],"shapeName":"/art/shapes/garage_and_dealership/s_flag_tinsel_03.dae","useInstanceRenderData":true}
{"class":"TSStatic","persistentId":"c4597ba3-51b3-4cb1-acd7-bebae75937d1","__parent":"dealer_b","position":[784.911926,7.36615992,147.440201],"isRenderEnabled":false,"rotationMatrix":[0.347587705,-0.937647462,0,0.937647462,0.347587705,0,0,0,1],"shapeName":"/art/shapes/garage_and_dealership/s_flag_floor_teardrop_01.dae","useInstanceRenderData":true}
{"class":"TSStatic","persistentId":"fd9493c5-ba76-4e12-a471-eb03cb2a3fa0","__parent":"dealer_b","position":[789.444885,-1.94837761,147.440201],"isRenderEnabled":false,"rotationMatrix":[0.883050084,-0.469278604,0,0.469278604,0.883050084,0,0,0,1],"shapeName":"/art/shapes/garage_and_dealership/s_flag_floor_teardrop_01.dae","useInstanceRenderData":true}
{"class":"TSStatic","persistentId":"91d8879a-7b80-4150-b5f3-fdc377a37deb","__parent":"dealer_b","position":[781.42157,18.0512123,147.440201],"isRenderEnabled":false,"rotationMatrix":[-0.42004773,-0.907501936,0,0.907501936,-0.42004773,0,0,0,1],"shapeName":"/art/shapes/garage_and_dealership/s_flag_floor_teardrop_01.dae","useInstanceRenderData":true}
{"class":"TSStatic","persistentId":"6dd8a1dd-df5d-4163-ab87-4f9804843633","__parent":"dealer_b","position":[808.746155,-19.1177197,149.332581],"isRenderEnabled":false,"rotationMatrix":[0.0735001713,-0.997263253,-0.00797507726,0.929875255,0.0714194626,-0.360875398,0.360457391,0.0191085786,0.932579875],"shapeName":"/art/shapes/garage_and_dealership/s_billboard_wood_3m_03.dae","useInstanceRenderData":true}
{"class":"TSStatic","persistentId":"376757de-5213-4c81-ae52-12db8bb45315","__parent":"dealer_b","position":[799.310059,14.8726664,152.188538],"isRenderEnabled":false,"rotationMatrix":[0.362427622,-0.932011604,0,0.932011604,0.362427622,0,0,0,1],"scale":[1.36092436,1.10679591,1.36092436],"shapeName":"/art/shapes/garage_and_dealership/s_billboard_hang_01.dae","useInstanceRenderData":true}
{"class":"TSStatic","persistentId":"a207ca88-a979-4b56-adb8-f3d87dee2c33","__parent":"dealer_b","position":[823.314514,-1.00182152,150.44133],"isRenderEnabled":false,"rotationMatrix":[0.353036255,-0.93560946,0,0.93560946,0.353036255,0,0,0,1],"shapeName":"/art/shapes/garage_and_dealership/s_billboard_wood_3m_01.dae","useInstanceRenderData":true}
{"class":"TSStatic","persistentId":"919789fb-aa4b-400d-a32f-7dc44f3f3d4d","__parent":"dealer_b","position":[824.650085,-4.54132128,150.44133],"isRenderEnabled":false,"rotationMatrix":[0.353036255,-0.93560946,0,0.93560946,0.353036255,0,0,0,1],"shapeName":"/art/shapes/garage_and_dealership/s_billboard_wood_3m_01.dae","useInstanceRenderData":true}
{"class":"TSStatic","persistentId":"6bd6db10-47a3-4004-a30a-a78097083aeb","__parent":"dealer_b","position":[803.342651,11.4020653,149.604065],"isRenderEnabled":false,"rotationMatrix":[0.361182004,-0.932495117,0,0.932495117,0.361182004,0,0,0,1],"shapeName":"/art/shapes/garage_and_dealership/s_billboard_wood_0.5m_02.dae","useInstanceRenderData":true}
{"class":"TSStatic","persistentId":"c629ab3d-9233-4f7f-91eb-7511a517080e","__parent":"dealer_b","position":[803.346313,11.4004393,149.095444],"isRenderEnabled":false,"rotationMatrix":[0.354100853,-0.935207069,0,0.935207069,0.354100853,0,0,0,1],"shapeName":"/art/shapes/garage_and_dealership/s_billboard_wood_0.5m_03.dae","useInstanceRenderData":true}
{"name":"p_billboard_wood_stand_04","class":"Prefab","persistentId":"d76f47a8-1027-4c7a-a1dc-bfa94b66f578","__parent":"dealer_b","position":[803.337036,-32.3089104,146.439484],"fileName":"/art/prefabs/p_billboard_wood_stand_04.prefab","rotationMatrix":[0.985214114,0.171327189,0,-0.171327189,0.985214114,0,0,0,1]}
{"class":"TSStatic","persistentId":"87edff5d-c9ae-469b-ab85-e5df6595267f","__parent":"dealer_b","position":[823.06134,8.30159187,147.635193],"isRenderEnabled":false,"shapeName":"/levels/Utah/art/shapes/buildings/ut_trash_bag.DAE","useInstanceRenderData":true}
{"class":"DecalRoad","persistentId":"591d7425-775e-4863-afd1-aae8f15b4a9b","__parent":"dealer_b","position":[790.491211,0.556747437,147.530609],"improvedSpline":true,"material":"line_white_damage_01","nodes":[[790.491211,0.556747437,147.530609,0.200000003],[795.259705,2.40618896,147.530609,0.200000003]],"renderPriority":2,"startEndFade":[1,1],"textureLength":6}
{"class":"DecalRoad","persistentId":"91439082-441e-441a-aa15-cd88fcb8fa39","__parent":"dealer_b","position":[789.180359,3.9209404,147.530609],"improvedSpline":true,"material":"line_white_damage_01","nodes":[[789.180359,3.9209404,147.530609,0.200000003],[793.948853,5.77026892,147.530609,0.200000003]],"renderPriority":2,"startEndFade":[1,1],"textureLength":6}
{"class":"DecalRoad","persistentId":"b916f03e-d8b4-432e-99e7-92e6c1762d49","__parent":"dealer_b","position":[787.762695,7.11573505,147.530609],"improvedSpline":true,"material":"line_white_damage_01","nodes":[[787.762695,7.11573505,147.530609,0.200000003],[792.569336,8.92192078,147.530609,0.200000003]],"renderPriority":2,"startEndFade":[1,1],"textureLength":6}
{"class":"DecalRoad","persistentId":"7b4c77d1-60bd-4480-b805-4ea4b9372476","__parent":"dealer_b","position":[786.496643,10.3604765,147.530609],"improvedSpline":true,"material":"line_white_damage_01","nodes":[[786.496643,10.3604765,147.530609,0.200000003],[791.272583,12.1853743,147.530609,0.200000003]],"renderPriority":2,"startEndFade":[1,1],"textureLength":6}
{"class":"DecalRoad","persistentId":"1385dde6-0736-46ca-9c84-e397872a1b62","__parent":"dealer_b","position":[785.223694,13.5484276,147.530609],"improvedSpline":true,"material":"line_white_damage_01","nodes":[[785.223694,13.5484276,147.530609,0.200000003],[789.993774,15.3972797,147.530609,0.200000003]],"renderPriority":2,"startEndFade":[1,1],"textureLength":6}
{"class":"TSStatic","persistentId":"e02c41f7-5c01-4140-999d-adbd495cfa0b","__parent":"dealer_b","position":[820.558655,-16.9597416,147.515396],"isRenderEnabled":false,"shapeName":"/levels/utah/art/shapes/buildings/ut_big_BBQ.DAE","useInstanceRenderData":true}
{"class":"TSStatic","persistentId":"3d449fa7-232f-4212-b8a1-af188fcf7353","__parent":"dealer_b","position":[824.604065,-17.6922112,147.530624],"isRenderEnabled":false,"rotationMatrix":[0.379087746,-0.92536056,0,0.92536056,0.379087746,0,0,0,1],"shapeName":"/levels/utah/art/shapes/buildings/ut_brick_pallet.DAE","useInstanceRenderData":true}
{"class":"TSStatic","persistentId":"8c7f122c-9808-4f49-8f30-7e2342e853c1","__parent":"dealer_b","position":[825.814575,-17.0948086,147.530624],"isRenderEnabled":false,"rotationMatrix":[0.916195452,0.400731236,0,-0.400731236,0.916195452,0,0,0,1],"shapeName":"/levels/utah/art/shapes/buildings/ut_brick_pallet.DAE","useInstanceRenderData":true}
{"class":"TSStatic","persistentId":"770a26c7-8ec0-46a0-b992-bde8e99b6eea","__parent":"dealer_b","position":[821.785889,-17.0449085,147.514816],"isRenderEnabled":false,"rotationMatrix":[0.976653874,-0.214818373,0,0.214818373,0.976653874,0,0,0,1],"shapeName":"/levels/utah/art/shapes/buildings/ut_camp_chair.DAE","useInstanceRenderData":true}
{"class":"TSStatic","persistentId":"e9811c0a-aba8-4ae5-b6f7-33df8b7ca373","__parent":"dealer_b","position":[831.216309,-17.3644829,147.530609],"isRenderEnabled":false,"rotationMatrix":[-0.606575131,0.795026064,0,-0.795026064,-0.606575131,0,0,0,1],"shapeName":"/levels/utah/art/shapes/buildings/ut_clean_debris.DAE","useInstanceRenderData":true}
{"class":"TSStatic","persistentId":"6819c666-4cd5-4804-b87e-4d76a8ee90bc","__parent":"dealer_b","position":[802.484131,-19.024086,147.522934],"isRenderEnabled":false,"rotationMatrix":[-0.905720353,-0.423875719,0,0.423875719,-0.905720353,0,0,0,1],"shapeName":"/levels/utah/art/shapes/buildings/ut_recycle_bin.DAE","useInstanceRenderData":true}
{"class":"TSStatic","persistentId":"81329fde-fec1-41ae-87de-7714ca90eb7d","__parent":"dealer_b","position":[800.751831,-19.8427696,147.437653],"isRenderEnabled":false,"rotationMatrix":[-0.904116035,-0.424524516,-0.0485098213,0.42391476,-0.905416548,0.0227448996,-0.0535773523,0,0.998563647],"shapeName":"/levels/utah/art/shapes/buildings/ut_recycle_bin_b.DAE","useInstanceRenderData":true}
{"class":"TSStatic","persistentId":"41bd4664-5185-4846-adab-f0a3b9225277","__parent":"dealer_b","position":[816.979553,6.66426373,147.654144],"isRenderEnabled":false,"shapeName":"/levels/utah/art/shapes/clutter/ut_box_wood_a.DAE","useInstanceRenderData":true}
{"class":"TSStatic","persistentId":"1d61ac83-bf41-4292-a1d4-935e974d269c","__parent":"dealer_b","position":[817.088989,6.78038454,147.657104],"isRenderEnabled":false,"shapeName":"/levels/utah/art/shapes/clutter/clutter_workshop_white_bottle.dae","useInstanceRenderData":true}
{"class":"TSStatic","persistentId":"94cc821d-3a63-4501-980b-c7a58757f75a","__parent":"dealer_b","position":[822.576904,8.28784275,147.655838],"isRenderEnabled":false,"shapeName":"/levels/utah/art/shapes/clutter/clutter_workshop_white_bucket.dae","useInstanceRenderData":true}
{"class":"TSStatic","persistentId":"e6e5b6a0-64e7-4186-872a-e281cb4ec90b","__parent":"dealer_b","position":[818.186584,-21.1332302,147.528976],"isRenderEnabled":false,"shapeName":"/levels/utah/art/shapes/clutter/ut_debri_wood_big_b.DAE","useInstanceRenderData":true}
{"class":"TSStatic","persistentId":"04c3ab61-fa43-4c95-929e-261a4d150517","__parent":"dealer_b","position":[818.209534,-18.4799824,147.530609],"isRenderEnabled":false,"shapeName":"/levels/utah/art/shapes/clutter/ut_debri_wood_small_a.DAE","useInstanceRenderData":true}
{"class":"TSStatic","persistentId":"921c8c98-aa36-4027-93fb-76d685f6d0d4","__parent":"dealer_b","position":[821.597778,-20.8622971,147.553421],"isRenderEnabled":false,"shapeName":"/levels/utah/art/shapes/clutter/ut_debri_tin_panel.DAE","useInstanceRenderData":true}
{"class":"DecalRoad","persistentId":"6dcc3551-ab18-4f5b-85f2-6ff81e04368a","__parent":"dealer_b","position":[793.695679,-27.3386135,147.083649],"improvedSpline":true,"material":"tread_marks_clean","nodes":[[793.695679,-27.3386135,147.083649,4],[792.269348,-19.9067326,147.234085,4],[797.237305,-13.3732977,147.44603,4]],"renderPriority":12,"startEndFade":[5,5],"textureLength":16}
{"class":"DecalRoad","persistentId":"14307e52-f2a4-4449-bee6-2eb2cd981035","__parent":"dealer_b","position":[794.525635,-7.97629261,147.49147],"improvedSpline":true,"material":"tread_marks_clean","nodes":[[794.525635,-7.97629261,147.49147,4],[783.78479,-9.87904167,147.457474,4],[777.893921,-1.82284737,147.597504,4]],"renderPriority":12,"startEndFade":[5,5],"textureLength":16}
{"class":"DecalRoad","persistentId":"4ec504a5-400d-45b3-b590-1e66f3ce0770","__parent":"dealer_b","position":[789.621216,-9.99402237,147.445267],"improvedSpline":true,"material":"AsphaltRoad_variation_01","nodes":[[789.621216,-9.99402237,147.445267,4],[796.237183,-7.45269203,147.509598,4],[807.607666,-3.63192463,147.530609,4]],"renderPriority":5,"startEndFade":[5,5],"textureLength":40}
{"class":"DecalRoad","persistentId":"3af8f904-e96c-4e64-908b-78baefe0fabe","__parent":"dealer_b","position":[785.757874,18.9728928,147.530609],"improvedSpline":true,"material":"AsphaltRoad_variation_01","nodes":[[785.757874,18.9728928,147.530609,4],[790.160034,10.5201397,147.530609,4],[799.365417,-2.10126185,147.530609,4]],"renderPriority":5,"startEndFade":[5,5],"textureLength":40}
{"class":"DecalRoad","persistentId":"4373c913-7982-474a-ad0d-bf61ed3d2066","__parent":"dealer_b","position":[821.374756,-9.75302219,147.530609],"improvedSpline":true,"material":"AsphaltRoad_variation_01","nodes":[[821.374756,-9.75302219,147.530609,4],[810.174316,-8.17027473,147.530609,4],[798.860046,-11.7244997,147.50531,4]],"renderPriority":5,"startEndFade":[5,5],"textureLength":40}
{"class":"DecalRoad","persistentId":"28d296f3-972d-4edb-ab1e-fe6c142c1f28","__parent":"dealer_b","position":[792.983093,-17.9727898,147.234879],"improvedSpline":true,"material":"AsphaltRoad_variation_01","nodes":[[792.983093,-17.9727898,147.234879,4],[796.583069,-12.4901028,147.449921,4],[797.983032,2.21902275,147.530609,4]],"renderPriority":5,"startEndFade":[5,5],"textureLength":40}
{"class":"DecalRoad","persistentId":"3068d5b0-ce4c-4c24-9066-602385e4daee","__parent":"dealer_b","position":[793.422241,17.2172756,147.530609],"improvedSpline":true,"material":"AsphaltRoad_variation_01","nodes":[[793.422241,17.2172756,147.530609,4],[800.635132,-1.55205536,147.530609,4],[811.681396,-2.27650452,147.530609,4]],"renderPriority":5,"startEndFade":[5,5],"textureLength":40}
{"class":"DecalRoad","persistentId":"f16c7c09-a370-4ec1-99b7-a7775e8cc348","__parent":"dealer_b","position":[804.536682,-19.1193352,147.546982],"improvedSpline":true,"material":"utah_asphalt_road_gravel_edge","nodes":[[804.536682,-19.1193352,147.546982,1],[799.493469,-21.8583221,147.30864,1]],"renderPriority":8,"startEndFade":[1,1],"textureLength":3.5}
{"class":"DecalRoad","persistentId":"77b58a4a-b8eb-4481-990d-5c02d5ca19c1","__parent":"dealer_b","position":[799.959961,-21.9508152,147.335159],"improvedSpline":true,"material":"utah_asphalt_road_gravel_edge","nodes":[[799.959961,-21.9508152,147.335159,1],[798.256897,-19.1203117,147.33847,1]],"renderPriority":8,"startEndFade":[1,1],"textureLength":3.5}
{"class":"DecalRoad","persistentId":"eeb613e8-f419-47a0-8ae7-42e2e71d2fe3","__parent":"dealer_b","position":[802.446594,-16.2988834,147.530609],"improvedSpline":true,"material":"utah_asphalt_road_gravel_edge","nodes":[[802.446594,-16.2988834,147.530609,1],[804.386169,-19.8156815,147.54425,1]],"renderPriority":8,"startEndFade":[1,1],"textureLength":3.5}
{"class":"DecalRoad","persistentId":"be26d2f1-bc0e-4b87-aa0c-b839999ea1ff","__parent":"dealer_b","position":[813.818848,-16.3529282,147.606781],"improvedSpline":true,"material":"utah_asphalt_road_gravel_edge","nodes":[[813.818848,-16.3529282,147.606781,1],[810.719482,-12.260169,147.530609,1],[802.198914,-16.5304852,147.530609,1]],"renderPriority":8,"startEndFade":[1,1],"textureLength":3.5}
{"class":"DecalRoad","persistentId":"ffb5a0fd-826a-4730-aaf2-f21b70758fee","__parent":"dealer_b","position":[787.329773,-5.58357763,147.489014],"improvedSpline":true,"material":"utah_asphalt_road_gravel_edge","nodes":[[787.329773,-5.58357763,147.489014,1],[792.076233,-3.60821223,147.505112,1]],"renderPriority":8,"startEndFade":[1,1],"textureLength":3.5}
{"class":"DecalRoad","persistentId":"262f7677-41a5-4c3d-a524-b44935a5cee1","__parent":"dealer_b","position":[791.744568,-4.21451521,147.496567],"improvedSpline":true,"material":"utah_asphalt_road_gravel_edge","nodes":[[791.744568,-4.21451521,147.496567,1],[782.701843,19.650919,147.530609,1]],"renderPriority":8,"startEndFade":[1,1],"textureLength":3.5}
{"class":"DecalRoad","persistentId":"b4374081-96a0-4290-9b4b-727ddec81c5c","__parent":"dealer_b","position":[782.485229,19.2027283,147.530609],"improvedSpline":true,"material":"utah_asphalt_road_gravel_edge","nodes":[[782.485229,19.2027283,147.530609,1],[807.664001,28.7109642,147.530609,1]],"renderPriority":8,"startEndFade":[1,1],"textureLength":3.5}
{"class":"TSStatic","persistentId":"cd2fa6ef-20ee-43c8-9360-b44b72013cdd","__parent":"dealer_b","position":[781.090942,18.6614418,147.215515],"isRenderEnabled":false,"rotationMatrix":[0.939660549,0.342107862,0,-0.342107862,0.939660549,0,0,0,1],"shapeName":"/levels/utah/art/shapes/buildings/deco_lightpoles.dae","useInstanceRenderData":true}
{"class":"TSStatic","persistentId":"6c28295b-7f60-496c-8520-8e0b6a772a0b","__parent":"dealer_b","position":[811.102478,12.058794,147.557281],"decalType":"Visible Mesh Final","isRenderEnabled":false,"rotationMatrix":[-0.93330574,-0.35908255,0,0.35908255,-0.93330574,0,0,0,1],"shapeName":"/levels/utah/art/shapes/buildings/Dealer_b.DAE","useInstanceRenderData":true}
{"class":"TSStatic","persistentId":"c11c561b-d457-41d3-af6c-8641809ae193","__parent":"dealer_b","position":[790.49469,-2.86778355,147.235901],"isRenderEnabled":false,"rotationMatrix":[-0.891333044,-0.453349024,0,0.453349024,-0.891333044,0,0,0,1],"shapeName":"/levels/utah/art/shapes/buildings/deco_lightpoles_a.dae","useInstanceRenderData":true}
{"class":"TSStatic","persistentId":"954586f7-f643-4f9f-ae42-461be4e3ab8c","__parent":"dealer_b","position":[791.767944,23.0912399,147.235901],"isRenderEnabled":false,"rotationMatrix":[0.378942341,-0.925420225,0,0.925420225,0.378942341,0,0,0,1],"shapeName":"/levels/utah/art/shapes/buildings/deco_lightpoles_a.dae","useInstanceRenderData":true}
{"class":"TSStatic","persistentId":"10887a9a-6714-415a-8af5-2401fe884e3d","__parent":"dealer_b","position":[803.556213,-31.1505566,146.666122],"isRenderEnabled":false,"rotationMatrix":[-0.429909021,0.902872026,0,-0.902872026,-0.429909021,0,0,0,1],"shapeName":"/levels/utah/art/shapes/buildings/deco_lightpoles.dae","useInstanceRenderData":true}
{"class":"TSStatic","persistentId":"e89ef9d6-d8bf-431a-8cb3-4459362cc35f","__parent":"dealer_b","position":[824.093689,-19.7422256,146.664444],"isRenderEnabled":false,"rotationMatrix":[0.536050677,-0.84418571,0,0.84418571,0.536050677,0,0,0,1],"shapeName":"/levels/utah/art/shapes/buildings/deco_lightpoles_a.dae","useInstanceRenderData":true}
{"class":"TSStatic","persistentId":"8e5ee570-99f4-4dd1-938a-ac56a914b870","__parent":"dealer_b","position":[798.131226,-20.9431553,146.762756],"isRenderEnabled":false,"rotationMatrix":[0.885193706,0.465222478,0,-0.465222478,0.885193706,0,0,0,1],"shapeName":"/levels/utah/art/shapes/buildings/deco_lightpoles_a.dae","useInstanceRenderData":true}
{"class":"TSStatic","persistentId":"42691bbf-c7db-414c-8554-edfe2919fc6b","__parent":"dealer_b","position":[802.435669,27.4594727,147.235901],"isRenderEnabled":false,"rotationMatrix":[0.378942341,-0.925420225,0,0.925420225,0.378942341,0,0,0,1],"shapeName":"/levels/utah/art/shapes/buildings/deco_lightpoles_a.dae","useInstanceRenderData":true}
{"class":"TSStatic","persistentId":"a066ada1-2f05-4f58-ab7a-61461ea6ead9","__parent":"dealer_b","position":[825.71936,-0.11498189,147.530609],"isRenderEnabled":false,"rotationMatrix":[0.356321484,-0.934363246,0,0.934363246,0.356321484,0,0,0,1],"shapeName":"/levels/utah/art/shapes/buildings/car_awning.DAE","useInstanceRenderData":true}
{"class":"TSStatic","persistentId":"92b522ec-67f3-4edb-b706-789204414cf2","__parent":"dealer_b","position":[827.072998,-3.66463065,147.530609],"isRenderEnabled":false,"rotationMatrix":[0.356321484,-0.934363246,0,0.934363246,0.356321484,0,0,0,1],"shapeName":"/levels/utah/art/shapes/buildings/car_awning.DAE","useInstanceRenderData":true}
{"class":"TSStatic","persistentId":"4dbd4531-bbc8-4472-89ae-2c5fef19144b","__parent":"dealer_b","position":[811.28418,-18.6862049,148.293732],"isRenderEnabled":false,"rotationMatrix":[0.0798579231,-0.995433211,0.052298747,0.956692815,0.0618047751,-0.284461439,0.279930085,0.07275033,0.957259715],"shapeName":"/levels/utah/art/shapes/buildings/sponsor_car.dae","useInstanceRenderData":true}
