{"name":"szalag","class":"TSStatic","persistentId":"b34c6b3d-34b7-4ec8-8679-553c81f567cc","__parent":"barriers","position":[0,0,50],"decalType":"None","isRenderEnabled":false,"prebuildCollisionData":true,"shapeName":"/levels/valo_city/city/szalagkorlat/szalagkorlat.dae"}
{"name":"forest2d","class":"TSStatic","persistentId":"785e62b6-926a-4bf7-947d-0622256f56ef","__parent":"barriers","position":[0,0,50],"collisionType":"None","decalType":"None","isRenderEnabled":false,"scale":[10,10,10],"shapeName":"/levels/Valo_City/city/fasor/fasor.dae"}
{"name":"fence","class":"TSStatic","persistentId":"8dff1dcf-47a0-4be9-bb61-b94a2e6e36ca","__parent":"barriers","position":[0,0,50],"decalType":"None","isRenderEnabled":false,"shapeName":"/levels/Valo_City/city/fence/fence.dae"}
