{"name":"rain_coverage","class":"Precipitation","persistentId":"5710b04f-9fb9-429d-97d8-e3a178d848b1","__parent":"rain","position":[0,0,306.761993],"boxHeight":10,"boxWidth":16,"dataBlock":"rain_medium","dropSize":1,"fadeDist":5,"fadeDistEnd":10,"maxMass":5,"maxSpeed":0.5,"minMass":4,"minSpeed":0.400000006,"numDrops":0,"splashMS":80,"splashSize":0.25,"useTurbulence":true,"useWind":true}
{"name":"rain_single_drops","class":"Precipitation","persistentId":"c6ce325b-40fe-4bcb-bf88-15e18c3de33d","__parent":"rain","position":[599.051025,-8.89589977,465.411011],"boxHeight":6,"boxWidth":10,"cloneOrigin":"rain_coverage","dataBlock":"rain_drop","dropSize":0.0799999982,"fadeDist":5,"fadeDistEnd":10,"maxMass":5,"maxSpeed":0.5,"minMass":4,"minSpeed":0.400000006,"numDrops":0,"numOfDrops":"0","splashMS":80,"splashSize":0.25,"useTurbulence":true,"useWind":true}
