{"class":"TSStatic","persistentId":"ce20b0db-eeec-4ae7-829f-5ad2ec4170c3","__parent":"tss3","position":[876.278381,806.744629,8.57838058],"allowPlayerStep":"1","isRenderEnabled":false,"locked":true,"meshCulling":true,"playAmbient":false,"prebuildCollisionData":true,"rotationMatrix":[-0.0038230978,0.999992371,0,-0.999992371,-0.0038230978,0,0,0,1],"shapeName":"/levels/motorsports_playground/art/shapes/buildings/hr/hr_tent_small.dae"}
{"class":"TSStatic","persistentId":"d1ab6d9a-6744-4692-aee8-64f448c6b76e","__parent":"tss3","position":[968.051636,914.027039,8.01515293],"allowPlayerStep":"1","isRenderEnabled":false,"locked":true,"meshCulling":true,"playAmbient":false,"prebuildCollisionData":true,"rotationMatrix":[0.0431065783,-0.999070466,0,0.999070466,0.0431065783,0,0,0,1],"shapeName":"/levels/motorsports_playground/art/shapes/buildings/hr/hr_tent_small.dae"}
{"class":"TSStatic","persistentId":"d1ce5565-6b1d-4239-942d-cc892d7d77c7","__parent":"tss3","position":[573.5,252.04158,8.47126389],"allowPlayerStep":"1","isRenderEnabled":false,"locked":true,"meshCulling":true,"playAmbient":false,"prebuildCollisionData":true,"rotationMatrix":[0,-0.999999166,0.00119603961,0.999999881,0,5.82076609e-11,5.82076609e-11,0.00119603961,0.999999285],"scale":[0.200000003,0.200000003,0.200000003],"shapeName":"/levels/motorsports_playground/art/shapes/buildings/hr/hr_tent_small.dae"}
{"class":"TSStatic","persistentId":"d22dc299-9e9e-4250-9f28-457eb71e7883","__parent":"tss3","position":[1065.27576,826.883789,7.1854949],"allowPlayerStep":"1","isRenderEnabled":false,"locked":true,"meshCulling":true,"playAmbient":false,"prebuildCollisionData":true,"rotationMatrix":[0.0431065783,-0.999070466,0,0.999070466,0.0431065783,0,0,0,1],"shapeName":"/levels/motorsports_playground/art/shapes/buildings/hr/hr_tent_small.dae"}
{"class":"TSStatic","persistentId":"d2c4e270-576b-4a13-8b02-c14e960f2629","__parent":"tss3","position":[289.885162,-135.115204,3.95500088],"allowPlayerStep":"1","isRenderEnabled":false,"locked":true,"meshCulling":true,"playAmbient":false,"prebuildCollisionData":true,"rotationMatrix":[5.96046448e-08,-0.999999762,0.000690533896,1,5.96046448e-08,-2.91038305e-11,-2.91038305e-11,0.000690533896,0.999999762],"shapeName":"/levels/motorsports_playground/art/shapes/buildings/hr/hr_tent_small.dae"}
{"class":"TSStatic","persistentId":"d6e775f3-cf97-4346-8e2d-39b2570002f2","__parent":"tss3","position":[969.906616,888.151245,8.01503468],"allowPlayerStep":"1","isRenderEnabled":false,"locked":true,"meshCulling":true,"playAmbient":false,"prebuildCollisionData":true,"rotationMatrix":[0.0431065783,-0.999070466,0,0.999070466,0.0431065783,0,0,0,1],"shapeName":"/levels/motorsports_playground/art/shapes/buildings/hr/hr_tent_small.dae"}
{"class":"TSStatic","persistentId":"db0e6525-d148-4577-93ad-8f3872b1537a","__parent":"tss3","position":[1057.64966,1005.91205,7.13779783],"allowPlayerStep":"1","isRenderEnabled":false,"locked":true,"meshCulling":true,"playAmbient":false,"prebuildCollisionData":true,"rotationMatrix":[0.0431065783,-0.999070466,0,0.999070466,0.0431065783,0,0,0,1],"shapeName":"/levels/motorsports_playground/art/shapes/buildings/hr/hr_tent_small.dae"}
{"class":"TSStatic","persistentId":"e0c99ba6-e8f9-4edb-9baa-073a742634d4","__parent":"tss3","position":[968.379395,905.329102,8.01515293],"allowPlayerStep":"1","isRenderEnabled":false,"locked":true,"meshCulling":true,"playAmbient":false,"prebuildCollisionData":true,"rotationMatrix":[0.0431065783,-0.999070466,0,0.999070466,0.0431065783,0,0,0,1],"shapeName":"/levels/motorsports_playground/art/shapes/buildings/hr/hr_tent_small.dae"}
{"class":"TSStatic","persistentId":"e1038b19-cd6a-4714-844a-35f283c822df","__parent":"tss3","position":[1069.58301,746.278503,7.18556547],"allowPlayerStep":"1","isRenderEnabled":false,"locked":true,"meshCulling":true,"playAmbient":false,"prebuildCollisionData":true,"rotationMatrix":[-0.0431064591,0.999070466,0,-0.999070466,-0.0431064591,0,0,0,1],"shapeName":"/levels/motorsports_playground/art/shapes/buildings/hr/hr_tent_small.dae"}
{"class":"TSStatic","persistentId":"e1586f9a-dfc0-40c2-8f26-bf3f390ce2a4","__parent":"tss3","position":[1072.29248,674.476501,7.18537569],"allowPlayerStep":"1","isRenderEnabled":false,"locked":true,"meshCulling":true,"playAmbient":false,"prebuildCollisionData":true,"rotationMatrix":[-0.0431064591,0.999070466,0,-0.999070466,-0.0431064591,0,0,0,1],"shapeName":"/levels/motorsports_playground/art/shapes/buildings/hr/hr_tent_small.dae"}
{"class":"TSStatic","persistentId":"e1954855-ea5d-421d-ba4c-67f09daccefb","__parent":"tss3","position":[426.5,252.04158,8.47126389],"allowPlayerStep":"1","isRenderEnabled":false,"locked":true,"meshCulling":true,"playAmbient":false,"prebuildCollisionData":true,"rotationMatrix":[0,-0.999999166,0.00119603961,0.999999881,0,5.82076609e-11,5.82076609e-11,0.00119603961,0.999999285],"scale":[0.200000003,0.200000003,0.200000003],"shapeName":"/levels/motorsports_playground/art/shapes/buildings/hr/hr_tent_small.dae"}
{"class":"TSStatic","persistentId":"e2a2f984-97d4-4b95-af5d-946486b8795a","__parent":"tss3","position":[876.322754,833.927307,8.57838058],"allowPlayerStep":"1","isRenderEnabled":false,"locked":true,"meshCulling":true,"playAmbient":false,"prebuildCollisionData":true,"rotationMatrix":[-0.0038230978,0.999992371,0,-0.999992371,-0.0038230978,0,0,0,1],"shapeName":"/levels/motorsports_playground/art/shapes/buildings/hr/hr_tent_small.dae"}
{"class":"TSStatic","persistentId":"e33d2215-24cb-4169-8d59-5aa52a1d950b","__parent":"tss3","position":[970.580078,870.280029,8.01528454],"allowPlayerStep":"1","isRenderEnabled":false,"locked":true,"meshCulling":true,"playAmbient":false,"prebuildCollisionData":true,"rotationMatrix":[0.0431065783,-0.999070466,0,0.999070466,0.0431065783,0,0,0,1],"shapeName":"/levels/motorsports_playground/art/shapes/buildings/hr/hr_tent_small.dae"}
{"class":"TSStatic","persistentId":"e4d08e63-06b2-4a78-9489-0e0cd0a2b31c","__parent":"tss3","position":[876.400024,868.883911,8.57826233],"allowPlayerStep":"1","isRenderEnabled":false,"locked":true,"meshCulling":true,"playAmbient":false,"prebuildCollisionData":true,"rotationMatrix":[-0.0038230978,0.999992371,0,-0.999992371,-0.0038230978,0,0,0,1],"shapeName":"/levels/motorsports_playground/art/shapes/buildings/hr/hr_tent_small.dae"}
{"class":"TSStatic","persistentId":"e8c2b6f8-c354-4e36-a542-82b273e14201","__parent":"tss3","position":[972.280762,825.150024,8.01497364],"allowPlayerStep":"1","isRenderEnabled":false,"locked":true,"meshCulling":true,"playAmbient":false,"prebuildCollisionData":true,"rotationMatrix":[0.0431065783,-0.999070466,0,0.999070466,0.0431065783,0,0,0,1],"shapeName":"/levels/motorsports_playground/art/shapes/buildings/hr/hr_tent_small.dae"}
{"class":"TSStatic","persistentId":"eed11124-663f-4f6a-bfc3-d54ce104c92e","__parent":"tss3","position":[1057.31616,1014.76227,7.1854949],"allowPlayerStep":"1","isRenderEnabled":false,"locked":true,"meshCulling":true,"playAmbient":false,"prebuildCollisionData":true,"rotationMatrix":[0.0431065783,-0.999070466,0,0.999070466,0.0431065783,0,0,0,1],"shapeName":"/levels/motorsports_playground/art/shapes/buildings/hr/hr_tent_small.dae"}
{"class":"TSStatic","persistentId":"f00954d7-007f-4b9f-b12a-f1c96e929aa3","__parent":"tss3","position":[1056.6449,1032.57751,7.18580484],"allowPlayerStep":"1","isRenderEnabled":false,"locked":true,"meshCulling":true,"playAmbient":false,"prebuildCollisionData":true,"rotationMatrix":[0.0431065783,-0.999070466,0,0.999070466,0.0431065783,0,0,0,1],"shapeName":"/levels/motorsports_playground/art/shapes/buildings/hr/hr_tent_small.dae"}
{"class":"TSStatic","persistentId":"f6ec462d-28d7-4f5f-aa50-64d86590b34f","__parent":"tss3","position":[1061.89355,916.765625,7.26946402],"allowPlayerStep":"1","isRenderEnabled":false,"locked":true,"meshCulling":true,"playAmbient":false,"prebuildCollisionData":true,"rotationMatrix":[0.0431065783,-0.999070466,0,0.999070466,0.0431065783,0,0,0,1],"shapeName":"/levels/motorsports_playground/art/shapes/buildings/hr/hr_tent_small.dae"}
{"class":"TSStatic","persistentId":"f719edb8-591a-4e41-bec8-3ec7444c469d","__parent":"tss3","position":[967.028076,941.190552,8.01515293],"allowPlayerStep":"1","isRenderEnabled":false,"locked":true,"meshCulling":true,"playAmbient":false,"prebuildCollisionData":true,"rotationMatrix":[0.0431065783,-0.999070466,0,0.999070466,0.0431065783,0,0,0,1],"shapeName":"/levels/motorsports_playground/art/shapes/buildings/hr/hr_tent_small.dae"}
{"class":"TSStatic","persistentId":"fb4de22b-fb6c-4594-94a6-d9150eeb6314","__parent":"tss3","position":[966.023315,967.854858,8.01521301],"allowPlayerStep":"1","isRenderEnabled":false,"locked":true,"meshCulling":true,"playAmbient":false,"prebuildCollisionData":true,"rotationMatrix":[0.0431065783,-0.999070466,0,0.999070466,0.0431065783,0,0,0,1],"shapeName":"/levels/motorsports_playground/art/shapes/buildings/hr/hr_tent_small.dae"}
{"class":"TSStatic","persistentId":"fe7648f6-aeb0-4913-8ff3-494ab25fce22","__parent":"tss3","position":[1071.01038,719.217163,7.18556547],"allowPlayerStep":"1","isRenderEnabled":false,"locked":true,"meshCulling":true,"playAmbient":false,"prebuildCollisionData":true,"rotationMatrix":[-0.0431064591,0.999070466,0,-0.999070466,-0.0431064591,0,0,0,1],"shapeName":"/levels/motorsports_playground/art/shapes/buildings/hr/hr_tent_small.dae"}
{"class":"TSStatic","persistentId":"b9933e1b-44f1-4820-b12f-f01c4ca6f606","__parent":"tss3","position":[66.1287537,-414.740173,53.2637177],"isRenderEnabled":false,"locked":true,"playAmbient":false,"rotationMatrix":[-1,8.74227766e-08,-1.10977683e-09,-8.74227766e-08,-1,-1.32295707e-16,-1.10977683e-09,-3.52759411e-17,1],"scale":[4,2,4],"shapeName":"/levels/motorsports_playground/art/shapes/buildings/pit_upper_level.dae","useInstanceRenderData":true}
{"class":"TSStatic","persistentId":"153030c7-738f-40e5-b76a-74869f598112","__parent":"tss3","position":[96.7316284,-414.735413,53.2637177],"isRenderEnabled":false,"locked":true,"playAmbient":false,"rotationMatrix":[-1,8.74227766e-08,-1.10977683e-09,-8.74227766e-08,-1,-1.32295707e-16,-1.10977683e-09,-3.52759411e-17,1],"scale":[4,2,4],"shapeName":"/levels/motorsports_playground/art/shapes/buildings/pit_upper_level.dae","useInstanceRenderData":true}
{"class":"TSStatic","persistentId":"7e2d13fd-189a-4560-85ba-561c0a75ff69","__parent":"tss3","position":[127.852982,-414.735413,53.2637177],"isRenderEnabled":false,"locked":true,"playAmbient":false,"rotationMatrix":[-1,8.74227766e-08,-1.10977683e-09,-8.74227766e-08,-1,-1.32295707e-16,-1.10977683e-09,-3.52759411e-17,1],"scale":[4,2,4],"shapeName":"/levels/motorsports_playground/art/shapes/buildings/pit_upper_level.dae","useInstanceRenderData":true}
{"class":"TSStatic","persistentId":"1c0526bf-b6a9-4f60-9f32-1b66dced664e","__parent":"tss3","position":[159.066818,-414.735413,53.2637177],"isRenderEnabled":false,"locked":true,"playAmbient":false,"rotationMatrix":[-1,8.74227766e-08,-1.10977683e-09,-8.74227766e-08,-1,-1.32295707e-16,-1.10977683e-09,-3.52759411e-17,1],"scale":[4,2,4],"shapeName":"/levels/motorsports_playground/art/shapes/buildings/pit_upper_level.dae","useInstanceRenderData":true}
{"class":"TSStatic","persistentId":"5c48c697-b2fb-4061-88b3-9d8a709dffc7","__parent":"tss3","position":[189.768707,-414.905579,53.2637177],"isRenderEnabled":false,"locked":true,"playAmbient":false,"rotationMatrix":[-1,8.74227766e-08,-1.10977683e-09,-8.74227766e-08,-1,-1.32295707e-16,-1.10977683e-09,-3.52759411e-17,1],"scale":[4,2,4],"shapeName":"/levels/motorsports_playground/art/shapes/buildings/pit_upper_level.dae","useInstanceRenderData":true}
{"class":"TSStatic","persistentId":"00a645bf-ecc6-4826-9743-55119128ef55","__parent":"tss3","position":[-90.2189941,462.02298,9.05646324],"allowPlayerStep":"1","isRenderEnabled":false,"locked":true,"meshCulling":true,"playAmbient":false,"prebuildCollisionData":true,"rotationMatrix":[-0.999820232,0.0189602096,0,-0.0189602096,-0.999820232,0,0,0,1],"scale":[2,2,0.75],"shapeName":"/levels/motorsports_playground/art/shapes/buildings/hr/hr_rumble.dae"}
{"class":"TSStatic","persistentId":"0a7f7b3b-26bf-4738-859d-5d8dcc3fc527","__parent":"tss3","position":[-163.922607,498.628723,9.08436394],"allowPlayerStep":"1","isRenderEnabled":false,"locked":true,"meshCulling":true,"playAmbient":false,"prebuildCollisionData":true,"rotationMatrix":[-0.89193809,0.452157587,0,-0.452157587,-0.89193809,0,0,0,1],"scale":[2,2,0.75],"shapeName":"/levels/motorsports_playground/art/shapes/buildings/hr/hr_rumble.dae"}
{"class":"TSStatic","persistentId":"2f86db97-6d45-448f-86ec-8574b73f81d3","__parent":"tss3","position":[-74.0189972,461.715973,9.05573368],"allowPlayerStep":"1","isRenderEnabled":false,"locked":true,"meshCulling":true,"playAmbient":false,"prebuildCollisionData":true,"rotationMatrix":[-0.999820232,0.0189602096,0,-0.0189602096,-0.999820232,0,0,0,1],"scale":[2,2,0.75],"shapeName":"/levels/motorsports_playground/art/shapes/buildings/hr/hr_rumble.dae"}
{"class":"TSStatic","persistentId":"32f6f544-5627-47d1-9df5-69075d23ee3c","__parent":"tss3","position":[-149.423615,491.279724,9.08449364],"allowPlayerStep":"1","isRenderEnabled":false,"locked":true,"meshCulling":true,"playAmbient":false,"prebuildCollisionData":true,"rotationMatrix":[-0.89193809,0.452157587,0,-0.452157587,-0.89193809,0,0,0,1],"scale":[2,2,0.75],"shapeName":"/levels/motorsports_playground/art/shapes/buildings/hr/hr_rumble.dae"}
{"class":"TSStatic","persistentId":"53bb6b03-da79-4edd-8d47-050731e824b8","__parent":"tss3","position":[-98.3259964,462.175964,9.05646324],"allowPlayerStep":"1","isRenderEnabled":false,"locked":true,"meshCulling":true,"playAmbient":false,"prebuildCollisionData":true,"rotationMatrix":[-0.999820232,0.0189602096,0,-0.0189602096,-0.999820232,0,0,0,1],"scale":[2,2,0.75],"shapeName":"/levels/motorsports_playground/art/shapes/buildings/hr/hr_rumble.dae"}
{"class":"TSStatic","persistentId":"6248c18c-8b08-40f5-ac1e-3903a3a027d4","__parent":"tss3","position":[-82.1269989,461.868958,9.05573368],"allowPlayerStep":"1","isRenderEnabled":false,"locked":true,"meshCulling":true,"playAmbient":false,"prebuildCollisionData":true,"rotationMatrix":[-0.999820232,0.0189602096,0,-0.0189602096,-0.999820232,0,0,0,1],"scale":[2,2,0.75],"shapeName":"/levels/motorsports_playground/art/shapes/buildings/hr/hr_rumble.dae"}
{"class":"TSStatic","persistentId":"b0bb4a06-ab07-4141-8c4c-ef9a483c4a87","__parent":"tss3","position":[-156.689606,494.962708,9.08436394],"allowPlayerStep":"1","isRenderEnabled":false,"locked":true,"meshCulling":true,"playAmbient":false,"prebuildCollisionData":true,"rotationMatrix":[-0.89193809,0.452157587,0,-0.452157587,-0.89193809,0,0,0,1],"scale":[2,2,0.75],"shapeName":"/levels/motorsports_playground/art/shapes/buildings/hr/hr_rumble.dae"}
{"class":"TSStatic","persistentId":"ccfa72d6-56fd-46e2-b0c7-dc7e18e87411","__parent":"tss3","position":[141.020065,-108.876892,9.06602287],"collisionType":"Visible Mesh Final","isRenderEnabled":false,"locked":true,"playAmbient":false,"rotationMatrix":[1,3.55271368e-15,-1.1920929e-07,-1.1920929e-07,5.96046448e-08,-1,3.55271368e-15,1,5.96046448e-08],"scale":[0.300000012,2,2],"shapeName":"/levels/motorsports_playground/art/shapes/objects/sign_rounded.dae","useInstanceRenderData":true}
{"class":"TSStatic","persistentId":"cda08b19-eb97-4c0d-989a-761fc2b5c1fc","__parent":"tss3","position":[-390.988647,116.11692,7.45794487],"isRenderEnabled":false,"locked":true,"playAmbient":false,"rotationMatrix":[0.300771266,0.953696012,0,-0.953696012,0.300771266,0,0,0,1],"shapeName":"/levels/motorsports_playground/art/shapes/buildings/hr/hr_flag_01.dae","useInstanceRenderData":true}
{"class":"TSStatic","persistentId":"ceb897c4-b9ff-437a-8024-3969baa97073","__parent":"tss3","position":[961.42688,1037.92407,14.4178524],"isRenderEnabled":false,"locked":true,"playAmbient":false,"rotationMatrix":[0.897149622,-0.441726536,0,0.441726536,0.897149622,0,0,0,1],"scale":[2,2,2],"shapeName":"/levels/motorsports_playground/art/shapes/buildings/hr/hr_signs_07_b.dae","useInstanceRenderData":true}
{"class":"TSStatic","persistentId":"cee4ba86-fceb-47f7-a45a-59fbb153a509","__parent":"tss3","position":[791,778,15.0941296],"isRenderEnabled":false,"locked":true,"playAmbient":false,"rotationMatrix":[5.96046448e-08,1,0,-1,5.96046448e-08,0,0,0,1],"scale":[1,1,0.75],"shapeName":"/levels/motorsports_playground/art/shapes/buildings/hr/hr_stadium_lights.dae","useInstanceRenderData":true}
{"class":"TSStatic","persistentId":"cf519a36-636e-4719-9429-c2b449bb86b2","__parent":"tss3","position":[1083.11475,1040.82214,3.89506054],"isRenderEnabled":false,"locked":true,"playAmbient":false,"rotationMatrix":[-0.311035991,0.950398147,0,-0.950398147,-0.311035991,0,0,0,1],"scale":[0.5,0.5,0.5],"shapeName":"/levels/motorsports_playground/art/shapes/buildings/hr/hr_flag_03.dae","useInstanceRenderData":true}
{"class":"TSStatic","persistentId":"cf5eea9c-a8fc-42a0-838d-efa828523226","__parent":"tss3","position":[174.741776,-129.835358,10.4156075],"isRenderEnabled":false,"locked":true,"meshCulling":true,"playAmbient":false,"rotationMatrix":[-1,8.74227766e-08,0,-8.74227766e-08,-1,0,0,0,1],"shapeName":"/levels/motorsports_playground/art/shapes/buildings/pit_upper_level.dae","useInstanceRenderData":true}
{"class":"TSStatic","persistentId":"cfb5ce0b-7c7b-4bdf-81a1-f3c636d33ddb","__parent":"tss3","position":[274.269806,-219.77153,14.028388],"isRenderEnabled":false,"locked":true,"playAmbient":false,"shapeName":"/levels/motorsports_playground/art/shapes/buildings/pit_upper_level.dae","useInstanceRenderData":true}
{"class":"TSStatic","persistentId":"cfba33a9-901d-487d-861f-3d4c594072fa","__parent":"tss3","position":[151.107727,-81.7663345,7.94723129],"isRenderEnabled":false,"locked":true,"playAmbient":false,"shapeName":"/levels/motorsports_playground/art/shapes/buildings/hr_tent_large_blue.dae","useInstanceRenderData":true}
{"class":"TSStatic","persistentId":"d01cef2c-ad4f-4004-a376-6ad9c2cc6fd2","__parent":"tss3","position":[877.442322,1174.07788,21.1764317],"isRenderEnabled":false,"locked":true,"playAmbient":false,"rotationMatrix":[0.880550861,0.47395125,0,-0.47395125,0.880550861,0,0,0,1],"scale":[2,2,2],"shapeName":"/levels/motorsports_playground/art/shapes/buildings/hr/hr_signs_11_a.dae","useInstanceRenderData":true}
{"class":"TSStatic","persistentId":"d085f480-e969-428f-80ad-a24162c1ce16","__parent":"tss3","position":[1154.26892,777.670593,14.7733498],"isRenderEnabled":false,"locked":true,"playAmbient":false,"rotationMatrix":[0.0468701944,-0.99890101,0,0.99890101,0.0468701944,0,0,0,1],"scale":[1,1,0.75],"shapeName":"/levels/motorsports_playground/art/shapes/buildings/hr/hr_stadium_lights.dae","useInstanceRenderData":true}
{"class":"TSStatic","persistentId":"d1583e56-0189-412b-b953-7747260408fc","__parent":"tss3","position":[792,738,15.1815071],"isRenderEnabled":false,"locked":true,"playAmbient":false,"rotationMatrix":[5.96046448e-08,1,0,-1,5.96046448e-08,0,0,0,1],"scale":[1,1,0.75],"shapeName":"/levels/motorsports_playground/art/shapes/buildings/hr/hr_stadium_lights.dae","useInstanceRenderData":true}
{"class":"TSStatic","persistentId":"d1a74580-87bf-4807-8fb9-e91cf2e7f2a5","__parent":"tss3","position":[791,918,16.8577042],"isRenderEnabled":false,"locked":true,"playAmbient":false,"rotationMatrix":[5.96046448e-08,1,0,-1,5.96046448e-08,0,0,0,1],"scale":[1,1,0.75],"shapeName":"/levels/motorsports_playground/art/shapes/buildings/hr/hr_stadium_lights.dae","useInstanceRenderData":true}
{"class":"TSStatic","persistentId":"d1e389ba-e995-4d59-9d66-e9330516059f","__parent":"tss3","position":[951.33136,1055.44067,10.3547831],"isRenderEnabled":false,"locked":true,"playAmbient":false,"rotationMatrix":[-0.979396284,0.201947793,0,-0.201947793,-0.979396284,0,0,0,1],"scale":[1.5,1.5,1.5],"shapeName":"/levels/motorsports_playground/art/shapes/buildings/hr/hr_signs_07_c.dae","useInstanceRenderData":true}
{"class":"TSStatic","persistentId":"d2c78902-97d4-4fb4-8cb5-317f97935153","__parent":"tss3","position":[977.968872,696.25885,10.3547831],"isRenderEnabled":false,"locked":true,"playAmbient":false,"rotationMatrix":[0.886714816,0.462316871,0,-0.462316871,0.886714816,0,0,0,1],"scale":[1.5,1.5,1.5],"shapeName":"/levels/motorsports_playground/art/shapes/buildings/hr/hr_signs_17_c.dae","useInstanceRenderData":true}
{"class":"TSStatic","persistentId":"d367c164-8a88-4b0b-afe2-36f979ac21bd","__parent":"tss3","position":[37.4830971,-63.4585342,7.56695509],"isRenderEnabled":false,"locked":true,"playAmbient":false,"rotationMatrix":[-1,8.74227766e-08,0,-8.74227766e-08,-1,0,0,0,1],"scale":[1.20000005,1.20000005,1.20000005],"shapeName":"/levels/motorsports_playground/art/shapes/buildings/eca/eca_hwy_sign_1a.dae","useInstanceRenderData":true}
{"class":"TSStatic","persistentId":"d385ef44-4378-42f1-8973-bbe84849a73d","__parent":"tss3","position":[902.700867,1057.63452,10.3547831],"isRenderEnabled":false,"locked":true,"playAmbient":false,"rotationMatrix":[-0.987941802,-0.15482074,-0.00122842821,0.154820696,-0.987942576,0.000121785895,-0.00123247155,-6.98687363e-05,0.999999225],"scale":[1.5,1.5,1.5],"shapeName":"/levels/motorsports_playground/art/shapes/buildings/hr/hr_signs_10_c.dae","useInstanceRenderData":true}
{"class":"TSStatic","persistentId":"d3b2bf70-9c22-45e3-a4e2-819ad18e0e86","__parent":"tss3","position":[154.215576,123.439507,10.9265509],"isRenderEnabled":false,"locked":true,"playAmbient":false,"scale":[1.32000005,1,1],"shapeName":"/levels/motorsports_playground/art/shapes/buildings/bleacher.dae","useInstanceRenderData":true}
{"class":"TSStatic","persistentId":"d42db871-6f24-4f68-b313-13f4a7c79b74","__parent":"tss3","position":[1112.71985,565.10675,21.1764317],"isRenderEnabled":false,"locked":true,"playAmbient":false,"rotationMatrix":[-0.665775657,-0.746151984,0,0.746151984,-0.665775657,0,0,0,1],"scale":[1,1,0.75],"shapeName":"/levels/motorsports_playground/art/shapes/buildings/hr/hr_stadium_lights.dae","useInstanceRenderData":true}
{"class":"TSStatic","persistentId":"d4510713-aedf-4fcf-9dc4-c0d6aad24c2e","__parent":"tss3","position":[159.276306,-141.657333,29.4139767],"isRenderEnabled":false,"locked":true,"meshCulling":true,"playAmbient":false,"shapeName":"/levels/motorsports_playground/art/shapes/buildings/pit_upper_level.dae","useInstanceRenderData":true}
{"class":"TSStatic","persistentId":"d45e53dd-30bd-4df4-b243-b37902cd9c0d","__parent":"tss3","position":[155.277206,-135.915665,9.43154526],"isRenderEnabled":false,"locked":true,"playAmbient":false,"rotationMatrix":[5.96046448e-08,-1,0,1,5.96046448e-08,0,0,0,1],"shapeName":"/levels/motorsports_playground/art/shapes/buildings/acunit1.dae","useInstanceRenderData":true}
{"class":"TSStatic","persistentId":"d51ed298-74e2-47b8-a0cb-9b94713883d7","__parent":"tss3","position":[290.065918,-135.024506,5.31282759],"allowPlayerStep":"1","isRenderEnabled":false,"locked":true,"meshCulling":true,"playAmbient":false,"prebuildCollisionData":true,"rotationMatrix":[0.829293966,-0.55881238,0,0.55881238,0.829293966,0,0,0,1],"scale":[0.5,0.5,0.25],"shapeName":"/levels/motorsports_playground/art/shapes/buildings/hr/hr_flag_02.dae"}
{"class":"TSStatic","persistentId":"d5a290ec-deab-4756-a429-3785b2e490f3","__parent":"tss3","position":[-178.36261,505.94873,9.08406353],"allowPlayerStep":"1","isRenderEnabled":false,"locked":true,"meshCulling":true,"playAmbient":false,"prebuildCollisionData":true,"rotationMatrix":[-0.89193809,0.452157587,0,-0.452157587,-0.89193809,0,0,0,1],"scale":[2,2,0.75],"shapeName":"/levels/motorsports_playground/art/shapes/buildings/hr/hr_rumble.dae"}
{"class":"TSStatic","persistentId":"d5ee4513-c7e5-4c86-9fed-7b835de472ef","__parent":"tss3","position":[991.057678,704.753174,10.3547831],"isRenderEnabled":false,"locked":true,"playAmbient":false,"rotationMatrix":[0.798376262,0.602158904,0,-0.602158904,0.798376262,0,0,0,1],"scale":[1.5,1.5,1.5],"shapeName":"/levels/motorsports_playground/art/shapes/buildings/hr/hr_signs_02_a.dae","useInstanceRenderData":true}
{"class":"TSStatic","persistentId":"d63513af-298a-41f2-b913-393ac01ede43","__parent":"tss3","position":[793,1018,17.0031796],"isRenderEnabled":false,"locked":true,"playAmbient":false,"rotationMatrix":[5.96046448e-08,1,0,-1,5.96046448e-08,0,0,0,1],"scale":[1,1,0.75],"shapeName":"/levels/motorsports_playground/art/shapes/buildings/hr/hr_stadium_lights.dae","useInstanceRenderData":true}
{"class":"TSStatic","persistentId":"d650f9fc-99cb-42a1-b985-0a760d318e15","__parent":"tss3","position":[986.785828,501.434937,22.4052753],"isRenderEnabled":false,"locked":true,"playAmbient":false,"rotationMatrix":[-0.99938482,-0.035071075,0,0.035071075,-0.99938482,0,0,0,1],"scale":[1,1,0.75],"shapeName":"/levels/motorsports_playground/art/shapes/buildings/hr/hr_stadium_lights.dae","useInstanceRenderData":true}
{"class":"TSStatic","persistentId":"d679379d-18fa-460d-9561-8f758c912722","__parent":"tss3","position":[905.828003,645.271179,3.53640556],"isRenderEnabled":false,"locked":true,"playAmbient":false,"rotationMatrix":[-0.700670004,0.713485241,0,-0.713485241,-0.700670004,0,0,0,1],"scale":[0.660000026,0.660000026,0.660000026],"shapeName":"/levels/motorsports_playground/art/shapes/buildings/hr/hr_flag_01.dae","useInstanceRenderData":true}
{"class":"TSStatic","persistentId":"d7009fa5-3376-45a1-89fd-5ac85ac41382","__parent":"tss3","position":[1151,857.989014,16.0872021],"isRenderEnabled":false,"locked":true,"playAmbient":false,"rotationMatrix":[0.0468701944,-0.99890101,0,0.99890101,0.0468701944,0,0,0,1],"scale":[1,1,0.75],"shapeName":"/levels/motorsports_playground/art/shapes/buildings/hr/hr_stadium_lights.dae","useInstanceRenderData":true}
{"class":"TSStatic","persistentId":"d752c6f2-20d5-4512-b228-29c0ad3f23db","__parent":"tss3","position":[392,265.25,8.5],"isRenderEnabled":false,"locked":true,"playAmbient":false,"scale":[0.5,0.5,0.5],"shapeName":"/levels/motorsports_playground/art/shapes/buildings/hr/hr_stadium_lights.dae","useInstanceRenderData":true}
{"class":"TSStatic","persistentId":"d7dd7399-d094-4d66-9c22-395a5d148b66","__parent":"tss3","position":[345.504486,-218.782776,8.91543961],"isRenderEnabled":false,"locked":true,"playAmbient":false,"shapeName":"/levels/motorsports_playground/art/shapes/buildings/pit_garage.dae","useInstanceRenderData":true}
{"class":"TSStatic","persistentId":"d7fe513f-74ab-4a58-bccf-0bfea05e7369","__parent":"tss3","position":[915.47699,1190.37195,21.1764317],"isRenderEnabled":false,"locked":true,"playAmbient":false,"rotationMatrix":[0.954338014,0.298728704,0,-0.298728704,0.954338014,0,0,0,1],"scale":[1,1,0.75],"shapeName":"/levels/motorsports_playground/art/shapes/buildings/hr/hr_stadium_lights.dae","useInstanceRenderData":true}
{"class":"TSStatic","persistentId":"d8d36dde-8293-4dd7-b1a9-05a63b983ace","__parent":"tss3","position":[352.909332,-116.293167,5.19211864],"isRenderEnabled":false,"locked":true,"playAmbient":false,"rotationMatrix":[0.077830635,0.9969666,0,-0.9969666,0.077830635,0,0,0,1],"shapeName":"/levels/motorsports_playground/art/shapes/buildings/hr/hr_stadium_lights.dae","useInstanceRenderData":true}
{"class":"TSStatic","persistentId":"d8dec91b-be24-454c-aba6-7bd3ee32838c","__parent":"tss3","position":[166.996323,-129.869522,29.4139767],"isRenderEnabled":false,"locked":true,"meshCulling":true,"playAmbient":false,"rotationMatrix":[-1,8.74227766e-08,0,-8.74227766e-08,-1,0,0,0,1],"shapeName":"/levels/motorsports_playground/art/shapes/buildings/pit_upper_level.dae","useInstanceRenderData":true}
{"class":"TSStatic","persistentId":"d992e925-3dd0-45a4-a4ea-1c183b7204e8","__parent":"tss3","position":[583.240295,299.451904,10.1503439],"allowPlayerStep":"1","isRenderEnabled":false,"locked":true,"meshCulling":true,"playAmbient":false,"prebuildCollisionData":true,"rotationMatrix":[-0.350759178,0.93646574,0,-0.93646574,-0.350759178,0,0,0,1],"scale":[1.5,1.5,1.5],"shapeName":"/levels/motorsports_playground/art/shapes/buildings/hr/hr_signs_09_a.dae"}
{"class":"TSStatic","persistentId":"da475bd6-db42-4e29-acea-029df4ca112f","__parent":"tss3","position":[174.042282,-212.90094,9.64016819],"isRenderEnabled":false,"locked":true,"playAmbient":false,"rotationMatrix":[5.96046448e-08,1,0,-1,5.96046448e-08,0,0,0,1],"shapeName":"/levels/motorsports_playground/art/shapes/buildings/hr/hr_signs_04_c.dae","useInstanceRenderData":true}
{"class":"TSStatic","persistentId":"daa8a8d2-dbdf-4727-96e0-112ae73657f9","__parent":"tss3","position":[128.352432,264.170044,8.32436275],"isRenderEnabled":false,"locked":true,"playAmbient":false,"rotationMatrix":[3.57627869e-07,0.999999762,0.000839927408,-1,-1.1920929e-07,0.000498193142,0.000498192909,-0.000839927525,0.999999523],"shapeName":"/levels/motorsports_playground/art/shapes/buildings/timerboard.dae","useInstanceRenderData":true}
{"class":"TSStatic","persistentId":"daf1b206-46a7-433c-9eb9-0ce2c89980be","__parent":"tss3","position":[975.028137,709.239502,14.4178524],"isRenderEnabled":false,"locked":true,"playAmbient":false,"rotationMatrix":[-0.852609754,-0.522547901,0,0.522547901,-0.852609754,0,0,0,1],"scale":[2,2,2],"shapeName":"/levels/motorsports_playground/art/shapes/buildings/hr/hr_signs_01_b.dae","useInstanceRenderData":true}
{"class":"TSStatic","persistentId":"db0b6602-cb7f-45d4-ad47-1db67385e15c","__parent":"tss3","position":[170.164032,-214.426529,14.028388],"isRenderEnabled":false,"locked":true,"playAmbient":false,"shapeName":"/levels/motorsports_playground/art/shapes/buildings/pit_upper_level.dae","useInstanceRenderData":true}
{"class":"TSStatic","persistentId":"db13f869-e73b-4930-9e1f-a73923d8de22","__parent":"tss3","position":[312,265.25,8.5],"isRenderEnabled":false,"locked":true,"playAmbient":false,"scale":[0.5,0.5,0.5],"shapeName":"/levels/motorsports_playground/art/shapes/buildings/hr/hr_stadium_lights.dae","useInstanceRenderData":true}
{"class":"TSStatic","persistentId":"db729411-9ab6-4089-b03c-f13a9f06e992","__parent":"tss3","position":[834.97821,565.458191,21.1764317],"isRenderEnabled":false,"locked":true,"playAmbient":false,"rotationMatrix":[-0.603824496,0.797117293,0,-0.797117293,-0.603824496,0,0,0,1],"scale":[2,2,2],"shapeName":"/levels/motorsports_playground/art/shapes/buildings/hr/hr_signs_03_c.dae","useInstanceRenderData":true}
{"class":"TSStatic","persistentId":"dbab85ca-532c-4958-a1e9-e1c31a37b4c8","__parent":"tss3","position":[791,858,16.8176842],"isRenderEnabled":false,"locked":true,"playAmbient":false,"rotationMatrix":[5.96046448e-08,1,0,-1,5.96046448e-08,0,0,0,1],"scale":[1,1,0.75],"shapeName":"/levels/motorsports_playground/art/shapes/buildings/hr/hr_stadium_lights.dae","useInstanceRenderData":true}
{"class":"TSStatic","persistentId":"dce4f2ba-21db-47ef-b840-2110790b7390","__parent":"tss3","position":[791,938,16.7810345],"isRenderEnabled":false,"locked":true,"playAmbient":false,"rotationMatrix":[5.96046448e-08,1,0,-1,5.96046448e-08,0,0,0,1],"scale":[1,1,0.75],"shapeName":"/levels/motorsports_playground/art/shapes/buildings/hr/hr_stadium_lights.dae","useInstanceRenderData":true}
{"class":"TSStatic","persistentId":"dd707632-c54f-4ace-9dcf-5fda434a1d47","__parent":"tss3","position":[843.66803,1149.85437,21.1764317],"isRenderEnabled":false,"locked":true,"playAmbient":false,"rotationMatrix":[0.746063709,0.66587466,0,-0.66587466,0.746063709,0,0,0,1],"scale":[2,2,2],"shapeName":"/levels/motorsports_playground/art/shapes/buildings/hr/hr_signs_16_B.dae","useInstanceRenderData":true}
{"class":"TSStatic","persistentId":"dec94173-40dc-4dc4-8d3b-c7d615597256","__parent":"tss3","position":[30.8833122,170.807114,9.09400082],"isRenderEnabled":false,"locked":true,"playAmbient":false,"rotationMatrix":[-1,-1.50995803e-07,0,1.50995803e-07,-1,0,0,0,1],"shapeName":"/levels/motorsports_playground/art/shapes/objects/toll.dae","useInstanceRenderData":true}
{"class":"TSStatic","persistentId":"def31101-49ae-405a-9c29-1143409f33e9","__parent":"tss3","position":[951.741638,687.929932,10.3547831],"isRenderEnabled":false,"locked":true,"playAmbient":false,"rotationMatrix":[0.986607075,0.163114071,0,-0.163114071,0.986607075,0,0,0,1],"scale":[1.5,1.5,1.5],"shapeName":"/levels/motorsports_playground/art/shapes/buildings/hr/hr_signs_14_a.dae","useInstanceRenderData":true}
{"class":"TSStatic","persistentId":"df02f2a2-8f03-4fbc-a4aa-c7d7bde60944","__parent":"tss3","position":[174.741776,-129.835358,16.7818298],"isRenderEnabled":false,"locked":true,"meshCulling":true,"playAmbient":false,"rotationMatrix":[-1,8.74227766e-08,0,-8.74227766e-08,-1,0,0,0,1],"shapeName":"/levels/motorsports_playground/art/shapes/buildings/pit_upper_level.dae","useInstanceRenderData":true}
{"class":"TSStatic","persistentId":"df0a2b07-0653-4b04-959f-e749363734cf","__parent":"tss3","position":[1041.02625,1181.97083,21.1764317],"isRenderEnabled":false,"locked":true,"playAmbient":false,"rotationMatrix":[0.913361609,-0.407149732,0,0.407149732,0.913361609,0,0,0,1],"scale":[1,1,0.75],"shapeName":"/levels/motorsports_playground/art/shapes/buildings/hr/hr_stadium_lights.dae","useInstanceRenderData":true}
{"class":"TSStatic","persistentId":"df505037-ddcf-4bd8-8b0d-cb70a224c3fa","__parent":"tss3","position":[-2.05386806,36.8894005,12.4784832],"allowPlayerStep":"1","isRenderEnabled":false,"meshCulling":true,"playAmbient":false,"prebuildCollisionData":true,"rotationMatrix":[-0.599888682,-0.800082922,0.000552484533,0.800082922,-0.599888921,-0.00027629023,0.000552484649,0.000276290055,0.999999821],"shapeName":"/levels/motorsports_playground/art/shapes/buildings/hr/hr_signs_04_c.dae"}
{"class":"TSStatic","persistentId":"dfb3a072-9c8b-40a6-86db-f3dc5d5d49ad","__parent":"tss3","position":[206.834976,123.439507,10.9265509],"isRenderEnabled":false,"locked":true,"playAmbient":false,"scale":[1.45000005,1,1],"shapeName":"/levels/motorsports_playground/art/shapes/buildings/bleacher.dae","useInstanceRenderData":true}
{"class":"TSStatic","persistentId":"dfccc71e-bf6e-4a24-b242-ecdfa56c9786","__parent":"tss3","position":[963.3078,539.159119,6.24649382],"isRenderEnabled":false,"playAmbient":false,"rotationMatrix":[-0.882709146,0.469919324,0,-0.469919324,-0.882709146,0,0,0,1],"scale":[0.5,0.5,0.5],"shapeName":"/levels/motorsports_playground/art/shapes/buildings/hr/hr_flag_03.dae","useInstanceRenderData":true}
{"class":"TSStatic","persistentId":"e015b861-ee18-4acd-afab-a6d436920c8a","__parent":"tss3","position":[1040.83398,1181.91101,17.9533443],"isRenderEnabled":false,"locked":true,"playAmbient":false,"rotationMatrix":[0.907125771,-0.420859575,0,0.420859575,0.907125771,0,0,0,1],"scale":[2,2,4],"shapeName":"/levels/motorsports_playground/art/shapes/buildings/hr/hr_signs_12_a.dae","useInstanceRenderData":true}
{"class":"TSStatic","persistentId":"e113f84d-710c-49fb-8823-1b603f81ad67","__parent":"tss3","position":[564.383728,-323.767059,5.31549931],"allowPlayerStep":"1","isRenderEnabled":false,"meshCulling":true,"playAmbient":false,"prebuildCollisionData":true,"rotationMatrix":[-0.245611191,0.969368815,0,-0.969368815,-0.245611191,0,0,0,1],"scale":[3,3,3],"shapeName":"/levels/motorsports_playground/art/shapes/buildings/hr/hr_signs_04_b.dae"}
{"class":"TSStatic","persistentId":"e116e9e8-50c2-4201-9882-ef72e3824f1c","__parent":"tss3","position":[926.811279,695.692261,14.4178524],"isRenderEnabled":false,"locked":true,"playAmbient":false,"rotationMatrix":[-1,8.74227766e-08,0,-8.74227766e-08,-1,0,0,0,1],"scale":[2,2,2],"shapeName":"/levels/motorsports_playground/art/shapes/buildings/hr/hr_signs_10_a.dae","useInstanceRenderData":true}
{"class":"TSStatic","persistentId":"e1a8fc43-ec65-4f97-b573-a2203a49f578","__parent":"tss3","position":[66.0397034,-420.838409,62.9994431],"isRenderEnabled":false,"locked":true,"playAmbient":false,"rotationMatrix":[-1,8.74227766e-08,-1.10977683e-09,-8.74227766e-08,-1,-1.32295707e-16,-1.10977683e-09,-3.52759411e-17,1],"scale":[4,3,4],"shapeName":"/levels/motorsports_playground/art/shapes/buildings/pit_upper_level.dae","useInstanceRenderData":true}
{"class":"TSStatic","persistentId":"e1f39a58-e65e-46cb-af92-0f078815cb8a","__parent":"tss3","position":[162.325897,-213.493118,8.91543961],"isRenderEnabled":false,"locked":true,"playAmbient":false,"scale":[3,1,1],"shapeName":"/levels/motorsports_playground/art/shapes/buildings/pit_garage.dae","useInstanceRenderData":true}
{"class":"TSStatic","persistentId":"e27e7296-e781-4bb0-9b59-eda00b84fb54","__parent":"tss3","position":[816,598,20.4148026],"isRenderEnabled":false,"locked":true,"playAmbient":false,"rotationMatrix":[-0.248303533,0.968682289,0,-0.968682289,-0.248303533,0,0,0,1],"scale":[1,1,0.75],"shapeName":"/levels/motorsports_playground/art/shapes/buildings/hr/hr_stadium_lights.dae","useInstanceRenderData":true}
{"class":"TSStatic","persistentId":"e29b6a10-4a6f-4b9d-b0fa-e8de18bac4f3","__parent":"tss3","position":[1156.20557,738.120911,15.8242931],"isRenderEnabled":false,"locked":true,"playAmbient":false,"rotationMatrix":[0.0468701944,-0.99890101,0,0.99890101,0.0468701944,0,0,0,1],"scale":[1,1,0.75],"shapeName":"/levels/motorsports_playground/art/shapes/buildings/hr/hr_stadium_lights.dae","useInstanceRenderData":true}
{"class":"TSStatic","persistentId":"e2b4dd4b-d6f0-4eed-a780-4a1dfe31652e","__parent":"tss3","position":[796,658,18.2497425],"isRenderEnabled":false,"locked":true,"playAmbient":false,"rotationMatrix":[5.96046448e-08,1,0,-1,5.96046448e-08,0,0,0,1],"scale":[1,1,0.75],"shapeName":"/levels/motorsports_playground/art/shapes/buildings/hr/hr_stadium_lights.dae","useInstanceRenderData":true}
{"class":"TSStatic","persistentId":"e3259e9f-d0d2-479d-8707-cdcc31884332","__parent":"tss3","position":[577.111633,226.074753,10.7791443],"isRenderEnabled":false,"locked":true,"playAmbient":false,"rotationMatrix":[-1,8.74227766e-08,0,-8.74227766e-08,-1,0,0,0,1],"scale":[3,1,1],"shapeName":"/levels/motorsports_playground/art/shapes/buildings/bleacher.dae","useInstanceRenderData":true}
{"class":"TSStatic","persistentId":"e368544f-76f6-4e9e-9384-3ee0638692be","__parent":"tss3","position":[816.973694,1118.52148,21.1764317],"isRenderEnabled":false,"locked":true,"playAmbient":false,"rotationMatrix":[0.572829843,0.819674194,0,-0.819674194,0.572829843,0,0,0,1],"scale":[2,2,2],"shapeName":"/levels/motorsports_playground/art/shapes/buildings/hr/hr_signs_07_a.dae","useInstanceRenderData":true}
{"class":"TSStatic","persistentId":"e36cc259-a990-4cc0-975d-279f24fac284","__parent":"tss3","position":[997.11792,1056.50378,6.91966057],"isRenderEnabled":false,"locked":true,"playAmbient":false,"rotationMatrix":[0.470738649,-0.88227284,0,0.88227284,0.470738649,0,0,0,1],"scale":[0.5,0.5,0.5],"shapeName":"/levels/motorsports_playground/art/shapes/buildings/hr/hr_flag_06.dae","useInstanceRenderData":true}
{"class":"TSStatic","persistentId":"e41496f0-43c5-4746-86bf-ebb0e0ee05d0","__parent":"tss3","position":[155.277206,-142.385223,9.43154526],"isRenderEnabled":false,"locked":true,"playAmbient":false,"rotationMatrix":[5.96046448e-08,-1,0,1,5.96046448e-08,0,0,0,1],"shapeName":"/levels/motorsports_playground/art/shapes/buildings/acunit1.dae","useInstanceRenderData":true}
{"class":"TSStatic","persistentId":"e4cbb464-e04c-4465-a97e-d697c3609c2c","__parent":"tss3","position":[611.792297,903.091064,12.2714491],"isRenderEnabled":false,"locked":true,"meshCulling":true,"playAmbient":false,"shapeName":"/levels/motorsports_playground/art/shapes/buildings/hr/hr_signs_03_b.dae","useInstanceRenderData":true}
{"class":"TSStatic","persistentId":"e5f9b48a-5965-412f-ba37-609eedfd5324","__parent":"tss3","position":[656.447388,901.745422,12.2457075],"isRenderEnabled":false,"locked":true,"meshCulling":true,"playAmbient":false,"shapeName":"/levels/motorsports_playground/art/shapes/buildings/hr/hr_signs_03_a.dae","useInstanceRenderData":true}
{"class":"TSStatic","persistentId":"e62fff34-ab47-4f35-bdcf-1870221b4b2a","__parent":"tss3","position":[792,958,14.7611961],"isRenderEnabled":false,"locked":true,"playAmbient":false,"rotationMatrix":[5.96046448e-08,1,0,-1,5.96046448e-08,0,0,0,1],"scale":[1,1,0.75],"shapeName":"/levels/motorsports_playground/art/shapes/buildings/hr/hr_stadium_lights.dae","useInstanceRenderData":true}
{"class":"TSStatic","persistentId":"e749ec85-78a4-41c7-85c5-7e393f2ee94c","__parent":"tss3","position":[-655.822388,1030.42554,8.45336151],"isRenderEnabled":false,"locked":true,"playAmbient":false,"rotationMatrix":[-0.015913479,0.999873161,0,-0.999873161,-0.015913479,0,0,0,1],"scale":[2,2,2],"shapeName":"/levels/motorsports_playground/art/shapes/buildings/gantry.dae","useInstanceRenderData":true}
{"class":"TSStatic","persistentId":"e84571e2-39f2-40c5-9e5b-d34bf19d8abe","__parent":"tss3","position":[976.194153,1029.19482,14.4178524],"isRenderEnabled":false,"locked":true,"playAmbient":false,"rotationMatrix":[0.812291026,-0.583252192,0,0.583252192,0.812291026,0,0,0,1],"scale":[2,2,2],"shapeName":"/levels/motorsports_playground/art/shapes/buildings/hr/hr_signs_06_b.dae","useInstanceRenderData":true}
{"class":"TSStatic","persistentId":"e85dfce5-85a5-4f42-bb62-8a6a564896ba","__parent":"tss3","position":[753.400269,267.360504,8.33285427],"allowPlayerStep":"1","isRenderEnabled":false,"locked":true,"meshCulling":true,"playAmbient":false,"prebuildCollisionData":true,"rotationMatrix":[-0.728351176,-0.685204089,0,0.685204089,-0.728351176,0,0,0,1],"scale":[0.5,0.75,0.5],"shapeName":"/levels/motorsports_playground/art/shapes/buildings/hr/hr_flag_04.dae"}
{"class":"TSStatic","persistentId":"e8e4d8f6-cd00-4173-a66f-9f76d60b81f4","__parent":"tss3","position":[616.256226,807.533813,12.2402334],"isRenderEnabled":false,"locked":true,"playAmbient":false,"rotationMatrix":[5.96046448e-08,1,0,-1,5.96046448e-08,0,0,0,1],"scale":[2,2,1],"shapeName":"/levels/motorsports_playground/art/shapes/objects/pole_fence1.dae","useInstanceRenderData":true}
{"class":"TSStatic","persistentId":"e91ce436-f518-4b35-83c0-0403c01181cd","__parent":"tss3","position":[896.146423,1182.63757,21.1764317],"isRenderEnabled":false,"locked":true,"playAmbient":false,"rotationMatrix":[0.923302472,0.384074211,0,-0.384074211,0.923302472,0,0,0,1],"scale":[1,1,0.75],"shapeName":"/levels/motorsports_playground/art/shapes/buildings/hr/hr_stadium_lights.dae","useInstanceRenderData":true}
{"class":"TSStatic","persistentId":"e9373f13-57dd-4033-b1cc-c5844242a0be","__parent":"tss3","position":[174.741852,-141.657333,16.7818298],"isRenderEnabled":false,"locked":true,"meshCulling":true,"playAmbient":false,"shapeName":"/levels/motorsports_playground/art/shapes/buildings/pit_upper_level.dae","useInstanceRenderData":true}
{"class":"TSStatic","persistentId":"e951cca6-3b37-49f6-a187-c5c7127299b1","__parent":"tss3","position":[282.160248,-218.831329,8.91543961],"isRenderEnabled":false,"locked":true,"playAmbient":false,"scale":[3,1,1],"shapeName":"/levels/motorsports_playground/art/shapes/buildings/pit_garage.dae","useInstanceRenderData":true}
{"class":"TSStatic","persistentId":"ea5ffcb4-e0cb-4f9c-947d-b6896d43c16d","__parent":"tss3","position":[-654.058899,855.011108,15.0248432],"isRenderEnabled":false,"locked":true,"playAmbient":false,"rotationMatrix":[-0.633068204,-0.774096847,3.75536038e-05,0.774096608,-0.633067966,0.000818349712,-0.000609707728,0.000547140779,0.999999642],"scale":[1.5,1,1.5],"shapeName":"/levels/motorsports_playground/art/shapes/buildings/bleacher.dae","useInstanceRenderData":true}
{"class":"TSStatic","persistentId":"eaf1acce-bff4-4917-a5b0-ea71f22e71e8","__parent":"tss3","position":[324.733734,-137.823364,2.1384058],"isRenderEnabled":false,"locked":true,"playAmbient":false,"rotationMatrix":[-0.0707871765,0.99749136,0,-0.99749136,-0.0707871765,0,0,0,1],"scale":[1.25,2,1.75],"shapeName":"/levels/motorsports_playground/art/shapes/buildings/gantry.dae","useInstanceRenderData":true}
{"class":"TSStatic","persistentId":"eb43699f-5c58-4bf0-b7fd-bec687d0b8fc","__parent":"tss3","position":[282.160248,-219.77153,14.028388],"isRenderEnabled":false,"locked":true,"playAmbient":false,"shapeName":"/levels/motorsports_playground/art/shapes/buildings/pit_upper_level.dae","useInstanceRenderData":true}
{"class":"TSStatic","persistentId":"eb5d6ccd-d4e6-4a18-98fb-ac4ecbb21617","__parent":"tss3","position":[636.403137,807.533813,12.2402334],"isRenderEnabled":false,"locked":true,"playAmbient":false,"rotationMatrix":[5.96046448e-08,1,0,-1,5.96046448e-08,0,0,0,1],"scale":[2,2,1],"shapeName":"/levels/motorsports_playground/art/shapes/objects/pole_fence1.dae","useInstanceRenderData":true}
{"class":"TSStatic","persistentId":"eb6fa5c9-7b15-4b09-b119-efc01cdf7d30","__parent":"tss3","position":[715.987976,839.080078,9.49724102],"allowPlayerStep":"1","isRenderEnabled":false,"locked":true,"meshCulling":true,"playAmbient":false,"prebuildCollisionData":true,"rotationMatrix":[-0.795004487,-0.606603444,0,0.606603444,-0.795004487,0,0,0,1],"scale":[0.5,0.75,0.5],"shapeName":"/levels/motorsports_playground/art/shapes/buildings/hr/hr_flag_02.dae"}
{"class":"TSStatic","persistentId":"eb976dc4-6159-4a86-9501-5249524bd546","__parent":"tss3","position":[1021.95758,1189.68372,21.1764317],"isRenderEnabled":false,"locked":true,"playAmbient":false,"rotationMatrix":[0.949309647,-0.314341813,0,0.314341813,0.949309647,0,0,0,1],"scale":[2,2,2],"shapeName":"/levels/motorsports_playground/art/shapes/buildings/hr/hr_signs_12_b.dae","useInstanceRenderData":true}
{"class":"TSStatic","persistentId":"ebbc5f90-d829-454f-ac85-ad3d69a5d881","__parent":"tss3","position":[167.021835,-141.657333,10.4156075],"isRenderEnabled":false,"locked":true,"meshCulling":true,"playAmbient":false,"shapeName":"/levels/motorsports_playground/art/shapes/buildings/pit_upper_level.dae","useInstanceRenderData":true}
{"class":"TSStatic","persistentId":"ec1bcf57-d8a4-4119-82cb-fcf4a064d8bb","__parent":"tss3","position":[532.922363,339.172852,5.13266277],"allowPlayerStep":"1","isRenderEnabled":false,"meshCulling":true,"playAmbient":false,"prebuildCollisionData":true,"rotationMatrix":[0.999961197,-0.00880897604,0,0.00880897604,0.999961197,0,0,0,1],"scale":[0.699999988,0.5,0.5],"shapeName":"/levels/motorsports_playground/art/shapes/buildings/hr/hr_flag_06.dae"}
{"class":"TSStatic","persistentId":"ec3d6523-573d-4c2d-8169-5c622f2a4c7c","__parent":"tss3","position":[632,265.25,8.5],"isRenderEnabled":false,"locked":true,"playAmbient":false,"scale":[0.5,0.5,0.5],"shapeName":"/levels/motorsports_playground/art/shapes/buildings/hr/hr_stadium_lights.dae","useInstanceRenderData":true}
{"class":"TSStatic","persistentId":"ec744daf-d696-436c-b9c5-eafdfcb4665b","__parent":"tss3","position":[725.291199,237.382111,7.84785366],"allowPlayerStep":"1","isRenderEnabled":false,"locked":true,"meshCulling":true,"playAmbient":false,"prebuildCollisionData":true,"rotationMatrix":[-0.68046546,-0.732780159,0,0.732780159,-0.68046546,0,0,0,1],"scale":[0.5,0.75,0.5],"shapeName":"/levels/motorsports_playground/art/shapes/buildings/hr/hr_flag_03.dae"}
{"class":"TSStatic","persistentId":"eca17dbe-1c1c-4fdd-8c79-365fd58947a3","__parent":"tss3","position":[1154,798.054932,16.0851116],"isRenderEnabled":false,"locked":true,"playAmbient":false,"rotationMatrix":[0.0468701944,-0.99890101,0,0.99890101,0.0468701944,0,0,0,1],"scale":[1,1,0.75],"shapeName":"/levels/motorsports_playground/art/shapes/buildings/hr/hr_stadium_lights.dae","useInstanceRenderData":true}
{"class":"TSStatic","persistentId":"eca92512-39c5-46c4-b68b-3369b3bcf60c","__parent":"tss3","position":[626.555908,-109.382454,12.1878262],"isRenderEnabled":false,"locked":true,"playAmbient":false,"scale":[2.20000005,2.20000005,2],"shapeName":"/levels/motorsports_playground/art/shapes/buildings/hr_tire.DAE","useInstanceRenderData":true}
{"class":"TSStatic","persistentId":"ecd5f2b6-c27e-4578-9447-f00796c6d3fc","__parent":"tss3","position":[596.364502,807.318115,12.2402334],"isRenderEnabled":false,"locked":true,"playAmbient":false,"rotationMatrix":[5.96046448e-08,1,0,-1,5.96046448e-08,0,0,0,1],"scale":[2,2,1],"shapeName":"/levels/motorsports_playground/art/shapes/objects/pole_fence1.dae","useInstanceRenderData":true}
{"class":"TSStatic","persistentId":"ed2ccc28-d1dc-45c1-b8fd-454e38df6c56","__parent":"tss3","position":[656.473633,807.720459,12.2402334],"isRenderEnabled":false,"locked":true,"playAmbient":false,"rotationMatrix":[5.96046448e-08,1,0,-1,5.96046448e-08,0,0,0,1],"scale":[2,2,1],"shapeName":"/levels/motorsports_playground/art/shapes/objects/pole_fence1.dae","useInstanceRenderData":true}
{"class":"TSStatic","persistentId":"ed653f0b-342a-445d-9805-c7e223ed5838","__parent":"tss3","position":[334.069733,-134.978714,5.04120922],"allowPlayerStep":"1","isRenderEnabled":false,"locked":true,"meshCulling":true,"playAmbient":false,"prebuildCollisionData":true,"rotationMatrix":[-0.0783960223,0.996922255,0,-0.996922255,-0.0783960223,0,0,0,1],"scale":[0.5,0.5,0.25],"shapeName":"/levels/motorsports_playground/art/shapes/buildings/hr/hr_flag_05.dae"}
{"class":"TSStatic","persistentId":"ed681f30-9a74-42ba-9bb9-ee530f61f3de","__parent":"tss3","position":[976.007812,1198.8407,21.1764317],"isRenderEnabled":false,"locked":true,"playAmbient":false,"rotationMatrix":[0.996918976,-0.0784390345,0,0.0784390345,0.996918976,0,0,0,1],"scale":[2,2,2],"shapeName":"/levels/motorsports_playground/art/shapes/buildings/hr/hr_signs_10_b.dae","useInstanceRenderData":true}
{"class":"TSStatic","persistentId":"eddee1c4-b278-4e2a-bc35-5bb884fe9378","__parent":"tss3","position":[966.03418,1049.66187,10.3547831],"isRenderEnabled":false,"locked":true,"playAmbient":false,"rotationMatrix":[-0.903233051,0.429150492,0,-0.429150492,-0.903233051,0,0,0,1],"scale":[1.5,1.5,1.5],"shapeName":"/levels/motorsports_playground/art/shapes/buildings/hr/hr_signs_06_c.dae","useInstanceRenderData":true}
{"class":"TSStatic","persistentId":"ee779a4a-7f7b-4ac0-a67f-6bdb12ebdcd9","__parent":"tss3","position":[600.099609,903.097229,12.2049637],"isRenderEnabled":false,"locked":true,"meshCulling":true,"playAmbient":false,"shapeName":"/levels/motorsports_playground/art/shapes/buildings/hr/hr_signs_04_a.dae","useInstanceRenderData":true}
{"class":"TSStatic","persistentId":"ee7868ef-c854-42fc-be73-c81703e5d48d","__parent":"tss3","position":[332,265.25,8.5],"isRenderEnabled":false,"locked":true,"playAmbient":false,"scale":[0.5,0.5,0.5],"shapeName":"/levels/motorsports_playground/art/shapes/buildings/hr/hr_stadium_lights.dae","useInstanceRenderData":true}
{"class":"TSStatic","persistentId":"ef0de743-46db-4117-b870-2a0239fd3d12","__parent":"tss3","position":[578.759705,319.749664,8.55539894],"isRenderEnabled":false,"locked":true,"playAmbient":false,"rotationMatrix":[5.96046448e-08,1,0,-1,5.96046448e-08,0,0,0,1],"scale":[0.649999976,1.5,1],"shapeName":"/levels/motorsports_playground/art/shapes/buildings/hr/hr_start_bridge.dae","useInstanceRenderData":true}
{"class":"TSStatic","persistentId":"ef2693d1-69df-4d23-95f7-02f0ddc56215","__parent":"tss3","position":[1076.38,663.822632,6.71484327],"isRenderEnabled":false,"locked":true,"playAmbient":false,"rotationMatrix":[-0.461591303,0.887092769,0,-0.887092769,-0.461591303,0,0,0,1],"scale":[0.5,0.5,0.5],"shapeName":"/levels/motorsports_playground/art/shapes/buildings/hr/hr_flag_03.dae","useInstanceRenderData":true}
{"class":"TSStatic","persistentId":"ef5e67ab-31df-4dee-94b0-e1d616b0823b","__parent":"tss3","position":[902.052368,635.387451,5.92940617],"isRenderEnabled":false,"locked":true,"playAmbient":false,"rotationMatrix":[-0.815054417,0.579384267,0,-0.579384267,-0.815054417,0,0,0,1],"scale":[0.660000026,0.660000026,0.550000012],"shapeName":"/levels/motorsports_playground/art/shapes/buildings/hr/hr_flag_01.dae","useInstanceRenderData":true}
{"class":"TSStatic","persistentId":"efa54afc-a4b5-4477-a1f5-7fc59e957636","__parent":"tss3","position":[1135,1057.76917,18.3384476],"isRenderEnabled":false,"locked":true,"playAmbient":false,"rotationMatrix":[0.0468701944,-0.99890101,0,0.99890101,0.0468701944,0,0,0,1],"scale":[1,1,0.75],"shapeName":"/levels/motorsports_playground/art/shapes/buildings/hr/hr_stadium_lights.dae","useInstanceRenderData":true}
{"class":"TSStatic","persistentId":"f07a48f3-21df-4959-a31d-4afab7aecef4","__parent":"tss3","position":[159.276382,-129.903564,16.7818298],"isRenderEnabled":false,"locked":true,"meshCulling":true,"playAmbient":false,"rotationMatrix":[-1,8.74227766e-08,0,-8.74227766e-08,-1,0,0,0,1],"shapeName":"/levels/motorsports_playground/art/shapes/buildings/pit_upper_level.dae","useInstanceRenderData":true}
{"class":"TSStatic","persistentId":"f0fb878d-76e9-4fc1-ad8a-3387e1acf0f2","__parent":"tss3","position":[124.733917,-167.126846,9.06602287],"collisionType":"Visible Mesh Final","isRenderEnabled":false,"locked":true,"playAmbient":false,"rotationMatrix":[1,3.55271368e-15,-1.1920929e-07,-1.1920929e-07,5.96046448e-08,-1,3.55271368e-15,1,5.96046448e-08],"scale":[0.300000012,2,2.5],"shapeName":"/levels/motorsports_playground/art/shapes/objects/sign_rounded.dae","useInstanceRenderData":true}
{"class":"TSStatic","persistentId":"f1be4fb2-bda8-4fdc-9849-5f951d837b39","__parent":"tss3","position":[-372.847748,104.053307,10.0171013],"isRenderEnabled":false,"locked":true,"playAmbient":false,"rotationMatrix":[0.110690981,0.993854761,0,-0.993854761,0.110690981,0,0,0,1],"shapeName":"/levels/motorsports_playground/art/shapes/buildings/hr/hr_flag_05.dae","useInstanceRenderData":true}
{"class":"TSStatic","persistentId":"f1feafab-5a62-4bd3-ba50-75c0f6159029","__parent":"tss3","position":[960.713501,501.781189,21.1764317],"isRenderEnabled":false,"locked":true,"playAmbient":false,"rotationMatrix":[-0.998071194,0.0620772243,0,-0.0620772243,-0.998071194,0,0,0,1],"scale":[2,2,2],"shapeName":"/levels/motorsports_playground/art/shapes/buildings/hr/hr_signs_05_b.dae","useInstanceRenderData":true}
{"class":"TSStatic","persistentId":"f23ed7a6-c018-4dd9-b13e-fff7594ae588","__parent":"tss3","position":[91.5261765,-82.0333633,8.25300884],"isRenderEnabled":false,"locked":true,"playAmbient":false,"shapeName":"/levels/motorsports_playground/art/shapes/buildings/hr_tent_large.dae","useInstanceRenderData":true}
{"class":"TSStatic","persistentId":"f2c8c953-a746-4dfe-b2e7-f0dbd181ff57","__parent":"tss3","position":[508.844727,-162.861847,10.8944082],"isRenderEnabled":false,"locked":true,"playAmbient":false,"rotationMatrix":[0.840946853,-0.541117787,0,0.541117787,0.840946853,0,0,0,1],"scale":[1.5,1.10000002,1],"shapeName":"/levels/motorsports_playground/art/shapes/buildings/bleacher.dae","useInstanceRenderData":true}
{"class":"TSStatic","persistentId":"f39271fe-dd83-4ed1-9bb8-070c263d51fa","__parent":"tss3","position":[305.929901,-219.77153,14.028388],"isRenderEnabled":false,"locked":true,"playAmbient":false,"shapeName":"/levels/motorsports_playground/art/shapes/buildings/pit_upper_level.dae","useInstanceRenderData":true}
{"class":"TSStatic","persistentId":"f39fb440-8256-422c-9934-2bc4bac19ab2","__parent":"tss3","position":[710.065735,824.605042,9.04360008],"allowPlayerStep":"1","isRenderEnabled":false,"locked":true,"meshCulling":true,"playAmbient":false,"prebuildCollisionData":true,"rotationMatrix":[-0.881145239,-0.472845554,0,0.472845554,-0.881145239,0,0,0,1],"scale":[0.5,0.75,0.5],"shapeName":"/levels/motorsports_playground/art/shapes/buildings/hr/hr_flag_06.dae"}
{"class":"TSStatic","persistentId":"f403aae1-bfd1-47c8-93b1-5f794b69b74d","__parent":"tss3","position":[336.173981,-193.14946,9.85552788],"isRenderEnabled":false,"locked":true,"playAmbient":false,"rotationMatrix":[-1,8.74227766e-08,0,-8.74227766e-08,-1,0,0,0,1],"shapeName":"/levels/motorsports_playground/art/shapes/buildings/hr/hr_stadium_lights.dae","useInstanceRenderData":true}
{"class":"TSStatic","persistentId":"f409cc82-1e0d-440d-9eb9-ba1ded632300","__parent":"tss3","position":[791,818,15.4780064],"isRenderEnabled":false,"locked":true,"playAmbient":false,"rotationMatrix":[5.96046448e-08,1,0,-1,5.96046448e-08,0,0,0,1],"scale":[1,1,0.75],"shapeName":"/levels/motorsports_playground/art/shapes/buildings/hr/hr_stadium_lights.dae","useInstanceRenderData":true}
{"class":"TSStatic","persistentId":"f435c4b1-fd36-49b1-ae49-6379543111ad","__parent":"tss3","position":[155.277206,-137.321793,9.43154526],"isRenderEnabled":false,"locked":true,"playAmbient":false,"rotationMatrix":[5.96046448e-08,-1,0,1,5.96046448e-08,0,0,0,1],"shapeName":"/levels/motorsports_playground/art/shapes/buildings/acunit1.dae","useInstanceRenderData":true}
{"class":"TSStatic","persistentId":"f4e05a97-87d5-45d0-baba-7248c54d930a","__parent":"tss3","position":[1125.5271,581.092163,21.1764317],"isRenderEnabled":false,"locked":true,"playAmbient":false,"rotationMatrix":[-0.554032743,-0.832494557,0,0.832494557,-0.554032743,0,0,0,1],"scale":[2,2,2],"shapeName":"/levels/motorsports_playground/art/shapes/buildings/hr/hr_signs_01_b.dae","useInstanceRenderData":true}
{"class":"TSStatic","persistentId":"f4e34cca-921d-4f00-8779-7b51cbbb7f94","__parent":"tss3","position":[195.335434,-206.13205,8.84591389],"isRenderEnabled":false,"locked":true,"playAmbient":false,"rotationMatrix":[-0.262463957,0.9649418,0,-0.9649418,-0.262463957,0,0,0,1],"shapeName":"/levels/motorsports_playground/art/shapes/objects/construction_sign_big_a.DAE","useInstanceRenderData":true}
{"class":"TSStatic","persistentId":"f598b9af-3bb5-4f30-aed7-0f8ab06fb3d9","__parent":"tss3","position":[95.156456,-96.1426163,32.2978745],"isRenderEnabled":false,"locked":true,"playAmbient":false,"scale":[2,2,2],"shapeName":"/levels/motorsports_playground/art/shapes/objects/sign_rounded.dae","useInstanceRenderData":true}
{"class":"TSStatic","persistentId":"f5de4458-2952-4941-8b87-61b403b19f65","__parent":"tss3","position":[250.545288,-219.77153,14.028388],"isRenderEnabled":false,"locked":true,"playAmbient":false,"shapeName":"/levels/motorsports_playground/art/shapes/buildings/pit_upper_level.dae","useInstanceRenderData":true}
{"class":"TSStatic","persistentId":"f6cac6ca-b0a9-47a1-a2a6-ff77e3363729","__parent":"tss3","position":[1077.33691,1161.86304,21.1764317],"isRenderEnabled":false,"playAmbient":false,"rotationMatrix":[0.793520391,-0.608543634,0,0.608543634,0.793520391,0,0,0,1],"scale":[2,2,2],"shapeName":"/levels/motorsports_playground/art/shapes/buildings/hr/hr_signs_09_a.dae","useInstanceRenderData":true}
{"class":"TSStatic","persistentId":"f722707c-cd66-456c-a781-667fb3d3ef43","__parent":"tss3","position":[195.324265,-211.383484,8.84591389],"isRenderEnabled":false,"locked":true,"playAmbient":false,"rotationMatrix":[-0.296868384,0.954918385,0,-0.954918385,-0.296868384,0,0,0,1],"shapeName":"/levels/motorsports_playground/art/shapes/objects/construction_sign_big_a.DAE","useInstanceRenderData":true}
{"class":"TSStatic","persistentId":"f7e5cbf2-440d-49bd-b001-6fa3f412e614","__parent":"tss3","position":[829.131348,1135.42383,21.1764317],"isRenderEnabled":false,"locked":true,"playAmbient":false,"rotationMatrix":[0.64482826,0.764327168,0,-0.764327168,0.64482826,0,0,0,1],"scale":[2,2,2],"shapeName":"/levels/motorsports_playground/art/shapes/buildings/hr/hr_signs_08_a.dae","useInstanceRenderData":true}
{"class":"TSStatic","persistentId":"f823ed7f-86dd-44eb-b0e4-d80ab9fb9c99","__parent":"tss3","position":[873.596985,339.704315,9.04360008],"allowPlayerStep":"1","isRenderEnabled":false,"locked":true,"meshCulling":true,"playAmbient":false,"prebuildCollisionData":true,"rotationMatrix":[0.829474747,-0.55854404,0,0.55854404,0.829474747,0,0,0,1],"scale":[0.5,0.75,0.5],"shapeName":"/levels/motorsports_playground/art/shapes/buildings/hr/hr_flag_06.dae"}
{"class":"TSStatic","persistentId":"f86f5cb6-11d9-4223-b755-c594c526a74f","__parent":"tss3","position":[-144.943771,-22.2321892,14.9522362],"isRenderEnabled":false,"locked":true,"playAmbient":false,"rotationMatrix":[-0.255171865,0.9668957,0,-0.9668957,-0.255171865,0,0,0,1],"scale":[0.75,1,1],"shapeName":"/levels/motorsports_playground/art/shapes/buildings/hr/hr_start_bridge.dae","useInstanceRenderData":true}
{"class":"TSStatic","persistentId":"f8aa0c05-cb66-4806-8ff8-439b7452e941","__parent":"tss3","position":[551.958984,339.006134,5.1542654],"allowPlayerStep":"1","isRenderEnabled":false,"meshCulling":true,"playAmbient":false,"prebuildCollisionData":true,"rotationMatrix":[0.999961197,-0.00880897604,0,0.00880897604,0.999961197,0,0,0,1],"scale":[0.699999988,0.5,0.5],"shapeName":"/levels/motorsports_playground/art/shapes/buildings/hr/hr_flag_05.dae"}
{"class":"TSStatic","persistentId":"f90911aa-2353-4105-81ce-b7d81b48f462","__parent":"tss3","position":[1017.37201,625.703186,6],"isRenderEnabled":false,"locked":true,"playAmbient":false,"rotationMatrix":[0.784252882,-0.620441318,0,0.620441318,0.784252882,0,0,0,1],"shapeName":"/levels/motorsports_playground/art/shapes/buildings/hr/hr_flag_02.dae","useInstanceRenderData":true}
{"class":"TSStatic","persistentId":"f93555c9-5f8f-4d80-815d-7d10f6b0cfce","__parent":"tss3","position":[1007.34015,504.061615,21.1764317],"isRenderEnabled":false,"locked":true,"playAmbient":false,"rotationMatrix":[-0.970847487,-0.239698827,0,0.239698827,-0.970847487,0,0,0,1],"scale":[2,2,2],"shapeName":"/levels/motorsports_playground/art/shapes/buildings/hr/hr_signs_04_c.dae","useInstanceRenderData":true}
{"class":"TSStatic","persistentId":"f9705700-ab3a-448d-93e0-152474ccb2d2","__parent":"tss3","position":[-171.129608,502.282715,9.08406353],"allowPlayerStep":"1","isRenderEnabled":false,"locked":true,"meshCulling":true,"playAmbient":false,"prebuildCollisionData":true,"rotationMatrix":[-0.89193809,0.452157587,0,-0.452157587,-0.89193809,0,0,0,1],"scale":[2,2,0.75],"shapeName":"/levels/motorsports_playground/art/shapes/buildings/hr/hr_rumble.dae"}
{"class":"TSStatic","persistentId":"fa44df83-bda1-4a71-ab11-fcccedde60af","__parent":"tss3","position":[652.285706,807.609436,12.2402334],"isRenderEnabled":false,"locked":true,"playAmbient":false,"rotationMatrix":[5.96046448e-08,1,0,-1,5.96046448e-08,0,0,0,1],"scale":[2,2,1],"shapeName":"/levels/motorsports_playground/art/shapes/objects/pole_fence1.dae","useInstanceRenderData":true}
{"class":"TSStatic","persistentId":"fab05e1c-08d8-4a1c-9f1e-79151dbd7ab1","__parent":"tss3","position":[612,265.25,8.5],"isRenderEnabled":false,"locked":true,"playAmbient":false,"scale":[0.5,0.5,0.5],"shapeName":"/levels/motorsports_playground/art/shapes/buildings/hr/hr_stadium_lights.dae","useInstanceRenderData":true}
{"class":"TSStatic","persistentId":"fafd9473-84cb-4692-9c31-3cd07df4533b","__parent":"tss3","position":[-332.861816,-16.4812717,12.9576788],"isRenderEnabled":false,"locked":true,"playAmbient":false,"rotationMatrix":[-0.941880226,0.335948825,0,-0.335948825,-0.941880226,0,0,0,1],"scale":[0.75,0.75,0.75],"shapeName":"/levels/motorsports_playground/art/shapes/buildings/hr/hr_flag_03.dae","useInstanceRenderData":true}
{"class":"TSStatic","persistentId":"fb07de0b-f607-4d36-8418-f40b818f8ae2","__parent":"tss3","position":[1098.64795,549.761353,21.7328243],"isRenderEnabled":false,"locked":true,"playAmbient":false,"rotationMatrix":[-0.730720878,-0.682676136,0,0.682676136,-0.730720878,0,0,0,1],"scale":[1,1,0.75],"shapeName":"/levels/motorsports_playground/art/shapes/buildings/hr/hr_stadium_lights.dae","useInstanceRenderData":true}
{"class":"TSStatic","persistentId":"fc4de774-4ed0-4d4e-bcb4-a279123dbad8","__parent":"tss3","position":[855.529419,351.845001,9.17662525],"allowPlayerStep":"1","isRenderEnabled":false,"locked":true,"meshCulling":true,"playAmbient":false,"prebuildCollisionData":true,"rotationMatrix":[0.706888676,-0.707324922,0,0.707324922,0.706888676,0,0,0,1],"scale":[0.5,0.75,0.5],"shapeName":"/levels/motorsports_playground/art/shapes/buildings/hr/hr_flag_01.dae"}
{"class":"TSStatic","persistentId":"fd0a5477-8c73-4802-9cea-91b8f39fcacd","__parent":"tss3","position":[162.27356,-214.426529,14.028388],"isRenderEnabled":false,"locked":true,"playAmbient":false,"shapeName":"/levels/motorsports_playground/art/shapes/buildings/pit_upper_level.dae","useInstanceRenderData":true}
{"class":"TSStatic","persistentId":"fda3937e-5d52-4826-8437-064996b90b6e","__parent":"tss3","position":[1003.60406,716.264465,10.3547831],"isRenderEnabled":false,"locked":true,"playAmbient":false,"rotationMatrix":[0.660578132,0.750757277,0,-0.750757277,0.660578132,0,0,0,1],"scale":[1.5,1.5,1.5],"shapeName":"/levels/motorsports_playground/art/shapes/buildings/hr/hr_signs_01_a.dae","useInstanceRenderData":true}
{"class":"TSStatic","persistentId":"fededc2f-ca6e-4c7f-9911-aa6d894dfbad","__parent":"tss3","position":[-292.065216,28.1565266,12.4832926],"isRenderEnabled":false,"locked":true,"playAmbient":false,"rotationMatrix":[0.773813844,0.633413136,0,-0.633413136,0.773813844,0,0,0,1],"shapeName":"/levels/motorsports_playground/art/shapes/buildings/hr/hr_stadium_lights.dae","useInstanceRenderData":true}
{"class":"TSStatic","persistentId":"ff4963e7-7317-40f4-b295-870eda7b535d","__parent":"tss3","position":[-449.960266,286.275665,9.10493279],"isRenderEnabled":false,"locked":true,"playAmbient":false,"rotationMatrix":[0.931170166,0.364584684,0,-0.364584684,0.931170166,0,0,0,1],"scale":[1.5,1.5,1.5],"shapeName":"/levels/motorsports_playground/art/shapes/buildings/gantry.dae","useInstanceRenderData":true}
{"class":"TSStatic","persistentId":"af14b462-19e6-469c-ba67-1b038006ec42","__parent":"tss3","position":[-139.666962,-149.026443,8.90364265],"isRenderEnabled":false,"locked":true,"playAmbient":false,"rotationMatrix":[-0.869306624,3.25841398e-07,-0.494273186,-2.83256071e-07,-1,-1.61054658e-07,-0.494273186,0,0.869306624],"scale":[1,1,0.75],"shapeName":"/levels/motorsports_playground/art/shapes/objects/pole_thick.dae","useInstanceRenderData":true}
{"class":"TSStatic","persistentId":"563e811e-3d1a-45f4-8e7c-e57bb7859d1a","__parent":"tss3","position":[-8.68405151,-169.680588,8.90364265],"isRenderEnabled":false,"locked":true,"playAmbient":false,"rotationMatrix":[0.869306624,-6.09097469e-07,-0.494273186,6.09097469e-07,1,-1.61054658e-07,0.494273186,-1.61054672e-07,0.869306624],"scale":[1,1,0.75],"shapeName":"/levels/motorsports_playground/art/shapes/objects/pole_thick.dae","useInstanceRenderData":true}
{"class":"TSStatic","persistentId":"f61e4f23-d385-4feb-85c1-1836fb1da8df","__parent":"tss3","position":[897.164368,756.243713,14.613349],"isRenderEnabled":false,"locked":true,"playAmbient":false,"rotationMatrix":[-0.513712943,0.857962072,0,-0.857962072,-0.513712943,0,0,0,1],"scale":[1,1,0.800000012],"shapeName":"/levels/motorsports_playground/art/shapes/buildings/hr/hr_signs_04_b.dae","useInstanceRenderData":true}
{"class":"TSStatic","persistentId":"d7767721-0109-4a1b-8c09-195505d75293","__parent":"tss3","position":[893.541504,762.655579,14.616128],"isRenderEnabled":false,"locked":true,"playAmbient":false,"rotationMatrix":[-0.471961677,0.881619036,0,-0.881619036,-0.471961677,0,0,0,1],"scale":[1,1,0.800000012],"shapeName":"/levels/motorsports_playground/art/shapes/buildings/hr/hr_signs_04_b.dae","useInstanceRenderData":true}
{"class":"TSStatic","persistentId":"8cf6700d-508c-452f-87e4-a1f7c93b1fee","__parent":"tss3","position":[2080.30591,-604.491882,84.9795609],"allowPlayerStep":"1","isRenderEnabled":false,"locked":true,"meshCulling":true,"playAmbient":false,"prebuildCollisionData":true,"rotationMatrix":[-0.476347804,-0.879256964,0,0.879256964,-0.476347804,0,0,0,1],"scale":[12,12,12],"shapeName":"/levels/motorsports_playground/art/shapes/buildings/hr/hr_signs_04_b.dae"}
{"class":"TSStatic","persistentId":"fd620a4b-a3b2-40f7-b876-1eb8e3d9462c","__parent":"tss3","position":[-569.271423,143.33493,3.96501493],"isRenderEnabled":false,"locked":true,"playAmbient":false,"rotationMatrix":[0.946085334,0.323916912,0,-0.323916912,0.946085334,0,0,0,1],"scale":[1.5,1.5,1.5],"shapeName":"/levels/motorsports_playground/art/shapes/buildings/gantry.dae","useInstanceRenderData":true}
{"class":"TSStatic","persistentId":"d009ef1e-291e-45cd-ba2b-4c7d4a2280e6","__parent":"tss3","position":[-622.379028,199.932114,4.94718838],"isRenderEnabled":false,"locked":true,"playAmbient":false,"rotationMatrix":[-0.980658889,-0.195723414,0,0.195723414,-0.980658889,0,0,0,1],"scale":[1.5,1.5,1.5],"shapeName":"/levels/motorsports_playground/art/shapes/buildings/gantry.dae","useInstanceRenderData":true}
{"class":"TSStatic","persistentId":"dd65db46-074f-49f4-975c-4934a1c16760","__parent":"tss3","position":[-472.640778,-254.82193,13.3351002],"allowPlayerStep":"1","isRenderEnabled":false,"locked":true,"meshCulling":true,"playAmbient":false,"prebuildCollisionData":true,"rotationMatrix":[-0.999999762,1.74845539e-07,0,-1.74845539e-07,-0.999999762,0,0,0,1],"scale":[0.75,0.75,0.75],"shapeName":"/levels/motorsports_playground/art/shapes/buildings/hr/hr_signs_04_b.dae"}
{"class":"TSStatic","persistentId":"b32ecd96-ed3b-4d40-9e93-c11bef645d70","__parent":"tss3","position":[-472.640778,-260.246887,13.3351002],"allowPlayerStep":"1","isRenderEnabled":false,"locked":true,"meshCulling":true,"playAmbient":false,"prebuildCollisionData":true,"rotationMatrix":[0.999999762,-5.00686838e-07,0,5.00686838e-07,0.999999762,0,0,0,1],"scale":[0.75,0.75,0.75],"shapeName":"/levels/motorsports_playground/art/shapes/buildings/hr/hr_signs_04_b.dae"}
{"class":"TSStatic","persistentId":"f8c2e2e8-6948-4efb-af56-78fda7cc6d8f","__parent":"tss3","position":[-470.056091,-257.507324,13.3351002],"allowPlayerStep":"1","isRenderEnabled":false,"locked":true,"meshCulling":true,"playAmbient":false,"prebuildCollisionData":true,"rotationMatrix":[1.74845553e-07,0.999999762,0,-0.999999762,1.74845553e-07,0,0,0,1],"scale":[0.75,0.75,0.75],"shapeName":"/levels/motorsports_playground/art/shapes/buildings/hr/hr_signs_04_b.dae"}
{"class":"TSStatic","persistentId":"ea966a4f-3466-434d-8945-55c0a29aac6c","__parent":"tss3","position":[-475.253571,-257.507324,13.3351002],"allowPlayerStep":"1","isRenderEnabled":false,"locked":true,"meshCulling":true,"playAmbient":false,"prebuildCollisionData":true,"rotationMatrix":[-5.00686838e-07,-0.999999762,0,0.999999762,-5.00686838e-07,0,0,0,1],"scale":[0.75,0.75,0.75],"shapeName":"/levels/motorsports_playground/art/shapes/buildings/hr/hr_signs_04_b.dae"}
{"class":"TSStatic","persistentId":"ee2d40c8-6a34-42e4-9172-50a05925d640","__parent":"tss3","position":[-29.992321,-105.459839,7.88841438],"allowPlayerStep":"1","isRenderEnabled":false,"locked":true,"meshCulling":true,"playAmbient":false,"prebuildCollisionData":true,"rotationMatrix":[1.74845553e-07,0.999999762,0,-0.999999762,1.74845553e-07,0,0,0,1],"scale":[0.75,0.75,0.75],"shapeName":"/levels/motorsports_playground/art/shapes/buildings/hr/hr_signs_04_b.dae"}
{"class":"TSStatic","persistentId":"bb33b555-283c-4090-b565-53bb796df3ba","__parent":"tss3","position":[112.793472,202.259171,9.98693848],"allowPlayerStep":"1","isRenderEnabled":false,"locked":true,"meshCulling":true,"playAmbient":false,"prebuildCollisionData":true,"rotationMatrix":[0.707106233,-0.707107008,0,0.707107008,0.707106233,0,0,0,1],"scale":[0.75,0.75,0.75],"shapeName":"/levels/motorsports_playground/art/shapes/buildings/hr/hr_signs_04_b.dae"}
{"class":"TSStatic","persistentId":"2850d506-948b-4b56-98aa-12c8adf833c9","__parent":"tss3","position":[112.88311,206.043854,9.98693848],"allowPlayerStep":"1","isRenderEnabled":false,"locked":true,"meshCulling":true,"playAmbient":false,"prebuildCollisionData":true,"rotationMatrix":[-0.707107008,-0.707106233,0,0.707106233,-0.707107008,0,0,0,1],"scale":[0.75,0.75,0.75],"shapeName":"/levels/motorsports_playground/art/shapes/buildings/hr/hr_signs_04_b.dae"}
{"class":"TSStatic","persistentId":"ea395396-b314-42a8-8243-7a0db314a6b9","__parent":"tss3","position":[116.558281,202.368683,9.98693848],"allowPlayerStep":"1","isRenderEnabled":false,"locked":true,"meshCulling":true,"playAmbient":false,"prebuildCollisionData":true,"rotationMatrix":[0.707106769,0.707106471,0,-0.707106471,0.707106769,0,0,0,1],"scale":[0.75,0.75,0.75],"shapeName":"/levels/motorsports_playground/art/shapes/buildings/hr/hr_signs_04_b.dae"}
{"class":"TSStatic","persistentId":"57e43d99-a210-49e7-8553-cd86d95c378e","__parent":"tss3","position":[116.629494,206.0952,9.98693848],"allowPlayerStep":"1","isRenderEnabled":false,"locked":true,"meshCulling":true,"playAmbient":false,"prebuildCollisionData":true,"rotationMatrix":[-0.707106471,0.707106769,0,-0.707106769,-0.707106471,0,0,0,1],"scale":[0.75,0.75,0.75],"shapeName":"/levels/motorsports_playground/art/shapes/buildings/hr/hr_signs_04_b.dae"}
{"class":"TSStatic","persistentId":"d3bcdade-b805-429e-8343-d74424ede848","__parent":"tss3","position":[666.237,332.197266,8.64982414],"allowPlayerStep":"1","isRenderEnabled":false,"locked":true,"meshCulling":true,"playAmbient":false,"prebuildCollisionData":true,"rotationMatrix":[0.38268283,-0.923879564,0,0.923879564,0.38268283,0,0,0,1],"scale":[0.75,0.75,0.75],"shapeName":"/levels/motorsports_playground/art/shapes/buildings/hr/hr_signs_04_b.dae"}
{"class":"TSStatic","persistentId":"911d0092-f5a5-4a5c-8415-1a9b3da7a609","__parent":"tss3","position":[667.768127,335.659576,8.64982414],"allowPlayerStep":"1","isRenderEnabled":false,"locked":true,"meshCulling":true,"playAmbient":false,"prebuildCollisionData":true,"rotationMatrix":[-0.923879564,-0.38268283,0,0.38268283,-0.923879564,0,0,0,1],"scale":[0.75,0.75,0.75],"shapeName":"/levels/motorsports_playground/art/shapes/buildings/hr/hr_signs_04_b.dae"}
{"class":"TSStatic","persistentId":"49b6b456-abc3-44bd-ba84-50e6ef0a9314","__parent":"tss3","position":[669.757141,330.857727,8.64982414],"allowPlayerStep":"1","isRenderEnabled":false,"locked":true,"meshCulling":true,"playAmbient":false,"prebuildCollisionData":true,"rotationMatrix":[0.923879385,0.382683098,0,-0.382683098,0.923879385,0,0,0,1],"scale":[0.75,0.75,0.75],"shapeName":"/levels/motorsports_playground/art/shapes/buildings/hr/hr_signs_04_b.dae"}
{"class":"TSStatic","persistentId":"2a15bbbc-e455-45c1-9ce2-b4405dcbe192","__parent":"tss3","position":[671.249023,334.273315,8.64982414],"allowPlayerStep":"1","isRenderEnabled":false,"locked":true,"meshCulling":true,"playAmbient":false,"prebuildCollisionData":true,"rotationMatrix":[-0.382683098,0.923879385,0,-0.923879385,-0.382683098,0,0,0,1],"scale":[0.75,0.75,0.75],"shapeName":"/levels/motorsports_playground/art/shapes/buildings/hr/hr_signs_04_b.dae"}
{"class":"TSStatic","persistentId":"d15930e5-ed7b-467a-9dda-35442c323347","__parent":"tss3","position":[224.629501,624.311951,14.9842281],"allowPlayerStep":"1","isRenderEnabled":false,"locked":true,"meshCulling":true,"playAmbient":false,"prebuildCollisionData":true,"rotationMatrix":[0.707106233,-0.707107008,0,0.707107008,0.707106233,0,0,0,1],"scale":[0.75,0.75,0.75],"shapeName":"/levels/motorsports_playground/art/shapes/buildings/hr/hr_signs_04_b.dae"}
{"class":"TSStatic","persistentId":"77f88558-55c2-4053-a21c-9f13743d5f12","__parent":"tss3","position":[224.719116,628.096619,14.9842281],"allowPlayerStep":"1","isRenderEnabled":false,"locked":true,"meshCulling":true,"playAmbient":false,"prebuildCollisionData":true,"rotationMatrix":[-0.707107008,-0.707106233,0,0.707106233,-0.707107008,0,0,0,1],"scale":[0.75,0.75,0.75],"shapeName":"/levels/motorsports_playground/art/shapes/buildings/hr/hr_signs_04_b.dae"}
{"class":"TSStatic","persistentId":"4f6a80d1-4ae3-40a5-9324-d7d33e7853c4","__parent":"tss3","position":[228.394302,624.421509,14.9842281],"allowPlayerStep":"1","isRenderEnabled":false,"locked":true,"meshCulling":true,"playAmbient":false,"prebuildCollisionData":true,"rotationMatrix":[0.707106709,0.707106411,0,-0.707106411,0.707106709,0,0,0,1],"scale":[0.75,0.75,0.75],"shapeName":"/levels/motorsports_playground/art/shapes/buildings/hr/hr_signs_04_b.dae"}
{"class":"TSStatic","persistentId":"c939ba08-c21d-4cb8-94b1-0b11655902ee","__parent":"tss3","position":[228.46553,628.14801,14.9842281],"allowPlayerStep":"1","isRenderEnabled":false,"locked":true,"meshCulling":true,"playAmbient":false,"prebuildCollisionData":true,"rotationMatrix":[-0.707106411,0.707106709,0,-0.707106709,-0.707106411,0,0,0,1],"scale":[0.75,0.75,0.75],"shapeName":"/levels/motorsports_playground/art/shapes/buildings/hr/hr_signs_04_b.dae"}
{"class":"TSStatic","persistentId":"68071e75-9637-4c8a-a25c-16d6b4cb60b8","__parent":"tss3","position":[-424.31134,806.683472,11.3128128],"allowPlayerStep":"1","isRenderEnabled":false,"meshCulling":true,"playAmbient":false,"prebuildCollisionData":true,"rotationMatrix":[-0.302936316,-0.953011036,0,0.953011036,-0.302936316,0,0,0,1],"scale":[0.75,0.75,0.75],"shapeName":"/levels/motorsports_playground/art/shapes/buildings/hr/hr_signs_04_b.dae"}
{"class":"TSStatic","persistentId":"3dc74513-55fb-4be3-ba1e-01df6c0c3584","__parent":"tss3","position":[-419.358124,805.109009,11.3128128],"allowPlayerStep":"1","isRenderEnabled":false,"meshCulling":true,"playAmbient":false,"prebuildCollisionData":true,"rotationMatrix":[0.30293566,0.953011036,0,-0.953011036,0.30293566,0,0,0,1],"scale":[0.75,0.75,0.75],"shapeName":"/levels/motorsports_playground/art/shapes/buildings/hr/hr_signs_04_b.dae"}
{"class":"TSStatic","persistentId":"296f6135-e5c3-44d8-85f6-0810fd35b50a","__parent":"tss3","position":[-422.651245,803.281189,11.3128128],"allowPlayerStep":"1","isRenderEnabled":false,"meshCulling":true,"playAmbient":false,"prebuildCollisionData":true,"rotationMatrix":[0.953010917,-0.302935869,0,0.302935869,0.953010917,0,0,0,1],"scale":[0.75,0.75,0.75],"shapeName":"/levels/motorsports_playground/art/shapes/buildings/hr/hr_signs_04_b.dae"}
{"class":"TSStatic","persistentId":"e3a87175-a4a5-4179-8d24-d344d2f0931d","__parent":"tss3","position":[-421.007843,808.451233,11.3128128],"allowPlayerStep":"1","isRenderEnabled":false,"meshCulling":true,"playAmbient":false,"prebuildCollisionData":true,"rotationMatrix":[-0.953011155,0.302935541,0,-0.302935541,-0.953011155,0,0,0,1],"scale":[0.75,0.75,0.75],"shapeName":"/levels/motorsports_playground/art/shapes/buildings/hr/hr_signs_04_b.dae"}
{"class":"TSStatic","persistentId":"794b196d-d5c0-4c58-8592-8692f292cd76","__parent":"tss3","position":[694.758728,-522.895752,10.1270714],"allowPlayerStep":"1","isRenderEnabled":false,"locked":true,"meshCulling":true,"playAmbient":false,"prebuildCollisionData":true,"rotationMatrix":[-0.842585623,-0.538561761,0,0.538561761,-0.842585623,0,0,0,1],"scale":[0.75,0.75,0.75],"shapeName":"/levels/motorsports_playground/art/shapes/buildings/hr/hr_signs_04_b.dae"}
{"class":"TSStatic","persistentId":"b6751f10-aadf-432c-9b55-73411eb4982a","__parent":"tss3","position":[697.557922,-527.275085,10.1270714],"allowPlayerStep":"1","isRenderEnabled":false,"locked":true,"meshCulling":true,"playAmbient":false,"prebuildCollisionData":true,"rotationMatrix":[0.842585325,0.53856194,0,-0.53856194,0.842585325,0,0,0,1],"scale":[0.75,0.75,0.75],"shapeName":"/levels/motorsports_playground/art/shapes/buildings/hr/hr_signs_04_b.dae"}
{"class":"TSStatic","persistentId":"8cfebc08-fb14-433d-b714-19f5cfc005e8","__parent":"tss3","position":[693.857544,-526.572632,10.1270714],"allowPlayerStep":"1","isRenderEnabled":false,"locked":true,"meshCulling":true,"playAmbient":false,"prebuildCollisionData":true,"rotationMatrix":[0.538561761,-0.842585623,0,0.842585623,0.538561761,0,0,0,1],"scale":[0.75,0.75,0.75],"shapeName":"/levels/motorsports_playground/art/shapes/buildings/hr/hr_signs_04_b.dae"}
{"class":"TSStatic","persistentId":"0c3f0cf6-6ca8-4832-8a4c-63a48d8bf523","__parent":"tss3","position":[698.428589,-523.651001,10.1270714],"allowPlayerStep":"1","isRenderEnabled":false,"locked":true,"meshCulling":true,"playAmbient":false,"prebuildCollisionData":true,"rotationMatrix":[-0.53856194,0.842585325,0,-0.842585325,-0.53856194,0,0,0,1],"scale":[0.75,0.75,0.75],"shapeName":"/levels/motorsports_playground/art/shapes/buildings/hr/hr_signs_04_b.dae"}
{"class":"TSStatic","persistentId":"9f9e10e7-2ca4-4914-8da9-705cf7783de8","__parent":"tss3","position":[1035.5249,250.345383,11.1512594],"allowPlayerStep":"1","isRenderEnabled":false,"locked":true,"meshCulling":true,"playAmbient":false,"prebuildCollisionData":true,"rotationMatrix":[0.426392853,-0.904537439,0,0.904537439,0.426392853,0,0,0,1],"scale":[0.75,0.75,0.75],"shapeName":"/levels/motorsports_playground/art/shapes/buildings/hr/hr_signs_04_b.dae"}
{"class":"TSStatic","persistentId":"311cd98d-3a5a-4274-a85e-3dc5d47d3490","__parent":"tss3","position":[1039.1051,249.175507,11.1512594],"allowPlayerStep":"1","isRenderEnabled":false,"locked":true,"meshCulling":true,"playAmbient":false,"prebuildCollisionData":true,"rotationMatrix":[0.904537201,0.426393092,0,-0.426393092,0.904537201,0,0,0,1],"scale":[0.75,0.75,0.75],"shapeName":"/levels/motorsports_playground/art/shapes/buildings/hr/hr_signs_04_b.dae"}
{"class":"TSStatic","persistentId":"13211ce9-b412-4b71-a753-1f4acc84d604","__parent":"tss3","position":[1036.88892,253.876831,11.1512594],"allowPlayerStep":"1","isRenderEnabled":false,"locked":true,"meshCulling":true,"playAmbient":false,"prebuildCollisionData":true,"rotationMatrix":[-0.904537439,-0.426392853,0,0.426392853,-0.904537439,0,0,0,1],"scale":[0.75,0.75,0.75],"shapeName":"/levels/motorsports_playground/art/shapes/buildings/hr/hr_signs_04_b.dae"}
{"class":"TSStatic","persistentId":"0ffc316c-b7d0-4454-ad9c-396ef95123e3","__parent":"tss3","position":[1040.43201,252.658508,11.1512594],"allowPlayerStep":"1","isRenderEnabled":false,"locked":true,"meshCulling":true,"playAmbient":false,"prebuildCollisionData":true,"rotationMatrix":[-0.426393092,0.904537201,0,-0.904537201,-0.426393092,0,0,0,1],"scale":[0.75,0.75,0.75],"shapeName":"/levels/motorsports_playground/art/shapes/buildings/hr/hr_signs_04_b.dae"}
{"class":"TSStatic","persistentId":"a82aba2b-00a0-43cf-9881-4a6b3387e39d","__parent":"tss3","position":[50.2296181,164.146393,8.42386913],"allowPlayerStep":"1","isRenderEnabled":false,"locked":true,"meshCulling":true,"playAmbient":false,"prebuildCollisionData":true,"rotationMatrix":[-0.516676605,0.85618031,0,-0.85618031,-0.516676605,0,0,0,1],"scale":[0.75,0.75,0.75],"shapeName":"/levels/motorsports_playground/art/shapes/buildings/hr/hr_signs_04_b.dae"}
{"class":"TSStatic","persistentId":"6580ef0c-b0f5-47ed-b73f-3851211c2521","__parent":"tss3","position":[15.0084467,171.321793,9.25711918],"allowPlayerStep":"1","isRenderEnabled":false,"locked":true,"meshCulling":true,"playAmbient":false,"prebuildCollisionData":true,"rotationMatrix":[-0.48452273,-0.874778092,0,0.874778092,-0.48452273,0,0,0,1],"scale":[0.75,0.75,0.75],"shapeName":"/levels/motorsports_playground/art/shapes/buildings/hr/hr_signs_04_b.dae"}
{"class":"TSStatic","persistentId":"062a31bb-6acd-4c93-92ee-c04a3a5074f8","__parent":"tss3","position":[-878.366089,587.347168,11.4667473],"allowPlayerStep":"1","isRenderEnabled":false,"meshCulling":true,"playAmbient":false,"prebuildCollisionData":true,"rotationMatrix":[0.0937476158,-0.995589912,-0.00347479898,0.995595992,0.0937470198,0.000332369935,-5.1521929e-06,-0.00349065498,0.99999392],"scale":[1.79999995,2,0.699999988],"shapeName":"/levels/motorsports_playground/art/shapes/buildings/hr/hr_rumble.dae"}
{"class":"TSStatic","persistentId":"ec4771c0-720c-431f-b205-6db26c59dbc5","__parent":"tss3","position":[-882.843384,635.52533,11.580761],"allowPlayerStep":"1","isRenderEnabled":false,"meshCulling":true,"playAmbient":false,"prebuildCollisionData":true,"rotationMatrix":[0.0937476158,-0.995595992,-5.20641585e-11,0.995595992,0.0937476158,-5.79747084e-10,5.82074722e-10,2.51504373e-12,1],"scale":[1.79999995,2,0.699999988],"shapeName":"/levels/motorsports_playground/art/shapes/buildings/hr/hr_rumble.dae"}
{"class":"TSStatic","persistentId":"e45747ea-2d18-4c55-99cc-c880f5424e43","__parent":"tss3","position":[-804.387207,365.7948,10.5883074],"allowPlayerStep":"1","isRenderEnabled":false,"locked":true,"meshCulling":true,"playAmbient":false,"prebuildCollisionData":true,"rotationMatrix":[-0.603882909,-0.796951771,0.0139108449,0.797073126,-0.603790879,0.0105392076,4.65661287e-10,0.0174524076,0.99984771],"scale":[2,2,0.5],"shapeName":"/levels/motorsports_playground/art/shapes/buildings/hr/hr_rumble.dae"}
{"class":"TSStatic","persistentId":"7d2284ed-ab8c-4756-a2f7-40447f876b6e","__parent":"tss3","position":[-775.140015,404.54599,10.2163486],"allowPlayerStep":"1","isRenderEnabled":false,"locked":true,"meshCulling":true,"playAmbient":false,"prebuildCollisionData":true,"rotationMatrix":[-0.603798032,-0.79713726,0.000923424959,0.796914101,-0.60360074,0.0243893228,-0.0188842546,0.0154621042,0.999702096],"scale":[2,2,0.5],"shapeName":"/levels/motorsports_playground/art/shapes/buildings/hr/hr_rumble.dae"}
{"class":"TSStatic","persistentId":"3de7c499-f21f-4d1c-bd04-46592ca056b3","__parent":"tss3","position":[504.737183,279.575714,8.59314346],"allowPlayerStep":"1","isRenderEnabled":false,"locked":true,"meshCulling":true,"playAmbient":false,"prebuildCollisionData":true,"rotationMatrix":[0.651258945,0.758855641,0,-0.758855641,0.651258945,0,0,0,1],"shapeName":"/levels/motorsports_playground/art/shapes/buildings/hr/hr_signs_04_b.dae"}
{"class":"TSStatic","persistentId":"d977ee0d-3a45-404b-a64a-a7ba6dd4c526","__parent":"tss3","position":[1156.0116,-774.04657,13.0766935],"allowPlayerStep":"1","isRenderEnabled":false,"locked":true,"meshCulling":true,"playAmbient":false,"prebuildCollisionData":true,"rotationMatrix":[0.999465525,-0.032686837,0,0.032686837,0.999465525,0,0,0,1],"scale":[0.699999988,0.699999988,0.699999988],"shapeName":"/levels/motorsports_playground/art/shapes/buildings/hr/hr_signs_04_b.dae"}
{"class":"TSStatic","persistentId":"8c831374-6842-4090-aa50-2bee249245de","__parent":"tss3","position":[1152.72595,-817.047363,13.0766935],"allowPlayerStep":"1","isRenderEnabled":false,"locked":true,"meshCulling":true,"playAmbient":false,"prebuildCollisionData":true,"rotationMatrix":[-0.04221908,-0.999108195,0,0.999108195,-0.04221908,0,0,0,1],"scale":[0.699999988,0.699999988,0.699999988],"shapeName":"/levels/motorsports_playground/art/shapes/buildings/hr/hr_signs_04_b.dae"}
{"class":"TSStatic","persistentId":"72ca70f1-c459-42c4-827f-7bc94ee1e4be","__parent":"tss3","position":[1102.05615,-756.516724,13.0766935],"allowPlayerStep":"1","isRenderEnabled":false,"locked":true,"meshCulling":true,"playAmbient":false,"prebuildCollisionData":true,"rotationMatrix":[0.817703247,0.575639725,0,-0.575639725,0.817703247,0,0,0,1],"scale":[0.699999988,0.699999988,0.699999988],"shapeName":"/levels/motorsports_playground/art/shapes/buildings/hr/hr_signs_17_c.dae"}
{"class":"TSStatic","persistentId":"fd8558ef-6f62-4a35-997f-1bc9919e4527","__parent":"tss3","position":[413.836945,289.888763,9.28016567],"allowPlayerStep":"1","isRenderEnabled":false,"locked":true,"meshCulling":true,"playAmbient":false,"prebuildCollisionData":true,"rotationMatrix":[0.817703247,0.575639725,0,-0.575639725,0.817703247,0,0,0,1],"shapeName":"/levels/motorsports_playground/art/shapes/buildings/hr/hr_signs_17_c.dae"}
{"class":"TSStatic","persistentId":"21e3b472-6566-4cf8-a1c2-979dadf778fa","__parent":"tss3","position":[646.738098,347.108826,8.68763351],"allowPlayerStep":"1","isRenderEnabled":false,"locked":true,"meshCulling":true,"playAmbient":false,"prebuildCollisionData":true,"rotationMatrix":[0.53880322,-0.842431486,0,0.842431486,0.53880322,0,0,0,1],"shapeName":"/levels/motorsports_playground/art/shapes/buildings/hr/hr_signs_17_c.dae"}
{"class":"TSStatic","persistentId":"b21de52d-085b-4fb4-9af6-96ab5ff52bbf","__parent":"tss3","position":[324.478271,298.664368,9.74274635],"allowPlayerStep":"1","isRenderEnabled":false,"locked":true,"meshCulling":true,"playAmbient":false,"prebuildCollisionData":true,"rotationMatrix":[-0.322782457,0.946473002,0,-0.946473002,-0.322782457,0,0,0,1],"shapeName":"/levels/motorsports_playground/art/shapes/buildings/hr/hr_signs_17_c.dae"}
{"class":"TSStatic","persistentId":"da10463f-383d-481c-b6b0-2cf5275e5380","__parent":"tss3","position":[-859.36377,752.816345,12.2289581],"allowPlayerStep":"1","isRenderEnabled":false,"locked":true,"meshCulling":true,"playAmbient":false,"prebuildCollisionData":true,"rotationMatrix":[-0.766721606,-0.641979456,0,0.641979456,-0.766721606,0,0,0,1],"shapeName":"/levels/motorsports_playground/art/shapes/buildings/hr/hr_signs_17_c.dae"}
{"class":"TSStatic","persistentId":"722d16d5-12c6-4e60-961f-39e2c78ef02e","__parent":"tss3","position":[-810.847229,-90.8749237,13.2227764],"allowPlayerStep":"1","isRenderEnabled":false,"locked":true,"meshCulling":true,"playAmbient":false,"prebuildCollisionData":true,"rotationMatrix":[-0.984103084,0.177596316,0,-0.177596316,-0.984103084,0,0,0,1],"shapeName":"/levels/motorsports_playground/art/shapes/buildings/hr/hr_signs_02_c.dae"}
{"class":"TSStatic","persistentId":"f8a8de49-cc7c-4ef0-bf59-ca47d09ee481","__parent":"tss3","position":[-199.530655,-715.771729,11.2613859],"allowPlayerStep":"1","isRenderEnabled":false,"locked":true,"meshCulling":true,"playAmbient":false,"prebuildCollisionData":true,"rotationMatrix":[0.273205817,0.961955309,0,-0.961955309,0.273205817,0,0,0,1],"shapeName":"/levels/motorsports_playground/art/shapes/buildings/hr/hr_signs_17_c.dae"}
{"class":"TSStatic","persistentId":"ad1ad41e-7587-4081-83a0-4dfe63784b48","__parent":"tss3","position":[-291.709351,-717.37616,4.23995972],"isRenderEnabled":false,"locked":true,"playAmbient":false,"rotationMatrix":[3.57627869e-07,0.999999762,0.000839927408,-1,-1.1920929e-07,0.000498193142,0.000498192909,-0.000839927525,0.999999523],"shapeName":"/levels/motorsports_playground/art/shapes/buildings/timerboard.dae","useInstanceRenderData":true}
{"class":"TSStatic","persistentId":"54963ee3-e13f-40a8-b78a-1e3fedc7899b","__parent":"tss3","position":[1098.65869,680.331177,7.2512579],"allowPlayerStep":"1","isRenderEnabled":false,"locked":true,"meshCulling":true,"playAmbient":false,"prebuildCollisionData":true,"rotationMatrix":[-0.0708851516,-0.997484207,-5.20641863e-11,0.997484207,-0.0708851516,-5.79747139e-10,5.74597925e-10,-9.3028675e-11,1],"scale":[2,2,0.75],"shapeName":"/levels/motorsports_playground/art/shapes/buildings/hr/hr_rumble.dae"}
{"class":"TSStatic","persistentId":"339bae9c-86f8-4ac7-843b-3db75e607027","__parent":"tss3","position":[1097.85828,673.069275,7.2567482],"allowPlayerStep":"1","isRenderEnabled":false,"locked":true,"meshCulling":true,"playAmbient":false,"prebuildCollisionData":true,"rotationMatrix":[-0.151405334,-0.988462627,-0.00425903127,0.988471568,-0.151406765,-6.98491931e-10,-0.000644845073,-0.00420993101,0.99999094],"scale":[1.75,2,0.75],"shapeName":"/levels/motorsports_playground/art/shapes/buildings/hr/hr_rumble.dae"}
{"class":"TSStatic","persistentId":"f4a57743-77c8-472a-be5d-f28222e15ba6","__parent":"tss3","position":[1096.80347,666.181641,7.24749994],"allowPlayerStep":"1","isRenderEnabled":false,"locked":true,"meshCulling":true,"playAmbient":false,"prebuildCollisionData":true,"rotationMatrix":[-0.151406527,-0.988468826,-0.00244636927,0.988471806,-0.151406884,-3.49245965e-10,-0.000370396185,-0.00241816649,0.99999702],"scale":[1.75,2,0.75],"shapeName":"/levels/motorsports_playground/art/shapes/buildings/hr/hr_rumble.dae"}
{"class":"TSStatic","persistentId":"68967d9a-570b-4b4a-92eb-13afab498b72","__parent":"tss3","position":[1095.75439,659.332581,7.240973],"allowPlayerStep":"1","isRenderEnabled":false,"locked":true,"meshCulling":true,"playAmbient":false,"prebuildCollisionData":true,"rotationMatrix":[-0.15140605,-0.98846668,-0.00315963617,0.988471568,-0.151406765,-5.82076609e-10,-0.000478389557,-0.00312321074,0.999994993],"scale":[1.75,2,0.75],"shapeName":"/levels/motorsports_playground/art/shapes/buildings/hr/hr_rumble.dae"}
{"class":"TSStatic","persistentId":"63274627-a92f-4181-9e47-5e6b31223532","__parent":"tss3","position":[464.095642,-33.3582726,5.60587358],"isRenderEnabled":false,"locked":true,"playAmbient":false,"rotationMatrix":[0.0412130021,-0.999150276,0,0.999150276,0.0412130021,0,0,0,1],"scale":[1.25,2,1.75],"shapeName":"/levels/motorsports_playground/art/shapes/buildings/gantry.dae","useInstanceRenderData":true}
{"class":"TSStatic","persistentId":"2ce7ac08-a607-465c-a5cf-dbf57789412b","__parent":"tss3","position":[546.911621,57.7134361,8.78888893],"allowPlayerStep":"1","isRenderEnabled":false,"locked":true,"meshCulling":true,"playAmbient":false,"prebuildCollisionData":true,"rotationMatrix":[0.46036768,0.887728214,0,-0.887728214,0.46036768,0,0,0,1],"shapeName":"/levels/motorsports_playground/art/shapes/buildings/hr/hr_signs_04_c.dae"}
{"class":"TSStatic","persistentId":"3c279147-1df6-496c-aad0-eacf5b868551","__parent":"tss3","position":[-71.1144333,-408.168823,64.0083771],"isRenderEnabled":false,"locked":true,"playAmbient":false,"rotationMatrix":[-0.939692497,0.34202069,-1.09819309e-09,-0.34202069,-0.939692497,1.59925975e-10,-9.77265824e-10,5.25886001e-10,1],"scale":[21,1,2],"shapeName":"/levels/motorsports_playground/art/shapes/buildings/pit_upper_level.dae","useInstanceRenderData":true}
{"class":"TSStatic","persistentId":"1ba993a7-d8bf-4d18-9116-2cccf1e20088","__parent":"tss3","position":[27.8925533,-436.569,63.9440842],"isRenderEnabled":false,"locked":true,"playAmbient":false,"rotationMatrix":[-1,-3.01991605e-07,-9.77265824e-10,3.01991605e-07,-1,5.25886279e-10,-9.77266046e-10,5.25885946e-10,1],"scale":[5.5,1,2],"shapeName":"/levels/motorsports_playground/art/shapes/buildings/pit_upper_level.dae","useInstanceRenderData":true}
{"class":"TSStatic","persistentId":"11abd8ce-2c86-4739-b35b-53024f1c13f4","__parent":"tss3","position":[227.965759,-437.257385,63.9440842],"isRenderEnabled":false,"locked":true,"playAmbient":false,"rotationMatrix":[-1,-3.01991605e-07,-9.77265824e-10,3.01991605e-07,-1,5.25886279e-10,-9.77266046e-10,5.25885946e-10,1],"scale":[5.5,1,2],"shapeName":"/levels/motorsports_playground/art/shapes/buildings/pit_upper_level.dae","useInstanceRenderData":true}
{"class":"TSStatic","persistentId":"65b14ee1-7d64-4072-935c-b662596622fb","__parent":"tss3","position":[326.828217,-408.786255,64.0083771],"isRenderEnabled":false,"locked":true,"playAmbient":false,"rotationMatrix":[-0.939692497,-0.342019916,-7.384659e-10,0.342019916,-0.939692497,8.28415669e-10,-9.77265713e-10,5.25886112e-10,1],"scale":[21,1,2],"shapeName":"/levels/motorsports_playground/art/shapes/buildings/pit_upper_level.dae","useInstanceRenderData":true}
{"class":"TSStatic","persistentId":"cc51d4f3-194c-478b-aa4c-c3bb8edd5ada","__parent":"tss3","position":[-229.101913,-350.665985,64.0083771],"isRenderEnabled":false,"locked":true,"playAmbient":false,"rotationMatrix":[-0.939692497,0.34202069,-1.09819309e-09,-0.34202069,-0.939692497,1.59925975e-10,-9.77265824e-10,5.25886001e-10,1],"scale":[21,1,2],"shapeName":"/levels/motorsports_playground/art/shapes/buildings/pit_upper_level.dae","useInstanceRenderData":true}
{"class":"TSStatic","persistentId":"0e54433f-1d2a-4603-86ec-4f0feb6a6404","__parent":"tss3","position":[484.813019,-351.284546,64.0083771],"isRenderEnabled":false,"locked":true,"playAmbient":false,"rotationMatrix":[-0.939692497,-0.342019916,-7.384659e-10,0.342019916,-0.939692497,8.28415669e-10,-9.77265713e-10,5.25886112e-10,1],"scale":[21,1,2],"shapeName":"/levels/motorsports_playground/art/shapes/buildings/pit_upper_level.dae","useInstanceRenderData":true}
{"class":"TSStatic","persistentId":"2167980c-13e1-40bc-ba47-5eb3c252f7a7","__parent":"tss3","position":[535.278442,-135.948837,10.894413],"isRenderEnabled":false,"locked":true,"playAmbient":false,"rotationMatrix":[0.579537153,0.814945936,0,-0.814945936,0.579537153,0,0,0,1],"scale":[2,0.75,1],"shapeName":"/levels/motorsports_playground/art/shapes/buildings/bleacher.dae","useInstanceRenderData":true}
{"class":"TSStatic","persistentId":"d7d22dd2-c516-4067-a897-6eab92fb0b64","__parent":"tss3","position":[124.685959,-108.599739,9.06602287],"collisionType":"Visible Mesh Final","isRenderEnabled":false,"locked":true,"playAmbient":false,"rotationMatrix":[1,3.55271368e-15,-1.1920929e-07,-1.1920929e-07,5.96046448e-08,-1,3.55271368e-15,1,5.96046448e-08],"scale":[0.300000012,2,2],"shapeName":"/levels/motorsports_playground/art/shapes/objects/sign_rounded.dae","useInstanceRenderData":true}
{"class":"TSStatic","persistentId":"560bf268-e866-4af9-8a7c-7d6976b8dec4","__parent":"tss3","position":[917.322144,566.347534,5.54943085],"isRenderEnabled":false,"playAmbient":false,"rotationMatrix":[0.819436431,-0.573170066,0,0.573170066,0.819436431,0,0,0,1],"scale":[0.5,0.5,0.5],"shapeName":"/levels/motorsports_playground/art/shapes/buildings/hr/hr_flag_03.dae","useInstanceRenderData":true}
