{"name":"Marker_PartShop","class":"ParticleEmitterNode","persistentId":"f6fcb9e6-aa9f-475f-b332-5a4771dcabe4","__parent":"Markers","position":[764.018066,-123.842575,149.998444],"active":false,"dataBlock":"lightExampleEmitterNodeData1","emitter":"BNGP_10","velocity":3.69999862}
{"name":"Marker_GasStation","class":"ParticleEmitterNode","persistentId":"071d0fbf-95d1-45be-9e98-db7044a0175a","__parent":"Markers","position":[810.340637,-153.792511,147.356979],"active":false,"dataBlock":"lightExampleEmitterNodeData1","emitter":"BNGP_10","velocity":3.69999862}
{"name":"Marker_RepairShop","class":"ParticleEmitterNode","persistentId":"b4b34424-827c-411c-a407-681f8c3ab2d2","__parent":"Markers","position":[805.358643,-179.447067,149.843857],"active":false,"dataBlock":"lightExampleEmitterNodeData1","emitter":"BNGP_10","velocity":3.69999862}
{"name":"Marker_CarShop","class":"ParticleEmitterNode","persistentId":"e2de408a-409f-4ac4-bac7-f6f69925c944","__parent":"Markers","position":[791.054626,7.06568241,153.104889],"active":false,"dataBlock":"lightExampleEmitterNodeData1","emitter":"BNGP_10","velocity":3.69999862}
{"name":"MM_Caravan","class":"ParticleEmitterNode","persistentId":"62eeef8f-cbc4-403e-b587-fa4c71233be2","__parent":"Markers","position":[637.821716,-516.663208,135.404556],"active":false,"dataBlock":"lightExampleEmitterNodeData1","emitter":"BNGP_1"}
{"name":"Marker_HighwayDrag","class":"ParticleEmitterNode","persistentId":"459fc10c-0298-449a-a9f2-8efa8250513e","__parent":"Markers","position":[801.485291,-642.645935,152.4832],"active":false,"dataBlock":"lightExampleEmitterNodeData1","emitter":"BNGP_1"}
{"name":"Marker_Garage","class":"ParticleEmitterNode","persistentId":"5c1048f6-4cb0-4f66-bad9-14b2192a2c1a","__parent":"Markers","position":[756.655457,-142.47702,150.05394],"active":false,"dataBlock":"lightExampleEmitterNodeData1","emitter":"BNGP_10","velocity":3.69999862}
{"name":"Marker_RaceStart","class":"ParticleEmitterNode","persistentId":"13716480-f1f8-4d95-bec8-1b5e68e15dee","__parent":"Markers","position":[797.86084,-650.926392,148.119217],"active":false,"dataBlock":"lightExampleEmitterNodeData1","emitter":"BNGP_1","rotationMatrix":[0.854063272,0.520169079,0,-0.520169079,0.854063272,0,0,0,1],"velocity":0}
