{"name":"marker_scrapyardA","class":"ParticleEmitterNode","persistentId":"b43cf5e8-3e0c-4848-8f56-3eae130ec2a0","__parent":"Markers","position":[-1795.65015,1511.87463,148.263],"active":false,"dataBlock":"lightExampleEmitterNodeData1","emitter":"BNGP_1"}
{"name":"marker_newshopA","class":"ParticleEmitterNode","persistentId":"2b6c200d-9db9-4788-bbd6-1134313279c7","__parent":"Markers","position":[-1118.14001,926.442444,391.487091],"active":false,"dataBlock":"lightExampleEmitterNodeData1","emitter":"BNGP_1"}
{"name":"marker_repairD","class":"ParticleEmitterNode","persistentId":"b8c28392-00e1-4186-8aaf-83efd24ee3d3","__parent":"Markers","position":[1439.76355,1353.85071,151.557617],"active":false,"dataBlock":"lightExampleEmitterNodeData1","emitter":"BNGP_1"}
{"name":"marker_playergarage","class":"ParticleEmitterNode","persistentId":"b1adc4f6-c5a3-418a-b4a2-fd5c76dd5709","__parent":"Markers","position":[310.925293,-250.111664,200.496826],"active":false,"dataBlock":"lightExampleEmitterNodeData1","emitter":"BNGP_1"}
{"name":"marker_gasB","class":"ParticleEmitterNode","persistentId":"46084c8d-6c07-4b34-ba44-d3832760c1b3","__parent":"Markers","position":[-543.286987,-206.660995,238.755753],"active":false,"dataBlock":"lightExampleEmitterNodeData1","emitter":"BNGP_1"}
{"name":"marker_repairA","class":"ParticleEmitterNode","persistentId":"de04588d-45e0-43da-99b9-e3525c7a30a7","__parent":"Markers","position":[667.173401,581.537964,178.18927],"active":false,"dataBlock":"lightExampleEmitterNodeData1","emitter":"BNGP_1"}
{"name":"marker_repairB","class":"ParticleEmitterNode","persistentId":"eb6eaf7b-035d-437e-a55f-652ed31708d4","__parent":"Markers","position":[-551.245239,-208.493042,235.346558],"active":false,"dataBlock":"lightExampleEmitterNodeData1","emitter":"BNGP_1"}
{"name":"marker_gasG","class":"ParticleEmitterNode","persistentId":"a9510f20-15b5-4e14-82f2-f8d9a0ed4cec","__parent":"Markers","position":[-1067.30798,-1356.13696,331.79422],"active":false,"dataBlock":"lightExampleEmitterNodeData1","emitter":"BNGP_1"}
{"name":"marker_usedshopA","class":"ParticleEmitterNode","persistentId":"f30b5d21-6134-4a6a-a214-a9353d145c35","__parent":"Markers","position":[902.556824,1307.21228,150.065338],"active":false,"dataBlock":"lightExampleEmitterNodeData1","emitter":"BNGP_1"}
