{"class":"TSStatic","persistentId":"119c0d32-0498-4cd4-a355-f57c48bfc8dd","__parent":"house_c","position":[-137.915451,-811.431091,15.0056505],"annotation":"BUILDINGS","isRenderEnabled":false,"rotationMatrix":[0.999463558,0.0327497721,0,-0.0327497721,0.999463558,0,0,0,1],"shapeName":"/levels/east_coast_usa/art/shapes/buildings/eca_bld_fv_house_c.DAE"}
{"class":"TSStatic","persistentId":"14f10a83-0a07-40ce-888b-c11b7c4c3fe0","__parent":"house_c","position":[-131.440842,-805.776306,14.777832],"annotation":"OBSTACLES","isRenderEnabled":false,"rotationMatrix":[-0.00971101876,0.999953151,0,-0.999953151,-0.00971101876,0,0,0,1],"shapeName":"/levels/east_coast_usa/art/shapes/buildings/eca_bld_wood_fence_b.DAE"}
{"class":"TSStatic","persistentId":"26bfdc4e-bbba-4b33-b032-2e28cb3a92d8","__parent":"house_c","position":[-131.477081,-803.790283,14.777832],"annotation":"OBSTACLES","isRenderEnabled":false,"rotationMatrix":[-0.230199143,0.973144054,0,-0.973144054,-0.230199143,0,0,0,1],"shapeName":"/levels/east_coast_usa/art/shapes/buildings/eca_bld_wood_fence_b.DAE"}
{"class":"TSStatic","persistentId":"2c895e65-3695-4dc8-9855-f5870997b8c0","__parent":"house_c","position":[-142.394455,-801.637817,14.777832],"annotation":"OBSTACLES","isRenderEnabled":false,"rotationMatrix":[-0.0274069756,-0.999624074,0,0.999624074,-0.0274069756,0,0,0,1],"shapeName":"/levels/east_coast_usa/art/shapes/buildings/eca_bld_wood_fence_b.DAE"}
{"class":"TSStatic","persistentId":"43984b6e-0c92-4a13-8a44-4a49d1886a88","__parent":"house_c","position":[-132.381073,-799.91864,14.777832],"annotation":"OBSTACLES","isRenderEnabled":false,"rotationMatrix":[-0.999624372,0.0274070688,0,-0.0274070688,-0.999624372,0,0,0,1],"shapeName":"/levels/east_coast_usa/art/shapes/buildings/eca_bld_wood_fence_b.DAE"}
{"class":"TSStatic","persistentId":"572b167b-d0d0-4f2a-afa5-f21c68f2e717","__parent":"house_c","position":[-131.324768,-817.726929,14.777832],"annotation":"OBSTACLES","isRenderEnabled":false,"rotationMatrix":[-0.00971101876,0.999953151,0,-0.999953151,-0.00971101876,0,0,0,1],"shapeName":"/levels/east_coast_usa/art/shapes/buildings/eca_bld_wood_fence_b.DAE"}
{"class":"TSStatic","persistentId":"5fe560a0-b3b1-49ff-8b1e-bc4861c1a9db","__parent":"house_c","position":[-131.402084,-809.766113,14.777832],"annotation":"OBSTACLES","isRenderEnabled":false,"rotationMatrix":[-0.00971101876,0.999953151,0,-0.999953151,-0.00971101876,0,0,0,1],"shapeName":"/levels/east_coast_usa/art/shapes/buildings/eca_bld_wood_fence_b.DAE"}
{"class":"TSStatic","persistentId":"60b12ae6-0d11-4b84-8e63-166dc62cc74e","__parent":"house_c","position":[-136.358139,-799.809631,14.777832],"annotation":"OBSTACLES","isRenderEnabled":false,"rotationMatrix":[-0.999624372,0.0274070688,0,-0.0274070688,-0.999624372,0,0,0,1],"shapeName":"/levels/east_coast_usa/art/shapes/buildings/eca_bld_wood_fence_b.DAE"}
{"class":"TSStatic","persistentId":"735972e1-b97c-410a-a706-ec15b53885f8","__parent":"house_c","position":[-131.934784,-801.855408,14.777832],"annotation":"OBSTACLES","isRenderEnabled":false,"rotationMatrix":[-0.230199143,0.973144054,0,-0.973144054,-0.230199143,0,0,0,1],"shapeName":"/levels/east_coast_usa/art/shapes/buildings/eca_bld_wood_fence_b.DAE"}
{"class":"TSStatic","persistentId":"8bbb859e-2314-4030-a829-5763fce08bbe","__parent":"house_c","position":[-142.339844,-799.645691,14.777832],"annotation":"OBSTACLES","isRenderEnabled":false,"rotationMatrix":[-0.0274069756,-0.999624074,0,0.999624074,-0.0274069756,0,0,0,1],"shapeName":"/levels/east_coast_usa/art/shapes/buildings/eca_bld_wood_fence_b.DAE"}
{"class":"TSStatic","persistentId":"970acb03-3e0d-499d-a9b7-17ac3ac29cdb","__parent":"house_c","position":[-131.382751,-811.757385,14.777832],"annotation":"OBSTACLES","isRenderEnabled":false,"rotationMatrix":[-0.00971101876,0.999953151,0,-0.999953151,-0.00971101876,0,0,0,1],"shapeName":"/levels/east_coast_usa/art/shapes/buildings/eca_bld_wood_fence_b.DAE"}
{"class":"TSStatic","persistentId":"9cae4789-d81f-4dd9-b982-64d8f1807ee0","__parent":"house_c","position":[-142.449203,-803.634521,14.777832],"annotation":"OBSTACLES","isRenderEnabled":false,"rotationMatrix":[-0.0274069756,-0.999624074,0,0.999624074,-0.0274069756,0,0,0,1],"shapeName":"/levels/east_coast_usa/art/shapes/buildings/eca_bld_wood_fence_b.DAE"}
{"class":"TSStatic","persistentId":"9d0f7a7a-35fe-4838-9f65-2502388b8340","__parent":"house_c","position":[-138.352158,-799.755005,14.777832],"annotation":"OBSTACLES","isRenderEnabled":false,"rotationMatrix":[-0.999624372,0.0274070688,0,-0.0274070688,-0.999624372,0,0,0,1],"shapeName":"/levels/east_coast_usa/art/shapes/buildings/eca_bld_wood_fence_b.DAE"}
{"class":"TSStatic","persistentId":"c2afa54b-fb4e-4a57-aa9a-8a9a5d2454e3","__parent":"house_c","position":[-131.363403,-813.748962,14.777832],"annotation":"OBSTACLES","isRenderEnabled":false,"rotationMatrix":[-0.00971101876,0.999953151,0,-0.999953151,-0.00971101876,0,0,0,1],"shapeName":"/levels/east_coast_usa/art/shapes/buildings/eca_bld_wood_fence_b.DAE"}
{"class":"TSStatic","persistentId":"c3214b74-4d62-4a9f-88a8-f7b058061768","__parent":"house_c","position":[-134.366348,-799.864258,14.777832],"annotation":"OBSTACLES","isRenderEnabled":false,"rotationMatrix":[-0.999624372,0.0274070688,0,-0.0274070688,-0.999624372,0,0,0,1],"shapeName":"/levels/east_coast_usa/art/shapes/buildings/eca_bld_wood_fence_b.DAE"}
{"class":"TSStatic","persistentId":"d3fe8539-d7b3-47dd-ac62-c1fd63484ca4","__parent":"house_c","position":[-131.421448,-807.772522,14.777832],"annotation":"OBSTACLES","isRenderEnabled":false,"rotationMatrix":[-0.00971101876,0.999953151,0,-0.999953151,-0.00971101876,0,0,0,1],"shapeName":"/levels/east_coast_usa/art/shapes/buildings/eca_bld_wood_fence_b.DAE"}
{"class":"TSStatic","persistentId":"e697e9d0-b9b6-47a4-9d57-1cb853472511","__parent":"house_c","position":[-131.344055,-815.740051,14.777832],"annotation":"OBSTACLES","isRenderEnabled":false,"rotationMatrix":[-0.00971101876,0.999953151,0,-0.999953151,-0.00971101876,0,0,0,1],"shapeName":"/levels/east_coast_usa/art/shapes/buildings/eca_bld_wood_fence_b.DAE"}
{"class":"TSStatic","persistentId":"fcf36413-f55d-48bc-a0a8-25b92ae70045","__parent":"house_c","position":[-140.344421,-799.700378,14.777832],"annotation":"OBSTACLES","isRenderEnabled":false,"rotationMatrix":[-0.999624372,0.0274070688,0,-0.0274070688,-0.999624372,0,0,0,1],"shapeName":"/levels/east_coast_usa/art/shapes/buildings/eca_bld_wood_fence_b.DAE"}
