{"class":"TSStatic","persistentId":"00c66ffa-a9a4-4935-8f0b-d4cdca0cd048","__parent":"airrace","position":[1978.37744,-362.187469,37.6304398],"collisionType":"Visible Mesh Final","decalType":"Visible Mesh Final","isRenderEnabled":false,"locked":true,"playAmbient":false,"prebuildCollisionData":true,"rotationMatrix":[0.578771114,0.815489292,0,-0.815489292,0.578771114,0,0,0,1],"scale":[2,2,2],"shapeName":"/levels/motorsports_playground/art_v2/shapes/objects/planecourrse.dae","useInstanceRenderData":true}
{"class":"TSStatic","persistentId":"022b9ce6-ad4b-4d9e-88dd-45ff7fd8ef49","__parent":"airrace","position":[-2116.43042,99.4217987,4.76994324],"collisionType":"Visible Mesh Final","decalType":"Visible Mesh Final","isRenderEnabled":false,"locked":true,"playAmbient":false,"prebuildCollisionData":true,"rotationMatrix":[0.0140686482,-0.999900699,1.22992105e-09,0.999900699,0.0140686482,8.74140937e-08,-8.74227766e-08,0,1],"scale":[0.5,0.850000024,0.850000024],"shapeName":"/levels/motorsports_playground/art_v2/shapes/objects/planecourrse.dae","useInstanceRenderData":true}
{"class":"TSStatic","persistentId":"061ebfd3-4b92-4101-a978-1b591d8ebcf7","__parent":"airrace","position":[2723.17407,-1284.29895,139.369888],"collisionType":"Visible Mesh Final","decalType":"Visible Mesh Final","isRenderEnabled":false,"locked":true,"playAmbient":false,"prebuildCollisionData":true,"rotationMatrix":[0.395395279,-0.918510318,0,0.918510318,0.395395279,0,0,0,1],"scale":[2,2,2],"shapeName":"/levels/motorsports_playground/art_v2/shapes/objects/planecourrse.dae","useInstanceRenderData":true}
{"class":"TSStatic","persistentId":"06c34f91-2cea-4364-8f76-d518b83e4151","__parent":"airrace","position":[-1090.23669,-1048.22864,-19.4553261],"collisionType":"Visible Mesh Final","decalType":"Visible Mesh Final","isRenderEnabled":false,"locked":true,"playAmbient":false,"prebuildCollisionData":true,"rotationMatrix":[0.543615103,-0.839334667,0,0.839334667,0.543615103,0,0,0,1],"scale":[2,2,2],"shapeName":"/levels/motorsports_playground/art_v2/shapes/objects/planecourrse.dae","useInstanceRenderData":true}
{"class":"TSStatic","persistentId":"0afd9e38-4d2c-44cd-87d9-7b18d71d3b09","__parent":"airrace","position":[-2116.33643,89.7486649,6.8542366],"collisionType":"Visible Mesh Final","decalType":"Visible Mesh Final","isRenderEnabled":false,"locked":true,"playAmbient":false,"prebuildCollisionData":true,"rotationMatrix":[-4.37113883e-08,1,0,-1,-4.37113883e-08,0,0,0,1],"scale":[5,5,5],"shapeName":"/levels/motorsports_playground/art/shapes/race/sign_arrows.dae","useInstanceRenderData":true}
{"class":"TSStatic","persistentId":"0cecfd4b-4a6d-466f-9edf-4610d1b953b3","__parent":"airrace","position":[-2889.3186,99.4217987,-61.9430923],"collisionType":"Visible Mesh Final","decalType":"Visible Mesh Final","isRenderEnabled":false,"locked":true,"playAmbient":false,"prebuildCollisionData":true,"rotationMatrix":[-0.0140686482,0.999900699,0,-0.999900699,-0.0140686482,0,0,0,1],"scale":[2,2,2],"shapeName":"/levels/motorsports_playground/art_v2/shapes/objects/planecourrse.dae","useInstanceRenderData":true}
{"class":"TSStatic","persistentId":"155c9336-5f0d-4d31-b26b-3b8584845740","__parent":"airrace","position":[1960.03125,-1194.32788,49.1004257],"collisionType":"Visible Mesh Final","decalType":"Visible Mesh Final","isRenderEnabled":false,"locked":true,"playAmbient":false,"prebuildCollisionData":true,"rotationMatrix":[-0.655456424,-0.755231917,0,0.755231917,-0.655456424,0,0,0,1],"scale":[2,2,2],"shapeName":"/levels/motorsports_playground/art_v2/shapes/objects/planecourrse.dae","useInstanceRenderData":true}
{"class":"TSStatic","persistentId":"163bcc7f-7b48-47cb-ade5-7fb1ce37a675","__parent":"airrace","position":[-3124.25049,99.4217987,4.76994324],"collisionType":"Visible Mesh Final","decalType":"Visible Mesh Final","isRenderEnabled":false,"locked":true,"playAmbient":false,"prebuildCollisionData":true,"rotationMatrix":[0.0140686482,-0.999900699,1.22992105e-09,0.999900699,0.0140686482,8.74140937e-08,-8.74227766e-08,0,1],"scale":[0.5,0.850000024,0.850000024],"shapeName":"/levels/motorsports_playground/art_v2/shapes/objects/planecourrse.dae","useInstanceRenderData":true}
{"class":"TSStatic","persistentId":"1ad93227-cc4a-4fd9-a2f7-61655ac37353","__parent":"airrace","position":[2860.70728,-958.314209,242.982864],"collisionType":"Visible Mesh Final","decalType":"Visible Mesh Final","isRenderEnabled":false,"locked":true,"playAmbient":false,"prebuildCollisionData":true,"rotationMatrix":[0.9544186,0.298469394,0,-0.298469394,0.9544186,0,0,0,1],"scale":[2,2,2],"shapeName":"/levels/motorsports_playground/art_v2/shapes/objects/planecourrse.dae","useInstanceRenderData":true}
{"class":"TSStatic","persistentId":"1ae7e590-5672-40f0-b09b-213574616b71","__parent":"airrace","position":[1362.07043,704.667664,-23.5037689],"collisionType":"Visible Mesh Final","decalType":"Visible Mesh Final","isRenderEnabled":false,"locked":true,"playAmbient":false,"prebuildCollisionData":true,"rotationMatrix":[0.928811312,0.370551646,0,-0.370551646,0.928811312,0,0,0,1],"scale":[2,2,2],"shapeName":"/levels/motorsports_playground/art_v2/shapes/objects/planecourrse.dae","useInstanceRenderData":true}
{"class":"TSStatic","persistentId":"1d1eadf7-67e8-43a6-a113-a256694be697","__parent":"airrace","position":[-2116.43042,99.4217987,4.76994324],"collisionType":"Visible Mesh Final","decalType":"Visible Mesh Final","isRenderEnabled":false,"locked":true,"playAmbient":false,"prebuildCollisionData":true,"rotationMatrix":[-0.0140686482,-4.37070469e-08,-0.999900699,-0.999900699,6.14960138e-10,0.0140686482,0,1,-4.37113883e-08],"scale":[2,2,2],"shapeName":"/levels/motorsports_playground/art_v2/shapes/objects/planecourrse.dae","useInstanceRenderData":true}
{"class":"TSStatic","persistentId":"1d91f7fd-0d1f-4402-b0d3-2403c5b250c7","__parent":"airrace","position":[-678.267639,1442.66846,0.520946503],"collisionType":"Visible Mesh Final","decalType":"Visible Mesh Final","isRenderEnabled":false,"locked":true,"playAmbient":false,"prebuildCollisionData":true,"rotationMatrix":[-0.819406986,0.573211968,0,-0.573211968,-0.819406986,0,0,0,1],"scale":[2,2,2],"shapeName":"/levels/motorsports_playground/art_v2/shapes/objects/planecourrse.dae","useInstanceRenderData":true}
{"class":"TSStatic","persistentId":"27ea80d8-c0f1-457e-87f3-2f28f3c6c120","__parent":"airrace","position":[-1030.96484,792.296936,-28.7164154],"collisionType":"Visible Mesh Final","decalType":"Visible Mesh Final","isRenderEnabled":false,"locked":true,"playAmbient":false,"prebuildCollisionData":true,"rotationMatrix":[-0.979883611,0.199569225,0,-0.199569225,-0.979883611,0,0,0,1],"scale":[2,2,2],"shapeName":"/levels/motorsports_playground/art_v2/shapes/objects/planecourrse.dae","useInstanceRenderData":true}
{"class":"TSStatic","persistentId":"286fd113-327d-4b69-9852-bd8b3e87b017","__parent":"airrace","position":[-1528.1532,-1460.75476,16.535347],"collisionType":"Visible Mesh Final","decalType":"Visible Mesh Final","isRenderEnabled":false,"locked":true,"playAmbient":false,"prebuildCollisionData":true,"rotationMatrix":[0.761709988,-0.647918224,0,0.647918224,0.761709988,0,0,0,1],"scale":[2,2,2],"shapeName":"/levels/motorsports_playground/art_v2/shapes/objects/planecourrse.dae","useInstanceRenderData":true}
{"class":"TSStatic","persistentId":"30de6dc2-5601-4dac-95ec-c5345c15ca82","__parent":"airrace","position":[-3124.25049,99.4217987,4.76994324],"collisionType":"Visible Mesh Final","decalType":"Visible Mesh Final","isRenderEnabled":false,"locked":true,"playAmbient":false,"prebuildCollisionData":true,"rotationMatrix":[-0.0140686482,-4.37070469e-08,-0.999900699,-0.999900699,6.14960138e-10,0.0140686482,0,1,-4.37113883e-08],"scale":[2,2,2],"shapeName":"/levels/motorsports_playground/art_v2/shapes/objects/planecourrse.dae","useInstanceRenderData":true}
{"class":"TSStatic","persistentId":"36d4bd4c-fe38-4f7a-bcf5-3df2a16105af","__parent":"airrace","position":[2840.6001,-1134.0603,236.116302],"collisionType":"Visible Mesh Final","decalType":"Visible Mesh Final","isRenderEnabled":false,"locked":true,"playAmbient":false,"prebuildCollisionData":true,"rotationMatrix":[0.903007507,-0.429623008,0,0.429623008,0.903007507,0,0,0,1],"scale":[2,2,2],"shapeName":"/levels/motorsports_playground/art_v2/shapes/objects/planecourrse.dae","useInstanceRenderData":true}
{"class":"TSStatic","persistentId":"371f69d8-2ede-485d-80fa-afb5bc97a1cc","__parent":"airrace","position":[2247.6875,-445.166138,53.9675446],"collisionType":"Visible Mesh Final","decalType":"Visible Mesh Final","isRenderEnabled":false,"locked":true,"playAmbient":false,"prebuildCollisionData":true,"rotationMatrix":[0.358560681,0.933505774,0,-0.933505774,0.358560681,0,0,0,1],"scale":[2,2,2],"shapeName":"/levels/motorsports_playground/art_v2/shapes/objects/planecourrse.dae","useInstanceRenderData":true}
{"class":"TSStatic","persistentId":"379114a2-15a3-4e2d-9ef0-07fe4f0d77a2","__parent":"airrace","position":[-3894.33057,-1758.78857,48.0196686],"collisionType":"Visible Mesh Final","decalType":"Visible Mesh Final","isRenderEnabled":false,"locked":true,"playAmbient":false,"prebuildCollisionData":true,"rotationMatrix":[-0.884341717,-0.466839761,0,0.466839761,-0.884341717,0,0,0,1],"scale":[2,2,2],"shapeName":"/levels/motorsports_playground/art_v2/shapes/objects/planecourrse.dae","useInstanceRenderData":true}
{"class":"TSStatic","persistentId":"44adf3c2-9cf5-448e-a2f1-d396f66e8368","__parent":"airrace","position":[-1660.35986,147.639587,-37.939949],"collisionType":"Visible Mesh Final","decalType":"Visible Mesh Final","isRenderEnabled":false,"locked":true,"playAmbient":false,"prebuildCollisionData":true,"rotationMatrix":[-0.266679645,0.963784993,0,-0.963784993,-0.266679645,0,0,0,1],"scale":[2,2,2],"shapeName":"/levels/motorsports_playground/art_v2/shapes/objects/planecourrse.dae","useInstanceRenderData":true}
{"class":"TSStatic","persistentId":"4862b9ae-53a8-43bb-b557-7ba0d3dfb935","__parent":"airrace","position":[-1382.88867,318.003021,-35.2079239],"collisionType":"Visible Mesh Final","decalType":"Visible Mesh Final","isRenderEnabled":false,"locked":true,"playAmbient":false,"prebuildCollisionData":true,"rotationMatrix":[-0.618715465,0.785614848,0,-0.785614848,-0.618715465,0,0,0,1],"scale":[2,2,2],"shapeName":"/levels/motorsports_playground/art_v2/shapes/objects/planecourrse.dae","useInstanceRenderData":true}
{"class":"TSStatic","persistentId":"51619894-86e6-49ab-853b-a3f95f2e2349","__parent":"airrace","position":[1696.73486,-16.3201294,5.704422],"collisionType":"Visible Mesh Final","decalType":"Visible Mesh Final","isRenderEnabled":false,"locked":true,"playAmbient":false,"prebuildCollisionData":true,"rotationMatrix":[0.928811312,0.370551646,0,-0.370551646,0.928811312,0,0,0,1],"scale":[2,2,2],"shapeName":"/levels/motorsports_playground/art_v2/shapes/objects/planecourrse.dae","useInstanceRenderData":true}
{"class":"TSStatic","persistentId":"58274a5e-859d-4761-b9c2-845c4ff53ce4","__parent":"airrace","position":[1823.89978,-232.160675,19.9130554],"collisionType":"Visible Mesh Final","decalType":"Visible Mesh Final","isRenderEnabled":false,"locked":true,"playAmbient":false,"prebuildCollisionData":true,"rotationMatrix":[0.808021367,0.589152098,0,-0.589152098,0.808021367,0,0,0,1],"scale":[2,2,2],"shapeName":"/levels/motorsports_playground/art_v2/shapes/objects/planecourrse.dae","useInstanceRenderData":true}
{"class":"TSStatic","persistentId":"5f0d032c-ddff-47d4-8d9b-ce97e48e04d4","__parent":"airrace","position":[-2631.45142,99.5121155,18.082449],"collisionType":"Visible Mesh Final","decalType":"Visible Mesh Final","isRenderEnabled":false,"locked":true,"playAmbient":false,"prebuildCollisionData":true,"rotationMatrix":[-4.37113883e-08,-4.37113883e-08,-1,-1,1.91068547e-15,4.37113883e-08,0,1,-4.37113883e-08],"scale":[5,5,5],"shapeName":"/levels/motorsports_playground/art/shapes/race/sign_arrows.dae","useInstanceRenderData":true}
{"class":"TSStatic","persistentId":"5fbdc0cf-671d-4f63-bb4f-6801f9ef4eb1","__parent":"airrace","position":[-4564.06592,-758.023438,-28.7164917],"collisionType":"Visible Mesh Final","decalType":"Visible Mesh Final","isRenderEnabled":false,"locked":true,"playAmbient":false,"prebuildCollisionData":true,"rotationMatrix":[-0.820712149,-0.571341574,0,0.571341574,-0.820712149,0,0,0,1],"scale":[2,2,2],"shapeName":"/levels/motorsports_playground/art_v2/shapes/objects/planecourrse.dae","useInstanceRenderData":true}
{"class":"TSStatic","persistentId":"67158a9c-3fcb-4e8e-85b1-551cf0fd5826","__parent":"airrace","position":[-979.649414,1007.47272,-23.3991756],"collisionType":"Visible Mesh Final","decalType":"Visible Mesh Final","isRenderEnabled":false,"locked":true,"playAmbient":false,"prebuildCollisionData":true,"rotationMatrix":[-0.860717297,0.509083033,0,-0.509083033,-0.860717297,0,0,0,1],"scale":[2,2,2],"shapeName":"/levels/motorsports_playground/art_v2/shapes/objects/planecourrse.dae","useInstanceRenderData":true}
{"class":"TSStatic","persistentId":"6a74259e-73d4-49f6-9eb6-b271f4e5165d","__parent":"airrace","position":[337.005493,2398.24316,71.7174683],"collisionType":"Visible Mesh Final","decalType":"Visible Mesh Final","isRenderEnabled":false,"locked":true,"playAmbient":false,"prebuildCollisionData":true,"rotationMatrix":[-0.119233876,0.99286598,0,-0.99286598,-0.119233876,0,0,0,1],"scale":[2,2,2],"shapeName":"/levels/motorsports_playground/art_v2/shapes/objects/planecourrse.dae","useInstanceRenderData":true}
{"class":"TSStatic","persistentId":"6f491245-f7f1-44e3-b70d-777cd88c9953","__parent":"airrace","position":[-3124.27417,123.967918,9.29741287],"collisionType":"Visible Mesh Final","decalType":"Visible Mesh Final","isRenderEnabled":false,"locked":true,"playAmbient":false,"prebuildCollisionData":true,"rotationMatrix":[-4.37113883e-08,-1,0,1,-4.37113883e-08,0,0,0,1],"scale":[12,12,12],"shapeName":"/levels/motorsports_playground/art/shapes/race/sign_arrows.dae","useInstanceRenderData":true}
{"class":"TSStatic","persistentId":"70837196-6d0d-4a97-b0ff-2d30ef77a88a","__parent":"airrace","position":[-2631.45142,108.798645,7.02377129],"collisionType":"Visible Mesh Final","decalType":"Visible Mesh Final","isRenderEnabled":false,"locked":true,"playAmbient":false,"prebuildCollisionData":true,"rotationMatrix":[-4.37113883e-08,-1,0,1,-4.37113883e-08,0,0,0,1],"scale":[5,5,5],"shapeName":"/levels/motorsports_playground/art/shapes/race/sign_arrows.dae","useInstanceRenderData":true}
{"class":"TSStatic","persistentId":"7a7b39e9-c8b1-4b5a-af7b-21956ae4e379","__parent":"airrace","position":[1196.5907,1850.24341,39.2920456],"collisionType":"Visible Mesh Final","decalType":"Visible Mesh Final","isRenderEnabled":false,"locked":true,"playAmbient":false,"prebuildCollisionData":true,"rotationMatrix":[0.968924582,0.247354656,0,-0.247354656,0.968924582,0,0,0,1],"scale":[2,2,2],"shapeName":"/levels/motorsports_playground/art_v2/shapes/objects/planecourrse.dae","useInstanceRenderData":true}
{"class":"TSStatic","persistentId":"7dffaebb-0a0c-4e48-8ce8-a6138ddb42e1","__parent":"airrace","position":[-2985.98047,-1707.26282,37.8008575],"collisionType":"Visible Mesh Final","decalType":"Visible Mesh Final","isRenderEnabled":false,"locked":true,"playAmbient":false,"prebuildCollisionData":true,"rotationMatrix":[0.0269306861,-0.999637067,0,0.999637067,0.0269306861,0,0,0,1],"scale":[2,2,2],"shapeName":"/levels/motorsports_playground/art_v2/shapes/objects/planecourrse.dae","useInstanceRenderData":true}
{"class":"TSStatic","persistentId":"7edcaeef-a94b-4671-9fb2-050bf16c3bab","__parent":"airrace","position":[-2631.4917,99.4217987,4.76994324],"collisionType":"Visible Mesh Final","decalType":"Visible Mesh Final","isRenderEnabled":false,"locked":true,"playAmbient":false,"prebuildCollisionData":true,"rotationMatrix":[-0.0140686482,-4.37070469e-08,-0.999900699,-0.999900699,6.14960138e-10,0.0140686482,0,1,-4.37113883e-08],"scale":[2,2,2],"shapeName":"/levels/motorsports_playground/art_v2/shapes/objects/planecourrse.dae","useInstanceRenderData":true}
{"class":"TSStatic","persistentId":"7fefaf07-66c9-4548-93ec-1a2271a7f747","__parent":"airrace","position":[1490.38074,-905.945129,-5.57148361],"collisionType":"Visible Mesh Final","decalType":"Visible Mesh Final","isRenderEnabled":false,"locked":true,"playAmbient":false,"prebuildCollisionData":true,"rotationMatrix":[-0.271076083,-0.962556899,0,0.962556899,-0.271076083,0,0,0,1],"scale":[2,2,2],"shapeName":"/levels/motorsports_playground/art_v2/shapes/objects/planecourrse.dae","useInstanceRenderData":true}
{"class":"TSStatic","persistentId":"83dcb5fc-0faf-4e04-8c2d-b8394031f338","__parent":"airrace","position":[1041.42798,2152.96265,64.9577942],"collisionType":"Visible Mesh Final","decalType":"Visible Mesh Final","isRenderEnabled":false,"locked":true,"playAmbient":false,"prebuildCollisionData":true,"rotationMatrix":[0.849113703,0.528209686,0,-0.528209686,0.849113703,0,0,0,1],"scale":[2,2,2],"shapeName":"/levels/motorsports_playground/art_v2/shapes/objects/planecourrse.dae","useInstanceRenderData":true}
{"class":"TSStatic","persistentId":"8599b339-450e-46a9-9845-b958f28a4ba6","__parent":"airrace","position":[1532.91052,386.28595,-9.21510124],"collisionType":"Visible Mesh Final","decalType":"Visible Mesh Final","isRenderEnabled":false,"locked":true,"playAmbient":false,"prebuildCollisionData":true,"rotationMatrix":[0.928811312,0.370551646,0,-0.370551646,0.928811312,0,0,0,1],"scale":[2,2,2],"shapeName":"/levels/motorsports_playground/art_v2/shapes/objects/planecourrse.dae","useInstanceRenderData":true}
{"class":"TSStatic","persistentId":"85e7e9e3-eb4d-4656-b40f-b7018d6d9bfe","__parent":"airrace","position":[1262.92139,1084.64258,-17.0508308],"collisionType":"Visible Mesh Final","decalType":"Visible Mesh Final","isRenderEnabled":false,"locked":true,"playAmbient":false,"prebuildCollisionData":true,"rotationMatrix":[0.998291373,0.0584246106,0,-0.0584246106,0.998291373,0,0,0,1],"scale":[2,2,2],"shapeName":"/levels/motorsports_playground/art_v2/shapes/objects/planecourrse.dae","useInstanceRenderData":true}
{"class":"TSStatic","persistentId":"92133218-e1be-4944-8cc5-6730caee6150","__parent":"airrace","position":[1264.04077,1363.41162,-20.0820484],"collisionType":"Visible Mesh Final","decalType":"Visible Mesh Final","isRenderEnabled":false,"locked":true,"playAmbient":false,"prebuildCollisionData":true,"rotationMatrix":[0.998291373,0.0584246106,0,-0.0584246106,0.998291373,0,0,0,1],"scale":[2,2,2],"shapeName":"/levels/motorsports_playground/art_v2/shapes/objects/planecourrse.dae","useInstanceRenderData":true}
{"class":"TSStatic","persistentId":"930ca859-0a4d-40f4-8244-b72f8b4a60fd","__parent":"airrace","position":[-2631.4917,99.4217987,4.76994324],"collisionType":"Visible Mesh Final","decalType":"Visible Mesh Final","isRenderEnabled":false,"locked":true,"playAmbient":false,"prebuildCollisionData":true,"rotationMatrix":[0.0140686482,-0.999900699,1.22992105e-09,0.999900699,0.0140686482,8.74140937e-08,-8.74227766e-08,0,1],"scale":[0.5,0.850000024,0.850000024],"shapeName":"/levels/motorsports_playground/art_v2/shapes/objects/planecourrse.dae","useInstanceRenderData":true}
{"class":"TSStatic","persistentId":"93763b17-eed1-44ad-83d4-ca886d595c42","__parent":"airrace","position":[2196.44312,-1373.07056,56.3909149],"collisionType":"Visible Mesh Final","decalType":"Visible Mesh Final","isRenderEnabled":false,"locked":true,"playAmbient":false,"prebuildCollisionData":true,"rotationMatrix":[-0.354539692,-0.935040236,0,0.935040236,-0.354539692,0,0,0,1],"scale":[2,2,2],"shapeName":"/levels/motorsports_playground/art_v2/shapes/objects/planecourrse.dae","useInstanceRenderData":true}
{"class":"TSStatic","persistentId":"9bb37dea-8ed6-4023-a541-734158ca84ea","__parent":"airrace","position":[-2631.45142,89.7486649,7.02377129],"collisionType":"Visible Mesh Final","decalType":"Visible Mesh Final","isRenderEnabled":false,"locked":true,"playAmbient":false,"prebuildCollisionData":true,"rotationMatrix":[-4.37113883e-08,1,0,-1,-4.37113883e-08,0,0,0,1],"scale":[5,5,5],"shapeName":"/levels/motorsports_playground/art/shapes/race/sign_arrows.dae","useInstanceRenderData":true}
{"class":"TSStatic","persistentId":"9e02ee26-aa6f-4592-a6af-2b6fb18a2392","__parent":"airrace","position":[-3676.03735,99.4217987,-49.0384941],"collisionType":"Visible Mesh Final","decalType":"Visible Mesh Final","isRenderEnabled":false,"locked":true,"playAmbient":false,"prebuildCollisionData":true,"rotationMatrix":[-0.0140686482,0.999900699,0,-0.999900699,-0.0140686482,0,0,0,1],"scale":[2,2,2],"shapeName":"/levels/motorsports_playground/art_v2/shapes/objects/planecourrse.dae","useInstanceRenderData":true}
{"class":"TSStatic","persistentId":"9fe504ac-f807-4eff-8260-83ff1bee034b","__parent":"airrace","position":[-153.506348,2174.75366,49.7455444],"collisionType":"Visible Mesh Final","decalType":"Visible Mesh Final","isRenderEnabled":false,"locked":true,"playAmbient":false,"prebuildCollisionData":true,"rotationMatrix":[-0.479003429,0.877812862,0,-0.877812862,-0.479003429,0,0,0,1],"scale":[2,2,2],"shapeName":"/levels/motorsports_playground/art_v2/shapes/objects/planecourrse.dae","useInstanceRenderData":true}
{"class":"TSStatic","persistentId":"ac7c2b8e-929d-4cbd-85ba-d823c142b36f","__parent":"airrace","position":[-2116.33643,108.798645,6.8542366],"collisionType":"Visible Mesh Final","decalType":"Visible Mesh Final","isRenderEnabled":false,"locked":true,"playAmbient":false,"prebuildCollisionData":true,"rotationMatrix":[-4.37113883e-08,-1,0,1,-4.37113883e-08,0,0,0,1],"scale":[5,5,5],"shapeName":"/levels/motorsports_playground/art/shapes/race/sign_arrows.dae","useInstanceRenderData":true}
{"class":"TSStatic","persistentId":"ae26b16f-839a-4762-a459-9664bb866590","__parent":"airrace","position":[-2374.90698,99.4217987,-54.1599274],"collisionType":"Visible Mesh Final","decalType":"Visible Mesh Final","isRenderEnabled":false,"locked":true,"playAmbient":false,"prebuildCollisionData":true,"rotationMatrix":[-0.0140686482,0.999900699,0,-0.999900699,-0.0140686482,0,0,0,1],"scale":[2,2,2],"shapeName":"/levels/motorsports_playground/art_v2/shapes/objects/planecourrse.dae","useInstanceRenderData":true}
{"class":"TSStatic","persistentId":"af77eb09-d930-4656-ba38-a32f7db9a1d9","__parent":"airrace","position":[1268.05957,1585.05249,-0.280010223],"collisionType":"Visible Mesh Final","decalType":"Visible Mesh Final","isRenderEnabled":false,"locked":true,"playAmbient":false,"prebuildCollisionData":true,"rotationMatrix":[0.997553468,0.0699005127,0,-0.0699005127,0.997553468,0,0,0,1],"scale":[2,2,2],"shapeName":"/levels/motorsports_playground/art_v2/shapes/objects/planecourrse.dae","useInstanceRenderData":true}
{"class":"TSStatic","persistentId":"b151c568-2d69-4b36-970a-80cc6b70a4e2","__parent":"airrace","position":[-828.929932,1203.61865,-35.6258698],"collisionType":"Visible Mesh Final","decalType":"Visible Mesh Final","isRenderEnabled":false,"locked":true,"playAmbient":false,"prebuildCollisionData":true,"rotationMatrix":[-0.819406986,0.573211968,0,-0.573211968,-0.819406986,0,0,0,1],"scale":[2,2,2],"shapeName":"/levels/motorsports_playground/art_v2/shapes/objects/planecourrse.dae","useInstanceRenderData":true}
{"class":"TSStatic","persistentId":"bb0fcfd7-f557-4274-8f4a-cad95e8ee9b7","__parent":"airrace","position":[-3124.27417,76.0135956,9.04498386],"collisionType":"Visible Mesh Final","decalType":"Visible Mesh Final","isRenderEnabled":false,"locked":true,"playAmbient":false,"prebuildCollisionData":true,"rotationMatrix":[-4.37113883e-08,1,0,-1,-4.37113883e-08,0,0,0,1],"scale":[12,12,12],"shapeName":"/levels/motorsports_playground/art/shapes/race/sign_arrows.dae","useInstanceRenderData":true}
{"class":"TSStatic","persistentId":"bd25bf2d-1523-49b6-9a19-2b93f3fbf0c2","__parent":"airrace","position":[-1899.64856,99.6709518,-46.3309212],"collisionType":"Visible Mesh Final","decalType":"Visible Mesh Final","isRenderEnabled":false,"locked":true,"playAmbient":false,"prebuildCollisionData":true,"rotationMatrix":[-0.0140686482,0.999900699,0,-0.999900699,-0.0140686482,0,0,0,1],"scale":[2,2,2],"shapeName":"/levels/motorsports_playground/art_v2/shapes/objects/planecourrse.dae","useInstanceRenderData":true}
{"class":"TSStatic","persistentId":"c2ebb232-b0ab-40eb-91aa-2ed35cbc0d14","__parent":"airrace","position":[-4710.64258,-432.551147,-28.7164917],"collisionType":"Visible Mesh Final","decalType":"Visible Mesh Final","isRenderEnabled":false,"locked":true,"playAmbient":false,"prebuildCollisionData":true,"rotationMatrix":[-0.999938428,0.0110771656,0,-0.0110771656,-0.999938428,0,0,0,1],"scale":[2,2,2],"shapeName":"/levels/motorsports_playground/art_v2/shapes/objects/planecourrse.dae","useInstanceRenderData":true}
{"class":"TSStatic","persistentId":"c3440be6-af72-4794-94ea-95dd67b3c277","__parent":"airrace","position":[-4062.28198,99.4217987,-40.3592682],"collisionType":"Visible Mesh Final","decalType":"Visible Mesh Final","isRenderEnabled":false,"locked":true,"playAmbient":false,"prebuildCollisionData":true,"rotationMatrix":[-0.0140686482,0.999900699,0,-0.999900699,-0.0140686482,0,0,0,1],"scale":[2,2,2],"shapeName":"/levels/motorsports_playground/art_v2/shapes/objects/planecourrse.dae","useInstanceRenderData":true}
{"class":"TSStatic","persistentId":"c6cae7b7-ef67-4b8f-b6db-9f3309529534","__parent":"airrace","position":[-1177.00964,561.937561,-28.7164764],"collisionType":"Visible Mesh Final","decalType":"Visible Mesh Final","isRenderEnabled":false,"locked":true,"playAmbient":false,"prebuildCollisionData":true,"rotationMatrix":[-0.809172451,0.587571025,0,-0.587571025,-0.809172451,0,0,0,1],"scale":[2,2,2],"shapeName":"/levels/motorsports_playground/art_v2/shapes/objects/planecourrse.dae","useInstanceRenderData":true}
{"class":"TSStatic","persistentId":"c90f434c-6dde-4b16-825d-f237889f6003","__parent":"airrace","position":[-3389.72388,99.4217987,-59.2486267],"collisionType":"Visible Mesh Final","decalType":"Visible Mesh Final","isRenderEnabled":false,"locked":true,"playAmbient":false,"prebuildCollisionData":true,"rotationMatrix":[-0.0140686482,0.999900699,0,-0.999900699,-0.0140686482,0,0,0,1],"scale":[2,2,2],"shapeName":"/levels/motorsports_playground/art_v2/shapes/objects/planecourrse.dae","useInstanceRenderData":true}
{"class":"TSStatic","persistentId":"ccce563b-cbf3-4609-96fb-9e2a1f7c9d5b","__parent":"airrace","position":[-3124.27417,99.5121155,14.5472717],"collisionType":"Visible Mesh Final","decalType":"Visible Mesh Final","isRenderEnabled":false,"locked":true,"playAmbient":false,"prebuildCollisionData":true,"rotationMatrix":[-4.37113883e-08,-4.37113883e-08,-1,-1,1.91068547e-15,4.37113883e-08,0,1,-4.37113883e-08],"scale":[9,12,12],"shapeName":"/levels/motorsports_playground/art/shapes/race/sign_arrows.dae","useInstanceRenderData":true}
{"class":"TSStatic","persistentId":"cd242c89-e8bc-44c4-be85-747e017f0b68","__parent":"airrace","position":[-2567.03467,-1792.33179,43.5441589],"collisionType":"Visible Mesh Final","decalType":"Visible Mesh Final","isRenderEnabled":false,"locked":true,"playAmbient":false,"prebuildCollisionData":true,"rotationMatrix":[0.0269306861,-0.999637067,0,0.999637067,0.0269306861,0,0,0,1],"scale":[2,2,2],"shapeName":"/levels/motorsports_playground/art_v2/shapes/objects/planecourrse.dae","useInstanceRenderData":true}
{"class":"TSStatic","persistentId":"cdbeabe9-8846-47f4-9389-8658ad323689","__parent":"airrace","position":[772.913269,2393.41089,71.7174988],"collisionType":"Visible Mesh Final","decalType":"Visible Mesh Final","isRenderEnabled":false,"locked":true,"playAmbient":false,"prebuildCollisionData":true,"rotationMatrix":[0.378422678,0.925632656,0,-0.925632656,0.378422678,0,0,0,1],"scale":[2,2,2],"shapeName":"/levels/motorsports_playground/art_v2/shapes/objects/planecourrse.dae","useInstanceRenderData":true}
{"class":"TSStatic","persistentId":"cf2d6edc-4cf0-4307-99cd-46cefc4410ff","__parent":"airrace","position":[-527.542419,1713.83118,32.3744011],"collisionType":"Visible Mesh Final","decalType":"Visible Mesh Final","isRenderEnabled":false,"locked":true,"playAmbient":false,"prebuildCollisionData":true,"rotationMatrix":[-0.819406986,0.573211968,0,-0.573211968,-0.819406986,0,0,0,1],"scale":[2,2,2],"shapeName":"/levels/motorsports_playground/art_v2/shapes/objects/planecourrse.dae","useInstanceRenderData":true}
{"class":"TSStatic","persistentId":"d071b2e9-4738-4ad5-afe6-375b59c95a6e","__parent":"airrace","position":[-3418.2644,-1794.89783,48.8308029],"collisionType":"Visible Mesh Final","decalType":"Visible Mesh Final","isRenderEnabled":false,"locked":true,"playAmbient":false,"prebuildCollisionData":true,"rotationMatrix":[0.257641196,-0.966240227,0,0.966240227,0.257641196,0,0,0,1],"scale":[2,2,2],"shapeName":"/levels/motorsports_playground/art_v2/shapes/objects/planecourrse.dae","useInstanceRenderData":true}
{"class":"TSStatic","persistentId":"d740d122-3f3f-4f0b-a2b3-10612ba2e844","__parent":"airrace","position":[2704.83032,-663.834106,194.257538],"collisionType":"Visible Mesh Final","decalType":"Visible Mesh Final","isRenderEnabled":false,"locked":true,"playAmbient":false,"prebuildCollisionData":true,"rotationMatrix":[0.697018206,0.717052579,0,-0.717052579,0.697018206,0,0,0,1],"scale":[2,2,2],"shapeName":"/levels/motorsports_playground/art_v2/shapes/objects/planecourrse.dae","useInstanceRenderData":true}
{"class":"TSStatic","persistentId":"dc67468d-6777-47fe-8251-4e4c3907fc66","__parent":"airrace","position":[-1778.46411,-1621.49951,43.5441589],"collisionType":"Visible Mesh Final","decalType":"Visible Mesh Final","isRenderEnabled":false,"locked":true,"playAmbient":false,"prebuildCollisionData":true,"rotationMatrix":[0.406902492,-0.913471639,0,0.913471639,0.406902492,0,0,0,1],"scale":[2,2,2],"shapeName":"/levels/motorsports_playground/art_v2/shapes/objects/planecourrse.dae","useInstanceRenderData":true}
{"class":"TSStatic","persistentId":"e0f39a64-a1ef-4be3-8f1d-c8aa9a2a9869","__parent":"airrace","position":[-2116.43042,99.4217987,4.76994324],"collisionType":"Visible Mesh Final","decalType":"Visible Mesh Final","isRenderEnabled":false,"locked":true,"playAmbient":false,"prebuildCollisionData":true,"rotationMatrix":[0.0140686482,4.24771258e-08,-0.999900699,0.999900699,-8.80290543e-08,0.0140686482,-8.74227766e-08,-1,-4.37113883e-08],"scale":[2,2,2],"shapeName":"/levels/motorsports_playground/art_v2/shapes/objects/planecourrse.dae","useInstanceRenderData":true}
{"class":"TSStatic","persistentId":"e15b171a-270b-4810-9155-19fb80c7f325","__parent":"airrace","position":[-2631.4917,99.4217987,4.76994324],"collisionType":"Visible Mesh Final","decalType":"Visible Mesh Final","isRenderEnabled":false,"locked":true,"playAmbient":false,"prebuildCollisionData":true,"rotationMatrix":[0.0140686482,4.24771258e-08,-0.999900699,0.999900699,-8.80290543e-08,0.0140686482,-8.74227766e-08,-1,-4.37113883e-08],"scale":[2,2,2],"shapeName":"/levels/motorsports_playground/art_v2/shapes/objects/planecourrse.dae","useInstanceRenderData":true}
{"class":"TSStatic","persistentId":"e22836d2-d9c0-4bb8-86f2-1f990ac153b8","__parent":"airrace","position":[-4189.91406,-1225.44519,-9.98347473],"collisionType":"Visible Mesh Final","decalType":"Visible Mesh Final","isRenderEnabled":false,"locked":true,"playAmbient":false,"prebuildCollisionData":true,"rotationMatrix":[-0.820712149,-0.571341574,0,0.571341574,-0.820712149,0,0,0,1],"scale":[2,2,2],"shapeName":"/levels/motorsports_playground/art_v2/shapes/objects/planecourrse.dae","useInstanceRenderData":true}
{"class":"TSStatic","persistentId":"e39a8e18-c1b7-49b7-8fc1-09450bc932b6","__parent":"airrace","position":[1686.6499,-993.414917,28.9933319],"collisionType":"Visible Mesh Final","decalType":"Visible Mesh Final","isRenderEnabled":false,"locked":true,"playAmbient":false,"prebuildCollisionData":true,"rotationMatrix":[-0.46840626,-0.88351208,0,0.88351208,-0.46840626,0,0,0,1],"scale":[2,2,2],"shapeName":"/levels/motorsports_playground/art_v2/shapes/objects/planecourrse.dae","useInstanceRenderData":true}
{"class":"TSStatic","persistentId":"e8fcc296-a4e6-40d2-8a48-bf87f4340e48","__parent":"airrace","position":[-1309.86011,-1213.5271,-9.47398376],"collisionType":"Visible Mesh Final","decalType":"Visible Mesh Final","isRenderEnabled":false,"locked":true,"playAmbient":false,"prebuildCollisionData":true,"rotationMatrix":[0.761709988,-0.647918224,0,0.647918224,0.761709988,0,0,0,1],"scale":[2,2,2],"shapeName":"/levels/motorsports_playground/art_v2/shapes/objects/planecourrse.dae","useInstanceRenderData":true}
{"class":"TSStatic","persistentId":"e9732831-a8c7-4faa-9ffd-887142173b2f","__parent":"airrace","position":[-4477.61377,-111.960129,-28.7165222],"collisionType":"Visible Mesh Final","decalType":"Visible Mesh Final","isRenderEnabled":false,"locked":true,"playAmbient":false,"prebuildCollisionData":true,"rotationMatrix":[-0.654893637,0.755722165,0,-0.755722165,-0.654893637,0,0,0,1],"scale":[2,2,2],"shapeName":"/levels/motorsports_playground/art_v2/shapes/objects/planecourrse.dae","useInstanceRenderData":true}
{"class":"TSStatic","persistentId":"f428b7fc-1d9c-469e-a17b-af9a8a67bf91","__parent":"airrace","position":[2469.11133,-1402.27209,78.5496597],"collisionType":"Visible Mesh Final","decalType":"Visible Mesh Final","isRenderEnabled":false,"locked":true,"playAmbient":false,"prebuildCollisionData":true,"rotationMatrix":[0.121565282,-0.992582738,0,0.992582738,0.121565282,0,0,0,1],"scale":[2,2,2],"shapeName":"/levels/motorsports_playground/art_v2/shapes/objects/planecourrse.dae","useInstanceRenderData":true}
{"class":"TSStatic","persistentId":"f4f0d554-f4ef-41e1-9777-ea4cf9505c30","__parent":"airrace","position":[-3124.25049,99.4217987,4.76994324],"collisionType":"Visible Mesh Final","decalType":"Visible Mesh Final","isRenderEnabled":false,"locked":true,"playAmbient":false,"prebuildCollisionData":true,"rotationMatrix":[0.0140686482,4.24771258e-08,-0.999900699,0.999900699,-8.80290543e-08,0.0140686482,-8.74227766e-08,-1,-4.37113883e-08],"scale":[2,2,2],"shapeName":"/levels/motorsports_playground/art_v2/shapes/objects/planecourrse.dae","useInstanceRenderData":true}
{"class":"TSStatic","persistentId":"f8ca70c9-9f91-4c79-a583-2e4975ef2043","__parent":"airrace","position":[-2041.09033,-1691.44702,43.5441589],"collisionType":"Visible Mesh Final","decalType":"Visible Mesh Final","isRenderEnabled":false,"locked":true,"playAmbient":false,"prebuildCollisionData":true,"rotationMatrix":[0.248578504,-0.968611658,0,0.968611658,0.248578504,0,0,0,1],"scale":[2,2,2],"shapeName":"/levels/motorsports_playground/art_v2/shapes/objects/planecourrse.dae","useInstanceRenderData":true}
{"class":"TSStatic","persistentId":"fa1acfcd-0d11-4820-b937-38a3afe0d721","__parent":"airrace","position":[1271.21619,-840.691772,-35.8447189],"collisionType":"Visible Mesh Final","decalType":"Visible Mesh Final","isRenderEnabled":false,"locked":true,"playAmbient":false,"prebuildCollisionData":true,"rotationMatrix":[-0.1040456,-0.994571388,0,0.994571388,-0.1040456,0,0,0,1],"scale":[2,2,2],"shapeName":"/levels/motorsports_playground/art_v2/shapes/objects/planecourrse.dae","useInstanceRenderData":true}
{"class":"TSStatic","persistentId":"fa1df42c-c043-4201-80e3-886ed5e3894f","__parent":"airrace","position":[-2116.66309,99.5121155,17.9129143],"collisionType":"Visible Mesh Final","decalType":"Visible Mesh Final","isRenderEnabled":false,"locked":true,"playAmbient":false,"prebuildCollisionData":true,"rotationMatrix":[-4.37113883e-08,-4.37113883e-08,-1,-1,1.91068547e-15,4.37113883e-08,0,1,-4.37113883e-08],"scale":[5,5,5],"shapeName":"/levels/motorsports_playground/art/shapes/race/sign_arrows.dae","useInstanceRenderData":true}
{"class":"TSStatic","persistentId":"414997c4-f97c-4923-880c-dc446cda900b","__parent":"airrace","position":[2150.28491,-719.97113,229.896744],"collisionType":"Visible Mesh Final","decalType":"Visible Mesh Final","isRenderEnabled":false,"locked":true,"playAmbient":false,"prebuildCollisionData":true,"rotationMatrix":[5.96046448e-08,0.99999994,0,-0.99999994,5.96046448e-08,0,0,0,1],"scale":[2,2,2],"shapeName":"/levels/motorsports_playground/art_v2/shapes/objects/planecourrse.dae","useInstanceRenderData":true}
{"class":"TSStatic","persistentId":"17c85dc0-c52b-4aeb-a726-e325daed48d8","__parent":"airrace","position":[2305.02588,-719.97113,246.663513],"collisionType":"Visible Mesh Final","decalType":"Visible Mesh Final","isRenderEnabled":false,"playAmbient":false,"prebuildCollisionData":true,"rotationMatrix":[5.96046448e-08,0.99999994,0,-0.99999994,5.96046448e-08,0,0,0,1],"scale":[2,2,2],"shapeName":"/levels/motorsports_playground/art_v2/shapes/objects/planecourrse.dae","useInstanceRenderData":true}
{"class":"TSStatic","persistentId":"7c2ba6b7-07e8-465d-b794-8a7c137cbd97","__parent":"airrace","position":[2030.62842,-719.97113,192.637894],"collisionType":"Visible Mesh Final","decalType":"Visible Mesh Final","isRenderEnabled":false,"locked":true,"playAmbient":false,"prebuildCollisionData":true,"rotationMatrix":[5.96046448e-08,0.99999994,0,-0.938813865,5.59576705e-08,-0.344424665,-0.344424635,2.05293098e-08,0.938813925],"scale":[2,2,2],"shapeName":"/levels/motorsports_playground/art_v2/shapes/objects/planecourrse.dae","useInstanceRenderData":true}
{"class":"TSStatic","persistentId":"7c4bd6b4-a8b5-4d7b-937a-8495c4edba14","__parent":"airrace","position":[1909.6864,-719.97113,144.830765],"collisionType":"Visible Mesh Final","decalType":"Visible Mesh Final","isRenderEnabled":false,"locked":true,"playAmbient":false,"prebuildCollisionData":true,"rotationMatrix":[5.96046448e-08,0.99999994,0,-0.938813865,5.59576705e-08,-0.344424665,-0.344424635,2.05293098e-08,0.938813925],"scale":[2,2,2],"shapeName":"/levels/motorsports_playground/art_v2/shapes/objects/planecourrse.dae","useInstanceRenderData":true}
{"class":"TSStatic","persistentId":"9fe21636-1db5-4a3e-bfbf-7d3eb624406c","__parent":"airrace","position":[1787.25867,-719.97113,95.4152451],"collisionType":"Visible Mesh Final","decalType":"Visible Mesh Final","isRenderEnabled":false,"locked":true,"playAmbient":false,"prebuildCollisionData":true,"rotationMatrix":[5.96046448e-08,0.99999994,0,-0.938813865,5.59576705e-08,-0.344424665,-0.344424635,2.05293098e-08,0.938813925],"scale":[2,2,2],"shapeName":"/levels/motorsports_playground/art_v2/shapes/objects/planecourrse.dae","useInstanceRenderData":true}
{"class":"TSStatic","persistentId":"d1722e2f-064c-48d3-9d94-3eb8c7c0faa7","__parent":"airrace","position":[1668.17725,-719.97113,47.1240349],"collisionType":"Visible Mesh Final","decalType":"Visible Mesh Final","isRenderEnabled":false,"locked":true,"playAmbient":false,"prebuildCollisionData":true,"rotationMatrix":[5.96046448e-08,0.99999994,0,-0.938813865,5.59576705e-08,-0.344424665,-0.344424635,2.05293098e-08,0.938813925],"scale":[2,2,2],"shapeName":"/levels/motorsports_playground/art_v2/shapes/objects/planecourrse.dae","useInstanceRenderData":true}
{"class":"TSStatic","persistentId":"9e197cb8-00e7-4507-ba2c-c57f4493ab25","__parent":"airrace","position":[1533.9425,-719.97113,6.75439215],"collisionType":"Visible Mesh Final","decalType":"Visible Mesh Final","isRenderEnabled":false,"locked":true,"playAmbient":false,"prebuildCollisionData":true,"rotationMatrix":[5.96046448e-08,0.99999994,0,-0.999001384,5.95451262e-08,-0.0446758866,-0.0446758568,2.66289035e-09,0.999001443],"scale":[2,2,2],"shapeName":"/levels/motorsports_playground/art_v2/shapes/objects/planecourrse.dae","useInstanceRenderData":true}
{"class":"TSStatic","persistentId":"3615b1a0-d32b-4ed2-87a6-4fb3e4d97620","__parent":"airrace","position":[1389.69397,-719.97113,-35.7882881],"collisionType":"Visible Mesh Final","decalType":"Visible Mesh Final","isRenderEnabled":false,"locked":true,"playAmbient":false,"prebuildCollisionData":true,"rotationMatrix":[5.96046448e-08,0.99999994,0,-0.999001384,5.95451262e-08,-0.0446758866,-0.0446758568,2.66289035e-09,0.999001443],"scale":[2,2,2],"shapeName":"/levels/motorsports_playground/art_v2/shapes/objects/planecourrse.dae","useInstanceRenderData":true}
{"class":"TSStatic","persistentId":"7a34b9e7-23be-45e6-89f9-d5040a351f8b","__parent":"airrace","position":[1221.51941,-719.97113,-40.2301788],"collisionType":"Visible Mesh Final","decalType":"None","isRenderEnabled":false,"playAmbient":false,"prebuildCollisionData":true,"rotationMatrix":[-2.38418579e-07,1,-1.11758709e-08,-0.996892571,-2.38418579e-07,0.0787729472,0.0787729472,2.98023224e-08,0.996892571],"scale":[2.20000005,2.20000005,2.20000005],"shapeName":"/levels/motorsports_playground/art_v2/shapes/objects/planecourrse.dae","useInstanceRenderData":true}
{"class":"TSStatic","persistentId":"a6407f3b-e984-4f44-984e-39579791b845","__parent":"airrace","position":[1275.63757,-719.97113,-45.6303825],"collisionType":"Visible Mesh Final","decalType":"None","isRenderEnabled":false,"playAmbient":false,"prebuildCollisionData":true,"rotationMatrix":[5.96046448e-08,0.99999994,0,-0.999001384,5.95451262e-08,-0.0446758866,-0.0446758568,2.66289035e-09,0.999001443],"scale":[2.20000005,2.20000005,2.20000005],"shapeName":"/levels/motorsports_playground/art_v2/shapes/objects/planecourrse.dae","useInstanceRenderData":true}
{"class":"TSStatic","persistentId":"c6f1a98d-a050-4280-ad8d-4ed803f56727","__parent":"airrace","position":[2391.07129,-719.97113,244.929779],"collisionType":"Visible Mesh Final","decalType":"Visible Mesh Final","isRenderEnabled":false,"playAmbient":false,"prebuildCollisionData":true,"rotationMatrix":[5.96046448e-08,0.99999994,0,-0.99999994,5.96046448e-08,0,0,0,1],"scale":[2,2,2],"shapeName":"/levels/motorsports_playground/art_v2/shapes/objects/planecourrse.dae","useInstanceRenderData":true}
{"class":"TSStatic","persistentId":"323cfaca-cdfa-4fbd-8807-7ca6513b661a","__parent":"airrace","position":[3416.90112,-719.971252,546.615295],"collisionType":"Visible Mesh Final","decalType":"Visible Mesh Final","isRenderEnabled":false,"playAmbient":false,"prebuildCollisionData":true,"rotationMatrix":[5.96046448e-08,0.99999994,0,-0.99999994,5.96046448e-08,0,0,0,1],"scale":[2,2,2],"shapeName":"/levels/motorsports_playground/art_v2/shapes/objects/planecourrse.dae","useInstanceRenderData":true}
{"class":"TSStatic","persistentId":"1c9c023b-a347-4242-867f-2fc7ca15de9a","__parent":"airrace","position":[3176.97803,-719.971252,489.607056],"collisionType":"Visible Mesh Final","decalType":"Visible Mesh Final","isRenderEnabled":false,"playAmbient":false,"prebuildCollisionData":true,"rotationMatrix":[-2.38418579e-07,1.00000036,2.98023224e-08,-0.918662667,-2.38418579e-07,-0.395043731,-0.395043731,0,0.918662369],"scale":[2,2,2],"shapeName":"/levels/motorsports_playground/art_v2/shapes/objects/planecourrse.dae","useInstanceRenderData":true}
{"class":"TSStatic","persistentId":"125def77-036f-449e-9cc7-4d03fd732836","__parent":"airrace","position":[2981.32983,-719.971252,395.8284],"collisionType":"Visible Mesh Final","decalType":"Visible Mesh Final","isRenderEnabled":false,"playAmbient":false,"prebuildCollisionData":true,"rotationMatrix":[-2.38418579e-07,1.00000036,2.98023224e-08,-0.918662667,-2.38418579e-07,-0.395043731,-0.395043731,0,0.918662369],"scale":[2,2,2],"shapeName":"/levels/motorsports_playground/art_v2/shapes/objects/planecourrse.dae","useInstanceRenderData":true}
{"class":"TSStatic","persistentId":"d11e64fe-63f4-4ba7-b15f-d4fd90f5402c","__parent":"airrace","position":[2787.03613,-719.971252,314.975128],"collisionType":"Visible Mesh Final","decalType":"Visible Mesh Final","isRenderEnabled":false,"playAmbient":false,"prebuildCollisionData":true,"rotationMatrix":[-7.15255737e-07,1.00000012,-8.94069672e-08,-0.93438077,-7.15255737e-07,-0.356276453,-0.356276453,-1.1920929e-07,0.934380591],"scale":[2,2,2],"shapeName":"/levels/motorsports_playground/art_v2/shapes/objects/planecourrse.dae","useInstanceRenderData":true}
{"class":"TSStatic","persistentId":"aebdc6fa-4592-4aab-9bfc-46bb4f659fc4","__parent":"airrace","position":[2617.74292,-719.971252,266.620728],"collisionType":"Visible Mesh Final","decalType":"Visible Mesh Final","isRenderEnabled":false,"playAmbient":false,"prebuildCollisionData":true,"rotationMatrix":[-1.1920929e-06,1.00000024,-1.49011612e-08,-0.980007052,-1.1920929e-06,-0.198963687,-0.198963687,-1.78813934e-07,0.980006874],"scale":[2,2,2],"shapeName":"/levels/motorsports_playground/art_v2/shapes/objects/planecourrse.dae","useInstanceRenderData":true}
{"class":"TSStatic","persistentId":"f175c130-b596-46df-a6bc-7147a1f4697b","__parent":"airrace","position":[3503.96948,-719.971252,545.57428],"collisionType":"Visible Mesh Final","decalType":"Visible Mesh Final","isRenderEnabled":false,"playAmbient":false,"prebuildCollisionData":true,"rotationMatrix":[5.96046448e-08,0.99999994,0,-0.99999994,5.96046448e-08,0,0,0,1],"scale":[2,2,2],"shapeName":"/levels/motorsports_playground/art_v2/shapes/objects/planecourrse.dae","useInstanceRenderData":true}
{"class":"TSStatic","persistentId":"91442f8a-7acf-485a-881d-9caa1d055db7","__parent":"airrace","position":[3730.64111,-719.971375,567.265198],"collisionType":"Visible Mesh Final","decalType":"Visible Mesh Final","isRenderEnabled":false,"playAmbient":false,"prebuildCollisionData":true,"rotationMatrix":[-1.1920929e-06,1.00000024,-1.49011612e-08,-0.980007052,-1.1920929e-06,-0.198963687,-0.198963687,-1.78813934e-07,0.980006874],"scale":[2,2,2],"shapeName":"/levels/motorsports_playground/art_v2/shapes/objects/planecourrse.dae","useInstanceRenderData":true}
{"class":"TSStatic","persistentId":"30578db2-acec-4ce2-b567-e46cc30b0726","__parent":"airrace","position":[3899.93433,-719.971375,615.619629],"collisionType":"Visible Mesh Final","decalType":"Visible Mesh Final","isRenderEnabled":false,"playAmbient":false,"prebuildCollisionData":true,"rotationMatrix":[-7.15255737e-07,1.00000012,-8.94069672e-08,-0.93438077,-7.15255737e-07,-0.356276453,-0.356276453,-1.1920929e-07,0.934380591],"scale":[2,2,2],"shapeName":"/levels/motorsports_playground/art_v2/shapes/objects/planecourrse.dae","useInstanceRenderData":true}
{"class":"TSStatic","persistentId":"bb218a02-b4a9-4a38-a175-56050df55c73","__parent":"airrace","position":[4094.22803,-719.971375,696.4729],"collisionType":"Visible Mesh Final","decalType":"Visible Mesh Final","isRenderEnabled":false,"playAmbient":false,"prebuildCollisionData":true,"rotationMatrix":[-2.38418579e-07,1.00000036,2.98023224e-08,-0.918662667,-2.38418579e-07,-0.395043731,-0.395043731,0,0.918662369],"scale":[2,2,2],"shapeName":"/levels/motorsports_playground/art_v2/shapes/objects/planecourrse.dae","useInstanceRenderData":true}
{"class":"TSStatic","persistentId":"1857b3b9-46c2-4a0b-93f1-cefd6ea37d2a","__parent":"airrace","position":[4289.88086,-719.971375,790.251587],"collisionType":"Visible Mesh Final","decalType":"Visible Mesh Final","isRenderEnabled":false,"playAmbient":false,"prebuildCollisionData":true,"rotationMatrix":[-2.38418579e-07,1.00000036,2.98023224e-08,-0.918662667,-2.38418579e-07,-0.395043731,-0.395043731,0,0.918662369],"scale":[2,2,2],"shapeName":"/levels/motorsports_playground/art_v2/shapes/objects/planecourrse.dae","useInstanceRenderData":true}
{"class":"TSStatic","persistentId":"1bd58177-2a2c-4904-9dff-3cf4ac63974b","__parent":"airrace","position":[4529.80371,-719.971375,847.259766],"collisionType":"Visible Mesh Final","decalType":"Visible Mesh Final","isRenderEnabled":false,"playAmbient":false,"prebuildCollisionData":true,"rotationMatrix":[5.96046448e-08,0.99999994,0,-0.99999994,5.96046448e-08,0,0,0,1],"scale":[2,2,2],"shapeName":"/levels/motorsports_playground/art_v2/shapes/objects/planecourrse.dae","useInstanceRenderData":true}
