{"name":"window_standalone64","class":"TSStatic","persistentId":"03ca019a-39c8-4f30-b739-9d1f23b1b488","__parent":"windows_standalone","position":[1410.5,1410.5,140.5],"annotation":"BUILDINGS","isRenderEnabled":false,"rotationMatrix":[0,0.999999523,0,-0.999999523,0,0,0,0,1],"shapeName":"/levels/italy/art/shapes/buildings/italy_bld_window_standalone_1.dae"}
{"name":"window_standalone63","class":"TSStatic","persistentId":"04765197-00e5-4cea-913b-5231f3368d72","__parent":"windows_standalone","position":[1410.5,1407,144],"annotation":"BUILDINGS","isRenderEnabled":false,"rotationMatrix":[0,0.999999523,0,-0.999999523,0,0,0,0,1],"shapeName":"/levels/italy/art/shapes/buildings/italy_bld_window_standalone_1.dae"}
{"name":"window_standalone11","class":"TSStatic","persistentId":"04bb54b2-e3f7-4e87-bda7-d77b02568ecf","__parent":"windows_standalone","position":[1288.5,1265.5,159.5],"annotation":"BUILDINGS","isRenderEnabled":false,"rotationMatrix":[3.57627869e-07,-0.999999404,0,0.999999404,3.57627869e-07,0,0,0,1],"shapeName":"/levels/italy/art/shapes/buildings/italy_bld_window_standalone_1.dae"}
{"name":"window_standalone82","class":"TSStatic","persistentId":"0658d849-b7e0-488d-89ae-b709ccacf95f","__parent":"windows_standalone","position":[221.5,-345.5,201],"annotation":"BUILDINGS","isRenderEnabled":false,"rotationMatrix":[-5.51342282e-07,0.999999285,0,-0.999999285,-5.51342282e-07,0,0,0,1],"shapeName":"/levels/italy/art/shapes/buildings/italy_bld_window_standalone_1.dae"}
{"name":"window_standalone83","class":"TSStatic","persistentId":"0736d674-8d68-48dc-bed2-24ffd7898408","__parent":"windows_standalone","position":[221.5,-353.128998,201],"annotation":"BUILDINGS","isRenderEnabled":false,"rotationMatrix":[-5.51342282e-07,0.999999285,0,-0.999999285,-5.51342282e-07,0,0,0,1],"shapeName":"/levels/italy/art/shapes/buildings/italy_bld_window_standalone_1.dae"}
{"name":"window_standalone133","class":"TSStatic","persistentId":"07712cb9-bf30-490d-8c9b-b8ced6bfafa3","__parent":"windows_standalone","position":[131.5,-361,209],"annotation":"BUILDINGS","isRenderEnabled":false,"rotationMatrix":[5.66244125e-07,-0.999999166,0,0.999999166,5.66244125e-07,0,0,0,1],"shapeName":"/levels/italy/art/shapes/buildings/italy_bld_window_standalone_1.dae"}
{"name":"window_standalone105","class":"TSStatic","persistentId":"0cebe9ba-49e6-4a95-b81d-f0e2bab0850a","__parent":"windows_standalone","position":[168.5,-387.5,205.5],"annotation":"BUILDINGS","isRenderEnabled":false,"rotationMatrix":[-5.96046448e-07,1,0,-1,-5.96046448e-07,0,0,0,1],"shapeName":"/levels/italy/art/shapes/buildings/italy_bld_window_standalone_1.dae"}
{"name":"window_standalone68","class":"TSStatic","persistentId":"0d792b10-2d86-4b7a-bd18-2fbdb94f91e4","__parent":"windows_standalone","position":[-1037.9895,807.798218,383.835785],"annotation":"BUILDINGS","isRenderEnabled":false,"shapeName":"/levels/italy/art/shapes/buildings/italy_bld_window_standalone_1.dae"}
{"name":"window_standalone5","class":"TSStatic","persistentId":"0ed4860c-1190-49ee-9ebd-64f70d5d5704","__parent":"windows_standalone","position":[1284.5,1298.5,157],"annotation":"BUILDINGS","isRenderEnabled":false,"rotationMatrix":[0,0.999999523,0,-0.999999523,0,0,0,0,1],"shapeName":"/levels/italy/art/shapes/buildings/italy_bld_window_standalone_1.dae"}
{"name":"window_standalone115","class":"TSStatic","persistentId":"0fa3908b-1880-4a6b-98bd-77189321dfd6","__parent":"windows_standalone","position":[-986,924.5,397],"annotation":"BUILDINGS","isRenderEnabled":false,"rotationMatrix":[-0.999999583,2.98023224e-08,0,-2.98023224e-08,-0.999999583,0,0,0,1],"shapeName":"/levels/italy/art/shapes/buildings/italy_bld_window_standalone_1.dae"}
{"name":"window_standalone87","class":"TSStatic","persistentId":"0fff1397-e3ac-4d33-ad84-2e1445c19979","__parent":"windows_standalone","position":[106,-361.5,198.5],"annotation":"BUILDINGS","isRenderEnabled":false,"rotationMatrix":[5.66244125e-07,-0.999999166,0,0.999999166,5.66244125e-07,0,0,0,1],"shapeName":"/levels/italy/art/shapes/buildings/italy_bld_window_standalone_1.dae"}
{"name":"window_standalone116","class":"TSStatic","persistentId":"10157f46-d481-4456-9602-7fd546458b7c","__parent":"windows_standalone","position":[131.5,-361,196],"annotation":"BUILDINGS","isRenderEnabled":false,"rotationMatrix":[5.66244125e-07,-0.999999166,0,0.999999166,5.66244125e-07,0,0,0,1],"shapeName":"/levels/italy/art/shapes/buildings/italy_bld_window_standalone_1.dae"}
{"name":"window_standalone86","class":"TSStatic","persistentId":"18b36001-c73b-4e89-8279-2c5c17a1fbfb","__parent":"windows_standalone","position":[106,-361.5,201.5],"annotation":"BUILDINGS","isRenderEnabled":false,"rotationMatrix":[5.66244125e-07,-0.999999166,0,0.999999166,5.66244125e-07,0,0,0,1],"shapeName":"/levels/italy/art/shapes/buildings/italy_bld_window_standalone_1.dae"}
{"name":"window_standalone4","class":"TSStatic","persistentId":"1b31f0fe-d294-4f7a-ad0d-6bf7d67ccc02","__parent":"windows_standalone","position":[1284.5,1303.5,154],"annotation":"BUILDINGS","isRenderEnabled":false,"rotationMatrix":[0,0.999999523,0,-0.999999523,0,0,0,0,1],"shapeName":"/levels/italy/art/shapes/buildings/italy_bld_window_standalone_1.dae"}
{"name":"window_standalone121","class":"TSStatic","persistentId":"1c20cf6d-056e-41b0-831b-dd413e74d82a","__parent":"windows_standalone","position":[-1006.5,927.5,398.5],"annotation":"BUILDINGS","isRenderEnabled":false,"rotationMatrix":[0.999999404,7.4505806e-08,0,-7.4505806e-08,0.999999404,0,0,0,1],"shapeName":"/levels/italy/art/shapes/buildings/italy_bld_window_standalone_1.dae"}
{"name":"window_standalone46","class":"TSStatic","persistentId":"1f717c33-406a-4bd4-92cf-18da9856e8e6","__parent":"windows_standalone","position":[1060.5,-705.5,152.531891],"annotation":"BUILDINGS","isRenderEnabled":false,"rotationMatrix":[0.999999344,2.98023224e-07,0,-2.98023224e-07,0.999999344,0,0,0,1],"shapeName":"/levels/italy/art/shapes/buildings/italy_bld_window_standalone_1.dae"}
{"name":"window_standalone112","class":"TSStatic","persistentId":"2228946d-005b-48e6-800d-5336f93bae5c","__parent":"windows_standalone","position":[181.5,-400.5,205],"annotation":"BUILDINGS","isRenderEnabled":false,"rotationMatrix":[5.66244125e-07,-0.999999166,0,0.999999166,5.66244125e-07,0,0,0,1],"shapeName":"/levels/italy/art/shapes/buildings/italy_bld_window_standalone_1.dae"}
{"name":"window_standalone99","class":"TSStatic","persistentId":"24bfb643-afdd-4cf9-8b50-5d767ed2c3bc","__parent":"windows_standalone","position":[168.5,-380.5,196],"annotation":"BUILDINGS","isRenderEnabled":false,"rotationMatrix":[-5.96046448e-07,1,0,-1,-5.96046448e-07,0,0,0,1],"shapeName":"/levels/italy/art/shapes/buildings/italy_bld_window_standalone_1.dae"}
{"name":"window_standalone66","class":"TSStatic","persistentId":"25ac8037-6f2b-4b68-84de-cbd63ff78b87","__parent":"windows_standalone","position":[-1035.31531,807.798218,383.835785],"annotation":"BUILDINGS","isRenderEnabled":false,"shapeName":"/levels/italy/art/shapes/buildings/italy_bld_window_standalone_1.dae"}
{"name":"window_standalone130","class":"TSStatic","persistentId":"25be98b1-6fd5-46be-8f92-e246a6670b1a","__parent":"windows_standalone","position":[131.5,-354,206],"annotation":"BUILDINGS","isRenderEnabled":false,"rotationMatrix":[5.66244125e-07,-0.999999166,0,0.999999166,5.66244125e-07,0,0,0,1],"shapeName":"/levels/italy/art/shapes/buildings/italy_bld_window_standalone_1.dae"}
{"name":"window_standalone72","class":"TSStatic","persistentId":"2a4a7394-7bc1-4f70-9bd5-0f30824e90f0","__parent":"windows_standalone","position":[1040.50012,1331.11768,150.491837],"annotation":"BUILDINGS","isRenderEnabled":false,"rotationMatrix":[-2.98023224e-08,-0.999999881,0,0.999999881,-2.98023224e-08,0,0,0,1],"shapeName":"/levels/italy/art/shapes/buildings/italy_bld_window_standalone_1.dae"}
{"name":"window_standalone16","class":"TSStatic","persistentId":"2c21c1d4-547f-4db6-badb-7f429d08cfb2","__parent":"windows_standalone","position":[1288.5,1246.5,163],"annotation":"BUILDINGS","isRenderEnabled":false,"rotationMatrix":[3.57627869e-07,-0.999999404,0,0.999999404,3.57627869e-07,0,0,0,1],"shapeName":"/levels/italy/art/shapes/buildings/italy_bld_window_standalone_1.dae"}
{"name":"window_standalone62","class":"TSStatic","persistentId":"33526fb4-44eb-4995-98dd-613c30e8f1cf","__parent":"windows_standalone","position":[1410.5,1410.5,144],"annotation":"BUILDINGS","isRenderEnabled":false,"rotationMatrix":[0,0.999999523,0,-0.999999523,0,0,0,0,1],"shapeName":"/levels/italy/art/shapes/buildings/italy_bld_window_standalone_1.dae"}
{"name":"window_standalone77","class":"TSStatic","persistentId":"361dc95d-f7db-4f33-8d4f-18c6ae30569e","__parent":"windows_standalone","position":[1040.50012,1337.14636,156.478012],"annotation":"BUILDINGS","isRenderEnabled":false,"rotationMatrix":[-2.98023224e-08,-0.999999881,0,0.999999881,-2.98023224e-08,0,0,0,1],"shapeName":"/levels/italy/art/shapes/buildings/italy_bld_window_standalone_1.dae"}
{"name":"window_standalone31","class":"TSStatic","persistentId":"36da3812-65af-4f33-85bf-c1f105d6b510","__parent":"windows_standalone","position":[-1721,1416.5,152.5],"annotation":"BUILDINGS","isRenderEnabled":false,"rotationMatrix":[-1,8.94067682e-08,-2.91038305e-11,4.20525925e-09,-0.999999821,-0.000690534536,8.73114914e-11,-0.00069053442,0.999999762],"shapeName":"/levels/italy/art/shapes/buildings/italy_bld_window_standalone_1.dae"}
{"name":"window_standalone108","class":"TSStatic","persistentId":"36efd4b5-9646-4d77-8d03-d5bfd46ab3f0","__parent":"windows_standalone","position":[168.5,-400.5,206.5],"annotation":"BUILDINGS","isRenderEnabled":false,"rotationMatrix":[-5.96046448e-07,1,0,-1,-5.96046448e-07,0,0,0,1],"shapeName":"/levels/italy/art/shapes/buildings/italy_bld_window_standalone_1.dae"}
{"name":"window_standalone65","class":"TSStatic","persistentId":"3c79ba05-5167-4de2-bcb1-6081fdf76dea","__parent":"windows_standalone","position":[1410.5,1402.5813,140.5],"annotation":"BUILDINGS","isRenderEnabled":false,"rotationMatrix":[0,0.999999523,0,-0.999999523,0,0,0,0,1],"shapeName":"/levels/italy/art/shapes/buildings/italy_bld_window_standalone_1.dae"}
{"name":"window_standalone131","class":"TSStatic","persistentId":"3e96899c-31bb-4f41-a582-9ad0fceef4fe","__parent":"windows_standalone","position":[131.5,-361,206],"annotation":"BUILDINGS","isRenderEnabled":false,"rotationMatrix":[5.66244125e-07,-0.999999166,0,0.999999166,5.66244125e-07,0,0,0,1],"shapeName":"/levels/italy/art/shapes/buildings/italy_bld_window_standalone_1.dae"}
{"name":"window_standalone39","class":"TSStatic","persistentId":"4080ae2f-e616-4f76-bb61-476705a8198b","__parent":"windows_standalone","position":[1068.5,-705.5,157.404282],"annotation":"BUILDINGS","isRenderEnabled":false,"rotationMatrix":[0.999999344,2.98023224e-07,0,-2.98023224e-07,0.999999344,0,0,0,1],"shapeName":"/levels/italy/art/shapes/buildings/italy_bld_window_standalone_1.dae"}
{"name":"window_standalone60","class":"TSStatic","persistentId":"42d3c6a6-79e1-4d5a-843e-59f87eb0ca49","__parent":"windows_standalone","position":[1136,-705.5,158.5],"annotation":"BUILDINGS","isRenderEnabled":false,"rotationMatrix":[0.999999344,2.98023224e-07,0,-2.98023224e-07,0.999999344,0,0,0,1],"shapeName":"/levels/italy/art/shapes/buildings/italy_bld_window_standalone_1.dae"}
{"name":"window_standalone44","class":"TSStatic","persistentId":"439067ef-ec24-4ae6-87fe-8ca35f124cda","__parent":"windows_standalone","position":[1074,-705.5,151.5],"annotation":"BUILDINGS","isRenderEnabled":false,"rotationMatrix":[0.999999344,2.98023224e-07,0,-2.98023224e-07,0.999999344,0,0,0,1],"shapeName":"/levels/italy/art/shapes/buildings/italy_bld_window_standalone_1.dae"}
{"name":"window_standalone75","class":"TSStatic","persistentId":"46a8bd47-3612-4618-80bd-695952e0ed57","__parent":"windows_standalone","position":[1040.50012,1337.14636,153.608658],"annotation":"BUILDINGS","isRenderEnabled":false,"rotationMatrix":[-2.98023224e-08,-0.999999881,0,0.999999881,-2.98023224e-08,0,0,0,1],"shapeName":"/levels/italy/art/shapes/buildings/italy_bld_window_standalone_1.dae"}
{"class":"TSStatic","persistentId":"48e03a90-59cb-4c4a-9a42-434d76020b07","__parent":"windows_standalone","position":[1040.5,1350.47571,146.911819],"annotation":"BUILDINGS","isRenderEnabled":false,"rotationMatrix":[-2.98023224e-08,-0.999999881,0,0.999999881,-2.98023224e-08,0,0,0,1],"shapeName":"/levels/italy/art/shapes/buildings/italy_bld_window_standalone_1.dae"}
{"name":"window_standalone101","class":"TSStatic","persistentId":"48ffc564-d9c2-4d34-8f38-734b57b7fc26","__parent":"windows_standalone","position":[168.5,-380.5,202.5],"annotation":"BUILDINGS","isRenderEnabled":false,"rotationMatrix":[-5.96046448e-07,1,0,-1,-5.96046448e-07,0,0,0,1],"shapeName":"/levels/italy/art/shapes/buildings/italy_bld_window_standalone_1.dae"}
{"name":"window_standalone29","class":"TSStatic","persistentId":"4a2a4d15-05dc-4b68-868c-1602e39d1c4f","__parent":"windows_standalone","position":[-1818.03552,1209.46338,154.757446],"annotation":"BUILDINGS","isRenderEnabled":false,"rotationMatrix":[-0.607260406,-0.794501901,0,0.794501901,-0.607260406,0,0,0,1],"shapeName":"/levels/italy/art/shapes/buildings/italy_bld_window_standalone_1.dae"}
{"name":"window_standalone96","class":"TSStatic","persistentId":"4a8fcd7b-2018-420f-8dfe-9ee445e960bb","__parent":"windows_standalone","position":[172.5,-388.5,202],"annotation":"BUILDINGS","isRenderEnabled":false,"rotationMatrix":[5.66244125e-07,-0.999999166,0,0.999999166,5.66244125e-07,0,0,0,1],"shapeName":"/levels/italy/art/shapes/buildings/italy_bld_window_standalone_1.dae"}
{"name":"window_standalone132","class":"TSStatic","persistentId":"4fa78559-e1c0-4beb-97e6-8bbc723c6fa5","__parent":"windows_standalone","position":[131.5,-354,209],"annotation":"BUILDINGS","isRenderEnabled":false,"rotationMatrix":[5.66244125e-07,-0.999999166,0,0.999999166,5.66244125e-07,0,0,0,1],"shapeName":"/levels/italy/art/shapes/buildings/italy_bld_window_standalone_1.dae"}
{"name":"window_standalone45","class":"TSStatic","persistentId":"50595599-38c0-45a5-a943-d0e4f85b5f46","__parent":"windows_standalone","position":[1060.5,-705.5,149.531891],"annotation":"BUILDINGS","isRenderEnabled":false,"rotationMatrix":[0.999999344,2.98023224e-07,0,-2.98023224e-07,0.999999344,0,0,0,1],"shapeName":"/levels/italy/art/shapes/buildings/italy_bld_window_standalone_1.dae"}
{"name":"window_standalone111","class":"TSStatic","persistentId":"5161bb8c-38d7-421a-90bf-06513b03b7fc","__parent":"windows_standalone","position":[172.5,-400.671143,199],"annotation":"BUILDINGS","isRenderEnabled":false,"rotationMatrix":[5.66244125e-07,-0.999999166,0,0.999999166,5.66244125e-07,0,0,0,1],"shapeName":"/levels/italy/art/shapes/buildings/italy_bld_window_standalone_1.dae"}
{"name":"window_standalone104","class":"TSStatic","persistentId":"52d46a70-9079-4ebf-9d5f-4b99795425d5","__parent":"windows_standalone","position":[168.5,-387.5,202.5],"annotation":"BUILDINGS","isRenderEnabled":false,"rotationMatrix":[-5.96046448e-07,1,0,-1,-5.96046448e-07,0,0,0,1],"shapeName":"/levels/italy/art/shapes/buildings/italy_bld_window_standalone_1.dae"}
{"name":"window_standalone107","class":"TSStatic","persistentId":"53038ea7-13c1-4ce0-91ff-ca0f815687df","__parent":"windows_standalone","position":[168.5,-400.5,202.5],"annotation":"BUILDINGS","isRenderEnabled":false,"rotationMatrix":[-5.96046448e-07,1,0,-1,-5.96046448e-07,0,0,0,1],"shapeName":"/levels/italy/art/shapes/buildings/italy_bld_window_standalone_1.dae"}
{"name":"window_standalone78","class":"TSStatic","persistentId":"54466fb2-602e-4bfe-b666-f123c2c6e1ca","__parent":"windows_standalone","position":[1040.50012,1337.14636,159.416656],"annotation":"BUILDINGS","isRenderEnabled":false,"rotationMatrix":[-2.98023224e-08,-0.999999881,0,0.999999881,-2.98023224e-08,0,0,0,1],"shapeName":"/levels/italy/art/shapes/buildings/italy_bld_window_standalone_1.dae"}
{"name":"window_standalone52","class":"TSStatic","persistentId":"56b51302-a086-422b-8eb4-0b5ae88ffb2a","__parent":"windows_standalone","position":[1090,-705.5,151.031906],"annotation":"BUILDINGS","isRenderEnabled":false,"rotationMatrix":[0.999999344,2.98023224e-07,0,-2.98023224e-07,0.999999344,0,0,0,1],"shapeName":"/levels/italy/art/shapes/buildings/italy_bld_window_standalone_1.dae"}
{"name":"window_standalone22","class":"TSStatic","persistentId":"56dbbf27-4f0b-4d72-95dc-8d5d4bb40232","__parent":"windows_standalone","position":[1305.35474,1234.16772,166.751572],"annotation":"BUILDINGS","isRenderEnabled":false,"rotationMatrix":[0.123406425,-0.992355704,0,0.992355704,0.123406425,0,0,0,1],"shapeName":"/levels/italy/art/shapes/buildings/italy_bld_window_standalone_1.dae"}
{"name":"window_standalone102","class":"TSStatic","persistentId":"5a42ee5c-1105-49fa-bb44-e0355f6b63f1","__parent":"windows_standalone","position":[168.5,-380.5,205.5],"annotation":"BUILDINGS","isRenderEnabled":false,"rotationMatrix":[-5.96046448e-07,1,0,-1,-5.96046448e-07,0,0,0,1],"shapeName":"/levels/italy/art/shapes/buildings/italy_bld_window_standalone_1.dae"}
{"name":"window_standalone84","class":"TSStatic","persistentId":"5a5dd7eb-4dc4-416a-bc3e-42d742c60a2d","__parent":"windows_standalone","position":[221.5,-353,198],"annotation":"BUILDINGS","isRenderEnabled":false,"rotationMatrix":[-5.51342282e-07,0.999999285,0,-0.999999285,-5.51342282e-07,0,0,0,1],"shapeName":"/levels/italy/art/shapes/buildings/italy_bld_window_standalone_1.dae"}
{"name":"window_standalone36","class":"TSStatic","persistentId":"5eac18bf-78b1-4811-be57-bf8a3ddf125a","__parent":"windows_standalone","position":[-1735,1416.5,150],"annotation":"BUILDINGS","isRenderEnabled":false,"rotationMatrix":[-1,-4.47033415e-08,1.01863407e-09,1.74608715e-07,-0.999999642,-0.000690536108,1.38243195e-09,-0.000690535933,0.999999762],"shapeName":"/levels/italy/art/shapes/buildings/italy_bld_window_standalone_1.dae"}
{"name":"window_standalone54","class":"TSStatic","persistentId":"617d2bb7-79ed-4a99-a7c2-a49f380ba10e","__parent":"windows_standalone","position":[1083.5,-705.5,148.031906],"annotation":"BUILDINGS","isRenderEnabled":false,"rotationMatrix":[0.999999344,2.98023224e-07,0,-2.98023224e-07,0.999999344,0,0,0,1],"shapeName":"/levels/italy/art/shapes/buildings/italy_bld_window_standalone_1.dae"}
{"name":"window_standalone40","class":"TSStatic","persistentId":"61ff1916-240a-426d-9246-ea89a4dcaacb","__parent":"windows_standalone","position":[1071,-705.5,157.404282],"annotation":"BUILDINGS","isRenderEnabled":false,"rotationMatrix":[0.999999344,2.98023224e-07,0,-2.98023224e-07,0.999999344,0,0,0,1],"shapeName":"/levels/italy/art/shapes/buildings/italy_bld_window_standalone_1.dae"}
{"name":"window_standalone25","class":"TSStatic","persistentId":"635c7b8a-3710-43ec-9d8c-4d1cd6a01786","__parent":"windows_standalone","position":[1002.5,1238.5,155],"annotation":"BUILDINGS","isRenderEnabled":false,"rotationMatrix":[-3.87429793e-07,0.999999344,0,-0.999999344,-3.87429793e-07,0,0,0,1],"shapeName":"/levels/italy/art/shapes/buildings/italy_bld_window_standalone_1.dae"}
{"name":"window_standalone33","class":"TSStatic","persistentId":"678da77e-6b3a-46ba-bf58-9e57d3ad6f45","__parent":"windows_standalone","position":[-1721,1423.5,149.5],"annotation":"BUILDINGS","isRenderEnabled":false,"rotationMatrix":[1.00000012,-4.47034495e-07,9.89530236e-10,3.83224943e-07,0.999999702,-0.000690534303,-6.11180884e-10,0.00069053442,0.999999762],"shapeName":"/levels/italy/art/shapes/buildings/italy_bld_window_standalone_1.dae"}
{"name":"window_standalone110","class":"TSStatic","persistentId":"6a4c65b6-6cfe-46e9-951e-c5f310c3eaed","__parent":"windows_standalone","position":[168.5,-400.5,214],"annotation":"BUILDINGS","isRenderEnabled":false,"rotationMatrix":[-5.96046448e-07,1,0,-1,-5.96046448e-07,0,0,0,1],"shapeName":"/levels/italy/art/shapes/buildings/italy_bld_window_standalone_1.dae"}
{"name":"window_standalone18","class":"TSStatic","persistentId":"6e49def2-a395-4340-98d3-50ce57dc3fb9","__parent":"windows_standalone","position":[1284.5,1252.5,160],"annotation":"BUILDINGS","isRenderEnabled":false,"rotationMatrix":[-3.87429793e-07,0.999999344,0,-0.999999344,-3.87429793e-07,0,0,0,1],"shapeName":"/levels/italy/art/shapes/buildings/italy_bld_window_standalone_1.dae"}
{"name":"window_standalone118","class":"TSStatic","persistentId":"6e4b9f7f-19ce-429c-9a48-3a9970d6125a","__parent":"windows_standalone","position":[-1006.5,924.5,402.5],"annotation":"BUILDINGS","isRenderEnabled":false,"rotationMatrix":[-0.999999583,2.98023224e-08,0,-2.98023224e-08,-0.999999583,0,0,0,1],"shapeName":"/levels/italy/art/shapes/buildings/italy_bld_window_standalone_1.dae"}
{"name":"window_standalone74","class":"TSStatic","persistentId":"72486722-b6fb-4465-b18b-67fa30b9c011","__parent":"windows_standalone","position":[1040.50012,1331.11768,153.608658],"annotation":"BUILDINGS","isRenderEnabled":false,"rotationMatrix":[-2.98023224e-08,-0.999999881,0,0.999999881,-2.98023224e-08,0,0,0,1],"shapeName":"/levels/italy/art/shapes/buildings/italy_bld_window_standalone_1.dae"}
{"name":"window_standalone6","class":"TSStatic","persistentId":"7500d9e9-273d-463a-9f6a-c841533b61b5","__parent":"windows_standalone","position":[1284.5,1282,154.5],"annotation":"BUILDINGS","isRenderEnabled":false,"rotationMatrix":[0,0.999999523,0,-0.999999523,0,0,0,0,1],"shapeName":"/levels/italy/art/shapes/buildings/italy_bld_window_standalone_1.dae"}
{"name":"window_standalone128","class":"TSStatic","persistentId":"768882f9-261e-483a-aebb-2023a0ab9233","__parent":"windows_standalone","position":[131.5,-354,203],"annotation":"BUILDINGS","isRenderEnabled":false,"rotationMatrix":[5.66244125e-07,-0.999999166,0,0.999999166,5.66244125e-07,0,0,0,1],"shapeName":"/levels/italy/art/shapes/buildings/italy_bld_window_standalone_1.dae"}
{"name":"window_standalone37","class":"TSStatic","persistentId":"78db6b1b-f1ac-41f4-a3cd-25ef495dc8db","__parent":"windows_standalone","position":[-1735,1416.5,146.5],"annotation":"BUILDINGS","isRenderEnabled":false,"rotationMatrix":[-1,-4.47033415e-08,1.01863407e-09,1.74608715e-07,-0.999999642,-0.000690536108,1.38243195e-09,-0.000690535933,0.999999762],"shapeName":"/levels/italy/art/shapes/buildings/italy_bld_window_standalone_1.dae"}
{"name":"window_standalone91","class":"TSStatic","persistentId":"8329e387-bc99-433a-a30e-2f1c00da7b18","__parent":"windows_standalone","position":[106,-354,201.5],"annotation":"BUILDINGS","isRenderEnabled":false,"rotationMatrix":[5.66244125e-07,-0.999999166,0,0.999999166,5.66244125e-07,0,0,0,1],"shapeName":"/levels/italy/art/shapes/buildings/italy_bld_window_standalone_1.dae"}
{"name":"window_standalone","class":"TSStatic","persistentId":"8778d74b-a22e-45c5-bcb8-ea36f272decc","__parent":"windows_standalone","position":[1288.5,1299,148.5],"annotation":"BUILDINGS","isRenderEnabled":false,"rotationMatrix":[-5.96046448e-08,-0.999999821,0,0.999999821,-5.96046448e-08,0,0,0,1],"shapeName":"/levels/italy/art/shapes/buildings/italy_bld_window_standalone_1.dae"}
{"name":"window_standalone122","class":"TSStatic","persistentId":"8a981124-33a9-4a5e-b83f-f34ffd03d9cd","__parent":"windows_standalone","position":[-1006.5,927.5,404.5],"annotation":"BUILDINGS","isRenderEnabled":false,"rotationMatrix":[0.999999404,7.4505806e-08,0,-7.4505806e-08,0.999999404,0,0,0,1],"shapeName":"/levels/italy/art/shapes/buildings/italy_bld_window_standalone_1.dae"}
{"name":"window_standalone97","class":"TSStatic","persistentId":"8a99f8e7-a5dc-4204-9a34-07d496c9eded","__parent":"windows_standalone","position":[172.5,-388.5,199],"annotation":"BUILDINGS","isRenderEnabled":false,"rotationMatrix":[5.66244125e-07,-0.999999166,0,0.999999166,5.66244125e-07,0,0,0,1],"shapeName":"/levels/italy/art/shapes/buildings/italy_bld_window_standalone_1.dae"}
{"name":"window_standalone85","class":"TSStatic","persistentId":"8b6cf1ff-8e68-4c8b-b1ab-382fb10c48e2","__parent":"windows_standalone","position":[221.5,-353,195],"annotation":"BUILDINGS","isRenderEnabled":false,"rotationMatrix":[-5.51342282e-07,0.999999285,0,-0.999999285,-5.51342282e-07,0,0,0,1],"shapeName":"/levels/italy/art/shapes/buildings/italy_bld_window_standalone_1.dae"}
{"name":"window_standalone2","class":"TSStatic","persistentId":"8e8b246a-dee5-462a-87a0-9daa5af15c12","__parent":"windows_standalone","position":[1284.5,1303.5,148],"annotation":"BUILDINGS","isRenderEnabled":false,"rotationMatrix":[0,0.999999523,0,-0.999999523,0,0,0,0,1],"shapeName":"/levels/italy/art/shapes/buildings/italy_bld_window_standalone_1.dae"}
{"name":"window_standalone88","class":"TSStatic","persistentId":"8eefe427-8c9a-42ba-9d85-689d108230b3","__parent":"windows_standalone","position":[106,-361.5,195.5],"annotation":"BUILDINGS","isRenderEnabled":false,"rotationMatrix":[5.66244125e-07,-0.999999166,0,0.999999166,5.66244125e-07,0,0,0,1],"shapeName":"/levels/italy/art/shapes/buildings/italy_bld_window_standalone_1.dae"}
{"name":"window_standalone117","class":"TSStatic","persistentId":"8f30c3fd-8c80-44a2-92cd-aba7054e2306","__parent":"windows_standalone","position":[-993.5,924.5,401],"annotation":"BUILDINGS","isRenderEnabled":false,"rotationMatrix":[-0.999999583,2.98023224e-08,0,-2.98023224e-08,-0.999999583,0,0,0,1],"shapeName":"/levels/italy/art/shapes/buildings/italy_bld_window_standalone_1.dae"}
{"name":"window_standalone26","class":"TSStatic","persistentId":"91a6a8ca-3ec4-42dc-8072-d8a46a921dcc","__parent":"windows_standalone","position":[609,1360.5,165.5],"annotation":"BUILDINGS","isRenderEnabled":false,"rotationMatrix":[-3.87429793e-07,0.999999344,0,-0.999999344,-3.87429793e-07,0,0,0,1],"shapeName":"/levels/italy/art/shapes/buildings/italy_bld_window_standalone_1.dae"}
{"name":"window_standalone90","class":"TSStatic","persistentId":"953461b7-bbf9-46f5-8f4e-295470c0de10","__parent":"windows_standalone","position":[106,-354,198.5],"annotation":"BUILDINGS","isRenderEnabled":false,"rotationMatrix":[5.66244125e-07,-0.999999166,0,0.999999166,5.66244125e-07,0,0,0,1],"shapeName":"/levels/italy/art/shapes/buildings/italy_bld_window_standalone_1.dae"}
{"name":"window_standalone30","class":"TSStatic","persistentId":"95f44520-853e-4fc6-b87a-a2e1ad539c00","__parent":"windows_standalone","position":[-1818.03552,1209.46338,151.44313],"annotation":"BUILDINGS","isRenderEnabled":false,"rotationMatrix":[-0.607260406,-0.794501901,0,0.794501901,-0.607260406,0,0,0,1],"shapeName":"/levels/italy/art/shapes/buildings/italy_bld_window_standalone_1.dae"}
{"name":"window_standalone76","class":"TSStatic","persistentId":"97c0972f-2bea-434c-a7da-127cf400c3c9","__parent":"windows_standalone","position":[1040.50012,1331.11768,156.478012],"annotation":"BUILDINGS","isRenderEnabled":false,"rotationMatrix":[-2.98023224e-08,-0.999999881,0,0.999999881,-2.98023224e-08,0,0,0,1],"shapeName":"/levels/italy/art/shapes/buildings/italy_bld_window_standalone_1.dae"}
{"name":"window_standalone56","class":"TSStatic","persistentId":"993a261e-ae41-4b00-b5f4-853548fcebf6","__parent":"windows_standalone","position":[1083.5,-705.5,153.936188],"annotation":"BUILDINGS","isRenderEnabled":false,"rotationMatrix":[0.999999344,2.98023224e-07,0,-2.98023224e-07,0.999999344,0,0,0,1],"shapeName":"/levels/italy/art/shapes/buildings/italy_bld_window_standalone_1.dae"}
{"name":"window_standalone48","class":"TSStatic","persistentId":"996bcd50-88f4-468e-a7d3-de338241ad70","__parent":"windows_standalone","position":[1052,-705.5,149.531891],"annotation":"BUILDINGS","isRenderEnabled":false,"rotationMatrix":[0.999999344,2.98023224e-07,0,-2.98023224e-07,0.999999344,0,0,0,1],"shapeName":"/levels/italy/art/shapes/buildings/italy_bld_window_standalone_1.dae"}
{"name":"window_standalone94","class":"TSStatic","persistentId":"9a63bd3e-61d3-463e-88db-32367f920040","__parent":"windows_standalone","position":[172.5,-380.5,205],"annotation":"BUILDINGS","isRenderEnabled":false,"rotationMatrix":[5.66244125e-07,-0.999999166,0,0.999999166,5.66244125e-07,0,0,0,1],"shapeName":"/levels/italy/art/shapes/buildings/italy_bld_window_standalone_1.dae"}
{"name":"window_standalone114","class":"TSStatic","persistentId":"9b8cea10-48ce-441a-9a71-03bccb4e3b15","__parent":"windows_standalone","position":[-986,924.5,401],"annotation":"BUILDINGS","isRenderEnabled":false,"rotationMatrix":[-0.999999583,2.98023224e-08,0,-2.98023224e-08,-0.999999583,0,0,0,1],"shapeName":"/levels/italy/art/shapes/buildings/italy_bld_window_standalone_1.dae"}
{"name":"window_standalone59","class":"TSStatic","persistentId":"9b917d60-5699-4374-8af2-6b64028a436c","__parent":"windows_standalone","position":[1136,-705.5,152],"annotation":"BUILDINGS","isRenderEnabled":false,"rotationMatrix":[0.999999344,2.98023224e-07,0,-2.98023224e-07,0.999999344,0,0,0,1],"shapeName":"/levels/italy/art/shapes/buildings/italy_bld_window_standalone_1.dae"}
{"name":"window_standalone41","class":"TSStatic","persistentId":"9ec72a99-42ac-47c8-94f6-07a3af464da7","__parent":"windows_standalone","position":[1078,-705.5,157.404282],"annotation":"BUILDINGS","isRenderEnabled":false,"rotationMatrix":[0.999999344,2.98023224e-07,0,-2.98023224e-07,0.999999344,0,0,0,1],"shapeName":"/levels/italy/art/shapes/buildings/italy_bld_window_standalone_1.dae"}
{"name":"window_standalone61","class":"TSStatic","persistentId":"a05f2aac-c80d-463c-bf2c-1c227f3e8da3","__parent":"windows_standalone","position":[1136,-705.5,161.5],"annotation":"BUILDINGS","isRenderEnabled":false,"rotationMatrix":[0.999999344,2.98023224e-07,0,-2.98023224e-07,0.999999344,0,0,0,1],"shapeName":"/levels/italy/art/shapes/buildings/italy_bld_window_standalone_1.dae"}
{"name":"window_standalone7","class":"TSStatic","persistentId":"a0d75bed-fddf-4cfd-bf1d-bbd2bdb1fe3f","__parent":"windows_standalone","position":[1284.5,1289.5,151],"annotation":"BUILDINGS","isRenderEnabled":false,"rotationMatrix":[0,0.999999523,0,-0.999999523,0,0,0,0,1],"shapeName":"/levels/italy/art/shapes/buildings/italy_bld_window_standalone_1.dae"}
{"name":"window_standalone73","class":"TSStatic","persistentId":"a2b89546-7158-43dc-8a50-69cef2590b9e","__parent":"windows_standalone","position":[1040.50012,1337.14636,150.491837],"annotation":"BUILDINGS","isRenderEnabled":false,"rotationMatrix":[-2.98023224e-08,-0.999999881,0,0.999999881,-2.98023224e-08,0,0,0,1],"shapeName":"/levels/italy/art/shapes/buildings/italy_bld_window_standalone_1.dae"}
{"name":"window_standalone103","class":"TSStatic","persistentId":"a33e0847-36a6-41a4-a753-72cb2c46cb09","__parent":"windows_standalone","position":[168.5,-387.5,199.5],"annotation":"BUILDINGS","isRenderEnabled":false,"rotationMatrix":[-5.96046448e-07,1,0,-1,-5.96046448e-07,0,0,0,1],"shapeName":"/levels/italy/art/shapes/buildings/italy_bld_window_standalone_1.dae"}
{"name":"window_standalone113","class":"TSStatic","persistentId":"a4eceb60-54e3-46fe-ad70-55add43053e1","__parent":"windows_standalone","position":[181.5,-397.5,207.5],"annotation":"BUILDINGS","isRenderEnabled":false,"rotationMatrix":[5.66244125e-07,-0.999999166,0,0.999999166,5.66244125e-07,0,0,0,1],"shapeName":"/levels/italy/art/shapes/buildings/italy_bld_window_standalone_1.dae"}
{"name":"window_standalone89","class":"TSStatic","persistentId":"a7ca1d58-70e5-48a8-b74a-2b4d757593f2","__parent":"windows_standalone","position":[106,-354,195.5],"annotation":"BUILDINGS","isRenderEnabled":false,"rotationMatrix":[5.66244125e-07,-0.999999166,0,0.999999166,5.66244125e-07,0,0,0,1],"shapeName":"/levels/italy/art/shapes/buildings/italy_bld_window_standalone_1.dae"}
{"name":"window_standalone17","class":"TSStatic","persistentId":"ab239b99-9906-49d8-a94a-f4a00682b4dd","__parent":"windows_standalone","position":[1288.5,1250,160],"annotation":"BUILDINGS","isRenderEnabled":false,"rotationMatrix":[3.57627869e-07,-0.999999404,0,0.999999404,3.57627869e-07,0,0,0,1],"shapeName":"/levels/italy/art/shapes/buildings/italy_bld_window_standalone_1.dae"}
{"name":"window_standalone93","class":"TSStatic","persistentId":"abc45f27-d6f6-4902-8343-6572de94bf7e","__parent":"windows_standalone","position":[172.5,-380.5,202],"annotation":"BUILDINGS","isRenderEnabled":false,"rotationMatrix":[5.66244125e-07,-0.999999166,0,0.999999166,5.66244125e-07,0,0,0,1],"shapeName":"/levels/italy/art/shapes/buildings/italy_bld_window_standalone_1.dae"}
{"name":"window_standalone15","class":"TSStatic","persistentId":"b02a1ac6-e955-4d25-bc0e-60ae85fa4dd2","__parent":"windows_standalone","position":[1288.5,1252,165.5],"annotation":"BUILDINGS","isRenderEnabled":false,"rotationMatrix":[3.57627869e-07,-0.999999404,0,0.999999404,3.57627869e-07,0,0,0,1],"shapeName":"/levels/italy/art/shapes/buildings/italy_bld_window_standalone_1.dae"}
{"name":"window_standalone27","class":"TSStatic","persistentId":"b12a69b1-63af-41d4-9082-6f14020ebe8d","__parent":"windows_standalone","position":[609,1360.5,168.5],"annotation":"BUILDINGS","isRenderEnabled":false,"rotationMatrix":[-3.87429793e-07,0.999999344,0,-0.999999344,-3.87429793e-07,0,0,0,1],"shapeName":"/levels/italy/art/shapes/buildings/italy_bld_window_standalone_1.dae"}
{"name":"window_standalone1","class":"TSStatic","persistentId":"b1c7a1b8-1fb1-4fbe-b5b8-1c43833a80f4","__parent":"windows_standalone","position":[1288.5,1303.5,148.5],"annotation":"BUILDINGS","isRenderEnabled":false,"rotationMatrix":[-5.96046448e-08,-0.999999821,0,0.999999821,-5.96046448e-08,0,0,0,1],"shapeName":"/levels/italy/art/shapes/buildings/italy_bld_window_standalone_1.dae"}
{"name":"window_standalone95","class":"TSStatic","persistentId":"b2a4ec8d-a04f-4dd3-80b8-e6bde0fb4528","__parent":"windows_standalone","position":[172.5,-388.5,205],"annotation":"BUILDINGS","isRenderEnabled":false,"rotationMatrix":[5.66244125e-07,-0.999999166,0,0.999999166,5.66244125e-07,0,0,0,1],"shapeName":"/levels/italy/art/shapes/buildings/italy_bld_window_standalone_1.dae"}
{"name":"window_standalone13","class":"TSStatic","persistentId":"b2cd9674-1e68-410c-b36f-97b927b59f71","__parent":"windows_standalone","position":[1288.5,1265.5,153.5],"annotation":"BUILDINGS","isRenderEnabled":false,"rotationMatrix":[3.57627869e-07,-0.999999404,0,0.999999404,3.57627869e-07,0,0,0,1],"shapeName":"/levels/italy/art/shapes/buildings/italy_bld_window_standalone_1.dae"}
{"name":"window_standalone127","class":"TSStatic","persistentId":"b4c902c5-8ddf-440b-9fa0-78553238f94a","__parent":"windows_standalone","position":[131.5,-361,200],"annotation":"BUILDINGS","isRenderEnabled":false,"rotationMatrix":[5.66244125e-07,-0.999999166,0,0.999999166,5.66244125e-07,0,0,0,1],"shapeName":"/levels/italy/art/shapes/buildings/italy_bld_window_standalone_1.dae"}
{"name":"window_standalone42","class":"TSStatic","persistentId":"b7170a53-6faa-4357-9941-d52d7dc39466","__parent":"windows_standalone","position":[1068.5,-705.5,154.5],"annotation":"BUILDINGS","isRenderEnabled":false,"rotationMatrix":[0.999999344,2.98023224e-07,0,-2.98023224e-07,0.999999344,0,0,0,1],"shapeName":"/levels/italy/art/shapes/buildings/italy_bld_window_standalone_1.dae"}
{"name":"window_standalone21","class":"TSStatic","persistentId":"b72b409b-098b-487f-9928-09f55299fb95","__parent":"windows_standalone","position":[1305.35474,1234.16772,169.5],"annotation":"BUILDINGS","isRenderEnabled":false,"rotationMatrix":[0.123406425,-0.992355704,0,0.992355704,0.123406425,0,0,0,1],"shapeName":"/levels/italy/art/shapes/buildings/italy_bld_window_standalone_1.dae"}
{"name":"window_standalone12","class":"TSStatic","persistentId":"b7bebecd-2abe-4d87-ac1f-8e022f0749a7","__parent":"windows_standalone","position":[1288.5,1265.5,156.5],"annotation":"BUILDINGS","isRenderEnabled":false,"rotationMatrix":[3.57627869e-07,-0.999999404,0,0.999999404,3.57627869e-07,0,0,0,1],"shapeName":"/levels/italy/art/shapes/buildings/italy_bld_window_standalone_1.dae"}
{"name":"window_standalone67","class":"TSStatic","persistentId":"b7e2f534-a2df-4efe-ad9f-7ce54311b386","__parent":"windows_standalone","position":[-1033.76013,807.798218,389.465851],"annotation":"BUILDINGS","isRenderEnabled":false,"shapeName":"/levels/italy/art/shapes/buildings/italy_bld_window_standalone_1.dae"}
{"name":"window_standalone50","class":"TSStatic","persistentId":"b7e411e4-194c-4fe5-bf5a-f031be56c209","__parent":"windows_standalone","position":[1052,-705.5,155.436172],"annotation":"BUILDINGS","isRenderEnabled":false,"rotationMatrix":[0.999999344,2.98023224e-07,0,-2.98023224e-07,0.999999344,0,0,0,1],"shapeName":"/levels/italy/art/shapes/buildings/italy_bld_window_standalone_1.dae"}
{"name":"window_standalone3","class":"TSStatic","persistentId":"b94e6907-6435-4875-8bbe-55c3c73e99ed","__parent":"windows_standalone","position":[1284.5,1301.5,151],"annotation":"BUILDINGS","isRenderEnabled":false,"rotationMatrix":[0,0.999999523,0,-0.999999523,0,0,0,0,1],"shapeName":"/levels/italy/art/shapes/buildings/italy_bld_window_standalone_1.dae"}
{"name":"window_standalone10","class":"TSStatic","persistentId":"ba80e772-bbbb-4b08-876f-75f45f097a94","__parent":"windows_standalone","position":[1288.5,1284.5,157.5],"annotation":"BUILDINGS","isRenderEnabled":false,"rotationMatrix":[3.57627869e-07,-0.999999404,0,0.999999404,3.57627869e-07,0,0,0,1],"shapeName":"/levels/italy/art/shapes/buildings/italy_bld_window_standalone_1.dae"}
{"name":"window_standalone70","class":"TSStatic","persistentId":"bba5a978-e9ac-4a76-a160-f918e9c4ceb8","__parent":"windows_standalone","position":[-1037.94751,807.798218,386.696259],"annotation":"BUILDINGS","isRenderEnabled":false,"shapeName":"/levels/italy/art/shapes/buildings/italy_bld_window_standalone_1.dae"}
{"name":"window_standalone55","class":"TSStatic","persistentId":"c0b82688-35e0-4ac3-bd8b-ad975d92b750","__parent":"windows_standalone","position":[1127,-705.5,155.5],"annotation":"BUILDINGS","isRenderEnabled":false,"rotationMatrix":[0.999999344,2.98023224e-07,0,-2.98023224e-07,0.999999344,0,0,0,1],"shapeName":"/levels/italy/art/shapes/buildings/italy_bld_window_standalone_1.dae"}
{"name":"window_standalone38","class":"TSStatic","persistentId":"c4af5164-2316-4cfe-9292-56b4d208f407","__parent":"windows_standalone","position":[-1735,1416.5,143],"annotation":"BUILDINGS","isRenderEnabled":false,"rotationMatrix":[-1,-4.47033415e-08,1.01863407e-09,1.74608715e-07,-0.999999642,-0.000690536108,1.38243195e-09,-0.000690535933,0.999999762],"shapeName":"/levels/italy/art/shapes/buildings/italy_bld_window_standalone_1.dae"}
{"name":"window_standalone35","class":"TSStatic","persistentId":"c86da36c-5560-4def-b06d-44416eac7848","__parent":"windows_standalone","position":[-1721,1423.5,156],"annotation":"BUILDINGS","isRenderEnabled":false,"rotationMatrix":[1.00000012,-4.47034495e-07,9.89530236e-10,3.83224943e-07,0.999999702,-0.000690534303,-6.11180884e-10,0.00069053442,0.999999762],"shapeName":"/levels/italy/art/shapes/buildings/italy_bld_window_standalone_1.dae"}
{"name":"window_standalone124","class":"TSStatic","persistentId":"c8c6e36f-1c28-472d-bfc3-5272135c45b7","__parent":"windows_standalone","position":[-988.5,927.5,401.5],"annotation":"BUILDINGS","isRenderEnabled":false,"rotationMatrix":[0.999999404,7.4505806e-08,0,-7.4505806e-08,0.999999404,0,0,0,1],"shapeName":"/levels/italy/art/shapes/buildings/italy_bld_window_standalone_1.dae"}
{"name":"window_standalone9","class":"TSStatic","persistentId":"c9540876-a803-4d4d-b6a5-484ca9533f59","__parent":"windows_standalone","position":[1288.5,1290,151],"annotation":"BUILDINGS","isRenderEnabled":false,"rotationMatrix":[3.57627869e-07,-0.999999404,0,0.999999404,3.57627869e-07,0,0,0,1],"shapeName":"/levels/italy/art/shapes/buildings/italy_bld_window_standalone_1.dae"}
{"name":"window_standalone47","class":"TSStatic","persistentId":"ca2055bd-9445-4ed7-ac30-577a76f5b9ec","__parent":"windows_standalone","position":[1060.5,-705.5,155.436172],"annotation":"BUILDINGS","isRenderEnabled":false,"rotationMatrix":[0.999999344,2.98023224e-07,0,-2.98023224e-07,0.999999344,0,0,0,1],"shapeName":"/levels/italy/art/shapes/buildings/italy_bld_window_standalone_1.dae"}
{"name":"window_standalone53","class":"TSStatic","persistentId":"cba9a0f4-e908-4753-8f05-63863d01589e","__parent":"windows_standalone","position":[1090,-705.5,153.936188],"annotation":"BUILDINGS","isRenderEnabled":false,"rotationMatrix":[0.999999344,2.98023224e-07,0,-2.98023224e-07,0.999999344,0,0,0,1],"shapeName":"/levels/italy/art/shapes/buildings/italy_bld_window_standalone_1.dae"}
{"name":"window_standalone129","class":"TSStatic","persistentId":"d227f95f-d704-4610-afa7-b7d46b2d9eea","__parent":"windows_standalone","position":[131.5,-361,203],"annotation":"BUILDINGS","isRenderEnabled":false,"rotationMatrix":[5.66244125e-07,-0.999999166,0,0.999999166,5.66244125e-07,0,0,0,1],"shapeName":"/levels/italy/art/shapes/buildings/italy_bld_window_standalone_1.dae"}
{"name":"window_standalone23","class":"TSStatic","persistentId":"d430992b-1679-4f19-8f66-a2c571e8213b","__parent":"windows_standalone","position":[1002.5,1238.5,161],"annotation":"BUILDINGS","isRenderEnabled":false,"rotationMatrix":[-3.87429793e-07,0.999999344,0,-0.999999344,-3.87429793e-07,0,0,0,1],"shapeName":"/levels/italy/art/shapes/buildings/italy_bld_window_standalone_1.dae"}
{"name":"window_standalone80","class":"TSStatic","persistentId":"d4841809-93fe-4c3d-aef2-bcb75ce8f18c","__parent":"windows_standalone","position":[1040.5,1342.68347,150.932709],"annotation":"BUILDINGS","isRenderEnabled":false,"rotationMatrix":[-2.98023224e-08,-0.999999881,0,0.999999881,-2.98023224e-08,0,0,0,1],"shapeName":"/levels/italy/art/shapes/buildings/italy_bld_window_standalone_1.dae"}
{"name":"window_standalone8","class":"TSStatic","persistentId":"df175cc7-f175-45c0-86a6-434c3e7753f4","__parent":"windows_standalone","position":[1288.5,1282,154],"annotation":"BUILDINGS","isRenderEnabled":false,"rotationMatrix":[3.57627869e-07,-0.999999404,0,0.999999404,3.57627869e-07,0,0,0,1],"shapeName":"/levels/italy/art/shapes/buildings/italy_bld_window_standalone_1.dae"}
{"name":"window_standalone69","class":"TSStatic","persistentId":"dfd7fdbb-f3a1-4496-b11b-8f44110ae37a","__parent":"windows_standalone","position":[-1030.39648,807.798218,386.696259],"annotation":"BUILDINGS","isRenderEnabled":false,"shapeName":"/levels/italy/art/shapes/buildings/italy_bld_window_standalone_1.dae"}
{"name":"window_standalone34","class":"TSStatic","persistentId":"e2225526-c97f-4b12-968e-26fbfadb59bd","__parent":"windows_standalone","position":[-1721,1423.5,152.5],"annotation":"BUILDINGS","isRenderEnabled":false,"rotationMatrix":[1.00000012,-4.47034495e-07,9.89530236e-10,3.83224943e-07,0.999999702,-0.000690534303,-6.11180884e-10,0.00069053442,0.999999762],"shapeName":"/levels/italy/art/shapes/buildings/italy_bld_window_standalone_1.dae"}
{"name":"window_standalone43","class":"TSStatic","persistentId":"e337a64a-8d74-4c2c-8b7d-7ee9b9377ae7","__parent":"windows_standalone","position":[1068.5,-705.5,151.5],"annotation":"BUILDINGS","isRenderEnabled":false,"rotationMatrix":[0.999999344,2.98023224e-07,0,-2.98023224e-07,0.999999344,0,0,0,1],"shapeName":"/levels/italy/art/shapes/buildings/italy_bld_window_standalone_1.dae"}
{"name":"window_standalone51","class":"TSStatic","persistentId":"e3c26663-8088-4950-80e2-f3115243ca18","__parent":"windows_standalone","position":[1090,-705.5,148.031906],"annotation":"BUILDINGS","isRenderEnabled":false,"rotationMatrix":[0.999999344,2.98023224e-07,0,-2.98023224e-07,0.999999344,0,0,0,1],"shapeName":"/levels/italy/art/shapes/buildings/italy_bld_window_standalone_1.dae"}
{"name":"window_standalone98","class":"TSStatic","persistentId":"e4ae3521-3a51-4e23-acd8-5bd2cf8f6cd2","__parent":"windows_standalone","position":[172.5,-380.5,196],"annotation":"BUILDINGS","isRenderEnabled":false,"rotationMatrix":[5.66244125e-07,-0.999999166,0,0.999999166,5.66244125e-07,0,0,0,1],"shapeName":"/levels/italy/art/shapes/buildings/italy_bld_window_standalone_1.dae"}
{"name":"window_standalone120","class":"TSStatic","persistentId":"e6865f1e-a697-4c5c-9374-891e9dd140b3","__parent":"windows_standalone","position":[-1006.5,927.5,401.5],"annotation":"BUILDINGS","isRenderEnabled":false,"rotationMatrix":[0.999999404,7.4505806e-08,0,-7.4505806e-08,0.999999404,0,0,0,1],"shapeName":"/levels/italy/art/shapes/buildings/italy_bld_window_standalone_1.dae"}
{"name":"window_standalone81","class":"TSStatic","persistentId":"e83828fa-a03d-4272-b9c1-54cf0c5c8e5b","__parent":"windows_standalone","position":[1040.5,1345.98975,146.911819],"annotation":"BUILDINGS","isRenderEnabled":false,"rotationMatrix":[-2.98023224e-08,-0.999999881,0,0.999999881,-2.98023224e-08,0,0,0,1],"shapeName":"/levels/italy/art/shapes/buildings/italy_bld_window_standalone_1.dae"}
{"name":"window_standalone32","class":"TSStatic","persistentId":"ea872948-74fa-4b12-92e3-273535097ea2","__parent":"windows_standalone","position":[-1721,1416.5,148.5],"annotation":"BUILDINGS","isRenderEnabled":false,"rotationMatrix":[-1,8.94067682e-08,-2.91038305e-11,4.20525925e-09,-0.999999821,-0.000690534536,8.73114914e-11,-0.00069053442,0.999999762],"shapeName":"/levels/italy/art/shapes/buildings/italy_bld_window_standalone_1.dae"}
{"name":"window_standalone125","class":"TSStatic","persistentId":"ebaf416b-52f3-4e6d-bd24-c039e5c2f2a0","__parent":"windows_standalone","position":[131.5,-354,196],"annotation":"BUILDINGS","isRenderEnabled":false,"rotationMatrix":[5.66244125e-07,-0.999999166,0,0.999999166,5.66244125e-07,0,0,0,1],"shapeName":"/levels/italy/art/shapes/buildings/italy_bld_window_standalone_1.dae"}
{"name":"window_standalone92","class":"TSStatic","persistentId":"ee99ab64-a6fd-4763-a3ce-a36b88fbfe1b","__parent":"windows_standalone","position":[172.5,-380.5,199],"annotation":"BUILDINGS","isRenderEnabled":false,"rotationMatrix":[5.66244125e-07,-0.999999166,0,0.999999166,5.66244125e-07,0,0,0,1],"shapeName":"/levels/italy/art/shapes/buildings/italy_bld_window_standalone_1.dae"}
{"name":"window_standalone119","class":"TSStatic","persistentId":"efdd32a3-f0e2-4849-898f-562eb6fe9af1","__parent":"windows_standalone","position":[-1006.5,924.5,406.5],"annotation":"BUILDINGS","isRenderEnabled":false,"rotationMatrix":[-0.999999583,2.98023224e-08,0,-2.98023224e-08,-0.999999583,0,0,0,1],"shapeName":"/levels/italy/art/shapes/buildings/italy_bld_window_standalone_1.dae"}
{"name":"window_standalone49","class":"TSStatic","persistentId":"f0625754-bb7d-4805-82dc-ba804bc8063a","__parent":"windows_standalone","position":[1052,-705.5,152.531891],"annotation":"BUILDINGS","isRenderEnabled":false,"rotationMatrix":[0.999999344,2.98023224e-07,0,-2.98023224e-07,0.999999344,0,0,0,1],"shapeName":"/levels/italy/art/shapes/buildings/italy_bld_window_standalone_1.dae"}
{"name":"window_standalone14","class":"TSStatic","persistentId":"f197c419-ce99-4baa-860f-f2643856bb72","__parent":"windows_standalone","position":[1288.5,1265.5,162.5],"annotation":"BUILDINGS","isRenderEnabled":false,"rotationMatrix":[3.57627869e-07,-0.999999404,0,0.999999404,3.57627869e-07,0,0,0,1],"shapeName":"/levels/italy/art/shapes/buildings/italy_bld_window_standalone_1.dae"}
{"name":"window_standalone28","class":"TSStatic","persistentId":"f21d5726-1ca2-43d7-86d4-b12085918616","__parent":"windows_standalone","position":[-1818.03552,1209.46338,158.169022],"annotation":"BUILDINGS","isRenderEnabled":false,"rotationMatrix":[-0.607260406,-0.794501901,0,0.794501901,-0.607260406,0,0,0,1],"shapeName":"/levels/italy/art/shapes/buildings/italy_bld_window_standalone_1.dae"}
{"name":"window_standalone57","class":"TSStatic","persistentId":"f2acdd18-1101-4e3a-8f8d-23239ca6e358","__parent":"windows_standalone","position":[1127,-705.5,158.5],"annotation":"BUILDINGS","isRenderEnabled":false,"rotationMatrix":[0.999999344,2.98023224e-07,0,-2.98023224e-07,0.999999344,0,0,0,1],"shapeName":"/levels/italy/art/shapes/buildings/italy_bld_window_standalone_1.dae"}
{"name":"window_standalone123","class":"TSStatic","persistentId":"f423e0be-52ee-43f3-b832-92e249e49f95","__parent":"windows_standalone","position":[-1006.5,927.5,407.5],"annotation":"BUILDINGS","isRenderEnabled":false,"rotationMatrix":[0.999999404,7.4505806e-08,0,-7.4505806e-08,0.999999404,0,0,0,1],"shapeName":"/levels/italy/art/shapes/buildings/italy_bld_window_standalone_1.dae"}
{"name":"window_standalone126","class":"TSStatic","persistentId":"f4cd83a9-0103-41f1-904b-11171918c011","__parent":"windows_standalone","position":[131.5,-354,200],"annotation":"BUILDINGS","isRenderEnabled":false,"rotationMatrix":[5.66244125e-07,-0.999999166,0,0.999999166,5.66244125e-07,0,0,0,1],"shapeName":"/levels/italy/art/shapes/buildings/italy_bld_window_standalone_1.dae"}
{"name":"window_standalone24","class":"TSStatic","persistentId":"f507b6ad-36f5-4ee2-ab17-cf36e99a9d09","__parent":"windows_standalone","position":[1002.5,1238.5,158],"annotation":"BUILDINGS","isRenderEnabled":false,"rotationMatrix":[-3.87429793e-07,0.999999344,0,-0.999999344,-3.87429793e-07,0,0,0,1],"shapeName":"/levels/italy/art/shapes/buildings/italy_bld_window_standalone_1.dae"}
{"name":"window_standalone20","class":"TSStatic","persistentId":"f60a0f08-0efa-4a6d-99ad-32bbad0d6e15","__parent":"windows_standalone","position":[1267.5,1248.5,172.5],"annotation":"BUILDINGS","isRenderEnabled":false,"rotationMatrix":[-3.87429793e-07,0.999999344,0,-0.999999344,-3.87429793e-07,0,0,0,1],"shapeName":"/levels/italy/art/shapes/buildings/italy_bld_window_standalone_1.dae"}
{"name":"window_standalone19","class":"TSStatic","persistentId":"fa13b9b7-556f-40c0-8cbc-e0eaa90b90a5","__parent":"windows_standalone","position":[1267.5,1246.5,172.5],"annotation":"BUILDINGS","isRenderEnabled":false,"rotationMatrix":[-3.87429793e-07,0.999999344,0,-0.999999344,-3.87429793e-07,0,0,0,1],"shapeName":"/levels/italy/art/shapes/buildings/italy_bld_window_standalone_1.dae"}
{"name":"window_standalone109","class":"TSStatic","persistentId":"fb4618d7-9b38-4f92-a33a-057f40ccf869","__parent":"windows_standalone","position":[168.5,-400.5,210.5],"annotation":"BUILDINGS","isRenderEnabled":false,"rotationMatrix":[-5.96046448e-07,1,0,-1,-5.96046448e-07,0,0,0,1],"shapeName":"/levels/italy/art/shapes/buildings/italy_bld_window_standalone_1.dae"}
{"name":"window_standalone58","class":"TSStatic","persistentId":"fb6c804f-b7a7-40ca-83b9-80c182170dbf","__parent":"windows_standalone","position":[1127,-705.5,161.5],"annotation":"BUILDINGS","isRenderEnabled":false,"rotationMatrix":[0.999999344,2.98023224e-07,0,-2.98023224e-07,0.999999344,0,0,0,1],"shapeName":"/levels/italy/art/shapes/buildings/italy_bld_window_standalone_1.dae"}
{"name":"window_standalone71","class":"TSStatic","persistentId":"fc02c3c3-39d8-41ec-98e0-909b6eee63d5","__parent":"windows_standalone","position":[-1030.39868,807.798218,389.465851],"annotation":"BUILDINGS","isRenderEnabled":false,"shapeName":"/levels/italy/art/shapes/buildings/italy_bld_window_standalone_1.dae"}
{"name":"window_standalone106","class":"TSStatic","persistentId":"fc063ba0-28b6-419b-a3f0-21ce87efec71","__parent":"windows_standalone","position":[168.5,-400.5,199.5],"annotation":"BUILDINGS","isRenderEnabled":false,"rotationMatrix":[-5.96046448e-07,1,0,-1,-5.96046448e-07,0,0,0,1],"shapeName":"/levels/italy/art/shapes/buildings/italy_bld_window_standalone_1.dae"}
{"name":"window_standalone100","class":"TSStatic","persistentId":"fde5b27e-5ab1-46ed-abfc-10f694f0dcd6","__parent":"windows_standalone","position":[168.5,-380.5,199.5],"annotation":"BUILDINGS","isRenderEnabled":false,"rotationMatrix":[-5.96046448e-07,1,0,-1,-5.96046448e-07,0,0,0,1],"shapeName":"/levels/italy/art/shapes/buildings/italy_bld_window_standalone_1.dae"}
{"name":"window_standalone79","class":"TSStatic","persistentId":"ff9a559e-0322-4e76-9f2c-b345da944d29","__parent":"windows_standalone","position":[1040.50012,1331.11768,159.416656],"annotation":"BUILDINGS","isRenderEnabled":false,"rotationMatrix":[-2.98023224e-08,-0.999999881,0,0.999999881,-2.98023224e-08,0,0,0,1],"shapeName":"/levels/italy/art/shapes/buildings/italy_bld_window_standalone_1.dae"}
