{
  "additionalAttributes":{},
  "author":"BeamLR",
  "careerSetup":{
    "defaultStarKeys":{},
    "showInFreeroam":true,
    "starOutroTexts":{},
    "starRewards":{},
    "starsActive":{}
  },
  "customAdditionalAttributes":{},
  "description":"Beam Legal Racing Career",
  "grouping":{
    "id":"",
    "label":""
  },
  "missionType":"flowgraph",
  "missionTypeData":{},
  "name":"BeamLR",
  "retryBehaviour":"infiniteRetries",
  "setupModules":{
    "timeOfDay":{
      "enabled":false
    },
    "traffic":{
      "enabled":false
    }
  },
  "startCondition":{
    "type":"always"
  },
  "startTrigger":{
    "level":"italy",
    "pos":[
      309.416687,
      -251.9104309,
      195.985611
    ],
    "radius":3,
    "rot":[
      -0.007818451574,
      0.02843280751,
      0.9637910318,
      0.2650231957
    ],
    "type":"coordinates"
  },
  "visibleCondition":{
    "type":"always"
  }
}