{"class":"TSStatic","persistentId":"19c5ce72-95ed-4f27-ac5e-add2e620c319","__parent":"firestation","position":[154.145203,5.92142582,98.6099243],"isRenderEnabled":false,"scale":[1.5,1.5,1.5],"shapeName":"/levels/east_coast_usa/art/shapes/buildings/eca_bld_fence_end.DAE"}
{"class":"TSStatic","persistentId":"263fa111-f1ee-4d14-894d-9053dc8ab82f","__parent":"firestation","position":[142.240768,18.0657597,100.583282],"annotation":"OBSTACLES","isRenderEnabled":false,"shapeName":"/levels/east_coast_usa/art/shapes/buildings/eca_fv_junk_b.DAE"}
{"class":"TSStatic","persistentId":"280e7cb4-8395-4b1c-b4e9-77260beac8d3","__parent":"firestation","position":[413.399231,91.6938171,53.8171539],"isRenderEnabled":false,"rotationMatrix":[0.645419538,0.763827562,0,-0.763827562,0.645419538,0,0,0,1],"shapeName":"/levels/east_coast_usa/art/shapes/buildings/eca_bld_fv_storage.DAE"}
{"class":"TSStatic","persistentId":"2b11daf6-def6-4497-b35d-b61234516759","__parent":"firestation","position":[149.645523,3.89799929,98.8281479],"isRenderEnabled":false,"scale":[1.5,1.5,1.5],"shapeName":"/levels/east_coast_usa/art/shapes/buildings/eca_bld_fence_end.DAE"}
{"class":"TSStatic","persistentId":"3fb8f247-4874-432e-a1e2-da7830020b34","__parent":"firestation","position":[387.533997,114.403999,54.0999985],"annotation":"BUILDINGS","isRenderEnabled":false,"rotationMatrix":[0.762372196,-0.647138476,0,0.647138476,0.762372196,0,0,0,1],"shapeName":"/levels/east_coast_usa/art/shapes/buildings/eca_bld_policefire_station.DAE"}
{"class":"TSStatic","persistentId":"4000a10f-c3e6-454a-a5df-316f3bc740c2","__parent":"firestation","position":[125.204666,17.4492207,98.0095139],"isRenderEnabled":false,"rotationMatrix":[0.14360559,-0.989634991,0,0.989634991,0.14360559,0,0,0,1],"scale":[1.5,1.5,1.5],"shapeName":"/levels/east_coast_usa/art/shapes/buildings/eca_bld_fence_end.DAE"}
{"class":"TSStatic","persistentId":"40a8ce8c-e90b-4964-82c1-26db1bf73162","__parent":"firestation","position":[577.21637,17.4282551,53.1691551],"isRenderEnabled":false,"rotationMatrix":[0.730249345,-0.683088183,0.0112557104,0.683180809,0.730150223,-0.0120311817,-1.7463786e-09,0.0164754484,0.99986428],"scale":[0.753264606,0.753264606,0.753264606],"shapeName":"/levels/east_coast_usa/art/shapes/misc/sawmill_log_long1.dae"}
{"class":"TSStatic","persistentId":"503de2ad-e419-4f4b-a167-b726c14be887","__parent":"firestation","position":[125.769844,13.7858124,97.9414444],"isRenderEnabled":false,"rotationMatrix":[0.14360559,-0.989634991,0,0.989634991,0.14360559,0,0,0,1],"scale":[1.5,1.5,1.5],"shapeName":"/levels/east_coast_usa/art/shapes/buildings/eca_bld_fence_end.DAE"}
{"class":"TSStatic","persistentId":"5d8e516a-322a-4862-b8f6-8da3945a42b3","__parent":"firestation","position":[140.380005,13.9779978,100.554665],"isRenderEnabled":false,"shapeName":"/levels/east_coast_usa/art/shapes/misc/garbage_bin_a.dae"}
{"class":"TSStatic","persistentId":"6911a062-7995-44ad-b0ab-00c14d8fc430","__parent":"firestation","position":[154.473022,11.1585999,98.6741028],"isRenderEnabled":false,"scale":[1.5,1.5,1.5],"shapeName":"/levels/east_coast_usa/art/shapes/buildings/eca_bld_fence_end.DAE"}
{"class":"TSStatic","persistentId":"695e69b9-4e4d-4cfc-aeda-4eef448a107f","__parent":"firestation","position":[142.014069,3.84783578,98.6873322],"isRenderEnabled":false,"scale":[1.5,1.5,1.5],"shapeName":"/levels/east_coast_usa/art/shapes/buildings/eca_bld_fence_end.DAE"}
{"class":"TSStatic","persistentId":"6d5030b4-2e41-40cd-81e3-754b3e111278","__parent":"firestation","position":[441.995789,39.6002655,53.5006371],"isRenderEnabled":false,"rotationMatrix":[-0.649800122,-0.760104477,0,0.760104477,-0.649800122,0,0,0,1],"shapeName":"/levels/east_coast_usa/art/shapes/buildings/eca_bld_fv_storage.DAE"}
{"class":"TSStatic","persistentId":"73c036c6-9a53-417e-a8c4-d6813da6d64f","__parent":"firestation","position":[154.0298,8.23462582,100.748367],"isRenderEnabled":false,"rotationMatrix":[-0.0675273538,-0.997718036,0,0.997718036,-0.0675273538,0,0,0,1],"shapeName":"/levels/east_coast_usa/art/shapes/misc/sawmill_log_short2.dae"}
{"class":"TSStatic","persistentId":"7940347b-8d1e-4038-8faf-8ffcdc4a2bdc","__parent":"firestation","position":[-851.502136,929.313721,31.3181934],"isRenderEnabled":false,"rotationMatrix":[0.115945749,-0.993255556,0,0.993255556,0.115945749,0,0,0,1],"shapeName":"/levels/east_coast_usa/art/shapes/misc/sawmill_log_long1.dae"}
{"class":"TSStatic","persistentId":"87d9301d-c5e7-42e0-ac1a-04d5cead28cc","__parent":"firestation","position":[-851.132019,923.7995,29.3091602],"isRenderEnabled":false,"rotationMatrix":[0.115945749,-0.993255556,0,0.993255556,0.115945749,0,0,0,1],"scale":[1.5,1.5,1.5],"shapeName":"/levels/east_coast_usa/art/shapes/buildings/eca_bld_fence_end.DAE"}
{"class":"TSStatic","persistentId":"9f87588f-f912-46f2-992a-51248741170b","__parent":"firestation","position":[125.709595,15.9348545,100.221489],"isRenderEnabled":false,"rotationMatrix":[0.14360559,-0.989634991,0,0.989634991,0.14360559,0,0,0,1],"shapeName":"/levels/east_coast_usa/art/shapes/misc/sawmill_log_long1.dae"}
{"class":"TSStatic","persistentId":"9fba388b-f28a-4b80-933e-58f483eecda1","__parent":"firestation","position":[124.624283,21.3309498,98.0580978],"isRenderEnabled":false,"rotationMatrix":[0.14360559,-0.989634991,0,0.989634991,0.14360559,0,0,0,1],"scale":[1.5,1.5,1.5],"shapeName":"/levels/east_coast_usa/art/shapes/buildings/eca_bld_fence_end.DAE"}
{"class":"TSStatic","persistentId":"a9a98aa9-521a-44a8-8230-155c1edf04cb","__parent":"firestation","position":[-852.436279,934.737,29.1487598],"isRenderEnabled":false,"rotationMatrix":[0.115945749,-0.993255556,0,0.993255556,0.115945749,0,0,0,1],"scale":[1.5,1.5,1.5],"shapeName":"/levels/east_coast_usa/art/shapes/buildings/eca_bld_fence_end.DAE"}
{"class":"TSStatic","persistentId":"aee7e49a-3678-4363-9075-5a613eff20f0","__parent":"firestation","position":[362.59726,116.594566,54.4048576],"decalType":"None","isRenderEnabled":false,"rotationMatrix":[0.619654238,0.78484726,0.00662721274,-0.784873664,0.619647264,0.00330097601,-0.00151577382,-0.0072469851,0.99997282],"shapeName":"/levels/east_coast_usa/art/shapes/buildings/eca_gas_tank.DAE"}
{"class":"TSStatic","persistentId":"bfe54daf-7a61-4574-9be3-2da65338554f","__parent":"firestation","position":[147.510086,4.1469698,100.856766],"isRenderEnabled":false,"shapeName":"/levels/east_coast_usa/art/shapes/misc/sawmill_log_long1.dae"}
{"class":"TSStatic","persistentId":"d3dc3cd5-c6db-43b5-9a45-ec1e36be89d7","__parent":"firestation","position":[-851.501709,927.162781,29.2895756],"isRenderEnabled":false,"rotationMatrix":[0.115945749,-0.993255556,0,0.993255556,0.115945749,0,0,0,1],"scale":[1.5,1.5,1.5],"shapeName":"/levels/east_coast_usa/art/shapes/buildings/eca_bld_fence_end.DAE"}
{"class":"TSStatic","persistentId":"d4e006b0-f886-4460-83d2-8267e3fdf9d4","__parent":"firestation","position":[-851.962219,930.81958,29.2895985],"isRenderEnabled":false,"rotationMatrix":[0.115945749,-0.993255556,0,0.993255556,0.115945749,0,0,0,1],"scale":[1.5,1.5,1.5],"shapeName":"/levels/east_coast_usa/art/shapes/buildings/eca_bld_fence_end.DAE"}
{"class":"TSStatic","persistentId":"e9ab4956-11f6-4eae-b87b-22b41b657642","__parent":"firestation","position":[126.233124,10.4337444,97.975174],"isRenderEnabled":false,"rotationMatrix":[0.14360559,-0.989634991,0,0.989634991,0.14360559,0,0,0,1],"scale":[1.5,1.5,1.5],"shapeName":"/levels/east_coast_usa/art/shapes/buildings/eca_bld_fence_end.DAE"}
{"class":"TSStatic","persistentId":"ec5a6e92-d4b5-4c2e-98f4-acf6cf2f30fa","__parent":"firestation","position":[154.360016,8.35071754,98.5278244],"isRenderEnabled":false,"scale":[1.5,1.5,1.5],"shapeName":"/levels/east_coast_usa/art/shapes/buildings/eca_bld_fence_end.DAE"}
{"class":"TSStatic","persistentId":"ec787e87-d78a-4b0e-80a8-be69781f217a","__parent":"firestation","position":[703.229248,-264.213013,53.4645996],"annotation":"BUILDINGS","isRenderEnabled":false,"rotationMatrix":[-0.710394621,-0.703802645,0,0.703802645,-0.710394621,0,0,0,1],"scale":[0.699999988,0.699999988,0.699999988],"shapeName":"/levels/east_coast_usa/art/shapes/buildings/eca_bld_fv_storage.DAE"}
{"class":"TSStatic","persistentId":"ede741f9-d69e-4041-b4d3-7570ceb342bb","__parent":"firestation","position":[139.632446,20.2744236,100.503838],"annotation":"OBSTACLES","isRenderEnabled":false,"shapeName":"/levels/east_coast_usa/art/shapes/buildings/eca_fv_junk_a.DAE"}
{"class":"TSStatic","persistentId":"f53a1bcf-dcb9-4bcd-b9bf-4670c2782614","__parent":"firestation","position":[153.029358,3.87513447,98.8477325],"isRenderEnabled":false,"scale":[1.5,1.5,1.5],"shapeName":"/levels/east_coast_usa/art/shapes/buildings/eca_bld_fence_end.DAE"}
{"class":"TSStatic","persistentId":"fd2529d7-108d-46e4-9422-d6fd37f9def4","__parent":"firestation","position":[145.959885,3.86456728,98.8281708],"isRenderEnabled":false,"scale":[1.5,1.5,1.5],"shapeName":"/levels/east_coast_usa/art/shapes/buildings/eca_bld_fence_end.DAE"}
