{"class":"TSStatic","persistentId":"04e27d81-5330-432e-85ac-509fd27502a5","__parent":"clutter","position":[709.513672,-234.833405,53.3397293],"annotation":"OBSTACLES","isRenderEnabled":false,"rotationMatrix":[-0.719896019,0.694082141,0,-0.694082141,-0.719896019,0,0,0,1],"shapeName":"/levels/east_coast_usa/art/shapes/clutter/clutter_city_bench_wood.dae"}
{"class":"TSStatic","persistentId":"07a1d642-0750-42c2-bb95-e929a79a55dc","__parent":"clutter","position":[760.748962,-336.495148,56.2923775],"isRenderEnabled":false,"rotationMatrix":[0.998949766,0.0458204076,0,-0.0458204076,0.998949766,0,0,0,1],"shapeName":"/levels/east_coast_usa/art/shapes/buildings/eca_comsign_cafe.dae"}
{"class":"TSStatic","persistentId":"1119be34-0c86-4c37-93cf-38a49ea2ab59","__parent":"clutter","position":[682.385864,-215.115021,53.3401184],"annotation":"OBSTACLES","isRenderEnabled":false,"rotationMatrix":[0.709524155,0.704681695,0,-0.704681695,0.709524155,0,0,0,1],"shapeName":"/levels/east_coast_usa/art/shapes/clutter/clutter_city_bench_wood.dae"}
{"class":"TSStatic","persistentId":"137b2f0b-c236-4b94-88b3-eb7a0c0e8c56","__parent":"clutter","position":[758.214355,-261.370575,56.2001038],"isRenderEnabled":false,"rotationMatrix":[0.789669991,0.613531888,0,-0.613531888,0.789669991,0,0,0,1],"shapeName":"/levels/east_coast_usa/art/shapes/buildings/eca_comsign_poster_ice.dae"}
{"class":"TSStatic","persistentId":"145ecbbb-a639-48f4-9370-b39232ccbc49","__parent":"clutter","position":[792.41449,-323.614532,54.2951431],"annotation":"BUILDINGS","isRenderEnabled":false,"rotationMatrix":[-0.997399986,0.0720579326,0,-0.0720579326,-0.997399986,0,0,0,1],"shapeName":"/levels/east_coast_usa/art/shapes/buildings/eca_bld_townblock_a.dae"}
{"class":"TSStatic","persistentId":"15617b60-6052-4f39-978e-d51d7cf10197","__parent":"clutter","position":[778.516907,-343.879639,55.9957428],"isRenderEnabled":false,"rotationMatrix":[0.0253013372,-0.999679387,0,0.999679387,0.0253013372,0,0,0,1],"shapeName":"/levels/east_coast_usa/art/shapes/buildings/eca_comsign_bakery.dae"}
{"class":"TSStatic","persistentId":"18b65edb-7c73-4d61-9375-57b9acf57fdd","__parent":"clutter","position":[669.952698,-197.421967,53.334137],"annotation":"OBSTACLES","isRenderEnabled":false,"rotationMatrix":[0.730888069,0.682495773,0,-0.682495773,0.730888069,0,0,0,1],"shapeName":"/levels/east_coast_usa/art/shapes/clutter/clutter_city_chalkboard_sign.dae"}
{"class":"TSStatic","persistentId":"1c66ab49-cd8e-4a3e-81c9-1c64fb77a740","__parent":"clutter","position":[634.466919,-141.905258,55.8571663],"isRenderEnabled":false,"rotationMatrix":[-0.706607103,-0.707606077,0,0.707606077,-0.706607103,0,0,0,1],"shapeName":"/levels/east_coast_usa/art/shapes/buildings/eca_comsign_mountingbracket_long.dae"}
{"class":"TSStatic","persistentId":"1d617dfe-2b90-47cf-b2cd-6babf1ad1b2e","__parent":"clutter","position":[749.525391,-282.683838,56.3619232],"isRenderEnabled":false,"rotationMatrix":[0.357099622,-0.934064567,0,0.934064567,0.357099622,0,0,0,1],"shapeName":"/levels/east_coast_usa/art/shapes/buildings/eca_comsign_bakery.dae"}
{"class":"TSStatic","persistentId":"1ff261e0-1295-48eb-b912-5b0472eea62f","__parent":"clutter","position":[717.929871,-186.862686,53.1831512],"annotation":"OBSTACLES","decalType":"None","isRenderEnabled":false,"rotationMatrix":[0.999934196,-0.0114709698,0,0.0114709698,0.999934196,0,0,0,1],"shapeName":"/levels/east_coast_usa/art/shapes/clutter/clutter_city_bike_stand.dae"}
{"class":"TSStatic","persistentId":"25ca7163-4dc1-4871-9874-a2e218724edb","__parent":"clutter","position":[669.731079,-173.401489,54.7369003],"isRenderEnabled":false,"rotationMatrix":[0.735465646,-0.677561164,0,0.677561164,0.735465646,0,0,0,1],"shapeName":"/levels/east_coast_usa/art/shapes/buildings/eca_comsign_poster_lease.dae"}
{"class":"TSStatic","persistentId":"2b68b5fa-2e5e-4dd5-a469-cce0cc1fb53e","__parent":"clutter","position":[622.426086,-132.422852,56.5757065],"isRenderEnabled":false,"rotationMatrix":[0.707106769,0.707106709,0,-0.707106709,0.707106769,0,0,0,1],"shapeName":"/levels/east_coast_usa/art/shapes/buildings/eca_comsign_fish.dae"}
{"class":"TSStatic","persistentId":"2e2569ba-d696-442a-a161-653b0b04fb83","__parent":"clutter","position":[572.874817,-90.9165802,53.27034],"annotation":"OBSTACLES","isRenderEnabled":false,"rotationMatrix":[0.730888069,0.682495773,0,-0.682495773,0.730888069,0,0,0,1],"shapeName":"/levels/east_coast_usa/art/shapes/clutter/clutter_city_chalkboard_sign.dae"}
{"class":"TSStatic","persistentId":"348ac15b-ddbf-4a30-86c5-2d5eab9790f3","__parent":"clutter","position":[539.108276,-23.2161884,53.2409515],"isRenderEnabled":false,"rotationMatrix":[-0.707106471,-0.707106531,0,0.707106531,-0.707106471,0,0,0,1],"shapeName":"/levels/east_coast_usa/art/shapes/buildings/eca_BBQ.DAE"}
{"class":"TSStatic","persistentId":"3ecd1c95-2411-4712-978e-12113e1fcaaf","__parent":"clutter","position":[654.02063,-159.599899,53.3073044],"annotation":"OBSTACLES","isRenderEnabled":false,"rotationMatrix":[-0.709168732,-0.705038726,0,0.705038786,-0.709168792,0,0,0,1],"shapeName":"/levels/east_coast_usa/art/shapes/clutter/clutter_city_chalkboard_sign.dae"}
{"class":"TSStatic","persistentId":"42cd4d3c-9237-4afe-a12e-8c85f9ceba68","__parent":"clutter","position":[758.432312,-261.192383,56.5729141],"isRenderEnabled":false,"rotationMatrix":[-0.789669991,-0.613531947,0,0.613531947,-0.789669991,0,0,0,1],"shapeName":"/levels/east_coast_usa/art/shapes/buildings/eca_comsign_mountingbracket.dae"}
{"class":"TSStatic","persistentId":"44085ed5-d430-4317-bd41-79e0a5336d52","__parent":"clutter","position":[739.80896,-189.015228,55.2522507],"isRenderEnabled":false,"shapeName":"/levels/east_coast_usa/art/shapes/buildings/eca_comsign_book.dae"}
{"class":"TSStatic","persistentId":"4479462c-b621-4216-95bd-f8c6b7c3e257","__parent":"clutter","position":[740.62793,-188.051697,58.9451065],"isRenderEnabled":false,"rotationMatrix":[2.98023224e-08,0.999999881,0,-0.999999881,2.98023224e-08,0,0,0,1],"scale":[2.7854116,1,2.7854116],"shapeName":"/levels/east_coast_usa/art/shapes/buildings/eca_comsign_book.dae"}
{"class":"TSStatic","persistentId":"44cad2e3-4722-4d34-badd-bf89327c0c78","__parent":"clutter","position":[687.050964,-190.151535,55.5536003],"isRenderEnabled":false,"rotationMatrix":[0.706323743,0.707884073,0,-0.707884073,0.706323743,0,0,0,1],"shapeName":"/levels/east_coast_usa/art/shapes/buildings/eca_comsign_bakery.dae"}
{"name":"bracket_long","class":"TSStatic","persistentId":"47bd5f65-f697-4e47-a816-62fa1f280ed2","__parent":"clutter","position":[777.902161,-330.717499,56.8804207],"isRenderEnabled":false,"rotationMatrix":[-0.999999642,-1.63912773e-07,0,1.63912773e-07,-0.999999642,0,0,0,1],"shapeName":"/levels/east_coast_usa/art/shapes/buildings/eca_comsign_mountingbracket_long.dae"}
{"class":"TSStatic","persistentId":"4999f5bf-712c-4431-b9a6-651a567a5a35","__parent":"clutter","position":[712.242859,-237.212677,53.3463364],"annotation":"OBSTACLES","isRenderEnabled":false,"rotationMatrix":[-0.645081282,-0.764112651,0,0.764112651,-0.645081282,0,0,0,1],"shapeName":"/levels/east_coast_usa/art/shapes/clutter/clutter_city_chalkboard_sign.dae"}
{"class":"TSStatic","persistentId":"4c4b7040-655b-4bca-922a-4f11b6ff1efc","__parent":"clutter","position":[656.371155,-184.885742,53.3380547],"annotation":"OBSTACLES","isRenderEnabled":false,"rotationMatrix":[-0.66702503,0.74503535,0,-0.74503535,-0.66702503,0,0,0,1],"shapeName":"/levels/east_coast_usa/art/shapes/clutter/clutter_city_bench_wood.dae"}
{"name":"bracket_long1","class":"TSStatic","persistentId":"4c93d090-970f-42ab-9d22-8a00efec141b","__parent":"clutter","position":[655.278809,-160.123962,56.4273643],"isRenderEnabled":false,"rotationMatrix":[-0.70710659,-0.707106173,0,0.707106173,-0.70710659,0,0,0,1],"shapeName":"/levels/east_coast_usa/art/shapes/buildings/eca_comsign_mountingbracket_long.dae"}
{"class":"TSStatic","persistentId":"51d6300a-acff-4063-bf0b-6cc574969f16","__parent":"clutter","position":[713.772949,-183.320709,53.1831512],"annotation":"OBSTACLES","decalType":"None","isRenderEnabled":false,"rotationMatrix":[0.999934196,-0.0114709698,0,0.0114709698,0.999934196,0,0,0,1],"shapeName":"/levels/east_coast_usa/art/shapes/clutter/clutter_city_bike_stand.dae"}
{"class":"TSStatic","persistentId":"55d7dbdc-2a16-47cc-a642-30da00ef46c1","__parent":"clutter","position":[570.840454,-89.1683502,53.2944069],"annotation":"OBSTACLES","isRenderEnabled":false,"rotationMatrix":[-0.645081282,-0.764112651,0,0.764112651,-0.645081282,0,0,0,1],"shapeName":"/levels/east_coast_usa/art/shapes/clutter/clutter_city_chalkboard_sign.dae"}
{"class":"TSStatic","persistentId":"56e64f8b-b25c-49a2-bfe6-6150da551dd2","__parent":"clutter","position":[690.565674,-225.632233,55.8130798],"isRenderEnabled":false,"rotationMatrix":[-0.742644012,0.669686437,0,-0.669686496,-0.742644072,0,0,0,1],"shapeName":"/levels/east_coast_usa/art/shapes/buildings/eca_comsign_cafe.dae"}
{"name":"cafe1","class":"TSStatic","persistentId":"58ab3091-ae01-4cb5-a7f5-c91cde531017","__parent":"clutter","position":[660.006653,-108.408638,54.1225128],"isRenderEnabled":false,"rotationMatrix":[0.866025448,0.49999994,0,-0.49999994,0.866025448,0,0,0,1],"shapeName":"/levels/east_coast_usa/art/shapes/buildings/eca_comsign_cafe.dae"}
{"name":"sign_jewellers1","class":"TSStatic","persistentId":"5f13f990-a0f9-49c4-9879-7bd322bb1fa2","__parent":"clutter","position":[739.408203,-460.050354,56.4147949],"isRenderEnabled":false,"rotationMatrix":[-2.98023153e-08,-1,0,1,-2.98023153e-08,0,0,0,1],"shapeName":"/levels/east_coast_usa/art/shapes/buildings/eca_comsign_jewelery.dae"}
{"class":"TSStatic","persistentId":"5fb11845-862b-443e-8678-825763746497","__parent":"clutter","position":[644.465088,-89.6733475,55.0043297],"isRenderEnabled":false,"rotationMatrix":[0.600106418,-0.799920201,0,0.799920201,0.600106418,0,0,0,1],"scale":[2.70650339,2.70650339,2.70650339],"shapeName":"/levels/east_coast_usa/art/shapes/buildings/eca_comsign_cafe.dae"}
{"class":"TSStatic","persistentId":"606cf649-b3bd-492b-8f03-687f27eb924c","__parent":"clutter","position":[724.263306,-210.628662,53.2951813],"annotation":"OBSTACLES","isRenderEnabled":false,"rotationMatrix":[-0.662955821,0.748658538,0,-0.748658538,-0.662955821,0,0,0,1],"shapeName":"/levels/east_coast_usa/art/shapes/clutter/clutter_city_bollard_concrete.dae"}
{"class":"TSStatic","persistentId":"68e928d8-f53c-429c-91df-4c8612dad1bc","__parent":"clutter","position":[717.939453,-180.090134,53.1831512],"annotation":"OBSTACLES","decalType":"None","isRenderEnabled":false,"rotationMatrix":[0.999934196,-0.0114709698,0,0.0114709698,0.999934196,0,0,0,1],"shapeName":"/levels/east_coast_usa/art/shapes/clutter/clutter_city_bike_stand.dae"}
{"class":"TSStatic","persistentId":"7000324d-1974-44e9-8925-22f78db13b44","__parent":"clutter","position":[718.090637,-183.410339,53.1831512],"annotation":"OBSTACLES","decalType":"None","isRenderEnabled":false,"rotationMatrix":[0.999934196,-0.0114709698,0,0.0114709698,0.999934196,0,0,0,1],"shapeName":"/levels/east_coast_usa/art/shapes/clutter/clutter_city_bike_stand.dae"}
{"class":"TSStatic","persistentId":"759c2df1-14bc-4ac0-ba9d-19263c9f53fe","__parent":"clutter","position":[724.335022,-207.299255,53.2951813],"annotation":"OBSTACLES","isRenderEnabled":false,"rotationMatrix":[-0.719316542,-0.694682598,0,0.694682598,-0.719316542,0,0,0,1],"shapeName":"/levels/east_coast_usa/art/shapes/clutter/clutter_city_bollard_concrete.dae"}
{"class":"TSStatic","persistentId":"772da78a-002f-4c58-a017-6b546cce7c85","__parent":"clutter","position":[641.879883,-85.1874771,51.3331566],"annotation":"OBSTACLES","isRenderEnabled":false,"rotationMatrix":[0.730888069,0.682495773,0,-0.682495773,0.730888069,0,0,0,1],"shapeName":"/levels/east_coast_usa/art/shapes/clutter/clutter_city_chalkboard_sign.dae"}
{"class":"TSStatic","persistentId":"79ca71cc-f03a-4b12-9d70-a9aad605d62e","__parent":"clutter","position":[713.612305,-186.773071,53.1831512],"annotation":"OBSTACLES","decalType":"None","isRenderEnabled":false,"rotationMatrix":[0.999934196,-0.0114709698,0,0.0114709698,0.999934196,0,0,0,1],"shapeName":"/levels/east_coast_usa/art/shapes/clutter/clutter_city_bike_stand.dae"}
{"class":"TSStatic","persistentId":"7afc7c47-9082-49a1-a243-9701a4afc33e","__parent":"clutter","position":[781.004333,-320.957733,54.3806534],"annotation":"BUILDINGS","isRenderEnabled":false,"rotationMatrix":[-0.988228321,-0.152985781,0,0.152985781,-0.988228321,0,0,0,1],"shapeName":"/levels/east_coast_usa/art/shapes/buildings/eca_bld_house_sml_01.dae"}
{"class":"TSStatic","persistentId":"7cef1771-53fd-4528-b08b-00ad180915f1","__parent":"clutter","position":[724.216431,-213.474609,53.2951813],"annotation":"OBSTACLES","isRenderEnabled":false,"rotationMatrix":[0.482929289,-0.875659466,0,0.875659466,0.482929289,0,0,0,1],"shapeName":"/levels/east_coast_usa/art/shapes/clutter/clutter_city_bollard_concrete.dae"}
{"class":"TSStatic","persistentId":"81e45f39-46e3-467f-ba5d-1963c1df67c7","__parent":"clutter","position":[724.39563,-203.805832,53.2951813],"annotation":"OBSTACLES","isRenderEnabled":false,"rotationMatrix":[0.482929289,-0.875659466,0,0.875659466,0.482929289,0,0,0,1],"shapeName":"/levels/east_coast_usa/art/shapes/clutter/clutter_city_bollard_concrete.dae"}
{"class":"TSStatic","persistentId":"8538ea2f-5021-459c-8b4b-bf3620fa105e","__parent":"clutter","position":[707.807373,-230.739975,53.3738899],"annotation":"OBSTACLES","isRenderEnabled":false,"shapeName":"/levels/east_coast_usa/art/shapes/clutter/clutter_city_bin_round.dae"}
{"name":"bracket_long34","class":"TSStatic","persistentId":"8aa59280-08b9-41ba-9ec1-3f935369f72c","__parent":"clutter","position":[722.352173,-121.261833,57.3849983],"isRenderEnabled":false,"rotationMatrix":[0.999970555,0.00767899398,0,-0.00767899398,0.999970555,0,0,0,1],"shapeName":"/levels/east_coast_usa/art/shapes/buildings/eca_comsign_mountingbracket_long.dae"}
{"class":"TSStatic","persistentId":"8f3f512b-3d63-4fa6-a9ec-cab0b3054b42","__parent":"clutter","position":[724.155823,-216.968033,53.2951813],"annotation":"OBSTACLES","isRenderEnabled":false,"rotationMatrix":[-0.719316542,-0.694682598,0,0.694682598,-0.719316542,0,0,0,1],"shapeName":"/levels/east_coast_usa/art/shapes/clutter/clutter_city_bollard_concrete.dae"}
{"class":"TSStatic","persistentId":"912ea701-c827-48d6-be23-96c59377d5ac","__parent":"clutter","position":[680.537659,-217.050354,53.3401184],"annotation":"OBSTACLES","isRenderEnabled":false,"rotationMatrix":[0.657815397,0.753179669,0,-0.753179669,0.657815397,0,0,0,1],"shapeName":"/levels/east_coast_usa/art/shapes/clutter/clutter_city_bench_wood.dae"}
{"class":"TSStatic","persistentId":"95c8fb35-927f-4457-85a1-91c02a457ea0","__parent":"clutter","position":[709.214661,-212.884384,53.2951813],"annotation":"OBSTACLES","isRenderEnabled":false,"rotationMatrix":[-0.424155951,0.905588269,0,-0.905588269,-0.424155951,0,0,0,1],"shapeName":"/levels/east_coast_usa/art/shapes/clutter/clutter_city_bollard_concrete.dae"}
{"class":"TSStatic","persistentId":"9900ae79-68ce-4a0a-bea8-50f8578fc13b","__parent":"clutter","position":[703.872742,-229.45047,53.3397293],"annotation":"OBSTACLES","isRenderEnabled":false,"rotationMatrix":[-0.719896019,0.694082141,0,-0.694082141,-0.719896019,0,0,0,1],"shapeName":"/levels/east_coast_usa/art/shapes/clutter/clutter_city_bench_wood.dae"}
{"class":"TSStatic","persistentId":"a055ddd2-8b01-4c6b-8ca7-081c6fb8f8fb","__parent":"clutter","position":[635.941223,-143.762527,53.2972107],"annotation":"OBSTACLES","isRenderEnabled":false,"rotationMatrix":[0.620849013,0.783930242,0,-0.783930242,0.620848954,0,0,0,1],"shapeName":"/levels/east_coast_usa/art/shapes/clutter/clutter_city_chalkboard_sign.dae"}
{"name":"sign_bakery","class":"TSStatic","persistentId":"a3786b36-dc1c-4cfd-804f-efe72354629c","__parent":"clutter","position":[654.847046,-160.569611,56.0267715],"isRenderEnabled":false,"rotationMatrix":[0.707106829,0.707106769,0,-0.707106769,0.707106829,0,0,0,1],"shapeName":"/levels/east_coast_usa/art/shapes/buildings/eca_comsign_bakery.dae"}
{"class":"TSStatic","persistentId":"aa48b83a-0d71-4e0a-a91a-ef4741257be7","__parent":"clutter","position":[764.359253,-271.489563,53.4991875],"annotation":"OBSTACLES","isRenderEnabled":false,"rotationMatrix":[0.449960709,-0.893048108,0,0.893048108,0.449960709,0,0,0,1],"shapeName":"/levels/east_coast_usa/art/shapes/clutter/clutter_city_bench_wood.dae"}
{"class":"TSStatic","persistentId":"aeff972e-5a0d-42f1-957c-743939f0a339","__parent":"clutter","position":[765.525513,-273.925568,53.4991875],"annotation":"OBSTACLES","isRenderEnabled":false,"rotationMatrix":[0.421619713,-0.906772435,0,0.906772435,0.421619713,0,0,0,1],"shapeName":"/levels/east_coast_usa/art/shapes/clutter/clutter_city_bench_wood.dae"}
{"class":"TSStatic","persistentId":"b258928e-96a3-4b4d-98ec-dbcd8067b0f1","__parent":"clutter","position":[679.481995,-129.224014,54.1212349],"isRenderEnabled":false,"rotationMatrix":[0.657314539,0.753613353,0,-0.753613353,0.657314539,0,0,0,1],"shapeName":"/levels/east_coast_usa/art/shapes/buildings/eca_comsign_bakery.dae"}
{"class":"TSStatic","persistentId":"b98de9d7-c0d4-4628-b195-580fefcf89ea","__parent":"clutter","position":[674.092285,-177.397568,54.7369003],"isRenderEnabled":false,"rotationMatrix":[0.735465646,-0.677561164,0,0.677561164,0.735465646,0,0,0,1],"shapeName":"/levels/east_coast_usa/art/shapes/buildings/eca_comsign_poster_lease.dae"}
{"name":"sign_fish","class":"TSStatic","persistentId":"bc0c9f7b-b47b-47ea-b240-4027207b0095","__parent":"clutter","position":[781.925842,-405.510681,54.6291466],"isRenderEnabled":false,"shapeName":"/levels/east_coast_usa/art/shapes/buildings/eca_comsign_fish.dae"}
{"class":"TSStatic","persistentId":"beb84d4a-6f2b-4303-9ddc-28a33aa99826","__parent":"clutter","position":[713.621765,-180.000504,53.1831512],"annotation":"OBSTACLES","decalType":"None","isRenderEnabled":false,"rotationMatrix":[0.999934196,-0.0114709698,0,0.0114709698,0.999934196,0,0,0,1],"shapeName":"/levels/east_coast_usa/art/shapes/clutter/clutter_city_bike_stand.dae"}
{"class":"TSStatic","persistentId":"bfd319cb-d1eb-43ae-bac7-a6eadf3b3585","__parent":"clutter","position":[650.263184,-179.342361,53.3380547],"annotation":"OBSTACLES","isRenderEnabled":false,"rotationMatrix":[-0.725434899,0.688290596,0,-0.688290596,-0.725434899,0,0,0,1],"shapeName":"/levels/east_coast_usa/art/shapes/clutter/clutter_city_bench_wood.dae"}
{"class":"TSStatic","persistentId":"c12c988e-f557-404b-9e4f-a11328749853","__parent":"clutter","position":[719.111511,-222.060181,53.2951813],"annotation":"OBSTACLES","isRenderEnabled":false,"rotationMatrix":[-0.424155951,0.905588269,0,-0.905588269,-0.424155951,0,0,0,1],"shapeName":"/levels/east_coast_usa/art/shapes/clutter/clutter_city_bollard_concrete.dae"}
{"class":"TSStatic","persistentId":"c14df6a1-7739-4b35-8547-1df0f4f68ed7","__parent":"clutter","position":[691.018555,-226.055634,56.1115265],"isRenderEnabled":false,"rotationMatrix":[-0.742643416,0.669687212,0,-0.669687212,-0.742643356,0,0,0,1],"shapeName":"/levels/east_coast_usa/art/shapes/buildings/eca_comsign_mountingbracket_long.dae"}
{"class":"TSStatic","persistentId":"c3141395-6866-4837-ab80-db135bc81c61","__parent":"clutter","position":[622.61731,-132.219376,57.3417587],"isRenderEnabled":false,"rotationMatrix":[-0.70710665,-0.707106471,0,0.707106471,-0.70710665,0,0,0,1],"shapeName":"/levels/east_coast_usa/art/shapes/buildings/eca_comsign_mountingbracket.dae"}
{"class":"TSStatic","persistentId":"c64d31ae-f7a5-4d7d-aec6-276f01f6c84a","__parent":"clutter","position":[711.205078,-236.161957,53.3463364],"annotation":"OBSTACLES","isRenderEnabled":false,"rotationMatrix":[0.730888069,0.682495773,0,-0.682495773,0.730888069,0,0,0,1],"shapeName":"/levels/east_coast_usa/art/shapes/clutter/clutter_city_chalkboard_sign.dae"}
{"class":"TSStatic","persistentId":"c66b2d42-4eb5-4561-950e-cf6cf51d47ec","__parent":"clutter","position":[658.669556,-107.278557,51.3391495],"annotation":"OBSTACLES","isRenderEnabled":false,"rotationMatrix":[-0.794218659,-0.607630253,0,0.607630253,-0.794218659,0,0,0,1],"shapeName":"/levels/east_coast_usa/art/shapes/clutter/clutter_city_chalkboard_sign.dae"}
{"class":"TSStatic","persistentId":"ca47d51b-3183-4935-b626-57ca94af2c9a","__parent":"clutter","position":[684.008301,-213.427979,53.3401184],"annotation":"OBSTACLES","isRenderEnabled":false,"rotationMatrix":[0.687701166,0.725994408,0,-0.725994408,0.687701166,0,0,0,1],"shapeName":"/levels/east_coast_usa/art/shapes/clutter/clutter_city_bench_wood.dae"}
{"class":"TSStatic","persistentId":"cee03a3c-2448-4ca6-9823-08e7bb42cd4e","__parent":"clutter","position":[569.26416,-61.2334862,52.9477501],"isRenderEnabled":false,"rotationMatrix":[-0.707106531,0.70710659,0,-0.70710659,-0.707106531,0,0,0,1],"shapeName":"/levels/east_coast_usa/art/shapes/buildings/eca_BBQ.DAE"}
{"class":"TSStatic","persistentId":"d0a979a8-9c4f-45b9-943c-ed2baedc8003","__parent":"clutter","position":[573.759827,19.8110371,53.180069],"isRenderEnabled":false,"rotationMatrix":[0.707106471,-0.707106531,0,0.707106531,0.707106471,0,0,0,1],"shapeName":"/levels/east_coast_usa/art/shapes/buildings/eca_BBQ.DAE"}
{"class":"TSStatic","persistentId":"d64020e6-b41b-4e00-aed9-74f1e3acffec","__parent":"clutter","position":[634.021057,-142.336136,55.5587196],"isRenderEnabled":false,"rotationMatrix":[-0.706606507,-0.707606733,0,0.707606733,-0.706606507,0,0,0,1],"shapeName":"/levels/east_coast_usa/art/shapes/buildings/eca_comsign_cafe.dae"}
{"class":"TSStatic","persistentId":"d9912387-c78d-4215-9345-87c2b8e0c7be","__parent":"clutter","position":[763.173035,-269.061829,53.4991875],"annotation":"OBSTACLES","isRenderEnabled":false,"rotationMatrix":[0.449960709,-0.893048108,0,0.893048108,0.449960709,0,0,0,1],"shapeName":"/levels/east_coast_usa/art/shapes/clutter/clutter_city_bench_wood.dae"}
{"name":"bracket_long2","class":"TSStatic","persistentId":"daf396dd-dfe6-4afc-9fb8-71f17d37a8d8","__parent":"clutter","position":[739.416077,-460.518311,56.7197151],"isRenderEnabled":false,"rotationMatrix":[-2.08616257e-07,1,0,-1,-2.08616257e-07,0,0,0,1],"shapeName":"/levels/east_coast_usa/art/shapes/buildings/eca_comsign_mountingbracket_long.dae"}
{"class":"TSStatic","persistentId":"dc2f600a-304b-4675-8ba2-d541c0978b8d","__parent":"clutter","position":[711.719238,-215.211914,53.2951813],"annotation":"OBSTACLES","isRenderEnabled":false,"shapeName":"/levels/east_coast_usa/art/shapes/clutter/clutter_city_bollard_concrete.dae"}
{"class":"TSStatic","persistentId":"e01c702a-9f33-426c-a987-f92c784a9efc","__parent":"clutter","position":[723.813416,-219.861023,53.2951813],"annotation":"OBSTACLES","isRenderEnabled":false,"rotationMatrix":[-0.962284505,0.272044986,0,-0.272044986,-0.962284505,0,0,0,1],"shapeName":"/levels/east_coast_usa/art/shapes/clutter/clutter_city_bollard_concrete.dae"}
{"name":"sign_bracket","class":"TSStatic","persistentId":"e394eecf-1628-4eb0-9f18-ac5d6edc40b8","__parent":"clutter","position":[782.216064,-405.501831,55.2301521],"isRenderEnabled":false,"rotationMatrix":[-0.999999583,-5.96046448e-08,0,5.96046448e-08,-0.999999583,0,0,0,1],"shapeName":"/levels/east_coast_usa/art/shapes/buildings/eca_comsign_mountingbracket.dae"}
{"class":"TSStatic","persistentId":"e4a05c74-b061-41f5-b366-fdc68157c156","__parent":"clutter","position":[636.889526,-80.0124283,56.9914093],"isRenderEnabled":false,"rotationMatrix":[0.612312496,-0.790615618,0,0.790615618,0.612312496,0,0,0,1],"scale":[2.56277084,2.56277084,2.56277084],"shapeName":"/levels/east_coast_usa/art/shapes/buildings/eca_comsign_bank.dae"}
{"name":"cafe","class":"TSStatic","persistentId":"e4f6ff1a-1ce1-4899-8b9e-85e21734327a","__parent":"clutter","position":[722.96637,-121.266701,57.0431557],"isRenderEnabled":false,"rotationMatrix":[0.999970555,0.00767899398,0,-0.00767899398,0.999970555,0,0,0,1],"shapeName":"/levels/east_coast_usa/art/shapes/buildings/eca_comsign_cafe.dae"}
{"class":"TSStatic","persistentId":"e51ff86f-73fc-40e8-876a-5fc514e14b9b","__parent":"clutter","position":[714.294495,-217.573349,53.2951813],"annotation":"OBSTACLES","isRenderEnabled":false,"rotationMatrix":[-0.854891002,-0.518807173,0,0.518807173,-0.854891002,0,0,0,1],"shapeName":"/levels/east_coast_usa/art/shapes/clutter/clutter_city_bollard_concrete.dae"}
{"class":"TSStatic","persistentId":"e5b71b79-81c0-4ff0-a51e-1ad4fdba8849","__parent":"clutter","position":[716.690796,-219.764877,53.2951813],"annotation":"OBSTACLES","isRenderEnabled":false,"rotationMatrix":[-0.624707282,0.780858636,0,-0.780858636,-0.624707282,0,0,0,1],"shapeName":"/levels/east_coast_usa/art/shapes/clutter/clutter_city_bollard_concrete.dae"}
{"class":"TSStatic","persistentId":"ea1d6a61-fc7f-4265-a26e-9bce3175aa77","__parent":"clutter","position":[670.990479,-198.472687,53.334137],"annotation":"OBSTACLES","isRenderEnabled":false,"rotationMatrix":[-0.645081282,-0.764112651,0,0.764112651,-0.645081282,0,0,0,1],"shapeName":"/levels/east_coast_usa/art/shapes/clutter/clutter_city_chalkboard_sign.dae"}
{"name":"bracket_long3","class":"TSStatic","persistentId":"ec4ecd66-891e-4ef7-9734-2eee7da5e2aa","__parent":"clutter","position":[659.469971,-108.70739,54.4643555],"isRenderEnabled":false,"rotationMatrix":[0.866025448,0.49999994,0,-0.49999994,0.866025448,0,0,0,1],"shapeName":"/levels/east_coast_usa/art/shapes/buildings/eca_comsign_mountingbracket_long.dae"}
{"class":"TSStatic","persistentId":"ee2cdd3a-4b54-4683-8ec9-603f90184ad5","__parent":"clutter","position":[740.259155,-219.655029,54.9662514],"isRenderEnabled":false,"rotationMatrix":[-2.98023224e-08,1,0,-1,-2.98023224e-08,0,0,0,1],"shapeName":"/levels/east_coast_usa/art/shapes/buildings/eca_comsign_poster_movie.dae"}
{"class":"TSStatic","persistentId":"f4608d76-a550-4557-b71e-0994fa7d0cf5","__parent":"clutter","position":[760.222839,-336.507812,56.6700058],"isRenderEnabled":false,"rotationMatrix":[0.998922229,0.0464178398,0,-0.0464178361,0.998922169,0,0,0,1],"shapeName":"/levels/east_coast_usa/art/shapes/buildings/eca_comsign_mountingbracket_long.dae"}
{"name":"sign_jewellers","class":"TSStatic","persistentId":"ff832dee-2f3a-4886-9ea6-232caff8a3b4","__parent":"clutter","position":[777.434204,-330.725342,56.5755005],"isRenderEnabled":false,"shapeName":"/levels/east_coast_usa/art/shapes/buildings/eca_comsign_jewelery.dae"}
{"class":"Prefab","persistentId":"06464113-9bd8-436d-b226-7a4387861607","__parent":"clutter","position":[650.490417,-96.8420486,51.3096809],"filename":"levels/east_coast_usa/art/prefabs/mailboxes.prefab","rotationMatrix":[-0.990507007,0.13746272,0,-0.13746272,-0.990507007,0,0,0,1]}
{"class":"Prefab","persistentId":"2d9687e1-6d10-4a39-8e25-9a37b8ba408d","__parent":"clutter","position":[613.62854,-125.039513,53.306633],"filename":"levels/east_coast_usa/art/prefabs/mailboxes.prefab","rotationMatrix":[-0.993037701,-0.117795289,0,0.117795289,-0.993037701,0,0,0,1]}
{"class":"Prefab","persistentId":"2e66de90-346b-43b7-a6ea-8844689d5c8d","__parent":"clutter","position":[620.738037,-131.479263,53.3331604],"filename":"levels/east_coast_usa/art/prefabs/cafe_tables_small.prefab","rotationMatrix":[0.997962534,0.0638018847,0,-0.0638018847,0.997962534,0,0,0,1]}
{"class":"Prefab","persistentId":"34036438-23c5-4dd5-bf63-d756904ecef0","__parent":"clutter","position":[706.298035,-229.420212,53.3482437],"filename":"levels/east_coast_usa/art/prefabs/mailboxes.prefab"}
{"class":"Prefab","persistentId":"4de6b569-2042-4a2d-8ae0-5d133ccbcb30","__parent":"clutter","position":[628.844055,-181.255127,53.45224],"filename":"levels/east_coast_usa/art/prefabs/mailboxes.prefab","rotationMatrix":[-0.999953687,-0.00960318372,0,0.00960318372,-0.999953687,0,0,0,1]}
{"class":"Prefab","persistentId":"72b02c12-2785-45fe-b304-304ff177454b","__parent":"clutter","position":[759.917053,-264.189148,53.3921394],"filename":"levels/east_coast_usa/art/prefabs/cafe_tables_small.prefab","rotationMatrix":[0.978605628,-0.205743924,0,0.205743924,0.978605628,0,0,0,1]}
{"class":"Prefab","persistentId":"75b52316-6247-40d5-aefd-0daa484c5871","__parent":"clutter","position":[625.054565,-135.024963,53.3331604],"filename":"levels/east_coast_usa/art/prefabs/cafe_tables_small.prefab","rotationMatrix":[0.997962534,0.0638018847,0,-0.0638018847,0.997962534,0,0,0,1]}
{"class":"Prefab","persistentId":"7b2ca719-1bb7-4e07-af67-4b4d86e88ce7","__parent":"clutter","position":[568.490051,-87.3218689,53.3245125],"filename":"levels/east_coast_usa/art/prefabs/cafe_tables_small.prefab","rotationMatrix":[0.98511678,0.171881497,0,-0.171881497,0.98511678,0,0,0,1]}
{"class":"Prefab","persistentId":"9798d89f-5134-43f9-94b8-e13100d09f9e","__parent":"clutter","position":[755.898193,-258.795441,53.3921394],"annotation":"OBSTACLES","filename":"levels/east_coast_usa/art/prefabs/cafe_tables_small.prefab","rotationMatrix":[0.996820688,-0.0796744823,0,0.0796744823,0.996820688,0,0,0,1]}
{"class":"Prefab","persistentId":"c56102f5-0853-408a-a51a-37e61148f848","__parent":"clutter","position":[732.35437,-442.408478,53.3440742],"filename":"levels/east_coast_usa/art/prefabs/mailboxes.prefab","rotationMatrix":[-0.758648872,-0.651500285,0,0.651500285,-0.758648872,0,0,0,1]}
{"class":"Prefab","persistentId":"d0be2099-a6bb-4b42-b74a-0fb40e59cf6b","__parent":"clutter","position":[617.698608,-128.868622,53.3331604],"filename":"levels/east_coast_usa/art/prefabs/cafe_tables_small.prefab","rotationMatrix":[0.997962534,0.0638018847,0,-0.0638018847,0.997962534,0,0,0,1]}
{"class":"Prefab","persistentId":"e31554cb-687f-4c4b-a65f-3a53f5b356c9","__parent":"clutter","position":[726.446838,-250.205093,53.3257904],"filename":"levels/east_coast_usa/art/prefabs/cafe_tables.prefab"}
{"class":"Prefab","persistentId":"f0705a42-ceaa-44a4-aa57-c4717ce2d56c","__parent":"clutter","position":[574.886353,-93.154274,53.3245125],"filename":"levels/east_coast_usa/art/prefabs/cafe_tables_small.prefab","rotationMatrix":[0.996845901,0.0793495327,0,-0.0793495327,0.996845901,0,0,0,1]}
{"class":"Prefab","persistentId":"fc077336-2238-4df4-817d-ece36c7a55c7","__parent":"clutter","position":[719.097839,-242.80072,53.3252831],"filename":"levels/east_coast_usa/art/prefabs/cafe_tables.prefab"}
