{
  "type":"beamlr",
  "apps":[
    {
      "appName":"messages",
      "placement":{
        "bottom":"",
        "height":"420px",
        "left":"",
        "position":"absolute",
        "right":"200px",
        "top":"0px",
        "width":"490px"
      }
    },
    {
      "appName":"raceTime",
      "placement":{
        "bottom":"",
        "height":"80px",
        "left":"",
        "position":"absolute",
        "right":"0px",
        "top":"0px",
        "width":"150px"
      }
    },
    {
      "appName":"raceLaps",
      "placement":{
        "bottom":"",
        "height":"40px",
        "left":"",
        "position":"absolute",
        "right":"0px",
        "top":"120px",
        "width":"150px"
      }
    },
    {
      "appName":"raceCheckpoints",
      "placement":{
        "bottom":"",
        "height":"40px",
        "left":"",
        "position":"absolute",
        "right":"0px",
        "top":"80px",
        "width":"150px"
      }
    },
    {
      "appName":"tacho2",
      "placement":{
        "width":"300px",
        "bottom":"20px",
        "height":"300px",
        "right":"20px"
      },
      "settings":{
        "noCockpit":true
      }
    },
    {
      "appName":"forcedInduction",
      "placement":{
        "width":"150px",
        "bottom":"320px",
        "height":"150px",
        "right":"20px"
      },
      "settings":{
        "noCockpit":true
      }
    },
    {
      "appName":"raceCountdown",
      "placement":{
        "height":"160px",
        "left":"0px",
        "margin":"auto",
        "right":"0px",
        "top":"220px",
        "width":"900px"
      }
    },
    {
      "appName":"raceRealtimeDisplay",
      "placement":{
        "bottom":"",
        "height":"160px",
        "left":0,
        "margin":"auto",
        "position":"absolute",
        "right":0,
        "top":"205px",
        "width":"1000px"
      }
    },
    {
      "appName":"simplePowertrainControl",
      "placement":{
        "bottom":"0px",
        "height":"170px",
        "left":"",
        "position":"absolute",
        "right":"260px",
        "top":"",
        "width":"230px"
      },
      "settings":{
        "noCockpit":true
      }
    },
    {
      "appName":"damageApp",
      "placement":{
        "bottom":"0px",
        "height":"320px",
        "left":"0px",
        "position":"absolute",
        "right":"",
        "top":"",
        "width":"180px"
      }
    },
    {
      "appName":"characterRealtimeDisplay",
      "placement":{
        "bottom":"65px",
        "height":"160px",
        "left":0,
        "margin":"auto",
        "position":"absolute",
        "right":0,
        "top":"",
        "width":"400px"
      }
    },
    {
      "appName":"testapp",
      "placement":{
        "bottom":"",
        "height":"500px",
        "left":0,
        "margin":"auto",
        "position":"absolute",
        "right":0,
        "top":"0px",
        "width":"500px"
      }
    },
    {
      "appName":"beamlrui",
      "placement":{
        "bottom":"",
        "height":"500px",
        "left":0,
        "margin":"auto",
        "position":"absolute",
        "right":0,
        "top":"0px",
        "width":"500px"
      }
    }
  ],
  "description":"BeamLR UI Layout",
  "title":"BeamLR"
}