{"name":"blrwp_topshopintersect","class":"BeamNGWaypoint","persistentId":"ea2c76ac-d392-469a-b8e5-a8d66e1d9840","__parent":"BLRWaypoints","position":[-748.750732,-41.8596344,297.125244],"scale":[3.63242197,3.63242197,3.63242197]}
{"name":"blrwp_offroad2cp5","class":"BeamNGWaypoint","persistentId":"89ed8f53-0566-4284-aa60-14676ebae267","__parent":"BLRWaypoints","position":[-112.347649,-706.544983,112.622833],"scale":[1.82792974,1.82792974,1.82792974]}
{"name":"blrwp_offroad2A2cp4","class":"BeamNGWaypoint","persistentId":"118069e1-61da-46f6-9b85-7232f7deae05","__parent":"BLRWaypoints","position":[458.922882,-835.040039,136.988754],"scale":[2.55683613,2.55683613,2.55683613]}
{"name":"blrwp_offroad2Acp4","class":"BeamNGWaypoint","persistentId":"b5efd9d2-be4f-4396-8177-bcec40a3f446","__parent":"BLRWaypoints","position":[310.072784,-678.293518,117.517235],"scale":[2.53476572,2.53476572,2.53476572]}
{"name":"blrwp_mgm_caravan","class":"BeamNGWaypoint","persistentId":"5ded9272-b443-4325-b173-2ef4d7829349","__parent":"BLRWaypoints","position":[636.6427,-516.997253,135.204559]}
{"name":"blrwp_offroadcp1","class":"BeamNGWaypoint","persistentId":"be5e3297-dc98-4678-9898-cb8ea207253f","__parent":"BLRWaypoints","position":[394.171753,175.08812,148.526535],"scale":[2.09975576,2.09975576,2.09975576]}
{"name":"blrwp_highwayexit","class":"BeamNGWaypoint","persistentId":"2dfd0b6b-eff4-4bf1-afaf-a6b8a88a08cc","__parent":"BLRWaypoints","position":[-333.595276,-875.200684,132.757523],"scale":[2.6876955,2.6876955,2.6876955]}
{"name":"blrwp_airfield","class":"BeamNGWaypoint","persistentId":"150af8b0-4844-41e3-a6aa-383a50968e08","__parent":"BLRWaypoints","position":[-344.366516,-551.639282,129.686615],"scale":[2.96560097,2.96560097,2.96560097]}
{"name":"blrwp_topshops","class":"BeamNGWaypoint","persistentId":"01fc9d0c-c155-4951-b5b2-c96726ce340c","__parent":"BLRWaypoints","position":[-779.840149,-106.313828,296.484009],"scale":[3.76860332,3.76860332,3.76860332]}
{"name":"blrwp_raceend","class":"BeamNGWaypoint","persistentId":"56f9c191-7929-4be1-b71c-ea46d5aa337b","__parent":"BLRWaypoints","position":[781.764282,-666.5177,147.921234],"scale":[3.23740864,3.23740864,3.23740864]}
{"name":"blrwp_busstop","class":"BeamNGWaypoint","persistentId":"a93ebb60-47e0-4e6c-98d5-41a9df4f79a6","__parent":"BLRWaypoints","position":[-600.34259,-630.779968,162.915482],"scale":[2.76381826,2.76381826,2.76381826]}
{"name":"blrwp_airfieldis","class":"BeamNGWaypoint","persistentId":"c59d7bf6-1582-4401-bcea-a22bf2d2e5ea","__parent":"BLRWaypoints","position":[-334.574921,-436.34079,133.248505],"scale":[2.19951177,2.19951177,2.19951177]}
{"name":"blrwp_roadtoair","class":"BeamNGWaypoint","persistentId":"ba324c46-d886-45d0-9f69-c8f564f08e9c","__parent":"BLRWaypoints","position":[124.46595,-726.354736,128.422546],"scale":[2.17924857,2.17924857,2.17924857]}
{"name":"blrwp_caravanareaentrance","class":"BeamNGWaypoint","persistentId":"dbd940e1-e1aa-48fc-9eed-866fde07cf3e","__parent":"BLRWaypoints","position":[561.192932,-541.273315,134.344574],"scale":[2.82138443,2.82138443,2.82138443]}
{"name":"blrwp_rangercabin","class":"BeamNGWaypoint","persistentId":"112023a0-27f3-4c3f-830f-22e09b8b0d39","__parent":"BLRWaypoints","position":[118.176231,-1.46230125,171.261322],"scale":[2.00133061,2.00133061,2.00133061]}
{"name":"blrwp_offroadcp2","class":"BeamNGWaypoint","persistentId":"70893167-5bc4-4de1-9143-f73d240d33d5","__parent":"BLRWaypoints","position":[224.196121,-96.7562027,149.10022],"scale":[3.01785898,3.01785898,3.01785898]}
{"name":"blrwp_mgm_construction","class":"BeamNGWaypoint","persistentId":"e7c892ad-9431-4e71-9055-4b75487276cf","__parent":"BLRWaypoints","position":[-893.349731,615.546753,263.854401]}
{"name":"blrwp_cgm_jump","class":"BeamNGWaypoint","persistentId":"b3d5dfa8-8d73-4489-8a35-a15796e52c9d","__parent":"BLRWaypoints","position":[472.446075,256.569305,170.84491]}
{"name":"blrwp_offroad2Acp3","class":"BeamNGWaypoint","persistentId":"a99b4cc5-4a5f-45ca-9dd4-cbc40629cb28","__parent":"BLRWaypoints","position":[546.324341,-735.668091,124.569092]}
{"name":"blrwp_offroad2cp2","class":"BeamNGWaypoint","persistentId":"1fb2b981-bd64-4382-a2b0-54f3fe217089","__parent":"BLRWaypoints","position":[768.925781,-449.378662,125.570312],"scale":[2.47939444,2.47939444,2.47939444]}
{"name":"blrwp_offroad2cp1","class":"BeamNGWaypoint","persistentId":"4f920674-b076-4b2b-847e-21616bc89cd6","__parent":"BLRWaypoints","position":[570.350403,107.510399,134.036026],"scale":[2.67153311,2.67153311,2.67153311]}
{"name":"blrwp_offroadhighwayfinish","class":"BeamNGWaypoint","persistentId":"230a3d67-bad3-4c4a-8e8e-8e290e96eb71","__parent":"BLRWaypoints","position":[-286.112915,-876.91333,129.652145],"scale":[2.32021475,2.32021475,2.32021475]}
{"name":"blrwp_offroad2Bcp3","class":"BeamNGWaypoint","persistentId":"75ec2422-2d9a-4fbf-9619-36e76e5f3e6d","__parent":"BLRWaypoints","position":[421.430542,-600.487488,126.121162],"scale":[3.023242,3.023242,3.023242]}
{"name":"blrwp_roadtoairB","class":"BeamNGWaypoint","persistentId":"3fef5d50-8fa7-49fb-b9c1-0306e78ffadb","__parent":"BLRWaypoints","position":[113.258049,-735.884766,129.052658],"scale":[2.17924857,2.17924857,2.17924857]}
{"name":"blrwp_airfieldisB","class":"BeamNGWaypoint","persistentId":"a2c3940f-ea81-4fd7-b0c0-c5322298b197","__parent":"BLRWaypoints","position":[-328.03772,-426.568298,133.248505],"scale":[2.19951177,2.19951177,2.19951177]}
{"name":"blrwp_offroadcp1B","class":"BeamNGWaypoint","persistentId":"5ac8134c-ea72-4107-8f40-e7aba3da21e0","__parent":"BLRWaypoints","position":[413.65451,167.244064,148.526535],"scale":[2.09975576,2.09975576,2.09975576]}
{"name":"blrwp_offroad2cp6","class":"BeamNGWaypoint","persistentId":"76647ad3-a0c5-44b0-9fa7-dd69439725b6","__parent":"BLRWaypoints","position":[-536.447937,-778.527161,103.323166],"scale":[2.61650395,2.61650395,2.61650395]}
{"name":"blrwp_offroadhighwayfarend","class":"BeamNGWaypoint","persistentId":"3ec81b33-38c8-4ca2-b555-d8ef4d28f622","__parent":"BLRWaypoints","position":[-816.525085,-900.37616,135.607834],"scale":[2.43188477,2.43188477,2.43188477]}
{"name":"blrwp_curvyroadcp1","class":"BeamNGWaypoint","persistentId":"93ae9a82-7c77-4fc5-b401-f105dca3092f","__parent":"BLRWaypoints","position":[-25.2150135,-178.760681,139.132187],"scale":[3.20935059,3.20935059,3.20935059]}
{"name":"blrwp_curvyroadcp2","class":"BeamNGWaypoint","persistentId":"b0b8d596-8f9c-433c-b167-d7495b48826b","__parent":"BLRWaypoints","position":[452.749695,219.344528,160.201584],"scale":[2.69833994,2.69833994,2.69833994]}
{"name":"blrwp_nearshopcp1","class":"BeamNGWaypoint","persistentId":"129e16cf-dd56-428e-a4c0-395aa18d92f0","__parent":"BLRWaypoints","position":[754.731506,141.131058,146.575684],"scale":[2.91357422,2.91357422,2.91357422]}
{"name":"blrwp_puredragfinish","class":"BeamNGWaypoint","persistentId":"10b22b47-9f8e-445d-975b-03c7f179356f","__parent":"BLRWaypoints","position":[52.3210983,-937.06134,141.800003],"scale":[1.98525381,1.98525381,1.98525381]}
{"name":"blrwp_constructioncp1","class":"BeamNGWaypoint","persistentId":"4241a988-b693-428e-889f-b03e65b53d44","__parent":"BLRWaypoints","position":[-921.634521,245.893341,258.831543],"scale":[3.33374023,3.33374023,3.33374023]}
{"name":"blrwp_constructioncp2","class":"BeamNGWaypoint","persistentId":"eb3e8e44-b395-4f72-b82c-2a3689932ed0","__parent":"BLRWaypoints","position":[-588.448242,855.200684,267.879028],"scale":[2.60195303,2.60195303,2.60195303]}
{"name":"blrwp_constructioncp3","class":"BeamNGWaypoint","persistentId":"5e3f1d39-f0f3-44ba-a3b4-23e7a19a51b9","__parent":"BLRWaypoints","position":[77.3330536,681.514709,261.078857],"scale":[2.43730474,2.43730474,2.43730474]}
{"name":"blrwp_constructioncp4","class":"BeamNGWaypoint","persistentId":"371346c8-cf6a-41f6-b357-1d53ab869086","__parent":"BLRWaypoints","position":[774.023071,955.825806,259.896637],"scale":[2.62309575,2.62309575,2.62309575]}
{"name":"blrwp_constructioncp6","class":"BeamNGWaypoint","persistentId":"6a4033af-623f-4d22-b69f-5942dd61c923","__parent":"BLRWaypoints","position":[410.958923,427.828827,177.377289],"scale":[2.62426758,2.62426758,2.62426758]}
