{"name":"RaceTrigger_TrackBCP1","class":"BeamNGTrigger","persistentId":"f1e3a7c5-9959-4612-9e7b-773593597d2a","__parent":"triggers","position":[-1499.72974,-2421.9541,433.874237],"luaFunction":"onBeamNGTrigger","rotationMatrix":[0.801618695,0.5978356,0,-0.5978356,0.801618695,0,0,0,1],"scale":[6.51009846,21.0433941,5.1748538],"triggerMode":"Overlaps","triggerTestType":"Bounding box"}
{"name":"RaceTrigger_TrackBCP2","class":"BeamNGTrigger","persistentId":"b9c6c00e-931e-465f-8257-3ab74f065c41","__parent":"triggers","position":[-1594.64526,-2398.42676,430.3591],"luaFunction":"onBeamNGTrigger","rotationMatrix":[0.534100175,0.845421135,0,-0.845421135,0.534100175,0,0,0,1],"scale":[6.51009846,21.0433941,8.43491173],"triggerMode":"Overlaps","triggerTestType":"Bounding box"}
{"name":"RaceTrigger_TrackBCP3","class":"BeamNGTrigger","persistentId":"18843112-f35d-45ba-82a3-c84841735ac8","__parent":"triggers","position":[-1743.46594,-2382.61841,425.906891],"luaFunction":"onBeamNGTrigger","rotationMatrix":[0.999876022,-0.0157468617,0,0.0157468617,0.999876022,0,0,0,1],"scale":[6.51009846,21.0433941,8.43491173],"triggerMode":"Overlaps","triggerTestType":"Bounding box"}
{"name":"RaceTrigger_TrackBCP4","class":"BeamNGTrigger","persistentId":"f156fda3-baa6-41a3-87d5-e5c15c2f6944","__parent":"triggers","position":[-1774.43372,-2792.15259,424.305176],"luaFunction":"onBeamNGTrigger","rotationMatrix":[0.307864726,0.951430082,0,-0.951430082,0.307864726,0,0,0,1],"scale":[6.51009846,21.0433941,8.43491173],"triggerMode":"Overlaps","triggerTestType":"Bounding box"}
{"name":"RaceTrigger_TrackBCP5","class":"BeamNGTrigger","persistentId":"dfb758d6-9f64-4066-93ac-71d834f098b3","__parent":"triggers","position":[-1879.5177,-3133.60376,397.156342],"luaFunction":"onBeamNGTrigger","rotationMatrix":[0.791138291,0.611637235,0,-0.611637235,0.791138291,0,0,0,1],"scale":[6.51009846,21.0433941,8.43491173],"triggerMode":"Overlaps","triggerTestType":"Bounding box"}
{"name":"RaceTrigger_TrackBCP6","class":"BeamNGTrigger","persistentId":"296752c3-8acd-4c50-a9bc-4b97983306f0","__parent":"triggers","position":[-1883.91211,-2991.54736,409.361511],"luaFunction":"onBeamNGTrigger","rotationMatrix":[-0.334402919,0.942430258,0,-0.942430258,-0.334402919,0,0,0,1],"scale":[6.51009846,21.0433941,8.43491173],"triggerMode":"Overlaps","triggerTestType":"Bounding box"}
{"name":"RaceTrigger_TrackBCP7","class":"BeamNGTrigger","persistentId":"05e72bef-7207-4c6b-a4ef-1db010119b70","__parent":"triggers","position":[-1846.05261,-2474.47046,428.778961],"luaFunction":"onBeamNGTrigger","rotationMatrix":[-0.918813348,0.394692034,0,-0.394692034,-0.918813348,0,0,0,1],"scale":[6.51009846,21.0433941,8.43491173],"triggerMode":"Overlaps","triggerTestType":"Bounding box"}
{"name":"RaceTrigger_TrackBCP8","class":"BeamNGTrigger","persistentId":"ea7057d3-fa43-46a0-ae2a-f54f97bbaaa6","__parent":"triggers","position":[-1256.90552,-1918.7605,430.350464],"luaFunction":"onBeamNGTrigger","rotationMatrix":[-0.145405173,0.989372134,-1.86264515e-09,-0.987586141,-0.145142794,-0.0600593165,-0.0594210178,-0.00873293541,0.998194814],"scale":[6.51009846,21.0433941,8.43491173],"triggerMode":"Overlaps","triggerTestType":"Bounding box"}
{"name":"RaceTrigger_TrackBCP9","class":"BeamNGTrigger","persistentId":"4b7402ed-d09f-47d1-86c8-306a6620de9d","__parent":"triggers","position":[-1017.43134,-1937.5957,442.286682],"luaFunction":"onBeamNGTrigger","rotationMatrix":[0.677286625,0.735712826,-0.00305552222,-0.73526746,0.676719427,-0.0378489122,-0.0257782042,0.0278811883,0.999278784],"scale":[6.51009846,13.6754007,8.43491173],"triggerMode":"Overlaps","triggerTestType":"Bounding box"}
{"name":"RaceTrigger_TrackBCP10","class":"BeamNGTrigger","persistentId":"404ad910-d27d-473d-93cf-31b43bcba04a","__parent":"triggers","position":[-1138.20068,-2060.68311,442.129333],"luaFunction":"onBeamNGTrigger","rotationMatrix":[0.715652943,0.698455274,-0.00102626206,-0.698383391,0.715556502,-0.0154776135,-0.0100760739,0.0117933238,0.999879658],"scale":[6.51009846,18.7197666,8.43491173],"triggerMode":"Overlaps","triggerTestType":"Bounding box"}
{"name":"RaceTrigger_PitEntryB","class":"BeamNGTrigger","persistentId":"2e3f0354-47b0-4aaa-b264-c2a830192a88","__parent":"triggers","position":[-1008.19733,-1911.23962,441.676727],"luaFunction":"onBeamNGTrigger","rotationMatrix":[0.715652943,0.698455274,-0.00102626206,-0.698383391,0.715556502,-0.0154776135,-0.0100760739,0.0117933238,0.999879658],"scale":[6.51009846,5.91009617,8.43491173],"triggerMode":"Overlaps","triggerTestType":"Bounding box"}
{"name":"RaceTrigger_PitExitB","class":"BeamNGTrigger","persistentId":"9855da52-b1cd-4e8e-b118-74eebcc1b0cb","__parent":"triggers","position":[-1373.74365,-2276.41797,438.94693],"luaFunction":"onBeamNGTrigger","rotationMatrix":[0.715652943,0.698455274,-0.00102626206,-0.698383391,0.715556502,-0.0154776135,-0.0100760739,0.0117933238,0.999879658],"scale":[6.51009846,11.6375275,8.43491173],"triggerMode":"Overlaps","triggerTestType":"Bounding box"}
{"name":"RaceTrigger_PenaltyB1","class":"BeamNGTrigger","persistentId":"13e8ed32-adc4-456e-b6ec-8c88ea0518ce","__parent":"triggers","position":[-1758.85193,-2851.36426,421.088257],"rotationMatrix":[-0.362213135,0.93209523,0,-0.93209523,-0.362213135,0,0,0,1],"scale":[6.51009846,21.0433941,8.43491173],"triggerMode":"Overlaps","triggerTestType":"Bounding box"}
{"name":"RaceTrigger_PenaltyB2","class":"BeamNGTrigger","persistentId":"a36d8ada-5755-48ba-83a8-e2e38c54e8aa","__parent":"triggers","position":[-1688.16162,-2970.79395,413.703278],"luaFunction":"onBeamNGTrigger","rotationMatrix":[-0.362213135,0.93209523,0,-0.93209523,-0.362213135,0,0,0,1],"scale":[6.51009846,38.1835632,8.43491173],"triggerMode":"Overlaps","triggerTestType":"Bounding box"}
{"name":"RaceTrigger_PenaltyB3","class":"BeamNGTrigger","persistentId":"438391ad-8b0a-452e-a530-a2e3f32ade29","__parent":"triggers","position":[-2064.84497,-3320.84961,386.177094],"rotationMatrix":[-0.879944444,0.475076109,0,-0.475076109,-0.879944444,0,0,0,1],"scale":[6.51009846,38.1835632,8.43491173],"triggerMode":"Overlaps","triggerTestType":"Bounding box"}
{"name":"RaceTrigger_PenaltyB4","class":"BeamNGTrigger","persistentId":"d4162704-5cd1-47ae-a58c-6c89b9beb8d3","__parent":"triggers","position":[-1908.47083,-3062.854,402.309296],"rotationMatrix":[0.373728752,0.927538037,0,-0.927538037,0.373728752,0,0,0,1],"scale":[6.51009846,20.9142723,8.43491173],"triggerMode":"Overlaps","triggerTestType":"Bounding box"}
{"name":"RaceTrigger_PenaltyB5","class":"BeamNGTrigger","persistentId":"8c5743c0-d0a9-46d8-9708-404406a31771","__parent":"triggers","position":[-1921.90942,-2406.24829,423.895538],"rotationMatrix":[-0.429123759,0.903245449,3.7252903e-09,-0.899467945,-0.427329183,0.0913600996,0.0825206041,0.0392048135,0.9958179],"scale":[6.51009846,20.9142723,8.43491173],"triggerMode":"Overlaps","triggerTestType":"Bounding box"}
{"name":"RaceTrigger_PenaltyB6","class":"BeamNGTrigger","persistentId":"2218f1b0-33c1-4d07-a267-faf07f9d43d3","__parent":"triggers","position":[-1682.5813,-2088.27368,408.393646],"rotationMatrix":[0.864612103,0.502413511,-0.0051505235,-0.502371907,0.864618301,0.00759059284,0.0082668541,-0.00397543982,0.999957919],"scale":[6.51009846,27.0937634,8.43491173],"triggerMode":"Overlaps","triggerTestType":"Bounding box"}
{"name":"RaceTrigger_PenaltyB7","class":"BeamNGTrigger","persistentId":"3d347766-83f4-42ce-9b6f-e56e61596c45","__parent":"triggers","position":[-1804.56897,-2527.54468,427.357422],"rotationMatrix":[-0.615718842,0.786999106,-0.0390323438,-0.786485076,-0.616842866,-0.030772958,-0.0482950918,0.0117508732,0.998763978],"scale":[6.51009846,28.1366405,8.43491173],"triggerMode":"Overlaps","triggerTestType":"Bounding box"}
