{"name":"RampTeleporter1","class":"BeamNGTrigger","persistentId":"bd26db4e-1474-4f1f-9c52-a9aa5d2fb011","__parent":"teleporterz","position":[-926.21936,-775.506714,10.5880442],"debug":true,"luaFunction":"local function teleportPlayer(data)\nlocal vehObj = be:getObjectByID(data.subjectID)\nlocal vehiclePos = vehObj:getPosition()\nvehiclePos.x = 4540\nvehiclePos.y = -735\nvehiclePos.z =  908.0\nif data.event == 'enter' then\nvehObj:setPosition(vehiclePos)\nend\nend\n\nreturn teleportPlayer","scale":[9.80000019,7.5,5],"triggerColor":[255,0,0,45]}
{"name":"RampTeleporter2","class":"BeamNGTrigger","persistentId":"3843e189-feb1-43f6-9b37-605cd9d7aa6a","__parent":"teleporterz","position":[-926.21936,-767.814941,10.5880442],"debug":true,"luaFunction":"local function teleportPlayer(data)\nlocal vehObj = be:getObjectByID(data.subjectID)\nlocal vehiclePos = vehObj:getPosition()\nvehiclePos.x = 4540\nvehiclePos.y = -727.5\nvehiclePos.z =  908.0\nif data.event == 'enter' then\nvehObj:setPosition(vehiclePos)\nend\nend\n\nreturn teleportPlayer","scale":[9.80000019,7.5,5],"triggerColor":[228,255,0,45]}
{"name":"RampTeleporter3","class":"BeamNGTrigger","persistentId":"7f3272d3-290e-4c35-8b5b-62a168c5455c","__parent":"teleporterz","position":[-926.21936,-759.700073,10.5880442],"debug":true,"luaFunction":"local function teleportPlayer(data)\nlocal vehObj = be:getObjectByID(data.subjectID)\nlocal vehiclePos = vehObj:getPosition()\nvehiclePos.x = 4540\nvehiclePos.y = -712.5\nvehiclePos.z =  908.0\nif data.event == 'enter' then\nvehObj:setPosition(vehiclePos)\nend\nend\n\nreturn teleportPlayer","scale":[9.80000019,7.5,5],"triggerColor":[0,248,255,45]}
{"name":"RampTeleporter4","class":"BeamNGTrigger","persistentId":"c0b79594-0773-461d-a961-340f2e3523a7","__parent":"teleporterz","position":[-926.21936,-751.943665,10.5880442],"debug":true,"luaFunction":"local function teleportPlayer(data)\nlocal vehObj = be:getObjectByID(data.subjectID)\nlocal vehiclePos = vehObj:getPosition()\nvehiclePos.x = 4540\nvehiclePos.y = -705\nvehiclePos.z =  908.0\nif data.event == 'enter' then\nvehObj:setPosition(vehiclePos)\nend\nend\n\nreturn teleportPlayer","scale":[9.80000019,7.5,5],"triggerColor":[255,0,240,45]}
{"name":"RampTeleporter5","class":"BeamNGTrigger","persistentId":"08cdea83-5347-478b-98e9-071249a2da85","__parent":"teleporterz","position":[-926.21936,-822.776001,10.5880442],"debug":true,"luaFunction":"local function teleportPlayer(data)\nlocal vehObj = be:getObjectByID(data.subjectID)\nlocal vehiclePos = vehObj:getPosition()\nvehiclePos.x = -910\nvehiclePos.y = -830.468\nvehiclePos.z = 9.5\nif data.event == 'enter' then\nvehObj:setPosition(vehiclePos)\nend\nend\n\nreturn teleportPlayer","rotationMatrix":[-0.999999762,-3.25841313e-07,0,3.25841313e-07,-0.999999762,0,0,0,1],"scale":[9.80000019,7.5,5],"triggerColor":[255,134,0,45]}
{"name":"RampTeleporter6","class":"BeamNGTrigger","persistentId":"69e621a1-bd34-4997-a5b1-0243d3cbff3b","__parent":"teleporterz","position":[-926.21936,-830.467773,10.5880442],"debug":true,"luaFunction":"local function teleportPlayer(data)\nlocal vehObj = be:getObjectByID(data.subjectID)\nlocal vehiclePos = vehObj:getPosition()\nvehiclePos.x = -910\nvehiclePos.y = -846.339\nvehiclePos.z = 9.5\nif data.event == 'enter' then\nvehObj:setPosition(vehiclePos)\nend\nend\n\nreturn teleportPlayer","rotationMatrix":[-0.999999762,-3.25841313e-07,0,3.25841313e-07,-0.999999762,0,0,0,1],"scale":[9.80000019,7.5,5],"triggerColor":[53,255,0,45]}
{"name":"RampTeleporter7","class":"BeamNGTrigger","persistentId":"b6a6a20e-54a8-44e2-8350-d56a6d957fe9","__parent":"teleporterz","position":[-926.21936,-838.582642,10.5880442],"debug":true,"luaFunction":"local function teleportPlayer(data)\nlocal vehObj = be:getObjectByID(data.subjectID)\nlocal vehiclePos = vehObj:getPosition()\nvehiclePos.x = -2205\nvehiclePos.y = -725\nvehiclePos.z =  21.85\nif data.event == 'enter' then\nvehObj:setPosition(vehiclePos)\nend\nend\n\nreturn teleportPlayer","rotationMatrix":[-0.999999762,-3.25841313e-07,0,3.25841313e-07,-0.999999762,0,0,0,1],"scale":[9.80000019,7.5,5],"triggerColor":[21,0,255,45]}
{"name":"RampTeleporter8","class":"BeamNGTrigger","persistentId":"ea2b7dd7-59ad-40a7-98cf-2c072384467d","__parent":"teleporterz","position":[-926.21936,-846.33905,10.5880442],"debug":true,"luaFunction":"local function teleportPlayer(data)\nlocal vehObj = be:getObjectByID(data.subjectID)\nlocal vehiclePos = vehObj:getPosition()\nvehiclePos.x = -910\nvehiclePos.y = -822.776\nvehiclePos.z = 9.5\nif data.event == 'enter' then\nvehObj:setPosition(vehiclePos)\nend\nend\n\nreturn teleportPlayer","rotationMatrix":[-0.999999762,-3.25841313e-07,0,3.25841313e-07,-0.999999762,0,0,0,1],"scale":[9.80000019,7.5,5],"triggerColor":[255,0,240,45]}
