{"name":"navig1","class":"BeamNGWaypoint","persistentId":"8663769d-4dd6-4921-90ce-ae2d8f5e170c","__parent":"navigs","position":[-5.43380165,-226.866653,9.0244379],"scale":[4,4,4]}
{"name":"navig1b","class":"BeamNGWaypoint","persistentId":"0696a0be-befc-4f9b-88d4-6d75620263fb","__parent":"navigs","position":[-196.773834,-226.643845,1.07604504],"scale":[4,4,4]}
{"name":"navig2","class":"BeamNGWaypoint","persistentId":"ea7c47ba-64de-4481-8da5-eca60ba4f6aa","__parent":"navigs","position":[-360.020844,-226.830795,9.31967831],"scale":[4,4,4]}
{"name":"navig3","class":"BeamNGWaypoint","persistentId":"2f6f5162-bf58-4b7c-91f2-087eafddfb34","__parent":"navigs","position":[-849.5672,458.949005,11.4114552],"scale":[3.5,3.5,3.5]}
{"name":"navig3a","class":"BeamNGWaypoint","persistentId":"40e7d227-881f-4b6b-9541-55d36864eb01","__parent":"navigs","position":[-760.008423,458.988098,4.65311146],"scale":[4,4,4]}
{"name":"navig3b","class":"BeamNGWaypoint","persistentId":"396e4a17-3411-4900-8417-0b673b8a5b2e","__parent":"navigs","position":[-621.765625,458.989655,2.0781374],"scale":[3.5,3.5,3.5]}
{"name":"navig3c","class":"BeamNGWaypoint","persistentId":"51925d54-5075-4efb-8e80-6f1502a7ef09","__parent":"navigs","position":[-526.110291,458.903717,2.4546423],"scale":[4,4,4]}
{"name":"navig4","class":"BeamNGWaypoint","persistentId":"84de32c6-8135-40a9-abdc-da459326855a","__parent":"navigs","position":[-425.316498,459.037323,10.243329],"scale":[4,4,4]}
{"name":"navig5","class":"BeamNGWaypoint","persistentId":"a1809ef9-fde3-4a89-a74f-6d0d3b8d89d2","__parent":"navigs","position":[720.58551,451.301208,16.4693184],"scale":[4.5,4.5,4.5]}
{"name":"navig5b","class":"BeamNGWaypoint","persistentId":"82a7f941-6cc4-4c5e-97f5-70ec95e56fd5","__parent":"navigs","position":[721.101501,498.073364,19.1100082],"scale":[4.5,4.5,4.5]}
{"name":"navig6","class":"BeamNGWaypoint","persistentId":"27fe8648-32f8-45e6-bcdd-a13cf65f8338","__parent":"navigs","position":[721.014709,537.983398,21.325552],"scale":[4,4,4]}
{"name":"navig7","class":"BeamNGWaypoint","persistentId":"24c5fcc1-1a04-47d1-b9b7-95a0df4c318b","__parent":"navigs","position":[617.423401,636.989624,6.08277416],"scale":[4,4,4]}
{"name":"navig7b","class":"BeamNGWaypoint","persistentId":"d67929a1-a93e-4eee-8bd2-3558052443e9","__parent":"navigs","position":[782.072021,637.30426,-0.885909975],"scale":[4,4,4]}
{"name":"navig8","class":"BeamNGWaypoint","persistentId":"4567abaf-f67b-45f2-a5cd-7fa03c599d15","__parent":"navigs","position":[1046.04431,636.923096,6.99532223],"scale":[4,4,4]}
{"name":"navig9","class":"BeamNGWaypoint","persistentId":"014aa035-9142-4647-b4ea-6b1267116aec","__parent":"navigs","position":[886.005981,675.148132,6.98213959],"scale":[4,4,4]}
{"name":"navig9b","class":"BeamNGWaypoint","persistentId":"3deac3a4-0b35-4586-8577-4853099f7ad9","__parent":"navigs","position":[886.098572,764.273621,1.0136168],"scale":[4,4,4]}
{"name":"navig10","class":"BeamNGWaypoint","persistentId":"1293e5c9-dd9f-43ab-aa10-099b2b7f3f3c","__parent":"navigs","position":[885.945007,908.170837,8.36785984],"scale":[4,4,4]}
{"name":"navig11","class":"BeamNGWaypoint","persistentId":"c161ebde-ccab-4b0b-a432-c13d1286f21f","__parent":"navigs","position":[16.2413406,763.43512,11.5436134],"scale":[3.5,3.5,3.5]}
{"name":"navig11a","class":"BeamNGWaypoint","persistentId":"7caf9386-0990-445d-a186-e81105e9399e","__parent":"navigs","position":[16.2754192,587.580627,-0.959858],"scale":[3.5,3.5,3.5]}
{"name":"navig11b","class":"BeamNGWaypoint","persistentId":"31395209-d547-4d68-915f-f5812ee384da","__parent":"navigs","position":[16.0268784,406.826263,-2.67455435],"scale":[3.5,3.5,3.5]}
{"name":"navig11c","class":"BeamNGWaypoint","persistentId":"a2741bd4-93ec-4407-9576-1052fd13f96f","__parent":"navigs","position":[16.4004459,255.979095,-2.7687645],"scale":[3.5,3.5,3.5]}
{"name":"navig11d","class":"BeamNGWaypoint","persistentId":"5b474380-fe3c-46ff-8766-0eff4ca71284","__parent":"navigs","position":[16.104147,158.793823,2.29347157],"scale":[3.5,3.5,3.5]}
{"name":"navig12","class":"BeamNGWaypoint","persistentId":"52be3d88-abb3-4743-9c32-e90a7c4581cf","__parent":"navigs","position":[16.2884235,76.586731,9.27355194],"scale":[3.5,3.5,3.5]}
{"name":"navig13","class":"BeamNGWaypoint","persistentId":"42cbbd74-240f-4ffb-89b2-634acd0d15d2","__parent":"navigs","position":[21.1679077,-691.430481,10.9491138],"scale":[4,4,4]}
{"name":"navig13a","class":"BeamNGWaypoint","persistentId":"7327199c-460f-40a4-a63d-d8c55e651eac","__parent":"navigs","position":[21.2378616,-571.575195,10.2078266],"scale":[4,4,4]}
{"name":"navig13b","class":"BeamNGWaypoint","persistentId":"3939f6bb-1df7-4518-a98e-b95df6d11547","__parent":"navigs","position":[27.0784721,-477.809265,2.19690847],"scale":[4,4,4]}
{"name":"navig13c","class":"BeamNGWaypoint","persistentId":"9f5cd2de-d46d-4b83-ab33-619b8c55d380","__parent":"navigs","position":[29.5172005,-370.043427,1.31696391],"scale":[4,4,4]}
{"name":"navig13d","class":"BeamNGWaypoint","persistentId":"0ad28a00-5862-4a8a-b383-07e5a125aad3","__parent":"navigs","position":[21.128828,-194.726593,2.25581026],"scale":[4,4,4]}
{"name":"navig14","class":"BeamNGWaypoint","persistentId":"6b322497-0738-423a-b974-847da015a674","__parent":"navigs","position":[21.2425823,-66.6440048,9.39786148],"scale":[4,4,4]}
{"name":"navig15","class":"BeamNGWaypoint","persistentId":"6274619c-4ef7-4a0f-8166-720250f91c72","__parent":"navigs","position":[450.065308,-111.338692,9.25464535],"scale":[4,4,4]}
{"name":"navig15b","class":"BeamNGWaypoint","persistentId":"a38cf2c6-55b7-4d40-869c-a00048ac0385","__parent":"navigs","position":[510.769531,-147.030029,16.028368],"scale":[4,4,4]}
{"name":"navig16","class":"BeamNGWaypoint","persistentId":"e2eb59ec-76cb-4468-a648-ab3e88ea992a","__parent":"navigs","position":[649.585632,-235.355103,16.0401878],"scale":[4,4,4]}
{"name":"navig17","class":"BeamNGWaypoint","persistentId":"3a9e4787-dd11-4745-b5d7-b1d452bba16f","__parent":"navigs","position":[-292.721924,496.890289,14.711647],"scale":[4,4,4]}
{"name":"navig18","class":"BeamNGWaypoint","persistentId":"97f05faf-2a2a-414b-890d-c29711cee263","__parent":"navigs","position":[-292.65274,546.413208,16.6553841],"scale":[4,4,4]}
{"name":"navig19","class":"BeamNGWaypoint","persistentId":"eecd1b91-3c56-4ca0-9c7f-6259f1e48a23","__parent":"navigs","position":[-292.482208,650.420715,16.5759048],"scale":[3.5,3.5,3.5]}
{"name":"navig19b","class":"BeamNGWaypoint","persistentId":"02dad41c-4703-4794-b290-f30b1bb5376b","__parent":"navigs","position":[-292.63559,690.530518,15.1237202],"scale":[3.5,3.5,3.5]}
{"name":"navig20","class":"BeamNGWaypoint","persistentId":"d08927e3-3b4b-4c3e-bb12-a1b158f1156d","__parent":"navigs","position":[-292.651093,727.284973,13.8904781],"scale":[3.5,3.5,3.5]}
{"name":"navig21","class":"BeamNGWaypoint","persistentId":"a100d5f9-eb06-44f6-9157-993d251a4eef","__parent":"navigs","position":[-293.0578,413.969391,8.01363087],"scale":[3.5,3.5,3.5]}
{"name":"navig21a","class":"BeamNGWaypoint","persistentId":"a1647368-b332-46ec-b349-be6eecad62df","__parent":"navigs","position":[-292.978668,384.639954,2.20163369],"scale":[3.5,3.5,3.5]}
{"name":"navig21b","class":"BeamNGWaypoint","persistentId":"5b4f0718-6cc7-4ad2-b020-716e72b141fb","__parent":"navigs","position":[-292.985596,330.704742,-2.36982203],"scale":[3.5,3.5,3.5]}
{"name":"navig21c","class":"BeamNGWaypoint","persistentId":"2763685c-30be-473c-aedc-235984924498","__parent":"navigs","position":[-293.052856,194.022202,-2.22971249],"scale":[3.5,3.5,3.5]}
{"name":"navig21d","class":"BeamNGWaypoint","persistentId":"f71a7cbe-fcfc-48c2-b89c-a781de3014bb","__parent":"navigs","position":[-293.004486,49.1653137,-0.362535775],"scale":[3.5,3.5,3.5]}
{"name":"navig21e","class":"BeamNGWaypoint","persistentId":"e7697dba-aff3-4b06-95fd-f0e2be1aadf3","__parent":"navigs","position":[-292.998535,-11.8838959,1.20735013],"scale":[3.5,3.5,3.5]}
{"name":"navig21f","class":"BeamNGWaypoint","persistentId":"4d22cba6-ba48-4f99-b7c7-700065afe31a","__parent":"navigs","position":[-292.995728,-62.3243294,4.67462206],"scale":[3.5,3.5,3.5]}
{"name":"navig22","class":"BeamNGWaypoint","persistentId":"0afe87c4-5dcf-4424-b797-3b542d49cab6","__parent":"navigs","position":[-292.858765,-101.214653,9.26140118],"scale":[3.5,3.5,3.5]}
{"name":"navig23","class":"BeamNGWaypoint","persistentId":"cafea373-f46f-49c9-a9d5-7869afa9914e","__parent":"navigs","position":[538.775696,-114.293633,15.8678808],"scale":[4,4,4]}
{"name":"navig23b","class":"BeamNGWaypoint","persistentId":"6bcbed01-00bc-4a6c-be56-42c93f87b1b0","__parent":"navigs","position":[587.101196,-85.510704,16.0972061],"scale":[4,4,4]}
{"name":"navig24","class":"BeamNGWaypoint","persistentId":"7c8cfcb6-3102-4518-bfb3-f279fd576be0","__parent":"navigs","position":[645.759216,-50.513176,15.6180706],"scale":[4,4,4]}
{"name":"navig24b","class":"BeamNGWaypoint","persistentId":"e1f25abc-e196-4e6a-bd49-b78c291a6749","__parent":"navigs","position":[-259.161163,758.371521,17.1517601],"scale":[4,4,4]}
{"name":"navig25","class":"BeamNGWaypoint","persistentId":"85da5057-fd7f-4421-bca1-d64a5ef49ef2","__parent":"navigs","position":[-304.307861,761.591675,16.3230343],"scale":[4,4,4]}
{"name":"navig26","class":"BeamNGWaypoint","persistentId":"8f8b8325-030f-4469-92d2-564c573c19dc","__parent":"navigs","position":[-306.104065,705.819641,20.1286888],"scale":[4,4,4]}
{"name":"navig27","class":"BeamNGWaypoint","persistentId":"69f4dbe6-56bb-43e0-a085-7cb34b819515","__parent":"navigs","position":[-203.5327,725.530762,18.8153362],"scale":[4,4,4]}
{"name":"navig28","class":"BeamNGWaypoint","persistentId":"0a76be62-69f4-4de8-ab2a-cad1feb732fd","__parent":"navigs","position":[-190.009186,722.788025,19.0840626],"scale":[4,4,4]}
{"name":"navig29","class":"BeamNGWaypoint","persistentId":"e10464ae-07c8-4eca-95fd-4a5135b93a64","__parent":"navigs","position":[-171.74855,708.314514,19.0726032],"scale":[4,4,4]}
{"name":"navig30","class":"BeamNGWaypoint","persistentId":"dbffcee5-2320-43f2-a63b-85bde8c139e1","__parent":"navigs","position":[-171.05867,675.642761,19.257906],"scale":[4,4,4]}
{"name":"navig31","class":"BeamNGWaypoint","persistentId":"23816529-4349-4415-a371-cc9720e4b83f","__parent":"navigs","position":[-217.73175,643.413025,18.9877167],"scale":[4,4,4]}
{"name":"navig32","class":"BeamNGWaypoint","persistentId":"a41b919b-37e0-4562-aef0-ee1f7a8cb8c5","__parent":"navigs","position":[-267.332642,682.947632,15.5184002],"scale":[4,4,4]}
{"name":"navig33","class":"BeamNGWaypoint","persistentId":"9c38c41a-2ffa-44a9-a3e6-eedc061a4e65","__parent":"navigs","position":[-272.068878,728.999023,15.259387],"scale":[4,4,4]}
