{"name":"gress","class":"GroundCover","persistentId":"bc905613-8108-46d6-b5dd-9b95963076be","__parent":"vegetation","position":[1,1,2.79711294],"Types":[{"billboardUVs":[0.5,1,0.5,0.5],"clumpRadius":2,"layer":"Grass2","probability":1,"sizeExponent":0.499999911,"sizeMax":0.349999994,"sizeMin":0.25,"windScale":0.0199999996},{"billboardUVs":null,"clumpRadius":null,"probability":null,"sizeExponent":null,"sizeMax":null,"sizeMin":null,"windScale":null},{"billboardUVs":null,"clumpRadius":null,"probability":null,"sizeExponent":null,"sizeMax":null,"sizeMin":null,"windScale":null},{"billboardUVs":null,"clumpRadius":null,"probability":null,"sizeExponent":null,"sizeMax":null,"sizeMin":null,"windScale":null},{"billboardUVs":null,"clumpRadius":null,"probability":null,"sizeExponent":null,"sizeMax":null,"sizeMin":null,"windScale":null},{"billboardUVs":null,"clumpRadius":null,"probability":null,"sizeExponent":null,"sizeMax":null,"sizeMin":null,"windScale":null},{"billboardUVs":null,"clumpRadius":null,"probability":null,"sizeExponent":null,"sizeMax":null,"sizeMin":null,"windScale":null},{"billboardUVs":null,"clumpRadius":null,"probability":null,"sizeExponent":null,"sizeMax":null,"sizeMin":null,"windScale":null}],"dissolveRadius":100,"gridSize":5,"locked":true,"material":"BNGGrass","maxElements":50000,"radius":100,"shapesCastShadows":false}
{"name":"WetWeed","class":"GroundCover","persistentId":"1f146555-f910-48b9-a4ba-ae0ae32d4df1","__parent":"vegetation","position":[1,1,1],"Types":[{"billboardUVs":[0,0.324218988,0.648437977,0.667967975],"clumpExponent":2,"clumpRadius":null,"layer":"mud2","maxClumpCount":2,"probability":1,"sizeExponent":null,"sizeMax":1.5,"sizeMin":0.899999976,"windScale":0.200000003},{"billboardUVs":[0,0,0.34375,0.3125],"clumpExponent":null,"clumpRadius":null,"layer":"mud2","maxClumpCount":5,"probability":1.5,"sizeExponent":null,"sizeMax":1.39999998,"sizeMin":0.800000012,"windScale":0.200000003},{"billboardUVs":[0.285156012,0.0273438003,0.433593988,0.324218988],"clumpExponent":null,"clumpRadius":null,"layer":"mud2","maxClumpCount":6,"probability":null,"sizeExponent":null,"sizeMax":1.20000005,"sizeMin":0.899999976,"windScale":0.200000003},{"billboardUVs":[0.511718988,0,0.160155997,0.171875],"clumpExponent":null,"clumpRadius":3,"maxClumpCount":6,"probability":null,"sizeExponent":null,"sizeMax":0.600000024,"sizeMin":0.300000012,"windScale":0.200000003},{"billboardUVs":[0.0585935004,0.015625,0.222656995,0.191405997],"clumpExponent":-0.100000001,"clumpRadius":null,"maxClumpCount":4,"probability":null,"sizeExponent":null,"sizeMax":0.800000012,"sizeMin":0.5,"windScale":0.200000003},{"billboardUVs":[0,0.589843988,0.285156012,0.257813007],"clumpExponent":null,"clumpRadius":null,"maxClumpCount":3,"probability":null,"sizeExponent":2,"sizeMax":0.800000012,"sizeMin":0.5,"windScale":0.200000003},{"billboardUVs":[0.046875,0,0.234375,0.273438007],"clumpExponent":null,"clumpRadius":null,"maxClumpCount":5,"probability":null,"sizeExponent":2,"sizeMax":0.699999988,"sizeMin":0.400000006,"windScale":null},{"billboardUVs":null,"clumpExponent":null,"clumpRadius":null,"maxClumpCount":null,"probability":null,"sizeExponent":null,"sizeMax":null,"sizeMin":null,"windScale":null}],"dissolveRadius":75,"gridSize":3,"locked":true,"material":"GrassMix","maxBillboardTiltAngle":40,"maxElements":500000,"radius":125,"seed":7,"shapesCastShadows":false,"windGustLength":1.70000005,"windGustStrength":0.200000003,"windTurbulenceFrequency":0.300000012}
{"name":"WetWeed1","class":"GroundCover","persistentId":"427b7739-2f0f-4ae0-82d2-e4c3d6633fb6","__parent":"vegetation","position":[1,1,2.25445485],"Types":[{"billboardUVs":[0.371091992,0.250001997,0.628907979,0.667966008],"clumpExponent":-0.699999988,"clumpRadius":null,"layer":"mud2","maxClumpCount":null,"probability":1,"sizeExponent":null,"sizeMax":1.29999995,"sizeMin":0.800000012,"windScale":0.200000003},{"billboardUVs":[0,0.585937977,0.332031012,0.332031012],"clumpExponent":3,"clumpRadius":0.5,"maxClumpCount":3,"probability":null,"sizeExponent":null,"sizeMax":null,"sizeMin":0.699999988,"windScale":0.200000003},{"billboardUVs":[0.253906012,0.527343988,0.417968988,0.414063007],"clumpExponent":2,"clumpRadius":0.100000001,"maxClumpCount":4,"probability":null,"sizeExponent":null,"sizeMax":null,"sizeMin":0.699999988,"windScale":0.200000003},{"billboardUVs":[0.511718988,0,0.160155997,0.171875],"clumpExponent":null,"clumpRadius":3,"maxClumpCount":6,"probability":null,"sizeExponent":null,"sizeMax":0.600000024,"sizeMin":0.300000012,"windScale":0.200000003},{"billboardUVs":[0.0585935004,0.015625,0.222656995,0.191405997],"clumpExponent":-0.100000001,"clumpRadius":null,"maxClumpCount":5,"probability":null,"sizeExponent":null,"sizeMax":0.800000012,"sizeMin":0.5,"windScale":0.200000003},{"billboardUVs":[0,0.589843988,0.285156012,0.257813007],"clumpExponent":null,"clumpRadius":null,"maxClumpCount":3,"probability":null,"sizeExponent":2,"sizeMax":0.800000012,"sizeMin":0.5,"windScale":0.200000003},{"billboardUVs":[0.046875,0,0.234375,0.273438007],"clumpExponent":null,"clumpRadius":null,"maxClumpCount":5,"probability":null,"sizeExponent":2,"sizeMax":0.699999988,"sizeMin":0.400000006,"windScale":null},{"billboardUVs":null,"clumpExponent":null,"clumpRadius":null,"maxClumpCount":null,"probability":null,"sizeExponent":null,"sizeMax":null,"sizeMin":null,"windScale":null}],"dissolveRadius":130,"gridSize":4,"locked":true,"material":"GrassMix","maxBillboardTiltAngle":40,"maxElements":250000,"radius":150,"seed":2,"shapesCastShadows":false,"windGustLength":1.70000005,"windGustStrength":0.200000003,"windTurbulenceFrequency":0.300000012}
{"name":"Flower","class":"GroundCover","persistentId":"5ab314da-30b6-4e9f-9626-5e4f1888ecca","__parent":"vegetation","position":[1,1,3.3952651],"Types":[{"billboardUVs":[0,0,0.191406995,0.183593005],"clumpExponent":-0.200000003,"clumpRadius":1.20000005,"layer":"Grass","maxClumpCount":4,"probability":1,"sizeExponent":2,"sizeMax":0.449999988,"sizeMin":0.25,"windScale":0.200000003},{"billboardUVs":[0.132811993,0.136719003,0.203125,0.183594003],"clumpExponent":-0.200000003,"clumpRadius":1.5,"layer":"Grass","maxClumpCount":4,"probability":0.100000001,"sizeExponent":null,"sizeMax":0.600000024,"sizeMin":0.300000012,"windScale":0.200000003},{"billboardUVs":[0.40625,0.632812023,0.59375,0.367188007],"clumpExponent":2,"clumpRadius":0.100000001,"layer":"Grass","maxClumpCount":4,"probability":null,"sizeExponent":null,"sizeMax":null,"sizeMin":0.699999988,"windScale":0.200000003},{"billboardUVs":[0.511718988,0,0.160155997,0.171875],"clumpExponent":null,"clumpRadius":3,"layer":"Grass","maxClumpCount":6,"probability":null,"sizeExponent":null,"sizeMax":0.600000024,"sizeMin":0.300000012,"windScale":0.200000003},{"billboardUVs":[0,0,0.585937977,0.417968988],"clumpExponent":-0.100000001,"clumpRadius":null,"layer":"Grass","maxClumpCount":5,"probability":0.101000004,"sizeExponent":null,"sizeMax":0.800000012,"sizeMin":0.5,"windScale":0.200000003},{"billboardUVs":null,"clumpExponent":null,"clumpRadius":null,"maxClumpCount":null,"probability":null,"sizeExponent":null,"sizeMax":null,"sizeMin":null,"windScale":null},{"billboardUVs":null,"clumpExponent":null,"clumpRadius":null,"maxClumpCount":null,"probability":null,"sizeExponent":null,"sizeMax":null,"sizeMin":null,"windScale":null},{"billboardUVs":null,"clumpExponent":null,"clumpRadius":null,"maxClumpCount":null,"probability":null,"sizeExponent":null,"sizeMax":null,"sizeMin":null,"windScale":null}],"dissolveRadius":110,"gridSize":3,"locked":true,"material":"dry_grass","maxBillboardTiltAngle":40,"maxElements":100000,"radius":130,"seed":6,"shapesCastShadows":false,"windGustLength":1.70000005,"windGustStrength":0.200000003,"windTurbulenceFrequency":0.300000012}
{"name":"SmallGrass2","class":"GroundCover","persistentId":"831cbcd0-2a14-424e-8f88-6dda8e65faaf","__parent":"vegetation","position":[1,1,-0.0874464512],"Types":[{"billboardUVs":[1,0.25,0.25,0.25],"clumpExponent":null,"clumpRadius":2,"layer":"Grass2","maxClumpCount":null,"maxSlope":90,"probability":1,"sizeExponent":0.499999911,"sizeMax":0.200000003,"sizeMin":0.100000001,"windScale":0.200000003},{"billboardUVs":null,"clumpExponent":null,"clumpRadius":null,"maxClumpCount":null,"maxSlope":90,"probability":null,"sizeExponent":null,"sizeMax":0.300000012,"sizeMin":0.200000018,"windScale":0.200000003},{"billboardUVs":[0,0.50781101,0.5,0.49218899],"clumpExponent":-0.5,"clumpRadius":null,"maxClumpCount":4,"maxSlope":null,"probability":null,"sizeExponent":null,"sizeMax":0.300000012,"sizeMin":0.200000003,"windScale":0.200000003},{"billboardUVs":[0.5,0.503906012,0.5,0.496093988],"clumpExponent":null,"clumpRadius":1.60000026,"maxClumpCount":null,"maxSlope":null,"probability":null,"sizeExponent":null,"sizeMax":0.200000018,"sizeMin":0.100000001,"windScale":0.200000003},{"billboardUVs":[0,0.507812977,0.492188007,0.492186993],"clumpExponent":-0.100000001,"clumpRadius":null,"maxClumpCount":null,"maxSlope":null,"probability":null,"sizeExponent":null,"sizeMax":0.300000012,"sizeMin":0.100000001,"windScale":0.300000012},{"billboardUVs":null,"clumpExponent":null,"clumpRadius":null,"maxClumpCount":null,"maxSlope":null,"probability":null,"sizeExponent":null,"sizeMax":null,"sizeMin":null,"windScale":null},{"billboardUVs":null,"clumpExponent":null,"clumpRadius":null,"maxClumpCount":null,"maxSlope":null,"probability":null,"sizeExponent":null,"sizeMax":null,"sizeMin":null,"windScale":null},{"billboardUVs":null,"clumpExponent":null,"clumpRadius":null,"maxClumpCount":null,"maxSlope":null,"probability":null,"sizeExponent":null,"sizeMax":null,"sizeMin":null,"windScale":null}],"dissolveRadius":25,"gridSize":8,"locked":true,"material":"BNGGrass","maxBillboardTiltAngle":40,"maxElements":300000,"radius":45,"reflectScale":0,"seed":2,"shapesCastShadows":false,"windGustLength":1.70000005,"windGustStrength":0.200000003,"windTurbulenceFrequency":0.300000012}
{"name":"WeedDry","class":"GroundCover","persistentId":"01720a4d-e632-4c8b-9f40-bf20cb489177","__parent":"vegetation","position":[1,1,0.442632675],"Types":[{"billboardUVs":[0.675779998,0.335938007,0.324220002,0.320313007],"layer":"rockydirt","maxClumpCount":3,"minClumpCount":null,"probability":1,"sizeExponent":2,"sizeMax":0.699999988,"sizeMin":0.300000012,"windScale":0.200000003},{"billboardUVs":[0.671876013,0.667968988,0.328123987,0.324218005],"layer":"Grass","maxClumpCount":3,"minClumpCount":null,"probability":1,"sizeExponent":1.5,"sizeMax":0.400000006,"sizeMin":0.200000003,"windScale":0.200000003},{"billboardUVs":[0.34375,0.339843988,0.335938007,0.316406995],"layer":"rockydirt","maxClumpCount":3,"minClumpCount":null,"probability":1,"sizeExponent":2,"sizeMax":0.699999988,"sizeMin":0.400000006,"windScale":0.200000003},{"billboardUVs":[0.339843988,0.683593988,0.339843005,0.316406012],"layer":"rockydirt","maxClumpCount":5,"minClumpCount":3,"probability":1,"sizeExponent":2,"sizeMax":0.400000006,"sizeMin":0.200000003,"windScale":0.200000003},{"billboardUVs":[0.683592975,0.33593899,0.253906995,0.226560995],"layer":"Grass","maxClumpCount":5,"minClumpCount":2,"probability":1,"sizeExponent":null,"sizeMax":0.5,"sizeMin":0.300000012,"windScale":0.300000012},{"billboardUVs":[0.347656012,0.359375,0.328125,0.261718988],"layer":"Grass","maxClumpCount":5,"minClumpCount":3,"probability":1,"sizeExponent":null,"sizeMax":0.5,"sizeMin":0.300000012,"windScale":0.300000012},{"billboardUVs":[0.5,1,0.5,0.300000012],"layer":"dirt_grass","maxClumpCount":null,"minClumpCount":null,"probability":3,"sizeExponent":null,"sizeMax":0.5,"sizeMin":0.25,"windScale":0.200000003},{"billboardUVs":null,"maxClumpCount":null,"minClumpCount":null,"probability":null,"sizeExponent":null,"sizeMax":null,"sizeMin":null,"windScale":null}],"dissolveRadius":25,"gridSize":4,"locked":true,"material":"dry_grass","maxBillboardTiltAngle":40,"maxElements":50000,"radius":40,"shapesCastShadows":false,"windGustLength":1.70000005,"windGustStrength":0.200000003,"windTurbulenceFrequency":0.300000012}
{"name":"WeedDry1","class":"GroundCover","persistentId":"8b86ecd3-c12f-4107-b993-20bd48d34ea0","__parent":"vegetation","position":[1,1,1.67035842],"Types":[{"billboardUVs":[0.675779998,0.335938007,0.324220002,0.292968988],"clumpExponent":0,"clumpRadius":2.5,"layer":"rockydirt","maxClumpCount":3,"probability":1,"sizeExponent":2,"sizeMax":0.699999988,"sizeMin":0.300000012,"windScale":0.200000003},{"billboardUVs":[0.671876013,0.667968988,0.328123987,0.296873987],"clumpExponent":-0.300000012,"clumpRadius":2.5,"layer":"Grass","maxClumpCount":3,"probability":1,"sizeExponent":1.5,"sizeMax":0.400000006,"sizeMin":0.200000003,"windScale":0.200000003},{"billboardUVs":[0.34375,0.339843988,0.335938007,0.316406995],"clumpExponent":null,"clumpRadius":null,"layer":"rockydirt","maxClumpCount":3,"probability":1,"sizeExponent":2,"sizeMax":0.699999988,"sizeMin":0.400000006,"windScale":0.200000003},{"billboardUVs":[0.339843988,0.683593988,0.339843005,0.316406012],"clumpExponent":null,"clumpRadius":null,"layer":"rockydirt","maxClumpCount":5,"probability":1,"sizeExponent":2,"sizeMax":0.400000006,"sizeMin":0.200000003,"windScale":0.200000003},{"billboardUVs":[0.683592975,0.33593899,0.316406995,0.312498987],"clumpExponent":null,"clumpRadius":null,"layer":"rockydirt","maxClumpCount":5,"probability":1,"sizeExponent":null,"sizeMax":0.5,"sizeMin":0.300000012,"windScale":0.300000012},{"billboardUVs":[0.150000006,0,0.200000003,0.300000012],"clumpExponent":null,"clumpRadius":null,"layer":"rockydirt","maxClumpCount":null,"probability":1,"sizeExponent":null,"sizeMax":null,"sizeMin":0.5,"windScale":null},{"billboardUVs":[0.75,0.330000013,0.200000003,0.300000012],"clumpExponent":null,"clumpRadius":null,"layer":"dirt_grass","maxClumpCount":null,"probability":2,"sizeExponent":null,"sizeMax":0.660000026,"sizeMin":0.330000013,"windScale":0.25},{"billboardUVs":null,"clumpExponent":null,"clumpRadius":null,"maxClumpCount":null,"probability":null,"sizeExponent":null,"sizeMax":null,"sizeMin":null,"windScale":null}],"dissolveRadius":80,"gridSize":6,"locked":true,"material":"dry_grass","maxBillboardTiltAngle":40,"maxElements":200000,"radius":100,"seed":3,"shapesCastShadows":false,"windGustLength":1.70000005,"windGustStrength":0.200000003,"windTurbulenceFrequency":0.300000012}
