{"name":"prestageTrigR","class":"BeamNGTrigger","persistentId":"0aa12f76-0dfd-4b3f-ae61-343b50164063","__parent":"Drag_Triggers","position":[622.449036,257.068695,8.91271877],"locked":true,"luaFunction":"onBeamNGTrigger","scale":[1.20878911,9.29960918,4.19927454]}
{"name":"startTrigR","class":"BeamNGTrigger","persistentId":"2413fb8d-3b22-4fd5-ae0a-cb7fe7aa6cbe","__parent":"Drag_Triggers","position":[621.994751,257.068695,8.91271877],"locked":true,"luaFunction":"onBeamNGTrigger","scale":[0.963378906,9.29960918,4.19927454]}
{"name":"finishTrig","class":"BeamNGTrigger","persistentId":"848f6b87-041b-4787-9858-5f2c282116f6","__parent":"Drag_Triggers","position":[230.165085,252.001617,8.95734596],"locked":true,"luaFunction":"onBeamNGTrigger","scale":[0.739941359,19.6288071,4.1019268]}
{"name":"falseStartTrigL","class":"BeamNGTrigger","persistentId":"89084bcd-ab02-424c-a8e4-3500bf43128f","__parent":"Drag_Triggers","position":[618.834717,247.170578,8.93696785],"locked":true,"luaFunction":"onBeamNGTrigger","scale":[4.65859413,9.45712662,4.86588669]}
{"name":"falseStartTrigR","class":"BeamNGTrigger","persistentId":"b44464d1-bc0c-445f-af1f-c4dacf8fbe1f","__parent":"Drag_Triggers","position":[618.834717,257.001953,8.93696785],"locked":true,"luaFunction":"onBeamNGTrigger","scale":[4.65859413,9.45712662,4.86588669]}
{"name":"prestageTrigL","class":"BeamNGTrigger","persistentId":"becb8797-58a4-4e6b-a084-c15beb744b9e","__parent":"Drag_Triggers","position":[622.532776,247.074692,8.91271877],"locked":true,"luaFunction":"onBeamNGTrigger","scale":[0.963378906,9.29960918,4.19927454]}
{"name":"laneTrigR","class":"BeamNGTrigger","persistentId":"c0103cce-551e-4ed8-84c3-074c65aec717","__parent":"Drag_Triggers","position":[424.719574,257.115814,8.91271973],"locked":true,"luaFunction":"onBeamNGTrigger","scale":[395.537292,9.36550331,7.45670176]}
{"name":"startTrigL","class":"BeamNGTrigger","persistentId":"e0d53614-afc9-40ce-9d5e-f066d0b9acd0","__parent":"Drag_Triggers","position":[621.994751,247.074692,8.91271877],"locked":true,"luaFunction":"onBeamNGTrigger","scale":[0.963378906,9.29960918,4.19927454]}
{"name":"laneTrigL","class":"BeamNGTrigger","persistentId":"fbf2ff9a-d979-4d78-b2df-372b6c9f6134","__parent":"Drag_Triggers","position":[424.719574,247.353729,8.91271973],"locked":true,"luaFunction":"onBeamNGTrigger","scale":[395.537292,9.36550331,7.45670176]}
