{"class":"ForestWindEmitter","persistentId":"e5e576fd-19b5-4d2b-8928-f61c054d4e28","__parent":"vegetation","position":[90.9564972,5.7177701,-11.2145004],"gustFrequency":2,"gustStrength":3,"gustWobbleStrength":3,"gustYawAngle":50,"hasMount":"0","strength":0.5,"turbulenceStrength":5.25}
{"name":"Weed1","class":"GroundCover","persistentId":"06af5169-205e-4684-b1a2-e657cef8c723","__parent":"vegetation","position":[-272.933868,364.472168,406.783936],"Types":[{"billboardUVs":[0.671875,0,0.328126013,0.320309013],"clumpRadius":2,"layer":"Grass3","maxClumpCount":3,"minClumpCount":2,"probability":1,"sizeExponent":null,"sizeMax":null,"sizeMin":0.5,"windScale":0.200000003},{"billboardUVs":[0.339843988,0,0.34375,0.324218988],"clumpRadius":2,"layer":"Grass3","maxClumpCount":3,"minClumpCount":2,"probability":1,"sizeExponent":null,"sizeMax":null,"sizeMin":0.5,"windScale":0.200000003},{"billboardUVs":[0.335938007,0,0.339843988,0.324218988],"clumpRadius":null,"layer":"dirt_rocky","maxClumpCount":6,"minClumpCount":3,"probability":0.100000001,"sizeExponent":null,"sizeMax":null,"sizeMin":0.5,"windScale":0.200000003},{"billboardUVs":[0.671876013,0,0.328123987,0.320313007],"clumpRadius":null,"layer":"dirt_rocky","maxClumpCount":5,"minClumpCount":2,"probability":0.100000001,"sizeExponent":null,"sizeMax":0.300000012,"sizeMin":0.200000003,"windScale":0.200000003},{"billboardUVs":[0.671875,5.21540997e-08,0.328125,0.316406995],"clumpRadius":3,"layer":"dirt_grass","maxClumpCount":3,"minClumpCount":null,"probability":null,"sizeExponent":3,"sizeMax":0.600000024,"sizeMin":0.400000006,"windScale":0.300000012},{"billboardUVs":[0,0.492188007,0.476561993,0.246094003],"clumpRadius":null,"layer":"dirt_loose_dusty","maxClumpCount":2,"minClumpCount":null,"probability":null,"sizeExponent":null,"sizeMax":0.5,"sizeMin":0.300000012,"windScale":0.300000012},{"billboardUVs":null,"clumpRadius":null,"maxClumpCount":null,"minClumpCount":null,"probability":null,"sizeExponent":null,"sizeMax":null,"sizeMin":null,"windScale":null},{"billboardUVs":null,"clumpRadius":null,"maxClumpCount":null,"minClumpCount":null,"probability":null,"sizeExponent":null,"sizeMax":null,"sizeMin":null,"windScale":null}],"dissolveRadius":60,"gridSize":6,"material":"dry_grass","maxBillboardTiltAngle":40,"maxElements":350000,"radius":100,"shapeCullRadius":100,"windGustFrequency":10,"windGustStrength":0.100000001,"windTurbulenceFrequency":0.300000012,"windTurbulenceStrength":0.100000001}
{"name":"Grass_green","class":"GroundCover","persistentId":"19191587-74d1-43a5-9d12-1cda85dd990c","__parent":"vegetation","position":[681.064026,224.464005,261.19101],"Types":[{"billboardUVs":[0,0.00390625,0.503906012,0.535157025],"layer":"Grass2","maxClumpCount":null,"minClumpCount":null,"probability":2,"sizeExponent":null,"sizeMax":0.899999976,"sizeMin":0.400000006,"windScale":0.300000012},{"billboardUVs":[0.773437977,0.484375,0.226563007,0.515625],"layer":"Grass2","maxClumpCount":null,"minClumpCount":null,"probability":0.100000001,"sizeExponent":null,"sizeMax":null,"sizeMin":0.5,"windScale":null},{"billboardUVs":[0,0.542968988,0.753906012,0.457031012],"layer":"Grass2","maxClumpCount":null,"minClumpCount":null,"probability":1,"sizeExponent":2,"sizeMax":null,"sizeMin":0.400000006,"windScale":null},{"billboardUVs":null,"layer":"Grass2","maxClumpCount":null,"minClumpCount":null,"probability":null,"shapeFilename":"levels/Utah/art/shapes/groundcover/utah_grasses_top_2.dae","sizeExponent":null,"sizeMax":null,"sizeMin":null,"windScale":null},{"billboardUVs":null,"layer":"Grass2","maxClumpCount":0,"minClumpCount":0,"probability":null,"shapeFilename":"levels/Utah/art/shapes/groundcover/utah_grasses_top.dae","sizeExponent":null,"sizeMax":2,"sizeMin":null,"windScale":null},{"billboardUVs":null,"maxClumpCount":null,"minClumpCount":null,"probability":null,"sizeExponent":null,"sizeMax":null,"sizeMin":null,"windScale":null},{"billboardUVs":null,"maxClumpCount":null,"minClumpCount":null,"probability":null,"sizeExponent":null,"sizeMax":null,"sizeMin":null,"windScale":null},{"billboardUVs":null,"maxClumpCount":null,"minClumpCount":null,"probability":null,"sizeExponent":null,"sizeMax":null,"sizeMin":null,"windScale":null}],"dissolveRadius":60,"gridSize":5,"material":"utah_grasses","maxBillboardTiltAngle":50,"maxElements":240000,"radius":100,"reflectScale":0,"seed":2,"shapeCullRadius":100,"shapesCastShadows":false,"windGustFrequency":1,"windGustLength":1,"windGustStrength":0,"windTurbulenceFrequency":0.5,"windTurbulenceStrength":0.0500000007}
{"name":"Grass_green1","class":"GroundCover","persistentId":"362d1904-0304-48fc-a5bc-d55911897695","__parent":"vegetation","position":[279,234,393],"Types":[{"billboardUVs":[0.683593988,0.328125,0.316406012,0.25781399],"clumpExponent":null,"clumpRadius":3,"layer":"Grass2","maxClumpCount":4,"minClumpCount":2,"probability":1.5,"sizeExponent":null,"sizeMax":0.899999976,"sizeMin":0.400000006,"windScale":0.5},{"billboardUVs":[0.332031012,0,0.34375,0.281251013],"clumpExponent":null,"clumpRadius":2,"layer":"Grass2","maxClumpCount":4,"minClumpCount":null,"probability":0.699999988,"sizeExponent":null,"sizeMax":null,"sizeMin":0.5,"windScale":0.5},{"billboardUVs":[0.703125,0,0.296875,0.261718988],"clumpExponent":null,"clumpRadius":null,"layer":"Grass2","maxClumpCount":null,"minClumpCount":null,"probability":0.699999988,"sizeExponent":2,"sizeMax":null,"sizeMin":0.400000006,"windScale":null},{"billboardUVs":null,"clumpExponent":null,"clumpRadius":null,"layer":"Grass2","maxClumpCount":null,"minClumpCount":null,"probability":null,"shapeFilename":"levels/Utah/art/shapes/groundcover/utah_grasses_top_2.dae","sizeExponent":null,"sizeMax":null,"sizeMin":null,"windScale":null},{"billboardUVs":null,"clumpExponent":0,"clumpRadius":50,"layer":"Grass2","maxClumpCount":0,"minClumpCount":0,"probability":null,"shapeFilename":"levels/Utah/art/shapes/groundcover/utah_grasses_top.dae","sizeExponent":null,"sizeMax":2,"sizeMin":null,"windScale":null},{"billboardUVs":null,"clumpExponent":null,"clumpRadius":null,"maxClumpCount":null,"minClumpCount":null,"probability":null,"sizeExponent":null,"sizeMax":null,"sizeMin":null,"windScale":null},{"billboardUVs":null,"clumpExponent":null,"clumpRadius":null,"maxClumpCount":null,"minClumpCount":null,"probability":null,"sizeExponent":null,"sizeMax":null,"sizeMin":null,"windScale":null},{"billboardUVs":null,"clumpExponent":null,"clumpRadius":null,"maxClumpCount":null,"minClumpCount":null,"probability":null,"sizeExponent":null,"sizeMax":null,"sizeMin":null,"windScale":null}],"dissolveRadius":60,"gridSize":4,"material":"dry_grass","maxBillboardTiltAngle":50,"maxElements":150000,"radius":100,"reflectScale":0,"seed":3,"shapeCullRadius":100,"shapesCastShadows":false,"windGustFrequency":1,"windGustLength":1,"windGustStrength":0,"windTurbulenceFrequency":0.5,"windTurbulenceStrength":0.00999999978}
{"name":"Weed_gravels","class":"GroundCover","persistentId":"4d31848a-9189-4a70-ae60-7843eca501ce","__parent":"vegetation","position":[-533.722717,-172.284515,291.060394],"Types":[{"billboardUVs":[0.671873987,0.664062977,0.328126013,0.320309013],"clumpExponent":null,"clumpRadius":0.5,"layer":"GRAVEL","maxClumpCount":3,"minClumpCount":2,"probability":1,"sizeExponent":null,"sizeMax":0.300000012,"sizeMin":0.200000003,"windScale":0.200000003},{"billboardUVs":[0.34375,0.335938007,0.34375,0.324218988],"clumpExponent":null,"clumpRadius":0.5,"layer":"GRAVEL","maxClumpCount":3,"minClumpCount":2,"probability":1,"sizeExponent":null,"sizeMax":0.300000012,"sizeMin":0.200000003,"windScale":0.200000003},{"billboardUVs":[0.335938007,0.703125,0.339843988,0.28125],"clumpExponent":null,"clumpRadius":0.5,"layer":"GRAVEL","maxClumpCount":3,"minClumpCount":2,"probability":1,"sizeExponent":null,"sizeMax":0.300000012,"sizeMin":0.200000003,"windScale":0.100000001},{"billboardUVs":[0.703126013,0.332031995,0.226560995,0.207031995],"clumpExponent":null,"clumpRadius":0.5,"layer":"GRAVEL","maxClumpCount":5,"minClumpCount":2,"probability":2,"sizeExponent":null,"sizeMax":0.300000012,"sizeMin":0.200000003,"windScale":0.200000003},{"billboardUVs":[0,0.667967975,0.328125,0.316406995],"clumpExponent":null,"clumpRadius":null,"layer":"GRAVEL","maxClumpCount":3,"minClumpCount":null,"probability":1,"sizeExponent":3,"sizeMax":0.400000006,"sizeMin":0.200000003,"windScale":0.300000012},{"billboardUVs":[0,0.332031995,0.351561993,0.3125],"clumpExponent":null,"clumpRadius":null,"layer":"GRAVEL","maxClumpCount":2,"minClumpCount":null,"probability":1,"sizeExponent":null,"sizeMax":0.400000006,"sizeMin":0.200000003,"windScale":0.300000012},{"billboardUVs":[0,0,0.195313007,0.199219003],"clumpExponent":-0.200000003,"clumpRadius":0.5,"layer":"GRAVEL","maxClumpCount":5,"minClumpCount":3,"probability":0.150000006,"sizeExponent":null,"sizeMax":0.5,"sizeMin":0.300000012,"windScale":0.5},{"billboardUVs":null,"clumpExponent":null,"clumpRadius":null,"maxClumpCount":null,"minClumpCount":null,"probability":null,"sizeExponent":null,"sizeMax":null,"sizeMin":null,"windScale":null}],"dissolveRadius":30,"gridSize":5,"material":"dry_grass","maxBillboardTiltAngle":40,"maxElements":240000,"radius":60,"seed":4,"shapeCullRadius":60,"windGustFrequency":10,"windGustStrength":0.100000001,"windTurbulenceFrequency":0.300000012,"windTurbulenceStrength":0.100000001}
{"name":"Grey_bush_Large","class":"GroundCover","persistentId":"c70aebae-1145-47f9-9324-3d256a97176a","__parent":"vegetation","position":[360.144012,324.903015,244.899994],"Types":[{"billboardUVs":[0,0.496093988,0.515625,0.503906012],"clumpExponent":5,"clumpRadius":4,"layer":"Grass","maxClumpCount":4,"minClumpCount":null,"probability":0.5,"sizeExponent":3,"sizeMax":1.20000005,"sizeMin":0.899999976},{"billboardUVs":[0.644532025,0.640625,0.355468005,0.332031012],"clumpExponent":4,"clumpRadius":2.5,"layer":"Grass","maxClumpCount":4,"minClumpCount":null,"probability":1,"sizeExponent":5,"sizeMax":1.20000005,"sizeMin":0.899999976},{"billboardUVs":[0.707031012,0,0.292968988,0.296875],"clumpExponent":5,"clumpRadius":3,"layer":"Grass","maxClumpCount":6,"minClumpCount":2,"probability":1,"sizeExponent":null,"sizeMax":0.899999976,"sizeMin":0.600000024},{"billboardUVs":[0,0,0.261718988,0.25],"clumpExponent":2,"clumpRadius":2.0999999,"layer":"Grass","maxClumpCount":6,"minClumpCount":2,"probability":1.5,"sizeExponent":2,"sizeMax":0.800000012,"sizeMin":0.600000024},{"billboardUVs":[0,0.503906012,0.515625,0.496093988],"clumpExponent":-0.200000003,"clumpRadius":1.5,"layer":"0","maxClumpCount":4,"minClumpCount":null,"probability":0.00999999978,"sizeExponent":null,"sizeMax":1.20000005,"sizeMin":0.899999976},{"billboardUVs":[0.628906012,0.652343988,0.371093988,0.347656012],"clumpExponent":null,"clumpRadius":1.5,"layer":"0","maxClumpCount":4,"minClumpCount":null,"probability":0.00999999978,"sizeExponent":2,"sizeMax":1.20000005,"sizeMin":0.899999976},{"billboardUVs":null,"clumpExponent":null,"clumpRadius":null,"layer":"dirt_rocky","maxClumpCount":null,"minClumpCount":null,"probability":null,"sizeExponent":null,"sizeMax":null,"sizeMin":null},{"billboardUVs":null,"clumpExponent":null,"clumpRadius":null,"maxClumpCount":null,"minClumpCount":null,"probability":null,"sizeExponent":null,"sizeMax":null,"sizeMin":null}],"dissolveRadius":100,"gridSize":8,"material":"utah_bush_vegetation","maxBillboardTiltAngle":50,"maxElements":600000,"radius":150,"reflectScale":0,"seed":5,"shapeCullRadius":150,"windDirection":[0.5,0.5],"windGustFrequency":1,"windGustLength":1,"windGustStrength":0.00999999978,"windTurbulenceFrequency":0.600000024,"windTurbulenceStrength":0.00499999989}
{"name":"Grey_bush_dry","class":"GroundCover","persistentId":"d30ae0df-fceb-4777-a982-0fb5d3a4db8a","__parent":"vegetation","position":[604,-77,345],"Types":[{"billboardUVs":[0.261718988,0,0.449218988,0.445311993],"clumpExponent":3,"clumpRadius":4,"layer":"Grass","maxClumpCount":4,"minClumpCount":null,"probability":1,"sizeExponent":null,"sizeMax":1.29999995,"sizeMin":0.600000024},{"billboardUVs":[0.250001013,0,0.460936993,0.449218988],"clumpExponent":4,"clumpRadius":2.5,"layer":"dirt_rocky","maxClumpCount":4,"minClumpCount":null,"probability":0.100000001,"sizeExponent":5,"sizeMax":1.29999995,"sizeMin":0.600000024},{"billboardUVs":[0.707031012,0.300781012,0.292968988,0.292968988],"clumpExponent":5,"clumpRadius":3,"layer":"Grass","maxClumpCount":6,"minClumpCount":2,"probability":1,"sizeExponent":null,"sizeMax":null,"sizeMin":0.5},{"billboardUVs":[0.710937023,0.300781995,0.289063007,0.257813007],"clumpExponent":null,"clumpRadius":null,"layer":"dirt_rocky","maxClumpCount":6,"minClumpCount":2,"probability":0.100000001,"sizeExponent":null,"sizeMax":0.699999988,"sizeMin":0.5},{"billboardUVs":[0.703125,0.296875,0.296875,0.230469003],"clumpExponent":null,"clumpRadius":null,"layer":"dirt_loose_dusty","maxClumpCount":5,"minClumpCount":2,"probability":0.200000003,"sizeExponent":null,"sizeMax":0.600000024,"sizeMin":0.400000006},{"billboardUVs":[0.253906012,0,0.457031012,0.453125],"clumpExponent":null,"clumpRadius":3,"layer":"dirt_loose_dusty","maxClumpCount":5,"minClumpCount":2,"probability":null,"sizeExponent":2,"sizeMax":1.20000005,"sizeMin":0.899999976},{"billboardUVs":null,"clumpExponent":null,"clumpRadius":null,"layer":"dirt_rocky","maxClumpCount":null,"minClumpCount":null,"probability":null,"sizeExponent":null,"sizeMax":null,"sizeMin":null},{"billboardUVs":null,"clumpExponent":null,"clumpRadius":null,"maxClumpCount":null,"minClumpCount":null,"probability":null,"sizeExponent":null,"sizeMax":null,"sizeMin":null}],"dissolveRadius":60,"gridSize":6,"material":"utah_bush_vegetation","maxBillboardTiltAngle":50,"maxElements":350000,"radius":100,"reflectScale":0,"seed":6,"shapeCullRadius":100,"windDirection":[0.5,0.5],"windGustFrequency":1,"windGustLength":1,"windGustStrength":0.00999999978,"windTurbulenceFrequency":0.600000024,"windTurbulenceStrength":0.00499999989}
{"name":"Weed","class":"GroundCover","persistentId":"dea8cf9f-2b78-4bc6-99ae-1d619c4daa60","__parent":"vegetation","position":[-367.135498,107.813599,204.559265],"Types":[{"billboardUVs":[0.671875,0,0.328126013,0.320309013],"clumpRadius":0.5,"layer":"dirt_grass","maxClumpCount":3,"minClumpCount":2,"probability":0.200000003,"sizeExponent":null,"sizeMax":0.5,"sizeMin":0.300000012,"windScale":0.200000003},{"billboardUVs":[0.339843988,0,0.34375,0.324218988],"clumpRadius":0.5,"layer":"dirt_grass","maxClumpCount":3,"minClumpCount":2,"probability":0.200000003,"sizeExponent":null,"sizeMax":0.600000024,"sizeMin":0.400000006,"windScale":0.200000003},{"billboardUVs":[0.351563007,0,0.296875,0.171875],"clumpRadius":0.5,"layer":"dirt_grass","maxClumpCount":3,"minClumpCount":2,"probability":1,"sizeExponent":null,"sizeMax":0.5,"sizeMin":0.300000012,"windScale":0.100000001},{"billboardUVs":[0.703126013,0.332031995,0.226560995,0.207031995],"clumpRadius":0.5,"layer":"dirt_grass","maxClumpCount":5,"minClumpCount":2,"probability":2,"sizeExponent":null,"sizeMax":0.300000012,"sizeMin":0.200000003,"windScale":0.200000003},{"billboardUVs":[0.671875,5.21540997e-08,0.328125,0.316406995],"clumpRadius":3,"layer":"dirt_grass","maxClumpCount":3,"minClumpCount":null,"probability":null,"sizeExponent":3,"sizeMax":0.600000024,"sizeMin":0.400000006,"windScale":0.300000012},{"billboardUVs":[0,0.492188007,0.476561993,0.246094003],"clumpRadius":null,"layer":"dirt_loose_dusty","maxClumpCount":2,"minClumpCount":null,"probability":null,"sizeExponent":null,"sizeMax":0.5,"sizeMin":0.300000012,"windScale":0.300000012},{"billboardUVs":null,"clumpRadius":null,"maxClumpCount":null,"minClumpCount":null,"probability":null,"sizeExponent":null,"sizeMax":null,"sizeMin":null,"windScale":null},{"billboardUVs":null,"clumpRadius":null,"maxClumpCount":null,"minClumpCount":null,"probability":null,"sizeExponent":null,"sizeMax":null,"sizeMin":null,"windScale":null}],"dissolveRadius":60,"gridSize":8,"material":"dry_grass","maxBillboardTiltAngle":40,"maxElements":600000,"radius":80,"seed":7,"shapeCullRadius":80,"windGustFrequency":10,"windGustStrength":0.100000001,"windTurbulenceFrequency":0.300000012,"windTurbulenceStrength":0.100000001}
{"name":"Grey_bush_small","class":"GroundCover","persistentId":"e118f1e3-8e99-4555-8b62-583d4ff9b30b","__parent":"vegetation","position":[436,51,378],"Types":[{"billboardUVs":[0.503906012,0.445313007,0.207030997,0.207030997],"clumpExponent":null,"clumpRadius":0.200000003,"layer":"Grass","maxClumpCount":4,"minClumpCount":null,"probability":1,"sizeExponent":null,"sizeMax":0.400000006,"sizeMin":0.200000003},{"billboardUVs":[0,0.253906012,0.257811993,0.25],"clumpExponent":null,"clumpRadius":2,"layer":"Grass","maxClumpCount":4,"minClumpCount":null,"probability":0.200000003,"sizeExponent":5,"sizeMax":0.699999988,"sizeMin":0.5},{"billboardUVs":[0.707031012,0,0.292968988,0.296875],"clumpExponent":5,"clumpRadius":3,"layer":"Grass","maxClumpCount":6,"minClumpCount":2,"probability":null,"sizeExponent":null,"sizeMax":0.899999976,"sizeMin":0.600000024},{"billboardUVs":[0,0,0.261718988,0.25],"clumpExponent":null,"clumpRadius":3,"layer":"Grass","maxClumpCount":6,"minClumpCount":2,"probability":null,"sizeExponent":null,"sizeMax":0.899999976,"sizeMin":0.600000024},{"billboardUVs":[0,0.503906012,0.515625,0.496093988],"clumpExponent":null,"clumpRadius":1.5,"layer":"dirt_rocky","maxClumpCount":4,"minClumpCount":null,"probability":null,"sizeExponent":null,"sizeMax":1.20000005,"sizeMin":0.800000012},{"billboardUVs":[0.628906012,0.652343988,0.371093988,0.347656012],"clumpExponent":null,"clumpRadius":1.5,"layer":"dirt_rocky","maxClumpCount":4,"minClumpCount":null,"probability":null,"sizeExponent":2,"sizeMax":1.20000005,"sizeMin":0.699999988},{"billboardUVs":null,"clumpExponent":null,"clumpRadius":null,"layer":"dirt_rocky","maxClumpCount":null,"minClumpCount":null,"probability":null,"sizeExponent":null,"sizeMax":null,"sizeMin":null},{"billboardUVs":null,"clumpExponent":null,"clumpRadius":null,"maxClumpCount":null,"minClumpCount":null,"probability":null,"sizeExponent":null,"sizeMax":null,"sizeMin":null}],"dissolveRadius":40,"material":"utah_bush_vegetation","maxBillboardTiltAngle":50,"maxElements":480000,"radius":60,"reflectScale":0,"seed":8,"shapeCullRadius":80,"windDirection":[0.5,0.5],"windGustFrequency":1,"windGustLength":1,"windGustStrength":0.00999999978,"windTurbulenceFrequency":0.600000024,"windTurbulenceStrength":0.00499999989}
{"name":"Dry_grass_clump","class":"GroundCover","persistentId":"fac718b1-5f66-4ef9-8334-8cf66e99131c","__parent":"vegetation","position":[-52,675,364],"Types":[{"billboardUVs":[0.671875,0.671877027,0.328125,0.316404015],"clumpRadius":0.5,"layer":"dirt_loose_dusty","maxClumpCount":3,"minClumpCount":2,"probability":1,"sizeMax":0.699999988,"sizeMin":0.400000006,"windScale":0.200000003},{"billboardUVs":[0.339843005,0.675781012,0.347656995,0.308593988],"clumpRadius":0.5,"layer":"dirt_loose_dusty","maxClumpCount":3,"minClumpCount":2,"probability":1,"sizeMax":0.699999988,"sizeMin":0.5,"windScale":0.200000003},{"billboardUVs":[0.339841992,0.343751997,0.355470002,0.32031101],"clumpRadius":0.5,"layer":"dirt_loose_dusty","maxClumpCount":3,"minClumpCount":2,"probability":1.5,"sizeMax":0.800000012,"sizeMin":0.400000006,"windScale":0.100000001},{"billboardUVs":[0.328126013,0.683593988,0.359373987,0.316406012],"clumpRadius":0.5,"layer":"dirt_loose_dusty","maxClumpCount":6,"minClumpCount":3,"probability":1,"sizeMax":0.600000024,"sizeMin":0.400000006,"windScale":0.200000003},{"billboardUVs":[0.121094003,0.136718005,0.214844003,0.187500998],"clumpRadius":null,"layer":"dirt_loose_dusty","maxClumpCount":4,"minClumpCount":null,"probability":0.400000006,"sizeMax":0.699999988,"sizeMin":0.400000006,"windScale":0.300000012},{"billboardUVs":[0,0,0.191405997,0.195313007],"clumpRadius":null,"layer":"dirt_loose_dusty","maxClumpCount":4,"minClumpCount":null,"probability":0.400000006,"sizeMax":0.600000024,"sizeMin":0.5,"windScale":0.300000012},{"billboardUVs":[0,0.335938007,0.332031012,0.320313007],"clumpRadius":0.5,"layer":"dirt_loose_dusty","maxClumpCount":5,"minClumpCount":2,"probability":1,"sizeMax":0.600000024,"sizeMin":0.400000006,"windScale":0.300000012},{"billboardUVs":[0,0.664062977,0.339843988,0.320313007],"clumpRadius":0.5,"layer":"dirt_loose_dusty","maxClumpCount":5,"minClumpCount":2,"probability":1,"sizeMax":0.600000024,"sizeMin":0.400000006,"windScale":0.300000012}],"dissolveRadius":60,"gridSize":4,"material":"dry_grass","maxBillboardTiltAngle":40,"maxElements":110000,"radius":100,"seed":9,"shapeCullRadius":100,"windGustFrequency":1,"windGustLength":1,"windGustStrength":0,"windTurbulenceFrequency":0.600000024,"windTurbulenceStrength":0.0500000007}
{"name":"theForest","class":"Forest","persistentId":"a12c4747-6383-4439-bac0-30b43383453d","__parent":"vegetation","annotation":"BUILDINGS"}
